order_id,symbol,side,qty,price,fee,liquidity,timestamp,reduce_only,slippage,realized_pnl,metadata
239e026b-95b0-45dc-ae59-f1451b896c82,SAGAUSDT,Sell,119.2,1.2232807902396143,0.08019828860810913,taker,2025-01-02 11:05:00+00:00,False,0.05834936782573941,0.0,"{'strategy': 'live_indicator_adapter', 'signal_reason': 'signal_confirmed', 'signal_details': {'ma7': 1.2320799527362831, 'ma14': 1.2439809490782405, 'ma28': 1.2656039862368968, 'mavol_fast': 1564.6784248471408, 'mavol_slow': 1321.0072641239103, 'volume': 4080.36542666292, 'volume_ratio': 1.1844586077161603, 'volume_spike_ratio': 3.088828909180156, 'adx': 99.40973913382281, 'di_plus': 0.022886600664335885, 'di_minus': 37.1107253421023, 'close': 1.2237702983589578, 'signal': 'SHORT'}, 'htf_reason': 'htf_trend_confirmed', 'htf_details': {'ma7': 1.3142211162131983, 'ma14': 1.4243368801977019, 'ma28': 1.4623660383380603, 'adx': 31.74063519642045, 'di_plus': 26.259218365841626, 'di_minus': 53.65638489661483, 'open': 1.2666849656774195, 'close': 1.226994420822172, 'trend': 'SHORT'}, 'score_details': {'score': 92.25, 'adx': 99.40973913382281, 'volume_ratio': 3.088828909180156, 'ma_separation_pct': 2.6488565037072083, 'rr_ratio': 1.45, 'adx_points': 40.0, 'volume_points': 30.0, 'ma_points': 20.0, 'rr_points': 2.25}, 'signal_row': {'open': 1.226994420822172, 'high': 1.2288894249916305, 'low': 1.2218752941894993, 'close': 1.2237702983589578, 'volume': 4080.36542666292, 'ma7': 1.2320799527362831, 'ma14': 1.2439809490782405, 'ma28': 1.2656039862368968, 'mavol_fast': 1564.6784248471408, 'mavol_slow': 1321.0072641239103, 'volume_ratio': 1.1844586077161603, 'volume_spike_ratio': 3.088828909180156, 'rsi': 0.42677102552369206, 'di_plus': 0.022886600664335885, 'di_minus': 37.1107253421023, 'adx': 99.40973913382281, 'atr': 0.007996086472855544, 'atr_pct': 0.006533976583332735}, 'side': 'SHORT', 'risk_amount': 4.998020435612237, 'pretrade_exit_plan': {'stop_loss': 1.2657, 'take_profit': 1.1629, 'risk_distance': 0.04192970164104226, 'reward_distance': 0.06087029835895774, 'risk_reward': 1.4517226685766769}, 'entry_price_hint': 1.2237702983589578, 'create_bracket': True, 'leverage': 2.0, 'liquidation_price_estimate': 1.829536596046642, 'portfolio_heat_after': 4.998020435612237, 'atr_pct': 0.006533976583332735}"
ec5229e4-9cf0-49d8-b257-26c98338e2a0,BUSDT,Sell,157.4,0.8532028960112662,0.07386177470769532,taker,2025-01-02 11:05:00+00:00,False,0.05373914999286183,0.0,"{'strategy': 'live_indicator_adapter', 'signal_reason': 'signal_confirmed', 'signal_details': {'ma7': 0.8604456633166851, 'ma14': 0.8687183697544996, 'ma28': 0.8852759723741779, 'mavol_fast': 1277.8374315479346, 'mavol_slow': 1205.7371560721172, 'volume': 2898.554076193212, 'volume_ratio': 1.0597976724136922, 'volume_spike_ratio': 2.4039684450263756, 'adx': 99.40985308066932, 'di_plus': 0.01774929397593169, 'di_minus': 35.213874170145544, 'close': 0.8535443137367609, 'signal': 'SHORT'}, 'htf_reason': 'htf_trend_confirmed', 'htf_details': {'ma7': 0.9197911128207569, 'ma14': 0.9947437303798308, 'ma28': 1.0170301203695677, 'adx': 30.815267014882437, 'di_plus': 27.56194119535002, 'di_minus': 54.111465185658254, 'open': 0.8843484657813474, 'close': 0.8554064024805605, 'trend': 'SHORT'}, 'score_details': {'score': 83.30952667539563, 'adx': 99.40985308066932, 'volume_ratio': 2.4039684450263756, 'ma_separation_pct': 2.8048100064098147, 'rr_ratio': 1.45, 'adx_points': 40.0, 'volume_points': 21.059526675395634, 'ma_points': 20.0, 'rr_points': 2.25}, 'signal_row': {'open': 0.8554064024805605, 'high': 0.8560878533283152, 'low': 0.8528628628890063, 'close': 0.8535443137367609, 'volume': 2898.554076193212, 'ma7': 0.8604456633166851, 'ma14': 0.8687183697544996, 'ma28': 0.8852759723741779, 'mavol_fast': 1277.8374315479346, 'mavol_slow': 1205.7371560721172, 'volume_ratio': 1.0597976724136922, 'volume_spike_ratio': 2.4039684450263756, 'rsi': 0.3712984304212341, 'di_plus': 0.01774929397593169, 'di_minus': 35.213874170145544, 'adx': 99.40985308066932, 'atr': 0.006028026015931556, 'atr_pct': 0.007062346873990941}, 'side': 'SHORT', 'risk_amount': 4.998345017833835, 'pretrade_exit_plan': {'stop_loss': 0.8853, 'take_profit': 0.8074, 'risk_distance': 0.0317556862632391, 'reward_distance': 0.04614431373676087, 'risk_reward': 1.4531039686639766}, 'entry_price_hint': 0.8535443137367609, 'create_bracket': True, 'leverage': 2.0, 'liquidation_price_estimate': 1.2760487490364576, 'portfolio_heat_after': 4.998345017833835, 'atr_pct': 0.007062346873990941}"
5a1842dd-11a7-4fb0-88f1-be319221363a,BUSDT,Buy,78.7,0.8066,0.012695884,maker,2025-01-02 13:15:00+00:00,True,0.0,3.654952032086651,"{'position_side': 'SHORT', 'risk_amount': 5.052084167826696, 'exit_plan': {'stop_loss': 0.8853, 'take_profit': 0.8066, 'risk_distance': 0.03209710398873378, 'reward_distance': 0.046602896011266215, 'risk_reward': 1.4519346053034576}, 'source_entry_order': 'ec5229e4-9cf0-49d8-b257-26c98338e2a0', 'exit_reason': 'take_profit_1'}"
f874eaa6-3b1f-4747-bcc3-b2327899e098,SAGAUSDT,Buy,59.6,1.1617,0.013847464,maker,2025-01-02 13:45:00+00:00,True,0.0,3.6563676342810174,"{'position_side': 'SHORT', 'risk_amount': 5.056369803437977, 'exit_plan': {'stop_loss': 1.2657, 'take_profit': 1.1617, 'risk_distance': 0.04241920976038571, 'reward_distance': 0.06158079023961438, 'risk_reward': 1.4517194117350865}, 'source_entry_order': '239e026b-95b0-45dc-ae59-f1451b896c82', 'exit_reason': 'take_profit_1'}"
a93b18e7-fc0b-48db-9157-fbcf7e793131,BUSDT,Buy,78.7,0.76,0.011962400000000002,maker,2025-01-02 16:40:00+00:00,True,0.0,7.32310551608665,"{'position_side': 'SHORT', 'risk_amount': 5.052084167826696, 'exit_plan': {'stop_loss': 0.8853, 'take_profit': 0.8066, 'risk_distance': 0.03209710398873378, 'reward_distance': 0.046602896011266215, 'risk_reward': 1.4519346053034576}, 'source_entry_order': 'ec5229e4-9cf0-49d8-b257-26c98338e2a0', 'exit_reason': 'take_profit_2'}"
0e610987-0389-47a7-851b-56d3fe49aa77,BUSDT,Sell,129.3,0.7540726466783577,0.053625876268531415,taker,2025-01-02 17:00:00+00:00,False,0.03901624378371859,0.0,"{'strategy': 'live_indicator_adapter', 'signal_reason': 'signal_confirmed', 'signal_details': {'ma7': 0.7600940938725108, 'ma14': 0.7651765082678448, 'ma28': 0.7727024980876127, 'mavol_fast': 2091.5286748720323, 'mavol_slow': 1611.1890601765883, 'volume': 1790.813934168696, 'volume_ratio': 1.2981274057575827, 'volume_spike_ratio': 1.1114859071674807, 'adx': 98.85086040521927, 'di_plus': 0.09730539575662739, 'di_minus': 28.1884948968853, 'close': 0.7543743964369325, 'signal': 'SHORT'}, 'htf_reason': 'htf_trend_confirmed', 'htf_details': {'ma7': 0.8010494251250163, 'ma14': 0.8702768810246526, 'ma28': 0.9822114966517755, 'adx': 36.3180962983918, 'di_plus': 19.385324097526578, 'di_minus': 62.68704405865647, 'open': 0.772265050854636, 'close': 0.7543743964369325, 'trend': 'SHORT'}, 'score_details': {'score': 60.239570156758994, 'adx': 98.85086040521927, 'volume_ratio': 1.1114859071674807, 'ma_separation_pct': 1.631728154924678, 'rr_ratio': 1.45, 'adx_points': 40.0, 'volume_points': 1.6722886075122112, 'ma_points': 16.31728154924678, 'rr_points': 2.25}, 'signal_row': {'open': 0.7564084554756246, 'high': 0.7579147860822035, 'low': 0.7528680658303536, 'close': 0.7543743964369325, 'volume': 1790.813934168696, 'ma7': 0.7600940938725108, 'ma14': 0.7651765082678448, 'ma28': 0.7727024980876127, 'mavol_fast': 2091.5286748720323, 'mavol_slow': 1611.1890601765883, 'volume_ratio': 1.2981274057575827, 'volume_spike_ratio': 1.1114859071674807, 'rsi': 2.9038250475619236, 'di_plus': 0.09730539575662739, 'di_minus': 28.1884948968853, 'adx': 98.85086040521927, 'atr': 0.0049969808531631675, 'atr_pct': 0.006624006430712587}, 'side': 'SHORT', 'risk_amount': 5.105734747326019, 'pretrade_exit_plan': {'stop_loss': 0.7728, 'take_profit': 0.7276, 'risk_distance': 0.01842560356306755, 'reward_distance': 0.02677439643693247, 'risk_reward': 1.453108243932878}, 'entry_price_hint': 0.7543743964369325, 'create_bracket': True, 'leverage': 2.0, 'liquidation_price_estimate': 1.127789722673214, 'portfolio_heat_after': 7.633919649045007, 'atr_pct': 0.006624006430712587}"
0e610987-0389-47a7-851b-56d3fe49aa77,BUSDT,Sell,147.8,0.7512245435660707,0.0610670431464859,taker,2025-01-02 17:05:00+00:00,False,0.04443016708245631,0.0,"{'strategy': 'live_indicator_adapter', 'signal_reason': 'signal_confirmed', 'signal_details': {'ma7': 0.7600940938725108, 'ma14': 0.7651765082678448, 'ma28': 0.7727024980876127, 'mavol_fast': 2091.5286748720323, 'mavol_slow': 1611.1890601765883, 'volume': 1790.813934168696, 'volume_ratio': 1.2981274057575827, 'volume_spike_ratio': 1.1114859071674807, 'adx': 98.85086040521927, 'di_plus': 0.09730539575662739, 'di_minus': 28.1884948968853, 'close': 0.7543743964369325, 'signal': 'SHORT'}, 'htf_reason': 'htf_trend_confirmed', 'htf_details': {'ma7': 0.8010494251250163, 'ma14': 0.8702768810246526, 'ma28': 0.9822114966517755, 'adx': 36.3180962983918, 'di_plus': 19.385324097526578, 'di_minus': 62.68704405865647, 'open': 0.772265050854636, 'close': 0.7543743964369325, 'trend': 'SHORT'}, 'score_details': {'score': 60.239570156758994, 'adx': 98.85086040521927, 'volume_ratio': 1.1114859071674807, 'ma_separation_pct': 1.631728154924678, 'rr_ratio': 1.45, 'adx_points': 40.0, 'volume_points': 1.6722886075122112, 'ma_points': 16.31728154924678, 'rr_points': 2.25}, 'signal_row': {'open': 0.7564084554756246, 'high': 0.7579147860822035, 'low': 0.7528680658303536, 'close': 0.7543743964369325, 'volume': 1790.813934168696, 'ma7': 0.7600940938725108, 'ma14': 0.7651765082678448, 'ma28': 0.7727024980876127, 'mavol_fast': 2091.5286748720323, 'mavol_slow': 1611.1890601765883, 'volume_ratio': 1.2981274057575827, 'volume_spike_ratio': 1.1114859071674807, 'rsi': 2.9038250475619236, 'di_plus': 0.09730539575662739, 'di_minus': 28.1884948968853, 'adx': 98.85086040521927, 'atr': 0.0049969808531631675, 'atr_pct': 0.006624006430712587}, 'side': 'SHORT', 'risk_amount': 5.105734747326019, 'pretrade_exit_plan': {'stop_loss': 0.7728, 'take_profit': 0.7276, 'risk_distance': 0.01842560356306755, 'reward_distance': 0.02677439643693247, 'risk_reward': 1.453108243932878}, 'entry_price_hint': 0.7543743964369325, 'create_bracket': True, 'leverage': 2.0, 'liquidation_price_estimate': 1.127789722673214, 'portfolio_heat_after': 7.633919649045007, 'atr_pct': 0.006624006430712587}"
6464ce8a-4304-4e80-88ef-f5e97a2debc7,SAGAUSDT,Buy,59.6,1.1002,0.013114384000000001,maker,2025-01-02 17:15:00+00:00,True,0.0,7.322500714281011,"{'position_side': 'SHORT', 'risk_amount': 5.056369803437977, 'exit_plan': {'stop_loss': 1.2657, 'take_profit': 1.1617, 'risk_distance': 0.04241920976038571, 'reward_distance': 0.06158079023961438, 'risk_reward': 1.4517194117350865}, 'source_entry_order': '239e026b-95b0-45dc-ae59-f1451b896c82', 'exit_reason': 'take_profit_2'}"
455b5a5d-a4f3-47e8-a934-1258863d3a01,SAGAUSDT,Sell,192.1,1.0999167303952406,0.11621170214990915,taker,2025-01-02 17:25:00+00:00,False,0.08455142213241255,0.0,"{'strategy': 'live_indicator_adapter', 'signal_reason': 'signal_confirmed', 'signal_details': {'ma7': 1.107186169281971, 'ma14': 1.1153756137594206, 'ma28': 1.1269016700053271, 'mavol_fast': 2167.942371318851, 'mavol_slow': 2027.8136795169416, 'volume': 2358.9648613206064, 'volume_ratio': 1.069103336868351, 'volume_spike_ratio': 1.1633045408208067, 'adx': 90.22803939741236, 'di_plus': 0.3850404558698917, 'di_minus': 27.31795037580021, 'close': 1.1003568731444984, 'signal': 'SHORT'}, 'htf_reason': 'htf_trend_confirmed', 'htf_details': {'ma7': 1.1644593085574773, 'ma14': 1.2532974101016858, 'ma28': 1.4133903937057757, 'adx': 36.787848259957926, 'di_plus': 19.11986127701018, 'di_minus': 59.831055375792616, 'open': 1.132186573142442, 'close': 1.1110803297804703, 'trend': 'SHORT'}, 'score_details': {'score': 62.19488402861813, 'adx': 90.22803939741236, 'volume_ratio': 1.1633045408208067, 'ma_separation_pct': 1.7495315916306025, 'rr_ratio': 1.4499999999999997, 'adx_points': 40.0, 'volume_points': 2.4495681123121003, 'ma_points': 17.495315916306026, 'rr_points': 2.2499999999999987}, 'signal_row': {'open': 1.1022738048263638, 'high': 1.1063942703140268, 'low': 1.0962364076568354, 'close': 1.1003568731444984, 'volume': 2358.9648613206064, 'ma7': 1.107186169281971, 'ma14': 1.1153756137594206, 'ma28': 1.1269016700053271, 'mavol_fast': 2167.942371318851, 'mavol_slow': 2027.8136795169416, 'volume_ratio': 1.069103336868351, 'volume_spike_ratio': 1.1633045408208067, 'rsi': 2.990661786190003, 'di_plus': 0.3850404558698917, 'di_minus': 27.31795037580021, 'adx': 90.22803939741236, 'atr': 0.007566452841224639, 'atr_pct': 0.006876362592803122}, 'side': 'SHORT', 'risk_amount': 5.120808981627413, 'pretrade_exit_plan': {'stop_loss': 1.127, 'take_profit': 1.0617, 'risk_distance': 0.02664312685550163, 'reward_distance': 0.03865687314449828, 'risk_reward': 1.4509135265598863}, 'entry_price_hint': 1.1003568731444984, 'create_bracket': True, 'leverage': 2.0, 'liquidation_price_estimate': 1.645033525351025, 'portfolio_heat_after': 8.309661442562168, 'atr_pct': 0.006876362592803122}"
cce3a69d-36c2-4da2-8a85-4d7f71940bb1,SAGAUSDT,Buy,192.0,1.1276762,0.11908260672000001,taker,2025-01-02 19:40:00+00:00,True,0.129830400000003,-5.448900770833803,"{'position_side': 'SHORT', 'risk_amount': 5.202696091074276, 'exit_plan': {'stop_loss': 1.127, 'take_profit': 1.0606, 'risk_distance': 0.027083269604759375, 'reward_distance': 0.03931673039524064, 'risk_reward': 1.4516980766728205}, 'source_entry_order': '455b5a5d-a4f3-47e8-a934-1258863d3a01', 'exit_reason': 'stop_loss'}"
17906d99-b135-4083-80ac-c950ec76637a,BUSDT,Buy,129.3,0.77326368,0.05499064660320001,taker,2025-01-02 20:30:00+00:00,True,0.05995382399999565,-2.732814165418077,"{'position_side': 'SHORT', 'risk_amount': 2.421446784488353, 'exit_plan': {'stop_loss': 0.7728, 'take_profit': 0.7269, 'risk_distance': 0.018727353321642326, 'reward_distance': 0.027172646678357726, 'risk_reward': 1.450960325875604}, 'source_entry_order': '0e610987-0389-47a7-851b-56d3fe49aa77', 'exit_reason': 'stop_loss'}"
3a11e2fd-f835-4322-af11-e5c073f9b463,BUSDT,Buy,147.8,0.77326368,0.0628586045472,taker,2025-01-02 20:30:00+00:00,True,0.06853190399999504,-3.123820059155389,"{'position_side': 'SHORT', 'risk_amount': 3.188852460934755, 'exit_plan': {'stop_loss': 0.7728, 'take_profit': 0.7199, 'risk_distance': 0.02157545643392933, 'reward_distance': 0.03132454356607073, 'risk_reward': 1.451860064328006}, 'source_entry_order': '0e610987-0389-47a7-851b-56d3fe49aa77', 'exit_reason': 'stop_loss'}"
db97142f-52a6-4cf1-acc8-b45a859c6b20,BUSDT,Buy,250.1,0.9996323703205287,0.13750443069944032,taker,2025-01-03 08:15:00+00:00,False,0.09996323703204506,0.0,"{'strategy': 'live_indicator_adapter', 'signal_reason': 'signal_confirmed', 'signal_details': {'ma7': 0.9979596560034517, 'ma14': 0.9923758417156219, 'ma28': 0.9807460787451034, 'mavol_fast': 2459.7822784106515, 'mavol_slow': 2256.7053490115154, 'volume': 4770.570048103434, 'volume_ratio': 1.089988234169821, 'volume_spike_ratio': 2.1139534455364517, 'adx': 99.77273754114319, 'di_plus': 28.249309398468423, 'di_minus': 0.005613498352654316, 'close': 0.9992326772496288, 'signal': 'LONG'}, 'htf_reason': 'htf_trend_confirmed', 'htf_details': {'ma7': 0.9300393246401556, 'ma14': 0.8664327626362123, 'ma28': 0.8592003220659431, 'adx': 29.809417518405308, 'di_plus': 58.353724306946496, 'di_minus': 22.868841288325648, 'open': 0.9788474372024978, 'close': 0.9980830577458332, 'trend': 'LONG'}, 'score_details': {'score': 76.51081438486007, 'adx': 99.77273754114319, 'volume_ratio': 2.1139534455364517, 'ma_separation_pct': 1.7551512701813297, 'rr_ratio': 1.45, 'adx_points': 40.0, 'volume_points': 16.709301683046775, 'ma_points': 17.551512701813298, 'rr_points': 2.25}, 'signal_row': {'open': 0.999044709789439, 'high': 1.000314153434747, 'low': 0.9979632336043208, 'close': 0.9992326772496288, 'volume': 4770.570048103434, 'ma7': 0.9979596560034517, 'ma14': 0.9923758417156219, 'ma28': 0.9807460787451034, 'mavol_fast': 2459.7822784106515, 'mavol_slow': 2256.7053490115154, 'volume_ratio': 1.089988234169821, 'volume_spike_ratio': 2.1139534455364517, 'rsi': 93.76286743401387, 'di_plus': 28.249309398468423, 'di_minus': 0.005613498352654316, 'adx': 99.77273754114319, 'atr': 0.0059420946083350145, 'atr_pct': 0.005946657614010913}, 'side': 'LONG', 'risk_amount': 4.6350225801321665, 'pretrade_exit_plan': {'stop_loss': 0.9807, 'take_profit': 1.0262, 'risk_distance': 0.018532677249628815, 'reward_distance': 0.02696732275037117, 'risk_reward': 1.4551228830638212}, 'entry_price_hint': 0.9992326772496288, 'create_bracket': True, 'leverage': 2.0, 'liquidation_price_estimate': 0.5046125020110626, 'portfolio_heat_after': 4.637730907092642, 'atr_pct': 0.005946657614010913}"
2be2725e-2c73-437c-9cb2-a082d2d79aee,BUSDT,Sell,125.0,1.0271,0.0256775,maker,2025-01-03 09:35:00+00:00,True,0.0,3.4077762099339064,"{'position_side': 'LONG', 'risk_amount': 4.734985817164212, 'exit_plan': {'stop_loss': 0.9807, 'take_profit': 1.0271, 'risk_distance': 0.018932370320528635, 'reward_distance': 0.02746762967947125, 'risk_reward': 1.4508288827251448}, 'source_entry_order': 'db97142f-52a6-4cf1-acc8-b45a859c6b20', 'exit_reason': 'take_profit_1'}"
570e30ca-96ed-47d5-9c92-0ea8ddc6a8ee,BUSDT,Sell,125.0,1.0545,0.0263625,maker,2025-01-03 11:00:00+00:00,True,0.0,6.8320912099339175,"{'position_side': 'LONG', 'risk_amount': 4.734985817164212, 'exit_plan': {'stop_loss': 0.9807, 'take_profit': 1.0271, 'risk_distance': 0.018932370320528635, 'reward_distance': 0.02746762967947125, 'risk_reward': 1.4508288827251448}, 'source_entry_order': 'db97142f-52a6-4cf1-acc8-b45a859c6b20', 'exit_reason': 'take_profit_2'}"
0fc66e43-84b6-4b0c-9264-c0c2e90afe79,BUSDT,Sell,0.09999999999999432,0.98011158,5.3906136899996935e-05,taker,2025-01-03 21:40:00+00:00,True,5.8842000000000044e-05,-0.002005985168952753,"{'position_side': 'LONG', 'risk_amount': 4.734985817164212, 'exit_plan': {'stop_loss': 0.9807, 'take_profit': 1.0271, 'risk_distance': 0.018932370320528635, 'reward_distance': 0.02746762967947125, 'risk_reward': 1.4508288827251448}, 'source_entry_order': 'db97142f-52a6-4cf1-acc8-b45a859c6b20', 'exit_reason': 'stop_loss'}"
940ccf22-52be-4014-8df2-882043ac2f1f,BUSDT,Sell,250.6,0.8399170795356858,0.11576577107240359,taker,2025-01-04 05:25:00+00:00,False,0.08422697884419318,0.0,"{'strategy': 'live_indicator_adapter', 'signal_reason': 'signal_confirmed', 'signal_details': {'ma7': 0.8469399815046578, 'ma14': 0.8529734224245404, 'ma28': 0.8605679001208276, 'mavol_fast': 1517.7135181791261, 'mavol_slow': 1321.6326666014204, 'volume': 4014.1718389154967, 'volume_ratio': 1.148362594639801, 'volume_spike_ratio': 3.037282552373606, 'adx': 96.83465328535694, 'di_plus': 0.1981858231403256, 'di_minus': 27.069759376974847, 'close': 0.840253180808009, 'signal': 'SHORT'}, 'htf_reason': 'htf_trend_confirmed', 'htf_details': {'ma7': 0.8934487690758884, 'ma14': 0.9635354126733837, 'ma28': 0.984252427597489, 'adx': 30.593384803786314, 'di_plus': 24.75128226967541, 'di_minus': 54.79959263867656, 'open': 0.8666177676607035, 'close': 0.8510073589398586, 'trend': 'SHORT'}, 'score_details': {'score': 88.08595973572385, 'adx': 96.83465328535694, 'volume_ratio': 3.037282552373606, 'ma_separation_pct': 1.5835959735723852, 'rr_ratio': 1.45, 'adx_points': 40.0, 'volume_points': 30.0, 'ma_points': 15.835959735723852, 'rr_points': 2.25}, 'signal_row': {'open': 0.8427904514110899, 'high': 0.8447879832303313, 'low': 0.8382556489887676, 'close': 0.840253180808009, 'volume': 4014.1718389154967, 'ma7': 0.8469399815046578, 'ma14': 0.8529734224245404, 'ma28': 0.8605679001208276, 'mavol_fast': 1517.7135181791261, 'mavol_slow': 1321.6326666014204, 'volume_ratio': 1.148362594639801, 'volume_spike_ratio': 3.037282552373606, 'rsi': 3.397981587139938, 'di_plus': 0.1981858231403256, 'di_minus': 27.069759376974847, 'adx': 96.83465328535694, 'atr': 0.006045067813249314, 'atr_pct': 0.007194340885965134}, 'side': 'SHORT', 'risk_amount': 5.100947571432142, 'pretrade_exit_plan': {'stop_loss': 0.8606, 'take_profit': 0.8107, 'risk_distance': 0.020346819191990995, 'reward_distance': 0.02955318080800906, 'risk_reward': 1.4524717858426694}, 'entry_price_hint': 0.840253180808009, 'create_bracket': True, 'leverage': 2.0, 'liquidation_price_estimate': 1.2561785053079737, 'portfolio_heat_after': 5.103655898392618, 'atr_pct': 0.007194340885965134}"
90ba67ab-13f1-42f5-94b7-b296455dd040,BUSDT,Buy,125.3,0.8099,0.020296094,maker,2025-01-04 06:30:00+00:00,True,0.0,3.7408439718214415,"{'position_side': 'SHORT', 'risk_amount': 5.183139868357136, 'exit_plan': {'stop_loss': 0.8606, 'take_profit': 0.8099, 'risk_distance': 0.02068292046431419, 'reward_distance': 0.030017079535685887, 'risk_reward': 1.451297924172586}, 'source_entry_order': '940ccf22-52be-4014-8df2-882043ac2f1f', 'exit_reason': 'take_profit_1'}"
ccacc552-8bcb-41cd-a29d-80ba237e246e,BUSDT,Buy,125.3,0.7799,0.019544294,maker,2025-01-04 08:00:00+00:00,True,0.0,7.5005957718214304,"{'position_side': 'SHORT', 'risk_amount': 5.183139868357136, 'exit_plan': {'stop_loss': 0.8606, 'take_profit': 0.8099, 'risk_distance': 0.02068292046431419, 'reward_distance': 0.030017079535685887, 'risk_reward': 1.451297924172586}, 'source_entry_order': '940ccf22-52be-4014-8df2-882043ac2f1f', 'exit_reason': 'take_profit_2'}"
9ba2f67a-f589-422d-b263-135690c0ec3a,BUSDT,Sell,220.5,0.7805007200652708,0.09465522482591572,taker,2025-01-04 08:05:00+00:00,False,0.06886771059398428,0.0,"{'strategy': 'live_indicator_adapter', 'signal_reason': 'signal_confirmed', 'signal_details': {'ma7': 0.7849194078932253, 'ma14': 0.7910108184668172, 'ma28': 0.8041165460746793, 'mavol_fast': 1631.2569449505795, 'mavol_slow': 1375.1075894260819, 'volume': 3544.658502270816, 'volume_ratio': 1.1862758648808016, 'volume_spike_ratio': 2.577731756793098, 'adx': 99.4323413385971, 'di_plus': 0.020497857113814973, 'di_minus': 31.977768180005818, 'close': 0.7808130452833841, 'signal': 'SHORT'}, 'htf_reason': 'htf_trend_confirmed', 'htf_details': {'ma7': 0.8422336554990988, 'ma14': 0.9054232529692546, 'ma28': 0.9758831496102969, 'adx': 34.059699782629636, 'di_plus': 19.36950483111895, 'di_minus': 61.23240459936768, 'open': 0.8022354489090364, 'close': 0.7811394927112856, 'trend': 'SHORT'}, 'score_details': {'score': 85.91597635189646, 'adx': 99.4323413385971, 'volume_ratio': 2.577731756793098, 'ma_separation_pct': 2.387357687783619, 'rr_ratio': 1.45, 'adx_points': 40.0, 'volume_points': 23.665976351896468, 'ma_points': 20.0, 'rr_points': 2.25}, 'signal_row': {'open': 0.7811394927112856, 'high': 0.7829047079125381, 'low': 0.7790478300821316, 'close': 0.7808130452833841, 'volume': 3544.658502270816, 'ma7': 0.7849194078932253, 'ma14': 0.7910108184668172, 'ma28': 0.8041165460746793, 'mavol_fast': 1631.2569449505795, 'mavol_slow': 1375.1075894260819, 'volume_ratio': 1.1862758648808016, 'volume_spike_ratio': 2.577731756793098, 'rsi': 1.3228276600190014, 'di_plus': 0.020497857113814973, 'di_minus': 31.977768180005818, 'adx': 99.4323413385971, 'atr': 0.005455762201362295, 'atr_pct': 0.006987283619707211}, 'side': 'SHORT', 'risk_amount': 5.156823515013804, 'pretrade_exit_plan': {'stop_loss': 0.8042, 'take_profit': 0.7469, 'risk_distance': 0.023386954716615893, 'reward_distance': 0.033913045283384124, 'risk_reward': 1.450083847782443}, 'entry_price_hint': 0.7808130452833841, 'create_bracket': True, 'leverage': 2.0, 'liquidation_price_estimate': 1.1673155026986595, 'portfolio_heat_after': 5.15953184197428, 'atr_pct': 0.006987283619707211}"
0b80975b-b967-41c3-aa1d-a13d62bf9c2b,SAGAUSDT,Buy,0.09999999999999432,1.0606,2.1211999999998793e-05,maker,2025-01-04 10:45:00+00:00,True,0.0,0.003910461039523842,"{'position_side': 'SHORT', 'risk_amount': 5.202696091074276, 'exit_plan': {'stop_loss': 1.127, 'take_profit': 1.0606, 'risk_distance': 0.027083269604759375, 'reward_distance': 0.03931673039524064, 'risk_reward': 1.4516980766728205}, 'source_entry_order': '455b5a5d-a4f3-47e8-a934-1258863d3a01', 'exit_reason': 'take_profit_1'}"
f44b2297-1997-441f-a6a9-0cc4ca474e9a,SAGAUSDT,Sell,235.1,1.062283943188883,0.13735862527403853,taker,2025-01-04 10:50:00+00:00,False,0.09993715688022517,0.0,"{'strategy': 'live_indicator_adapter', 'signal_reason': 'signal_confirmed', 'signal_details': {'ma7': 1.065525632324482, 'ma14': 1.0685610005774813, 'ma28': 1.0761368535580063, 'mavol_fast': 2454.0691519125903, 'mavol_slow': 1793.5358411881998, 'volume': 5546.55962760788, 'volume_ratio': 1.3682855371804523, 'volume_spike_ratio': 3.0925278994889442, 'adx': 93.2618507855412, 'di_plus': 2.399144287228421, 'di_minus': 25.458616963600452, 'close': 1.0627090267996029, 'signal': 'SHORT'}, 'htf_reason': 'htf_trend_confirmed', 'htf_details': {'ma7': 1.146387169612074, 'ma14': 1.2381260608249065, 'ma28': 1.384909957834309, 'adx': 38.773646745219196, 'di_plus': 16.55150416810164, 'di_minus': 64.05196596610243, 'open': 1.085214530404878, 'close': 1.0709689505900142, 'trend': 'SHORT'}, 'score_details': {'score': 82.1104756434469, 'adx': 93.2618507855412, 'volume_ratio': 3.0925278994889442, 'ma_separation_pct': 0.9860475643446911, 'rr_ratio': 1.45, 'adx_points': 40.0, 'volume_points': 30.0, 'ma_points': 9.860475643446911, 'rr_points': 2.25}, 'signal_row': {'open': 1.0642984267421247, 'high': 1.067921471436834, 'low': 1.0590859821048937, 'close': 1.0627090267996029, 'volume': 5546.55962760788, 'ma7': 1.065525632324482, 'ma14': 1.0685610005774813, 'ma28': 1.0761368535580063, 'mavol_fast': 2454.0691519125903, 'mavol_slow': 1793.5358411881998, 'volume_ratio': 1.3682855371804523, 'volume_spike_ratio': 3.0925278994889442, 'rsi': 9.074927956702922, 'di_plus': 2.399144287228421, 'di_minus': 25.458616963600452, 'adx': 93.2618507855412, 'atr': 0.006167710697245117, 'atr_pct': 0.005803762405048409}, 'side': 'SHORT', 'risk_amount': 3.173076896733412, 'pretrade_exit_plan': {'stop_loss': 1.0762, 'take_profit': 1.0431, 'risk_distance': 0.01349097320039716, 'reward_distance': 0.01960902679960297, 'risk_reward': 1.4534923840057512}, 'entry_price_hint': 1.0627090267996029, 'create_bracket': True, 'leverage': 2.0, 'liquidation_price_estimate': 1.5887499950654065, 'portfolio_heat_after': 8.3987681223412, 'atr_pct': 0.005803762405048409}"
b87d7097-e29d-4bf2-a25e-4cf2516d26fd,BUSDT,Buy,110.2,0.7461,0.016444044,maker,2025-01-04 11:10:00+00:00,True,0.0,3.774515307192847,"{'position_side': 'SHORT', 'risk_amount': 5.225691225607789, 'exit_plan': {'stop_loss': 0.8042, 'take_profit': 0.7461, 'risk_distance': 0.0236992799347292, 'reward_distance': 0.03440072006527084, 'risk_reward': 1.4515512775077872}, 'source_entry_order': '9ba2f67a-f589-422d-b263-135690c0ec3a', 'exit_reason': 'take_profit_1'}"
ca8b0c17-ac6c-43a5-8700-ee20084502e0,SAGAUSDT,Buy,235.1,1.07684572,0.1392415358246,taker,2025-01-04 12:50:00+00:00,True,0.15180877199996468,-3.5627152641181623,"{'position_side': 'SHORT', 'risk_amount': 3.2716649562935975, 'exit_plan': {'stop_loss': 1.0762, 'take_profit': 1.0421, 'risk_distance': 0.013916056811116961, 'reward_distance': 0.020183943188883058, 'risk_reward': 1.45040678281501}, 'source_entry_order': 'f44b2297-1997-441f-a6a9-0cc4ca474e9a', 'exit_reason': 'stop_loss'}"
dab2e1e0-76e4-4c40-83b8-b38e3e674afc,BUSDT,Buy,110.3,0.80468252,0.0488160650758,taker,2025-01-04 15:50:00+00:00,True,0.05322195599999236,-2.716068597876423,"{'position_side': 'SHORT', 'risk_amount': 5.225691225607789, 'exit_plan': {'stop_loss': 0.8042, 'take_profit': 0.7461, 'risk_distance': 0.0236992799347292, 'reward_distance': 0.03440072006527084, 'risk_reward': 1.4515512775077872}, 'source_entry_order': '9ba2f67a-f589-422d-b263-135690c0ec3a', 'exit_reason': 'stop_loss'}"
e6430a10-ac9a-4203-ae5a-26468cf66a48,BUSDT,Buy,249.6,1.0016149190608172,0.137501696088669,taker,2025-01-05 02:40:00+00:00,False,0.0999612490193897,0.0,"{'strategy': 'live_indicator_adapter', 'signal_reason': 'signal_confirmed', 'signal_details': {'ma7': 0.999129563513695, 'ma14': 0.9950016348149414, 'ma28': 0.9812687863426014, 'mavol_fast': 2421.2265330664936, 'mavol_slow': 2194.915706589235, 'volume': 5352.3216764522, 'volume_ratio': 1.1031068417788725, 'volume_spike_ratio': 2.4385089871033734, 'adx': 99.15933145728637, 'di_plus': 30.70067703236437, 'di_minus': 0.023604141500547345, 'close': 1.0012144332875024, 'signal': 'LONG'}, 'htf_reason': 'htf_trend_confirmed', 'htf_details': {'ma7': 0.9297246876689157, 'ma14': 0.8689268836604017, 'ma28': 0.8522034560349528, 'adx': 31.653245406369923, 'di_plus': 57.82387519814893, 'di_minus': 21.456744490494284, 'open': 0.9676654109302064, 'close': 0.9962037076572312, 'trend': 'LONG'}, 'score_details': {'score': 82.02935223574197, 'adx': 99.15933145728637, 'volume_ratio': 2.4385089871033734, 'ma_separation_pct': 1.820171742919136, 'rr_ratio': 1.45, 'adx_points': 40.0, 'volume_points': 21.577634806550602, 'ma_points': 18.20171742919136, 'rr_points': 2.25}, 'signal_row': {'open': 1.0002989007702212, 'high': 1.004616183110121, 'low': 0.9968971509476028, 'close': 1.0012144332875024, 'volume': 5352.3216764522, 'ma7': 0.999129563513695, 'ma14': 0.9950016348149414, 'ma28': 0.9812687863426014, 'mavol_fast': 2421.2265330664936, 'mavol_slow': 2194.915706589235, 'volume_ratio': 1.1031068417788725, 'volume_spike_ratio': 2.4385089871033734, 'rsi': 95.1442858047293, 'di_plus': 30.70067703236437, 'di_minus': 0.023604141500547345, 'adx': 99.15933145728637, 'atr': 0.00632583164462343, 'atr_pct': 0.006318158662428056}, 'side': 'LONG', 'risk_amount': 4.995602548560601, 'pretrade_exit_plan': {'stop_loss': 0.9812, 'take_profit': 1.0303, 'risk_distance': 0.02001443328750241, 'reward_distance': 0.029085566712497624, 'risk_reward': 1.4532295915997528}, 'entry_price_hint': 1.0012144332875024, 'create_bracket': True, 'leverage': 2.0, 'liquidation_price_estimate': 0.5056132888101887, 'portfolio_heat_after': 4.995602548560601, 'atr_pct': 0.006318158662428056}"
9f86ff68-9241-4a9f-9616-39ecbd1880ea,SAGAUSDT,Buy,131.5,1.4531821212949503,0.10510139692265728,taker,2025-01-05 02:45:00+00:00,False,0.07640681685336359,0.0,"{'strategy': 'live_indicator_adapter', 'signal_reason': 'signal_confirmed', 'signal_details': {'ma7': 1.4475351863058858, 'ma14': 1.4367951152751761, 'ma28': 1.4135089499848645, 'mavol_fast': 2373.037385941899, 'mavol_slow': 2204.0052614586584, 'volume': 3443.08288177215, 'volume_ratio': 1.07669315833274, 'volume_spike_ratio': 1.5621935854606095, 'adx': 99.99031201337917, 'di_plus': 32.868645003308394, 'di_minus': 0.00011200660246477778, 'close': 1.4526010808626053, 'signal': 'LONG'}, 'htf_reason': 'htf_trend_confirmed', 'htf_details': {'ma7': 1.328090167562717, 'ma14': 1.2333860506389431, 'ma28': 1.2112662823051719, 'adx': 32.98999639751613, 'di_plus': 58.5191000307936, 'di_minus': 21.558196758489604, 'open': 1.3856501119296614, 'close': 1.4307504835803744, 'trend': 'LONG'}, 'score_details': {'score': 70.68290378190915, 'adx': 99.99031201337917, 'volume_ratio': 1.5621935854606095, 'ma_separation_pct': 2.4072176070328846, 'rr_ratio': 1.45, 'adx_points': 40.0, 'volume_points': 8.432903781909143, 'ma_points': 20.0, 'rr_points': 2.25}, 'signal_row': {'open': 1.4501875433277958, 'high': 1.4535558844058225, 'low': 1.4492327397845786, 'close': 1.4526010808626053, 'volume': 3443.08288177215, 'ma7': 1.4475351863058858, 'ma14': 1.4367951152751761, 'ma28': 1.4135089499848645, 'mavol_fast': 2373.037385941899, 'mavol_slow': 2204.0052614586584, 'volume_ratio': 1.07669315833274, 'volume_spike_ratio': 1.5621935854606095, 'rsi': 93.71106092954516, 'di_plus': 32.868645003308394, 'di_minus': 0.00011200660246477778, 'adx': 99.99031201337917, 'atr': 0.00893198811964141, 'atr_pct': 0.006148961499007892}, 'side': 'LONG', 'risk_amount': 5.141792133432601, 'pretrade_exit_plan': {'stop_loss': 1.4135, 'take_profit': 1.5093, 'risk_distance': 0.03910108086260533, 'reward_distance': 0.056698919137394777, 'risk_reward': 1.450060148890137}, 'entry_price_hint': 1.4526010808626053, 'create_bracket': True, 'leverage': 2.0, 'liquidation_price_estimate': 0.7335635458356157, 'portfolio_heat_after': 10.23735593101259, 'atr_pct': 0.006148961499007892}"
5e184635-79da-4975-9f70-5b6c7a50b497,BUSDT,Sell,124.8,1.0313,0.025741248,maker,2025-01-05 04:55:00+00:00,True,0.0,3.6789568532100225,"{'position_side': 'LONG', 'risk_amount': 5.095563797579991, 'exit_plan': {'stop_loss': 0.9812, 'take_profit': 1.0313, 'risk_distance': 0.02041491906081727, 'reward_distance': 0.029685080939182873, 'risk_reward': 1.4540876136098915}, 'source_entry_order': 'e6430a10-ac9a-4203-ae5a-26468cf66a48', 'exit_reason': 'take_profit_1'}"
a4785d43-b521-462d-92ce-26550550213c,SAGAUSDT,Sell,65.7,1.5108,0.019851912,maker,2025-01-05 05:25:00+00:00,True,0.0,3.7656427189217614,"{'position_side': 'LONG', 'risk_amount': 5.218198950285965, 'exit_plan': {'stop_loss': 1.4135, 'take_profit': 1.5108, 'risk_distance': 0.0396821212949503, 'reward_distance': 0.05761787870504964, 'risk_reward': 1.451985852187336}, 'source_entry_order': '9f86ff68-9241-4a9f-9616-39ecbd1880ea', 'exit_reason': 'take_profit_1'}"
b75b0cbc-a398-4ba3-b8f1-22d7dcea69f5,BUSDT,Sell,124.8,1.0609,0.026480064,maker,2025-01-05 06:25:00+00:00,True,0.0,7.372298037210003,"{'position_side': 'LONG', 'risk_amount': 5.095563797579991, 'exit_plan': {'stop_loss': 0.9812, 'take_profit': 1.0313, 'risk_distance': 0.02041491906081727, 'reward_distance': 0.029685080939182873, 'risk_reward': 1.4540876136098915}, 'source_entry_order': 'e6430a10-ac9a-4203-ae5a-26468cf66a48', 'exit_reason': 'take_profit_2'}"
e1c11073-cd05-44ed-8229-3fa72d053140,SAGAUSDT,Sell,65.7,1.5684,0.020608776000000002,maker,2025-01-05 07:05:00+00:00,True,0.0,7.549205854921768,"{'position_side': 'LONG', 'risk_amount': 5.218198950285965, 'exit_plan': {'stop_loss': 1.4135, 'take_profit': 1.5108, 'risk_distance': 0.0396821212949503, 'reward_distance': 0.05761787870504964, 'risk_reward': 1.451985852187336}, 'source_entry_order': '9f86ff68-9241-4a9f-9616-39ecbd1880ea', 'exit_reason': 'take_profit_2'}"
457077de-2004-4384-bb0a-12973ae72203,BUSDT,Buy,206.0,1.093842824594594,0.1239323920265675,taker,2025-01-05 07:55:00+00:00,False,0.09009661010254666,0.0,"{'strategy': 'live_indicator_adapter', 'signal_reason': 'signal_confirmed', 'signal_details': {'ma7': 1.0883697196866202, 'ma14': 1.081456794273136, 'ma28': 1.0679079112920378, 'mavol_fast': 1180.29811826226, 'mavol_slow': 1115.0357673819208, 'volume': 1796.5358263673809, 'volume_ratio': 1.058529378867885, 'volume_spike_ratio': 1.6111912092161915, 'adx': 98.49837292215598, 'di_plus': 31.69379436819948, 'di_minus': 0.06294565055991543, 'close': 1.09340546240963, 'signal': 'LONG'}, 'htf_reason': 'htf_trend_confirmed', 'htf_details': {'ma7': 1.0202744522415121, 'ma14': 0.9568517656298405, 'ma28': 0.8751154485411131, 'adx': 38.88202381980256, 'di_plus': 62.553200973893475, 'di_minus': 14.857642698631816, 'open': 1.0488552382382756, 'close': 1.0735789281406474, 'trend': 'LONG'}, 'score_details': {'score': 70.57851689664206, 'adx': 98.49837292215598, 'volume_ratio': 1.6111912092161915, 'ma_separation_pct': 1.9160648758399184, 'rr_ratio': 1.4499999999999997, 'adx_points': 40.0, 'volume_points': 9.167868138242873, 'ma_points': 19.16064875839918, 'rr_points': 2.2499999999999987}, 'signal_row': {'open': 1.093143246183489, 'high': 1.0945529287749818, 'low': 1.091995779818137, 'close': 1.09340546240963, 'volume': 1796.5358263673809, 'ma7': 1.0883697196866202, 'ma14': 1.081456794273136, 'ma28': 1.0679079112920378, 'mavol_fast': 1180.29811826226, 'mavol_slow': 1115.0357673819208, 'volume_ratio': 1.058529378867885, 'volume_spike_ratio': 1.6111912092161915, 'rsi': 99.42253344305657, 'di_plus': 31.69379436819948, 'di_minus': 0.06294565055991543, 'adx': 98.49837292215598, 'atr': 0.006019898592674238, 'atr_pct': 0.005505641593748469}, 'side': 'LONG', 'risk_amount': 5.254125256383786, 'pretrade_exit_plan': {'stop_loss': 1.0679, 'take_profit': 1.1304, 'risk_distance': 0.02550546240963003, 'reward_distance': 0.03699453759036997, 'risk_reward': 1.450455474839854}, 'entry_price_hint': 1.09340546240963, 'create_bracket': True, 'leverage': 2.0, 'liquidation_price_estimate': 0.5521697585168632, 'portfolio_heat_after': 5.258093468513281, 'atr_pct': 0.005505641593748469}"
04e929c0-7013-4977-996f-cc9c4b5f53cb,BUSDT,Sell,206.0,1.06725926,0.12092047415799999,taker,2025-01-05 09:55:00+00:00,True,0.13199244000002874,-5.597134780644362,"{'position_side': 'LONG', 'risk_amount': 5.344221866486333, 'exit_plan': {'stop_loss': 1.0679, 'take_profit': 1.1315, 'risk_distance': 0.02594282459459385, 'reward_distance': 0.03765717540540603, 'risk_reward': 1.4515449259620443}, 'source_entry_order': '457077de-2004-4384-bb0a-12973ae72203', 'exit_reason': 'stop_loss'}"
9cc3b566-55bf-4659-b027-bd1e01c7e29a,SAGAUSDT,Sell,0.09999999999999432,1.4126519,7.769585449999559e-05,taker,2025-01-05 15:05:00+00:00,True,8.4809999999997e-05,-0.004130717983994798,"{'position_side': 'LONG', 'risk_amount': 5.218198950285965, 'exit_plan': {'stop_loss': 1.4135, 'take_profit': 1.5108, 'risk_distance': 0.0396821212949503, 'reward_distance': 0.05761787870504964, 'risk_reward': 1.451985852187336}, 'source_entry_order': '9f86ff68-9241-4a9f-9616-39ecbd1880ea', 'exit_reason': 'stop_loss'}"
dd8963cb-c27b-4d35-9735-dcde02ce237f,BUSDT,Sell,218.8,0.8114965515158583,0.09765549500941839,taker,2025-01-05 21:10:00+00:00,False,0.07105059842804007,0.0,"{'strategy': 'live_indicator_adapter', 'signal_reason': 'signal_confirmed', 'signal_details': {'ma7': 0.8157998826629876, 'ma14': 0.821775397219228, 'ma28': 0.8356112891000961, 'mavol_fast': 1467.3941030524381, 'mavol_slow': 1350.5872331831072, 'volume': 3621.285961368753, 'volume_ratio': 1.0864859869836299, 'volume_spike_ratio': 2.681267727397356, 'adx': 99.53500154340472, 'di_plus': 0.016873768419625332, 'di_minus': 36.5086728521067, 'close': 0.8118212800278695, 'signal': 'SHORT'}, 'htf_reason': 'htf_trend_confirmed', 'htf_details': {'ma7': 0.8821762252851635, 'ma14': 0.956609089278021, 'ma28': 0.9567304274539307, 'adx': 32.12874868229273, 'di_plus': 22.605860260709836, 'di_minus': 56.03007022420842, 'open': 0.8350243450649435, 'close': 0.8148760804059745, 'trend': 'SHORT'}, 'score_details': {'score': 87.46901591096034, 'adx': 99.53500154340472, 'volume_ratio': 2.681267727397356, 'ma_separation_pct': 2.37088783930195, 'rr_ratio': 1.45, 'adx_points': 40.0, 'volume_points': 25.219015910960344, 'ma_points': 20.0, 'rr_points': 2.25}, 'signal_row': {'open': 0.812204250324104, 'high': 0.8144515027422877, 'low': 0.8095740276096858, 'close': 0.8118212800278695, 'volume': 3621.285961368753, 'ma7': 0.8157998826629876, 'ma14': 0.821775397219228, 'ma28': 0.8356112891000961, 'mavol_fast': 1467.3941030524381, 'mavol_slow': 1350.5872331831072, 'volume_ratio': 1.0864859869836299, 'volume_spike_ratio': 2.681267727397356, 'rsi': 0.16854386072569127, 'di_plus': 0.016873768419625332, 'di_minus': 36.5086728521067, 'adx': 99.53500154340472, 'atr': 0.00517962677023869, 'atr_pct': 0.0063802549867390465}, 'side': 'SHORT', 'risk_amount': 5.224663929902161, 'pretrade_exit_plan': {'stop_loss': 0.8357, 'take_profit': 0.7771, 'risk_distance': 0.023878719972130535, 'reward_distance': 0.03472128002786945, 'risk_reward': 1.454067892600338}, 'entry_price_hint': 0.8118212800278695, 'create_bracket': True, 'leverage': 2.0, 'liquidation_price_estimate': 1.213672813641665, 'portfolio_heat_after': 5.224663929902161, 'atr_pct': 0.0063802549867390465}"
cb32c28e-c311-4d8d-a88c-1401e64b2e77,SAGAUSDT,Sell,208.6,1.1971601244305594,0.1373501810759181,taker,2025-01-05 23:05:00+00:00,False,0.0999310131877725,0.0,"{'strategy': 'live_indicator_adapter', 'signal_reason': 'signal_confirmed', 'signal_details': {'ma7': 1.1988864900003349, 'ma14': 1.203417832414758, 'ma28': 1.2137365862979348, 'mavol_fast': 1225.4557468925054, 'mavol_slow': 1142.8125092199411, 'volume': 1282.010718778016, 'volume_ratio': 1.0723156572104506, 'volume_spike_ratio': 1.1218031903177963, 'adx': 91.60584253662562, 'di_plus': 1.3699247770274179, 'di_minus': 26.6700641870888, 'close': 1.1976391801026005, 'signal': 'SHORT'}, 'htf_reason': 'htf_trend_confirmed', 'htf_details': {'ma7': 1.2747225020768858, 'ma14': 1.3752284389827094, 'ma28': 1.4032788105862017, 'adx': 32.57600738747533, 'di_plus': 23.088205947251232, 'di_minus': 56.91533910226666, 'open': 1.2114610301217092, 'close': 1.1987494510515002, 'trend': 'SHORT'}, 'score_details': {'score': 56.31207188324645, 'adx': 91.60584253662562, 'volume_ratio': 1.1218031903177963, 'ma_separation_pct': 1.2235024028479509, 'rr_ratio': 1.45, 'adx_points': 40.0, 'volume_points': 1.8270478547669444, 'ma_points': 12.235024028479506, 'rr_points': 2.25}, 'signal_row': {'open': 1.1987494510515002, 'high': 1.2020191175232946, 'low': 1.194369513630806, 'close': 1.1976391801026005, 'volume': 1282.010718778016, 'ma7': 1.1988864900003349, 'ma14': 1.203417832414758, 'ma28': 1.2137365862979348, 'mavol_fast': 1225.4557468925054, 'mavol_slow': 1142.8125092199411, 'volume_ratio': 1.0723156572104506, 'volume_spike_ratio': 1.1218031903177963, 'rsi': 8.74070842230546, 'di_plus': 1.3699247770274179, 'di_minus': 26.6700641870888, 'adx': 91.60584253662562, 'atr': 0.006493531318064921, 'atr_pct': 0.005421942957401098}, 'side': 'SHORT', 'risk_amount': 3.3727631125872715, 'pretrade_exit_plan': {'stop_loss': 1.2138, 'take_profit': 1.1742, 'risk_distance': 0.01616081989739948, 'reward_distance': 0.0234391801026006, 'risk_reward': 1.450370726943892}, 'entry_price_hint': 1.1976391801026005, 'create_bracket': True, 'leverage': 2.0, 'liquidation_price_estimate': 1.790470574253388, 'portfolio_heat_after': 8.668477640917473, 'atr_pct': 0.005421942957401098}"
7c751991-b674-4653-bcdf-ecffb3fe0175,BUSDT,Buy,109.4,0.7764,0.016987632,maker,2025-01-05 23:35:00+00:00,True,0.0,3.8225751038349016,"{'position_side': 'SHORT', 'risk_amount': 5.295714528330201, 'exit_plan': {'stop_loss': 0.8357, 'take_profit': 0.7764, 'risk_distance': 0.024203448484141687, 'reward_distance': 0.03509655151585833, 'risk_reward': 1.4500640906131166}, 'source_entry_order': 'dd8963cb-c27b-4d35-9735-dcde02ce237f', 'exit_reason': 'take_profit_1'}"
ff8f217b-460d-4b38-9d31-7ea859be6c14,SAGAUSDT,Buy,104.3,1.173,0.024468780000000002,maker,2025-01-05 23:45:00+00:00,True,0.0,2.4954321981073426,"{'position_side': 'SHORT', 'risk_amount': 3.471078043785304, 'exit_plan': {'stop_loss': 1.2138, 'take_profit': 1.173, 'risk_distance': 0.016639875569440576, 'reward_distance': 0.02416012443055937, 'risk_reward': 1.4519414120457645}, 'source_entry_order': 'cb32c28e-c311-4d8d-a88c-1401e64b2e77', 'exit_reason': 'take_profit_1'}"
62650509-a6fd-49e8-9ce1-75c24546a844,SAGAUSDT,Buy,104.3,1.1489,0.023966054,maker,2025-01-06 00:30:00+00:00,True,0.0,5.009564924107344,"{'position_side': 'SHORT', 'risk_amount': 3.471078043785304, 'exit_plan': {'stop_loss': 1.2138, 'take_profit': 1.173, 'risk_distance': 0.016639875569440576, 'reward_distance': 0.02416012443055937, 'risk_reward': 1.4519414120457645}, 'source_entry_order': 'cb32c28e-c311-4d8d-a88c-1401e64b2e77', 'exit_reason': 'take_profit_2'}"
6c02913e-2638-4a4e-b68f-669ed75ffc7f,BUSDT,Buy,109.4,0.7414,0.016221832000000002,maker,2025-01-06 01:30:00+00:00,True,0.0,7.652340903834905,"{'position_side': 'SHORT', 'risk_amount': 5.295714528330201, 'exit_plan': {'stop_loss': 0.8357, 'take_profit': 0.7764, 'risk_distance': 0.024203448484141687, 'reward_distance': 0.03509655151585833, 'risk_reward': 1.4500640906131166}, 'source_entry_order': 'dd8963cb-c27b-4d35-9735-dcde02ce237f', 'exit_reason': 'take_profit_2'}"
20e71639-420e-4470-9c23-98c94fb92423,BUSDT,Sell,212.1,0.7250472804564014,0.08458039050164151,taker,2025-01-06 02:15:00+00:00,False,0.0615376263244515,0.0,"{'strategy': 'live_indicator_adapter', 'signal_reason': 'signal_confirmed', 'signal_details': {'ma7': 0.7321459214557, 'ma14': 0.7383369726791073, 'ma28': 0.7503927685776395, 'mavol_fast': 1076.9850107153527, 'mavol_slow': 1013.0108211679676, 'volume': 1520.4468074390468, 'volume_ratio': 1.0631525233596468, 'volume_spike_ratio': 1.500918623639205, 'adx': 99.98964541427047, 'di_plus': 0.0001768861487900696, 'di_minus': 34.35258635148524, 'close': 0.7253374154225705, 'signal': 'SHORT'}, 'htf_reason': 'htf_trend_confirmed', 'htf_details': {'ma7': 0.7843427728475031, 'ma14': 0.8534673863288411, 'ma28': 0.9370045441496521, 'adx': 38.33332557764892, 'di_plus': 16.62383148364017, 'di_minus': 62.71694453766701, 'open': 0.7543429989033419, 'close': 0.733101439162732, 'trend': 'SHORT'}, 'score_details': {'score': 69.76377935458808, 'adx': 99.98964541427047, 'volume_ratio': 1.500918623639205, 'ma_separation_pct': 2.431639520797375, 'rr_ratio': 1.45, 'adx_points': 40.0, 'volume_points': 7.513779354588074, 'ma_points': 20.0, 'rr_points': 2.25}, 'signal_row': {'open': 0.7286931525271487, 'high': 0.7306124477219974, 'low': 0.7234181202277218, 'close': 0.7253374154225705, 'volume': 1520.4468074390468, 'ma7': 0.7321459214557, 'ma14': 0.7383369726791073, 'ma28': 0.7503927685776395, 'mavol_fast': 1076.9850107153527, 'mavol_slow': 1013.0108211679676, 'volume_ratio': 1.0631525233596468, 'volume_spike_ratio': 1.500918623639205, 'rsi': 1.2004559787988853, 'di_plus': 0.0001768861487900696, 'di_minus': 34.35258635148524, 'adx': 99.98964541427047, 'atr': 0.00537713622528043, 'atr_pct': 0.007413289471835384}, 'side': 'SHORT', 'risk_amount': 5.318280447330538, 'pretrade_exit_plan': {'stop_loss': 0.7504, 'take_profit': 0.6889, 'risk_distance': 0.025062584577429492, 'reward_distance': 0.03643741542257051, 'risk_reward': 1.453857055723806}, 'entry_price_hint': 0.7253374154225705, 'create_bracket': True, 'leverage': 2.0, 'liquidation_price_estimate': 1.084379436056743, 'portfolio_heat_after': 5.318280447330538, 'atr_pct': 0.007413289471835384}"
3577d525-cf8c-43c2-b156-a5413a873189,SAGAUSDT,Sell,148.5,1.088927188252777,0.08893812810054556,taker,2025-01-06 02:35:00+00:00,False,0.06470815824549037,0.0,"{'strategy': 'live_indicator_adapter', 'signal_reason': 'signal_confirmed', 'signal_details': {'ma7': 1.0968855038574807, 'ma14': 1.1072663631786377, 'ma28': 1.1251417045935894, 'mavol_fast': 1381.0521903078452, 'mavol_slow': 1220.0537758823803, 'volume': 1785.657531917964, 'volume_ratio': 1.1319600968482115, 'volume_spike_ratio': 1.4635892017354086, 'adx': 98.59742401350836, 'di_plus': 0.04819039582172645, 'di_minus': 31.24429817780411, 'close': 1.0893629334261472, 'signal': 'SHORT'}, 'htf_reason': 'htf_trend_confirmed', 'htf_details': {'ma7': 1.188873275300562, 'ma14': 1.2899342595946894, 'ma28': 1.3893929200551471, 'adx': 36.20652172647846, 'di_plus': 18.33800284837386, 'di_minus': 62.17327116305397, 'open': 1.1386329292269874, 'close': 1.1091942486994826, 'trend': 'SHORT'}, 'score_details': {'score': 69.20383802603112, 'adx': 98.59742401350836, 'volume_ratio': 1.4635892017354086, 'ma_separation_pct': 2.5113459594242897, 'rr_ratio': 1.45, 'adx_points': 40.0, 'volume_points': 6.953838026031129, 'ma_points': 20.0, 'rr_points': 2.25}, 'signal_row': {'open': 1.0918294295209623, 'high': 1.0940835886027405, 'low': 1.087108774344369, 'close': 1.0893629334261472, 'volume': 1785.657531917964, 'ma7': 1.0968855038574807, 'ma14': 1.1072663631786377, 'ma28': 1.1251417045935894, 'mavol_fast': 1381.0521903078452, 'mavol_slow': 1220.0537758823803, 'volume_ratio': 1.1319600968482115, 'volume_spike_ratio': 1.4635892017354086, 'rsi': 0.5216894332105824, 'di_plus': 0.04819039582172645, 'di_minus': 31.24429817780411, 'adx': 98.59742401350836, 'atr': 0.008212217913025077, 'atr_pct': 0.007538550891571913}, 'side': 'SHORT', 'risk_amount': 5.321804386217137, 'pretrade_exit_plan': {'stop_loss': 1.1252, 'take_profit': 1.0373, 'risk_distance': 0.03583706657385277, 'reward_distance': 0.052062933426147096, 'risk_reward': 1.4527677179954497}, 'entry_price_hint': 1.0893629334261472, 'create_bracket': True, 'leverage': 2.0, 'liquidation_price_estimate': 1.6285975854720902, 'portfolio_heat_after': 10.699116201414384, 'atr_pct': 0.007538550891571913}"
ac656cef-8f5e-4f37-a41c-80264e2a6c22,BUSDT,Buy,106.0,0.6882,0.014589840000000001,maker,2025-01-06 03:55:00+00:00,True,0.0,3.8912218883785483,"{'position_side': 'SHORT', 'risk_amount': 5.377311815197246, 'exit_plan': {'stop_loss': 0.7504, 'take_profit': 0.6882, 'risk_distance': 0.025352719543598523, 'reward_distance': 0.0368472804564014, 'risk_reward': 1.453385716393696}, 'source_entry_order': '20e71639-420e-4470-9c23-98c94fb92423', 'exit_reason': 'take_profit_1'}"
663eab39-2499-4b99-beae-5afdaf4dc074,SAGAUSDT,Buy,74.2,1.0363,0.015378692000000001,maker,2025-01-06 04:10:00+00:00,True,0.0,3.8895586763560464,"{'position_side': 'SHORT', 'risk_amount': 5.386512544462627, 'exit_plan': {'stop_loss': 1.1252, 'take_profit': 1.0363, 'risk_distance': 0.03627281174722308, 'reward_distance': 0.0526271882527769, 'risk_reward': 1.4508714852193905}, 'source_entry_order': '3577d525-cf8c-43c2-b156-a5413a873189', 'exit_reason': 'take_profit_1'}"
0228205b-efa9-4a7e-b3eb-ca436d15e176,SAGAUSDT,Buy,74.3,1.12587512,0.046008886778799996,taker,2025-01-06 08:10:00+00:00,True,0.05016141599999391,-2.791240215597468,"{'position_side': 'SHORT', 'risk_amount': 5.386512544462627, 'exit_plan': {'stop_loss': 1.1252, 'take_profit': 1.0363, 'risk_distance': 0.03627281174722308, 'reward_distance': 0.0526271882527769, 'risk_reward': 1.4508714852193905}, 'source_entry_order': '3577d525-cf8c-43c2-b156-a5413a873189', 'exit_reason': 'stop_loss'}"
acbee6ab-c68d-4a6d-a539-f73882658069,BUSDT,Buy,106.1,0.7508502399999999,0.043815865755199995,taker,2025-01-06 08:50:00+00:00,True,0.047770463999993115,-2.781509873330996,"{'position_side': 'SHORT', 'risk_amount': 5.377311815197246, 'exit_plan': {'stop_loss': 0.7504, 'take_profit': 0.6882, 'risk_distance': 0.025352719543598523, 'reward_distance': 0.0368472804564014, 'risk_reward': 1.453385716393696}, 'source_entry_order': '20e71639-420e-4470-9c23-98c94fb92423', 'exit_reason': 'stop_loss'}"
e35b95cb-3dd6-48f8-a93c-40112958b137,BUSDT,Buy,207.1,0.9622989566572625,0.10961066265804549,taker,2025-01-06 21:00:00+00:00,False,0.07968497158085365,0.0,"{'strategy': 'live_indicator_adapter', 'signal_reason': 'signal_confirmed', 'signal_details': {'ma7': 0.955318588743706, 'ma14': 0.9484691502276293, 'ma28': 0.9362111252274573, 'mavol_fast': 2335.702895052955, 'mavol_slow': 2059.577995329512, 'volume': 2835.4857378157576, 'volume_ratio': 1.1340686783164362, 'volume_spike_ratio': 1.3767314198567693, 'adx': 94.96582066565702, 'di_plus': 31.48115385316493, 'di_minus': 0.2064349900191518, 'close': 0.9619141909808702, 'signal': 'LONG'}, 'htf_reason': 'htf_trend_confirmed', 'htf_details': {'ma7': 0.9057704506946289, 'ma14': 0.8437982466624041, 'ma28': 0.8048898969780867, 'adx': 33.391575974884155, 'di_plus': 56.42153394618627, 'di_minus': 20.940525328576562, 'open': 0.9394024075476536, 'close': 0.9619141909808702, 'trend': 'LONG'}, 'score_details': {'score': 67.90097129785154, 'adx': 94.96582066565702, 'volume_ratio': 1.3767314198567693, 'ma_separation_pct': 2.0409353191147397, 'rr_ratio': 1.45, 'adx_points': 40.0, 'volume_points': 5.650971297851539, 'ma_points': 20.0, 'rr_points': 2.25}, 'signal_row': {'open': 0.9588743642396268, 'high': 0.962646836137008, 'low': 0.958141719083489, 'close': 0.9619141909808702, 'volume': 2835.4857378157576, 'ma7': 0.955318588743706, 'ma14': 0.9484691502276293, 'ma28': 0.9362111252274573, 'mavol_fast': 2335.702895052955, 'mavol_slow': 2059.577995329512, 'volume_ratio': 1.1340686783164362, 'volume_spike_ratio': 1.3767314198567693, 'rsi': 99.20461069918179, 'di_plus': 31.48115385316493, 'di_minus': 0.2064349900191518, 'adx': 94.96582066565702, 'atr': 0.00629813182221514, 'atr_pct': 0.00654749860358427}, 'side': 'LONG', 'risk_amount': 5.327980371236292, 'pretrade_exit_plan': {'stop_loss': 0.9362, 'take_profit': 0.9992, 'risk_distance': 0.025714190980870133, 'reward_distance': 0.03728580901912981, 'risk_reward': 1.4500090260225682}, 'entry_price_hint': 0.9619141909808702, 'create_bracket': True, 'leverage': 2.0, 'liquidation_price_estimate': 0.48576666644533945, 'portfolio_heat_after': 5.327980371236292, 'atr_pct': 0.00654749860358427}"
621da890-dfda-41f6-93fd-835061816eac,SAGAUSDT,Buy,106.5,1.4845293116898248,0.08695630443223148,taker,2025-01-06 21:10:00+00:00,False,0.0632156624130139,0.0,"{'strategy': 'live_indicator_adapter', 'signal_reason': 'signal_confirmed', 'signal_details': {'ma7': 1.474838888971124, 'ma14': 1.4614199706049207, 'ma28': 1.4339691368318086, 'mavol_fast': 2431.8462107907844, 'mavol_slow': 2242.600364400089, 'volume': 3358.4621512883464, 'volume_ratio': 1.0843867901721849, 'volume_spike_ratio': 1.497574960123026, 'adx': 96.15157552926372, 'di_plus': 33.34620998692045, 'di_minus': 0.17108811810449087, 'close': 1.483935737394867, 'signal': 'LONG'}, 'htf_reason': 'htf_trend_confirmed', 'htf_details': {'ma7': 1.3747505140063863, 'ma14': 1.2804178798645416, 'ma28': 1.221055339076935, 'adx': 32.72735870201205, 'di_plus': 59.79731036017401, 'di_minus': 19.81617068483873, 'open': 1.4280012938943338, 'close': 1.4772413633239607, 'trend': 'LONG'}, 'score_details': {'score': 69.71362440184538, 'adx': 96.15157552926372, 'volume_ratio': 1.497574960123026, 'ma_separation_pct': 2.8501137918220736, 'rr_ratio': 1.45, 'adx_points': 40.0, 'volume_points': 7.463624401845389, 'ma_points': 20.0, 'rr_points': 2.25}, 'signal_row': {'open': 1.4789402090693182, 'high': 1.4890763937162694, 'low': 1.4737995527479155, 'close': 1.483935737394867, 'volume': 3358.4621512883464, 'ma7': 1.474838888971124, 'ma14': 1.4614199706049207, 'ma28': 1.4339691368318086, 'mavol_fast': 2431.8462107907844, 'mavol_slow': 2242.600364400089, 'volume_ratio': 1.0843867901721849, 'volume_spike_ratio': 1.497574960123026, 'rsi': 98.62478887181655, 'di_plus': 33.34620998692045, 'di_minus': 0.17108811810449087, 'adx': 96.15157552926372, 'atr': 0.010895556231262076, 'atr_pct': 0.007342336973695263}, 'side': 'LONG', 'risk_amount': 5.333809606292822, 'pretrade_exit_plan': {'stop_loss': 1.4339, 'take_profit': 1.5565, 'risk_distance': 0.050035737394867, 'reward_distance': 0.07256426260513305, 'risk_reward': 1.4502486899009341}, 'entry_price_hint': 1.483935737394867, 'create_bracket': True, 'leverage': 2.0, 'liquidation_price_estimate': 0.7493875473844078, 'portfolio_heat_after': 10.738903530011878, 'atr_pct': 0.007342336973695263}"
569b6e37-cbdb-4bd4-bc8d-c9ad20d5d02b,BUSDT,Sell,103.5,1.0002,0.02070414,maker,2025-01-06 22:05:00+00:00,True,0.0,3.9020538459733287,"{'position_side': 'LONG', 'risk_amount': 5.405093923719058, 'exit_plan': {'stop_loss': 0.9362, 'take_profit': 1.0002, 'risk_distance': 0.026098956657262473, 'reward_distance': 0.03790104334273747, 'risk_reward': 1.4522053061531435}, 'source_entry_order': 'e35b95cb-3dd6-48f8-a93c-40112958b137', 'exit_reason': 'take_profit_1'}"
29e2ed4d-9925-4dc6-9d52-dcf38579557a,SAGAUSDT,Sell,53.2,1.558,0.016577120000000004,maker,2025-01-06 23:40:00+00:00,True,0.0,3.8920634981013222,"{'position_side': 'LONG', 'risk_amount': 5.392021694966349, 'exit_plan': {'stop_loss': 1.4339, 'take_profit': 1.558, 'risk_distance': 0.050629311689824874, 'reward_distance': 0.07347068831017523, 'risk_reward': 1.4511492623144007}, 'source_entry_order': '621da890-dfda-41f6-93fd-835061816eac', 'exit_reason': 'take_profit_1'}"
b5df6d58-d0bf-4b65-b8ed-29105ad55b90,BUSDT,Sell,103.5,1.0381,0.02148867,maker,2025-01-07 00:40:00+00:00,True,0.0,7.823919315973333,"{'position_side': 'LONG', 'risk_amount': 5.405093923719058, 'exit_plan': {'stop_loss': 0.9362, 'take_profit': 1.0002, 'risk_distance': 0.026098956657262473, 'reward_distance': 0.03790104334273747, 'risk_reward': 1.4522053061531435}, 'source_entry_order': 'e35b95cb-3dd6-48f8-a93c-40112958b137', 'exit_reason': 'take_profit_2'}"
82d3065b-d4c2-430b-85d0-48c69b58797b,BUSDT,Sell,0.09999999999999432,0.93563828,5.146010539999708e-05,taker,2025-01-07 07:15:00+00:00,True,5.6171999999995585e-05,-0.0027175277711260918,"{'position_side': 'LONG', 'risk_amount': 5.405093923719058, 'exit_plan': {'stop_loss': 0.9362, 'take_profit': 1.0002, 'risk_distance': 0.026098956657262473, 'reward_distance': 0.03790104334273747, 'risk_reward': 1.4522053061531435}, 'source_entry_order': 'e35b95cb-3dd6-48f8-a93c-40112958b137', 'exit_reason': 'stop_loss'}"
c1c14138-acf6-4a57-bb2d-b8060edffe30,SAGAUSDT,Sell,53.3,1.43303966,0.0420095576329,taker,2025-01-07 08:05:00+00:00,True,0.0458561220000008,-2.7864079927005663,"{'position_side': 'LONG', 'risk_amount': 5.392021694966349, 'exit_plan': {'stop_loss': 1.4339, 'take_profit': 1.558, 'risk_distance': 0.050629311689824874, 'reward_distance': 0.07347068831017523, 'risk_reward': 1.4511492623144007}, 'source_entry_order': '621da890-dfda-41f6-93fd-835061816eac', 'exit_reason': 'stop_loss'}"
1522e391-bdf3-455c-8889-8331f6478ca8,BUSDT,Sell,195.9,0.7706693754775766,0.0830357718608315,taker,2025-01-07 15:35:00+00:00,False,0.06041381778952416,0.0,"{'strategy': 'live_indicator_adapter', 'signal_reason': 'signal_confirmed', 'signal_details': {'ma7': 0.7779508915686357, 'ma14': 0.7852399255459451, 'ma28': 0.7984518556555468, 'mavol_fast': 1311.4564915820242, 'mavol_slow': 1215.175535311052, 'volume': 2354.822439509006, 'volume_ratio': 1.0792321384632937, 'volume_spike_ratio': 1.9378454972813743, 'adx': 99.98970717439254, 'di_plus': 0.0001370042283633648, 'di_minus': 35.78287805485719, 'close': 0.7709777665842102, 'signal': 'SHORT'}, 'htf_reason': 'htf_trend_confirmed', 'htf_details': {'ma7': 0.8443452495223998, 'ma14': 0.9166254079729388, 'ma28': 0.9173795977151064, 'adx': 32.41046622057606, 'di_plus': 22.973710184191653, 'di_minus': 55.780582481748915, 'open': 0.8093822968765263, 'close': 0.7871555968522881, 'trend': 'SHORT'}, 'score_details': {'score': 76.3176824592206, 'adx': 99.98970717439254, 'volume_ratio': 1.9378454972813743, 'ma_separation_pct': 2.567589259352312, 'rr_ratio': 1.45, 'adx_points': 40.0, 'volume_points': 14.067682459220615, 'ma_points': 20.0, 'rr_points': 2.25}, 'signal_row': {'open': 0.7726706346548615, 'high': 0.7731416879335894, 'low': 0.7705067133054824, 'close': 0.7709777665842102, 'volume': 2354.822439509006, 'ma7': 0.7779508915686357, 'ma14': 0.7852399255459451, 'ma28': 0.7984518556555468, 'mavol_fast': 1311.4564915820242, 'mavol_slow': 1215.175535311052, 'volume_ratio': 1.0792321384632937, 'volume_spike_ratio': 1.9378454972813743, 'rsi': 0.036140341083793714, 'di_plus': 0.0001370042283633648, 'di_minus': 35.78287805485719, 'adx': 99.98970717439254, 'atr': 0.005510302722490388, 'atr_pct': 0.00714716164501551}, 'side': 'SHORT', 'risk_amount': 5.391605526153211, 'pretrade_exit_plan': {'stop_loss': 0.7985, 'take_profit': 0.731, 'risk_distance': 0.027522233415789743, 'reward_distance': 0.03997776658421026, 'risk_reward': 1.4525625874997001}, 'entry_price_hint': 0.7709777665842102, 'create_bracket': True, 'leverage': 2.0, 'liquidation_price_estimate': 1.1526117610433944, 'portfolio_heat_after': 5.391605526153211, 'atr_pct': 0.00714716164501551}"
fb4e585d-58e6-49e2-b08e-0276a4642512,SAGAUSDT,Sell,127.5,1.212329001676451,0.08501457124256113,taker,2025-01-07 16:00:00+00:00,False,0.06185352049368209,0.0,"{'strategy': 'live_indicator_adapter', 'signal_reason': 'signal_confirmed', 'signal_details': {'ma7': 1.2230523770585902, 'ma14': 1.2346489991188585, 'ma28': 1.255044176772022, 'mavol_fast': 2071.744286610298, 'mavol_slow': 1618.3386259808358, 'volume': 2708.2053093540467, 'volume_ratio': 1.2801673601250565, 'volume_spike_ratio': 1.6734478593518518, 'adx': 96.82634070732774, 'di_plus': 0.1368454044116529, 'di_minus': 36.663930288067185, 'close': 1.2128141273273818, 'signal': 'SHORT'}, 'htf_reason': 'htf_trend_confirmed', 'htf_details': {'ma7': 1.306169043108397, 'ma14': 1.404183935606685, 'ma28': 1.4134260470305517, 'adx': 31.96269215397779, 'di_plus': 22.639600411851436, 'di_minus': 55.92728545040484, 'open': 1.2523009326064043, 'close': 1.2128141273273818, 'trend': 'SHORT'}, 'score_details': {'score': 72.35171789027777, 'adx': 96.82634070732774, 'volume_ratio': 1.6734478593518518, 'ma_separation_pct': 2.5490576591267744, 'rr_ratio': 1.45, 'adx_points': 40.0, 'volume_points': 10.101717890277778, 'ma_points': 20.0, 'rr_points': 2.25}, 'signal_row': {'open': 1.217301751459724, 'high': 1.2220876082124403, 'low': 1.2080282705746654, 'close': 1.2128141273273818, 'volume': 2708.2053093540467, 'ma7': 1.2230523770585902, 'ma14': 1.2346489991188585, 'ma28': 1.255044176772022, 'mavol_fast': 2071.744286610298, 'mavol_slow': 1618.3386259808358, 'volume_ratio': 1.2801673601250565, 'volume_spike_ratio': 1.6734478593518518, 'rsi': 0.42560354711073956, 'di_plus': 0.1368454044116529, 'di_minus': 36.663930288067185, 'adx': 96.82634070732774, 'atr': 0.008955743363655079, 'atr_pct': 0.0073842670215182975}, 'side': 'SHORT', 'risk_amount': 5.395677353026095, 'pretrade_exit_plan': {'stop_loss': 1.2551, 'take_profit': 1.1514, 'risk_distance': 0.042285872672618297, 'reward_distance': 0.06141412732738183, 'risk_reward': 1.4523556792325538}, 'entry_price_hint': 1.2128141273273818, 'create_bracket': True, 'leverage': 2.0, 'liquidation_price_estimate': 1.8131571203544359, 'portfolio_heat_after': 10.847696696968828, 'atr_pct': 0.0073842670215182975}"
31525479-a7bc-4c3b-8652-d539ca4da90e,BUSDT,Buy,97.9,0.7303,0.014299274,maker,2025-01-07 18:05:00+00:00,True,0.0,3.937862585254758,"{'position_side': 'SHORT', 'risk_amount': 5.452019343942735, 'exit_plan': {'stop_loss': 0.7985, 'take_profit': 0.7303, 'risk_distance': 0.027830624522423353, 'reward_distance': 0.040369375477576686, 'risk_reward': 1.4505378937885767}, 'source_entry_order': '1522e391-bdf3-455c-8889-8331f6478ca8', 'exit_reason': 'take_profit_1'}"
d366ca5e-1f68-48ed-8758-970e22c212ea,SAGAUSDT,Buy,63.7,1.1503,0.014654822000000001,maker,2025-01-07 19:45:00+00:00,True,0.0,3.9365925847899206,"{'position_side': 'SHORT', 'risk_amount': 5.453302286252515, 'exit_plan': {'stop_loss': 1.2551, 'take_profit': 1.1503, 'risk_distance': 0.042770998323549136, 'reward_distance': 0.06202900167645087, 'risk_reward': 1.4502584486623622}, 'source_entry_order': 'fb4e585d-58e6-49e2-b08e-0276a4642512', 'exit_reason': 'take_profit_1'}"
db5b37fb-0f63-4a07-8f7b-0b54775afb2e,BUSDT,Buy,98.0,0.69,0.013524,maker,2025-01-07 20:55:00+00:00,True,0.0,7.892074796802515,"{'position_side': 'SHORT', 'risk_amount': 5.452019343942735, 'exit_plan': {'stop_loss': 0.7985, 'take_profit': 0.7303, 'risk_distance': 0.027830624522423353, 'reward_distance': 0.040369375477576686, 'risk_reward': 1.4505378937885767}, 'source_entry_order': '1522e391-bdf3-455c-8889-8331f6478ca8', 'exit_reason': 'take_profit_2'}"
9d27679f-ffb4-47b1-8538-8d85094f442f,BUSDT,Sell,264.5,0.6873344515183851,0.09998997933463709,taker,2025-01-07 21:00:00+00:00,False,0.07274908460448443,0.0,"{'strategy': 'live_indicator_adapter', 'signal_reason': 'signal_confirmed', 'signal_details': {'ma7': 0.6932683898765877, 'ma14': 0.6989497695355452, 'ma28': 0.7083931970377684, 'mavol_fast': 1260.9811785425993, 'mavol_slow': 1189.2509655965114, 'volume': 1602.2359773977553, 'volume_ratio': 1.0603154548713014, 'volume_spike_ratio': 1.3472648110015168, 'adx': 99.65378376802622, 'di_plus': 0.028357434645336643, 'di_minus': 39.48732662108626, 'close': 0.6876094953165117, 'signal': 'SHORT'}, 'htf_reason': 'htf_trend_confirmed', 'htf_details': {'ma7': 0.7355301566521744, 'ma14': 0.7994210210390598, 'ma28': 0.8920481170070101, 'adx': 40.33353518575363, 'di_plus': 15.682718199809662, 'di_minus': 64.70980414122506, 'open': 0.7075441704763006, 'close': 0.6876094953165117, 'trend': 'SHORT'}, 'score_details': {'score': 67.45897216502274, 'adx': 99.65378376802622, 'volume_ratio': 1.3472648110015168, 'ma_separation_pct': 2.1350864497890303, 'rr_ratio': 1.45, 'adx_points': 40.0, 'volume_points': 5.208972165022753, 'ma_points': 20.0, 'rr_points': 2.25}, 'signal_row': {'open': 0.6885943298069807, 'high': 0.6891212883903497, 'low': 0.6870825367331427, 'close': 0.6876094953165117, 'volume': 1602.2359773977553, 'ma7': 0.6932683898765877, 'ma14': 0.6989497695355452, 'ma28': 0.7083931970377684, 'mavol_fast': 1260.9811785425993, 'mavol_slow': 1189.2509655965114, 'volume_ratio': 1.0603154548713014, 'volume_spike_ratio': 1.3472648110015168, 'rsi': 0.22877493601362175, 'di_plus': 0.028357434645336643, 'di_minus': 39.48732662108626, 'adx': 99.65378376802622, 'atr': 0.004030436365821776, 'atr_pct': 0.005861519355497754}, 'side': 'SHORT', 'risk_amount': 5.499088488782657, 'pretrade_exit_plan': {'stop_loss': 0.7084, 'take_profit': 0.6574, 'risk_distance': 0.02079050468348831, 'reward_distance': 0.030209495316511736, 'risk_reward': 1.4530429047498752}, 'entry_price_hint': 0.6876094953165117, 'create_bracket': True, 'leverage': 2.0, 'liquidation_price_estimate': 1.0279761954981852, 'portfolio_heat_after': 8.227878181825092, 'atr_pct': 0.005861519355497754}"
0c133e81-6ade-47f7-96ea-3624b85d5223,SAGAUSDT,Buy,63.7,1.0883,0.013864942000000003,maker,2025-01-07 22:00:00+00:00,True,0.0,7.886782464789924,"{'position_side': 'SHORT', 'risk_amount': 5.453302286252515, 'exit_plan': {'stop_loss': 1.2551, 'take_profit': 1.1503, 'risk_distance': 0.042770998323549136, 'reward_distance': 0.06202900167645087, 'risk_reward': 1.4502584486623622}, 'source_entry_order': 'fb4e585d-58e6-49e2-b08e-0276a4642512', 'exit_reason': 'take_profit_2'}"
6b8006ee-1311-477a-85f4-54785feb1359,BUSDT,Buy,132.1,0.6567,0.017350014,maker,2025-01-07 22:30:00+00:00,True,0.0,4.029461031578681,"{'position_side': 'SHORT', 'risk_amount': 5.571837573387143, 'exit_plan': {'stop_loss': 0.7084, 'take_profit': 0.6567, 'risk_distance': 0.021065548481614904, 'reward_distance': 0.030634451518385175, 'risk_reward': 1.4542441914162165}, 'source_entry_order': '9d27679f-ffb4-47b1-8538-8d85094f442f', 'exit_reason': 'take_profit_1'}"
778d9693-435b-4f5e-8cef-ac3d39412d17,BUSDT,Buy,132.4,0.70882504,0.05161663941280001,taker,2025-01-08 01:05:00+00:00,True,0.056275295999998365,-2.896970554378612,"{'position_side': 'SHORT', 'risk_amount': 5.571837573387143, 'exit_plan': {'stop_loss': 0.7084, 'take_profit': 0.6567, 'risk_distance': 0.021065548481614904, 'reward_distance': 0.030634451518385175, 'risk_reward': 1.4542441914162165}, 'source_entry_order': '9d27679f-ffb4-47b1-8538-8d85094f442f', 'exit_reason': 'stop_loss'}"
a59b6d6d-7eeb-481e-8164-acb93ba6d756,SAGAUSDT,Buy,0.09999999999999432,1.25585306,6.907191829999607e-05,taker,2025-01-08 05:20:00+00:00,True,7.530599999998183e-05,-0.004421477750654649,"{'position_side': 'SHORT', 'risk_amount': 5.453302286252515, 'exit_plan': {'stop_loss': 1.2551, 'take_profit': 1.1503, 'risk_distance': 0.042770998323549136, 'reward_distance': 0.06202900167645087, 'risk_reward': 1.4502584486623622}, 'source_entry_order': 'fb4e585d-58e6-49e2-b08e-0276a4642512', 'exit_reason': 'stop_loss'}"
24508c0b-4d68-4699-b836-db6790ba3a39,BUSDT,Buy,276.5,0.9044726686866228,0.13754768109051818,taker,2025-01-08 12:30:00+00:00,False,0.09999467928502503,0.0,"{'strategy': 'live_indicator_adapter', 'signal_reason': 'signal_confirmed', 'signal_details': {'ma7': 0.9007454693399638, 'ma14': 0.8977463945255026, 'ma28': 0.8916602460431021, 'mavol_fast': 2067.7595307656143, 'mavol_slow': 1948.9568014819097, 'volume': 2797.35528149001, 'volume_ratio': 1.0609570869879577, 'volume_spike_ratio': 1.4353090224283123, 'adx': 99.73595468548277, 'di_plus': 28.77230558709857, 'di_minus': 0.007242370437360313, 'close': 0.904111024276912, 'signal': 'LONG'}, 'htf_reason': 'htf_trend_confirmed', 'htf_details': {'ma7': 0.8455417514869924, 'ma14': 0.7841590718965766, 'ma28': 0.7827617561297436, 'adx': 31.155101800217317, 'di_plus': 56.11710539426008, 'di_minus': 25.60836425864082, 'open': 0.8878871359403939, 'close': 0.8972389325181516, 'trend': 'LONG'}, 'score_details': {'score': 58.968744178249736, 'adx': 99.73595468548277, 'volume_ratio': 1.4353090224283123, 'ma_separation_pct': 1.0189108841825056, 'rr_ratio': 1.45, 'adx_points': 40.0, 'volume_points': 6.529635336424684, 'ma_points': 10.189108841825057, 'rr_points': 2.25}, 'signal_row': {'open': 0.9031637018945824, 'high': 0.9066370551412332, 'low': 0.9006376710302613, 'close': 0.904111024276912, 'volume': 2797.35528149001, 'ma7': 0.9007454693399638, 'ma14': 0.8977463945255026, 'ma28': 0.8916602460431021, 'mavol_fast': 2067.7595307656143, 'mavol_slow': 1948.9568014819097, 'volume_ratio': 1.0609570869879577, 'volume_spike_ratio': 1.4353090224283123, 'rsi': 94.18425217369098, 'di_plus': 28.77230558709857, 'di_minus': 0.007242370437360313, 'adx': 99.73595468548277, 'atr': 0.004532739828207756, 'atr_pct': 0.005013477002819362}, 'side': 'LONG', 'risk_amount': 3.4592982125661917, 'pretrade_exit_plan': {'stop_loss': 0.8916, 'take_profit': 0.9223, 'risk_distance': 0.012511024276912086, 'reward_distance': 0.018188975723087975, 'risk_reward': 1.4538358587197382}, 'entry_price_hint': 0.904111024276912, 'create_bracket': True, 'leverage': 2.0, 'liquidation_price_estimate': 0.45657606725984057, 'portfolio_heat_after': 3.4592982125661917, 'atr_pct': 0.005013477002819362}"
73cc413b-e0a4-485e-938f-65191da94397,SAGAUSDT,Buy,170.9,1.4633888664826251,0.13755123650503437,taker,2025-01-08 12:50:00+00:00,False,0.09999726400712737,0.0,"{'strategy': 'live_indicator_adapter', 'signal_reason': 'signal_confirmed', 'signal_details': {'ma7': 1.4613401164348743, 'ma14': 1.456089790540949, 'ma28': 1.4410718230933866, 'mavol_fast': 2220.409072095877, 'mavol_slow': 2101.544117787214, 'volume': 2794.2227768770395, 'volume_ratio': 1.0565607703890698, 'volume_spike_ratio': 1.3296046241556756, 'adx': 98.24064606728989, 'di_plus': 24.217656661990752, 'di_minus': 2.6077317202135566, 'close': 1.4628037449846314, 'signal': 'LONG'}, 'htf_reason': 'htf_trend_confirmed', 'htf_details': {'ma7': 1.3605670814176702, 'ma14': 1.2627767049129406, 'ma28': 1.2539344061749738, 'adx': 31.472039022423843, 'di_plus': 57.56198941703539, 'di_minus': 22.63321744808034, 'open': 1.4246833059461763, 'close': 1.45290120088189, 'trend': 'LONG'}, 'score_details': {'score': 61.25880438572908, 'adx': 98.24064606728989, 'volume_ratio': 1.3296046241556756, 'ma_separation_pct': 1.4064735023393946, 'rr_ratio': 1.45, 'adx_points': 40.0, 'volume_points': 4.944069362335134, 'ma_points': 14.064735023393947, 'rr_points': 2.25}, 'signal_row': {'open': 1.461790216433298, 'high': 1.4683209494592304, 'low': 1.456273011958699, 'close': 1.4628037449846314, 'volume': 2794.2227768770395, 'ma7': 1.4613401164348743, 'ma14': 1.456089790540949, 'ma28': 1.4410718230933866, 'mavol_fast': 2220.409072095877, 'mavol_slow': 2101.544117787214, 'volume_ratio': 1.0565607703890698, 'volume_spike_ratio': 1.3296046241556756, 'rsi': 94.12024431441512, 'di_plus': 24.217656661990752, 'di_minus': 2.6077317202135566, 'adx': 98.24064606728989, 'atr': 0.00859369168665452, 'atr_pct': 0.005874808371334056}, 'side': 'LONG', 'risk_amount': 3.726260017873495, 'pretrade_exit_plan': {'stop_loss': 1.441, 'take_profit': 1.4945, 'risk_distance': 0.021803744984631335, 'reward_distance': 0.031696255015368546, 'risk_reward': 1.4537069222608354}, 'entry_price_hint': 1.4628037449846314, 'create_bracket': True, 'leverage': 2.0, 'liquidation_price_estimate': 0.7387158912172389, 'portfolio_heat_after': 7.2855529097247125, 'atr_pct': 0.005874808371334056}"
0084ede8-e53c-401e-8c7c-1e312459f1af,BUSDT,Sell,138.1,0.9232,0.025498784000000004,maker,2025-01-08 13:15:00+00:00,True,0.0,2.560745670377395,"{'position_side': 'LONG', 'risk_amount': 3.559292891851217, 'exit_plan': {'stop_loss': 0.8916, 'take_profit': 0.9232, 'risk_distance': 0.012872668686622846, 'reward_distance': 0.018727331313377227, 'risk_reward': 1.45481343218586}, 'source_entry_order': '24508c0b-4d68-4699-b836-db6790ba3a39', 'exit_reason': 'take_profit_1'}"
027710b2-3472-42b9-b8af-e61ed1c0f654,SAGAUSDT,Sell,85.4,1.4959,0.025549972000000004,maker,2025-01-08 14:05:00+00:00,True,0.0,2.750900830383816,"{'position_side': 'LONG', 'risk_amount': 3.8262572818806224, 'exit_plan': {'stop_loss': 1.441, 'take_profit': 1.4959, 'risk_distance': 0.02238886648262506, 'reward_distance': 0.03251113351737489, 'risk_reward': 1.4521116351560381}, 'source_entry_order': '73cc413b-e0a4-485e-938f-65191da94397', 'exit_reason': 'take_profit_1'}"
b9bef63f-d681-4045-9f4b-52e576ac6227,BUSDT,Sell,138.3,0.9419,0.026052954,maker,2025-01-08 14:35:00+00:00,True,0.0,5.1501469666400626,"{'position_side': 'LONG', 'risk_amount': 3.559292891851217, 'exit_plan': {'stop_loss': 0.8916, 'take_profit': 0.9232, 'risk_distance': 0.012872668686622846, 'reward_distance': 0.018727331313377227, 'risk_reward': 1.45481343218586}, 'source_entry_order': '24508c0b-4d68-4699-b836-db6790ba3a39', 'exit_reason': 'take_profit_2'}"
fb5e096e-e1f5-4df2-887c-33872c23e9a8,SAGAUSDT,Sell,85.5,1.5284,0.02613564,maker,2025-01-08 15:00:00+00:00,True,0.0,5.5323162757355515,"{'position_side': 'LONG', 'risk_amount': 3.8262572818806224, 'exit_plan': {'stop_loss': 1.441, 'take_profit': 1.4959, 'risk_distance': 0.02238886648262506, 'reward_distance': 0.03251113351737489, 'risk_reward': 1.4521116351560381}, 'source_entry_order': '73cc413b-e0a4-485e-938f-65191da94397', 'exit_reason': 'take_profit_2'}"
636ac08b-5a0b-4993-a6a3-bb0d786e1f68,SAGAUSDT,Buy,159.3,1.5268072087179247,0.13377121359182098,taker,2025-01-08 15:05:00+00:00,False,0.0972492556372332,0.0,"{'strategy': 'live_indicator_adapter', 'signal_reason': 'signal_confirmed', 'signal_details': {'ma7': 1.515934508664854, 'ma14': 1.5074087891662111, 'ma28': 1.4911940189660633, 'mavol_fast': 2272.203156216512, 'mavol_slow': 2131.1368506229037, 'volume': 2976.967471649051, 'volume_ratio': 1.0661929831265302, 'volume_spike_ratio': 1.3968917438497306, 'adx': 91.57420782086561, 'di_plus': 28.854783851204193, 'di_minus': 0.6190295067441062, 'close': 1.5261967300259145, 'signal': 'LONG'}, 'htf_reason': 'htf_trend_confirmed', 'htf_details': {'ma7': 1.4455194410671162, 'ma14': 1.3462411947620316, 'ma28': 1.2659853389359876, 'adx': 35.02344253958801, 'di_plus': 60.65037332243604, 'di_minus': 18.617560244917605, 'open': 1.489748775773014, 'close': 1.5200169298155897, 'trend': 'LONG'}, 'score_details': {'score': 64.79443633108592, 'adx': 91.57420782086561, 'volume_ratio': 1.3968917438497306, 'ma_separation_pct': 1.6591060173339964, 'rr_ratio': 1.45, 'adx_points': 40.0, 'volume_points': 5.953376157745959, 'ma_points': 16.591060173339965, 'rr_points': 2.25}, 'signal_row': {'open': 1.5200169298155897, 'high': 1.5293697459599362, 'low': 1.516843913881568, 'close': 1.5261967300259145, 'volume': 2976.967471649051, 'ma7': 1.515934508664854, 'ma14': 1.5074087891662111, 'ma28': 1.4911940189660633, 'mavol_fast': 2272.203156216512, 'mavol_slow': 2131.1368506229037, 'volume_ratio': 1.0661929831265302, 'volume_spike_ratio': 1.3968917438497306, 'rsi': 97.78828745686056, 'di_plus': 28.854783851204193, 'di_minus': 0.6190295067441062, 'adx': 91.57420782086561, 'atr': 0.009026143181653139, 'atr_pct': 0.005914141345002015}, 'side': 'LONG', 'risk_amount': 5.590909093128165, 'pretrade_exit_plan': {'stop_loss': 1.4911, 'take_profit': 1.5771, 'risk_distance': 0.0350967300259144, 'reward_distance': 0.05090326997408545, 'risk_reward': 1.4503707307347427}, 'entry_price_hint': 1.5261967300259145, 'create_bracket': True, 'leverage': 2.0, 'liquidation_price_estimate': 0.7707293486630868, 'portfolio_heat_after': 5.5921963599968265, 'atr_pct': 0.005914141345002015}"
a9c3a5e0-92ff-4b2d-9089-19c84a44019f,SAGAUSDT,Sell,79.5,1.5786,0.025099740000000002,maker,2025-01-08 16:05:00+00:00,True,0.0,4.092427166924983,"{'position_side': 'LONG', 'risk_amount': 5.6881583487653975, 'exit_plan': {'stop_loss': 1.4911, 'take_profit': 1.5786, 'risk_distance': 0.035707208717924654, 'reward_distance': 0.05179279128207526, 'risk_reward': 1.4504855781705448}, 'source_entry_order': '636ac08b-5a0b-4993-a6a3-bb0d786e1f68', 'exit_reason': 'take_profit_1'}"
5f8af2e9-7146-4184-866d-a941987def40,SAGAUSDT,Sell,79.7,1.6303,0.025986982000000002,maker,2025-01-08 17:25:00+00:00,True,0.0,8.222388483181405,"{'position_side': 'LONG', 'risk_amount': 5.6881583487653975, 'exit_plan': {'stop_loss': 1.4911, 'take_profit': 1.5786, 'risk_distance': 0.035707208717924654, 'reward_distance': 0.05179279128207526, 'risk_reward': 1.4504855781705448}, 'source_entry_order': '636ac08b-5a0b-4993-a6a3-bb0d786e1f68', 'exit_reason': 'take_profit_2'}"
24f9c132-36ab-4a5a-920c-98c89c9c3397,SAGAUSDT,Sell,0.10000000000000853,1.49020534,8.196129370000699e-05,taker,2025-01-09 01:50:00+00:00,True,8.946600000002343e-05,-0.0037421481654928007,"{'position_side': 'LONG', 'risk_amount': 5.6881583487653975, 'exit_plan': {'stop_loss': 1.4911, 'take_profit': 1.5786, 'risk_distance': 0.035707208717924654, 'reward_distance': 0.05179279128207526, 'risk_reward': 1.4504855781705448}, 'source_entry_order': '636ac08b-5a0b-4993-a6a3-bb0d786e1f68', 'exit_reason': 'stop_loss'}"
cf186a6c-f282-462b-9741-4891f27b2cbd,BUSDT,Sell,0.09999999999999432,0.8910650399999999,4.900857719999721e-05,taker,2025-01-09 02:45:00+00:00,True,5.3496000000005385e-05,-0.0013897714458622138,"{'position_side': 'LONG', 'risk_amount': 3.559292891851217, 'exit_plan': {'stop_loss': 0.8916, 'take_profit': 0.9232, 'risk_distance': 0.012872668686622846, 'reward_distance': 0.018727331313377227, 'risk_reward': 1.45481343218586}, 'source_entry_order': '24508c0b-4d68-4699-b836-db6790ba3a39', 'exit_reason': 'stop_loss'}"
bdcbe54d-fc69-4588-b966-2c2c51703d96,BUSDT,Sell,84.3,0.7666704504329458,0.035546675434323535,taker,2025-01-09 10:05:00+00:00,False,0.025862472577625594,0.0,"{'strategy': 'live_indicator_adapter', 'signal_reason': 'signal_confirmed', 'signal_details': {'ma7': 0.772286894418162, 'ma14': 0.7788718245442626, 'ma28': 0.7887333350493584, 'mavol_fast': 1631.5815679155526, 'mavol_slow': 1378.5837707808253, 'volume': 3405.504380918496, 'volume_ratio': 1.183520075092303, 'volume_spike_ratio': 2.470291942425544, 'adx': 99.94384077244835, 'di_plus': 0.0010498477337820254, 'di_minus': 32.92039549600453, 'close': 0.7669772413294775, 'signal': 'SHORT'}, 'htf_reason': 'htf_trend_confirmed', 'htf_details': {'ma7': 0.8201289504980785, 'ma14': 0.8822985122024615, 'ma28': 0.9050605253508305, 'adx': 31.069565317004013, 'di_plus': 23.3317763881391, 'di_minus': 55.59492222243378, 'open': 0.7906952709877872, 'close': 0.769060893983378, 'trend': 'SHORT'}, 'score_details': {'score': 84.30437913638316, 'adx': 99.94384077244835, 'volume_ratio': 2.470291942425544, 'ma_separation_pct': 2.085171236000463, 'rr_ratio': 1.45, 'adx_points': 40.0, 'volume_points': 22.054379136383158, 'ma_points': 20.0, 'rr_points': 2.25}, 'signal_row': {'open': 0.769060893983378, 'high': 0.7704486389768649, 'low': 0.7655894963359906, 'close': 0.7669772413294775, 'volume': 3405.504380918496, 'ma7': 0.772286894418162, 'ma14': 0.7788718245442626, 'ma28': 0.7887333350493584, 'mavol_fast': 1631.5815679155526, 'mavol_slow': 1378.5837707808253, 'volume_ratio': 1.183520075092303, 'volume_spike_ratio': 2.470291942425544, 'rsi': 0.7016040544674809, 'di_plus': 0.0010498477337820254, 'di_minus': 32.92039549600453, 'adx': 99.94384077244835, 'atr': 0.005013509501522385, 'atr_pct': 0.0065367122143441606}, 'side': 'SHORT', 'risk_amount': 5.654276771532357, 'pretrade_exit_plan': {'stop_loss': 0.7888, 'take_profit': 0.7353, 'risk_distance': 0.021822758670522413, 'reward_distance': 0.03167724132947758, 'risk_reward': 1.4515690618100603}, 'entry_price_hint': 0.7669772413294775, 'create_bracket': True, 'leverage': 2.0, 'liquidation_price_estimate': 1.146630975787569, 'portfolio_heat_after': 5.654276771532357, 'atr_pct': 0.0065367122143441606}"
943d1035-b8c8-4457-b3c6-1762bfc36e6d,SAGAUSDT,Sell,133.1,1.2171703383030825,0.08910295461547715,taker,2025-01-09 10:10:00+00:00,False,0.06482808004326608,0.0,"{'strategy': 'live_indicator_adapter', 'signal_reason': 'signal_confirmed', 'signal_details': {'ma7': 1.2288618884368556, 'ma14': 1.2392681126363736, 'ma28': 1.260075463979528, 'mavol_fast': 1355.8116752913459, 'mavol_slow': 1242.9630723643722, 'volume': 2473.38077459442, 'volume_ratio': 1.0907899884043315, 'volume_spike_ratio': 1.9899068842725467, 'adx': 99.81662478516328, 'di_plus': 0.009105647356940725, 'di_minus': 35.435980541250125, 'close': 1.217657401263588, 'signal': 'SHORT'}, 'htf_reason': 'htf_trend_confirmed', 'htf_details': {'ma7': 1.3136637050605724, 'ma14': 1.4260872674058465, 'ma28': 1.45945380728083, 'adx': 33.53419193421139, 'di_plus': 22.759647451603776, 'di_minus': 56.969653249021, 'open': 1.262697843064541, 'close': 1.2258892182074344, 'trend': 'SHORT'}, 'score_details': {'score': 77.0986032640882, 'adx': 99.81662478516328, 'volume_ratio': 1.9899068842725467, 'ma_separation_pct': 2.477119540451544, 'rr_ratio': 1.45, 'adx_points': 40.0, 'volume_points': 14.8486032640882, 'ma_points': 20.0, 'rr_points': 2.25}, 'signal_row': {'open': 1.221883934717531, 'high': 1.224419638901003, 'low': 1.2151216970801162, 'close': 1.217657401263588, 'volume': 2473.38077459442, 'ma7': 1.2288618884368556, 'ma14': 1.2392681126363736, 'ma28': 1.260075463979528, 'mavol_fast': 1355.8116752913459, 'mavol_slow': 1242.9630723643722, 'volume_ratio': 1.0907899884043315, 'volume_spike_ratio': 1.9899068842725467, 'rsi': 0.12056297373452196, 'di_plus': 0.009105647356940725, 'di_minus': 35.435980541250125, 'adx': 99.81662478516328, 'atr': 0.008630726190585455, 'atr_pct': 0.007087975798142544}, 'side': 'SHORT', 'risk_amount': 5.653354151690091, 'pretrade_exit_plan': {'stop_loss': 1.2601, 'take_profit': 1.1561, 'risk_distance': 0.042442598736412096, 'reward_distance': 0.061557401263587996, 'risk_reward': 1.4503683350279173}, 'entry_price_hint': 1.217657401263588, 'create_bracket': True, 'leverage': 2.0, 'liquidation_price_estimate': 1.820397814889064, 'portfolio_heat_after': 7.518875180192756, 'atr_pct': 0.007087975798142544}"
bdcbe54d-fc69-4588-b966-2c2c51703d96,BUSDT,Sell,174.8,0.7637612316447081,0.07342800481032224,taker,2025-01-09 10:10:00+00:00,False,0.05342355473849141,0.0,"{'strategy': 'live_indicator_adapter', 'signal_reason': 'signal_confirmed', 'signal_details': {'ma7': 0.772286894418162, 'ma14': 0.7788718245442626, 'ma28': 0.7887333350493584, 'mavol_fast': 1631.5815679155526, 'mavol_slow': 1378.5837707808253, 'volume': 3405.504380918496, 'volume_ratio': 1.183520075092303, 'volume_spike_ratio': 2.470291942425544, 'adx': 99.94384077244835, 'di_plus': 0.0010498477337820254, 'di_minus': 32.92039549600453, 'close': 0.7669772413294775, 'signal': 'SHORT'}, 'htf_reason': 'htf_trend_confirmed', 'htf_details': {'ma7': 0.8201289504980785, 'ma14': 0.8822985122024615, 'ma28': 0.9050605253508305, 'adx': 31.069565317004013, 'di_plus': 23.3317763881391, 'di_minus': 55.59492222243378, 'open': 0.7906952709877872, 'close': 0.769060893983378, 'trend': 'SHORT'}, 'score_details': {'score': 84.30437913638316, 'adx': 99.94384077244835, 'volume_ratio': 2.470291942425544, 'ma_separation_pct': 2.085171236000463, 'rr_ratio': 1.45, 'adx_points': 40.0, 'volume_points': 22.054379136383158, 'ma_points': 20.0, 'rr_points': 2.25}, 'signal_row': {'open': 0.769060893983378, 'high': 0.7704486389768649, 'low': 0.7655894963359906, 'close': 0.7669772413294775, 'volume': 3405.504380918496, 'ma7': 0.772286894418162, 'ma14': 0.7788718245442626, 'ma28': 0.7887333350493584, 'mavol_fast': 1631.5815679155526, 'mavol_slow': 1378.5837707808253, 'volume_ratio': 1.183520075092303, 'volume_spike_ratio': 2.470291942425544, 'rsi': 0.7016040544674809, 'di_plus': 0.0010498477337820254, 'di_minus': 32.92039549600453, 'adx': 99.94384077244835, 'atr': 0.005013509501522385, 'atr_pct': 0.0065367122143441606}, 'side': 'SHORT', 'risk_amount': 5.654276771532357, 'pretrade_exit_plan': {'stop_loss': 0.7888, 'take_profit': 0.7353, 'risk_distance': 0.021822758670522413, 'reward_distance': 0.03167724132947758, 'risk_reward': 1.4515690618100603}, 'entry_price_hint': 0.7669772413294775, 'create_bracket': True, 'leverage': 2.0, 'liquidation_price_estimate': 1.146630975787569, 'portfolio_heat_after': 5.654276771532357, 'atr_pct': 0.0065367122143441606}"
e2ff0bf2-2a9b-47a0-9448-35f3a1740852,BUSDT,Buy,42.1,0.7345,0.006184490000000001,maker,2025-01-09 11:20:00+00:00,True,0.0,1.2655624736124087,"{'position_side': 'SHORT', 'risk_amount': 1.8655210285026649, 'exit_plan': {'stop_loss': 0.7888, 'take_profit': 0.7345, 'risk_distance': 0.022129549567054152, 'reward_distance': 0.03217045043294575, 'risk_reward': 1.453732726708555}, 'source_entry_order': 'bdcbe54d-fc69-4588-b966-2c2c51703d96', 'exit_reason': 'take_profit_1'}"
33922fbe-912f-43de-8f1d-ab62a499570a,BUSDT,Buy,87.4,0.7274,0.012714952000000002,maker,2025-01-09 11:45:00+00:00,True,0.0,3.247983827565903,"{'position_side': 'SHORT', 'risk_amount': 4.376776708505014, 'exit_plan': {'stop_loss': 0.7888, 'take_profit': 0.7274, 'risk_distance': 0.02503876835529184, 'reward_distance': 0.03636123164470806, 'risk_reward': 1.4521972937627845}, 'source_entry_order': 'bdcbe54d-fc69-4588-b966-2c2c51703d96', 'exit_reason': 'take_profit_1'}"
8d3635ec-446f-454e-af6f-55746ca61924,SAGAUSDT,Buy,66.5,1.1549,0.01536017,maker,2025-01-09 12:00:00+00:00,True,0.0,4.125617327154985,"{'position_side': 'SHORT', 'risk_amount': 5.713937971859716, 'exit_plan': {'stop_loss': 1.2601, 'take_profit': 1.1549, 'risk_distance': 0.042929661696917476, 'reward_distance': 0.062270338303082484, 'risk_reward': 1.4505201262173875}, 'source_entry_order': '943d1035-b8c8-4457-b3c6-1762bfc36e6d', 'exit_reason': 'take_profit_1'}"
7393ecc9-4bfe-470a-b22f-fdb87d31b9ac,BUSDT,Buy,42.1,0.7024,0.005914208000000001,maker,2025-01-09 14:30:00+00:00,True,0.0,2.6172427556124096,"{'position_side': 'SHORT', 'risk_amount': 1.8655210285026649, 'exit_plan': {'stop_loss': 0.7888, 'take_profit': 0.7345, 'risk_distance': 0.022129549567054152, 'reward_distance': 0.03217045043294575, 'risk_reward': 1.453732726708555}, 'source_entry_order': 'bdcbe54d-fc69-4588-b966-2c2c51703d96', 'exit_reason': 'take_profit_2'}"
de70decd-6d5a-4f7f-abe5-39c49e50151d,SAGAUSDT,Buy,66.5,1.0927,0.014532910000000001,maker,2025-01-09 15:10:00+00:00,True,0.0,8.262744587154987,"{'position_side': 'SHORT', 'risk_amount': 5.713937971859716, 'exit_plan': {'stop_loss': 1.2601, 'take_profit': 1.1549, 'risk_distance': 0.042929661696917476, 'reward_distance': 0.062270338303082484, 'risk_reward': 1.4505201262173875}, 'source_entry_order': '943d1035-b8c8-4457-b3c6-1762bfc36e6d', 'exit_reason': 'take_profit_2'}"
64bc32fb-3558-4d97-9494-79e69d869322,BUSDT,Buy,87.4,0.6911,0.012080428000000002,maker,2025-01-09 15:30:00+00:00,True,0.0,6.421238351565903,"{'position_side': 'SHORT', 'risk_amount': 4.376776708505014, 'exit_plan': {'stop_loss': 0.7888, 'take_profit': 0.7274, 'risk_distance': 0.02503876835529184, 'reward_distance': 0.03636123164470806, 'risk_reward': 1.4521972937627845}, 'source_entry_order': 'bdcbe54d-fc69-4588-b966-2c2c51703d96', 'exit_reason': 'take_profit_2'}"
593a413a-96d8-4c04-8425-13c942d42fe8,SAGAUSDT,Buy,0.09999999999999432,1.2608560599999998,6.934708329999606e-05,taker,2025-01-09 22:15:00+00:00,True,7.560599999997933e-05,-0.00443791925299148,"{'position_side': 'SHORT', 'risk_amount': 5.713937971859716, 'exit_plan': {'stop_loss': 1.2601, 'take_profit': 1.1549, 'risk_distance': 0.042929661696917476, 'reward_distance': 0.062270338303082484, 'risk_reward': 1.4505201262173875}, 'source_entry_order': '943d1035-b8c8-4457-b3c6-1762bfc36e6d', 'exit_reason': 'stop_loss'}"
071dbb4c-bd70-4034-8d1a-4337c0b4127b,BUSDT,Buy,0.10000000000002274,0.7892732799999999,4.341003040000987e-05,taker,2025-01-09 23:35:00+00:00,True,4.732800000000169e-05,-0.0024999613947416215,"{'position_side': 'SHORT', 'risk_amount': 1.8655210285026649, 'exit_plan': {'stop_loss': 0.7888, 'take_profit': 0.7345, 'risk_distance': 0.022129549567054152, 'reward_distance': 0.03217045043294575, 'risk_reward': 1.453732726708555}, 'source_entry_order': 'bdcbe54d-fc69-4588-b966-2c2c51703d96', 'exit_reason': 'stop_loss'}"
0ef6c6a5-9dfe-4551-95a0-a61ba025451a,BUSDT,Buy,222.6,0.9145295236969399,0.11196584958621635,taker,2025-01-10 06:25:00+00:00,False,0.08139714992999895,0.0,"{'strategy': 'live_indicator_adapter', 'signal_reason': 'signal_confirmed', 'signal_details': {'ma7': 0.908563095897967, 'ma14': 0.9017121563267647, 'ma28': 0.8882628174715548, 'mavol_fast': 2206.5779965176107, 'mavol_slow': 2097.5820422361926, 'volume': 2609.4260718612363, 'volume_ratio': 1.0519626656248542, 'volume_spike_ratio': 1.2440162145359408, 'adx': 98.8824332065586, 'di_plus': 33.16050273857439, 'di_minus': 0.026939136563708114, 'close': 0.9141638581536784, 'signal': 'LONG'}, 'htf_reason': 'htf_trend_confirmed', 'htf_details': {'ma7': 0.840513572938397, 'ma14': 0.7831371039650298, 'ma28': 0.7811211879189349, 'adx': 30.89444068082853, 'di_plus': 57.892026554138766, 'di_minus': 22.805219403183386, 'open': 0.8812400872210012, 'close': 0.9038622376617398, 'trend': 'LONG'}, 'score_details': {'score': 65.91024321803911, 'adx': 98.8824332065586, 'volume_ratio': 1.2440162145359408, 'ma_separation_pct': 2.285390993196935, 'rr_ratio': 1.45, 'adx_points': 40.0, 'volume_points': 3.660243218039112, 'ma_points': 20.0, 'rr_points': 2.25}, 'signal_row': {'open': 0.913432723797734, 'high': 0.917767523026932, 'low': 0.9098290589244804, 'close': 0.9141638581536784, 'volume': 2609.4260718612363, 'ma7': 0.908563095897967, 'ma14': 0.9017121563267647, 'ma28': 0.8882628174715548, 'mavol_fast': 2206.5779965176107, 'mavol_slow': 2097.5820422361926, 'volume_ratio': 1.0519626656248542, 'volume_spike_ratio': 1.2440162145359408, 'rsi': 99.78734495068618, 'di_plus': 33.16050273857439, 'di_minus': 0.026939136563708114, 'adx': 98.8824332065586, 'atr': 0.006329847812837322, 'atr_pct': 0.006924193902854146}, 'side': 'LONG', 'risk_amount': 5.782151210824182, 'pretrade_exit_plan': {'stop_loss': 0.8882, 'take_profit': 0.9519, 'risk_distance': 0.02596385815367841, 'reward_distance': 0.03773614184632157, 'risk_reward': 1.453410414698916}, 'entry_price_hint': 0.9141638581536784, 'create_bracket': True, 'leverage': 2.0, 'liquidation_price_estimate': 0.4616527483676076, 'portfolio_heat_after': 5.782151210824182, 'atr_pct': 0.006924193902854146}"
edf77455-d504-4587-a12b-1a3f4155bdc8,SAGAUSDT,Buy,164.0,1.5245284125729517,0.13751246281408025,taker,2025-01-10 07:20:00+00:00,False,0.09996907623429596,0.0,"{'strategy': 'live_indicator_adapter', 'signal_reason': 'signal_confirmed', 'signal_details': {'ma7': 1.517382999793105, 'ma14': 1.510264644979803, 'ma28': 1.4886385767490469, 'mavol_fast': 2423.106859526328, 'mavol_slow': 2170.67038173547, 'volume': 5255.102767057967, 'volume_ratio': 1.1162942471205752, 'volume_spike_ratio': 2.4209584335215677, 'adx': 99.5702756811263, 'di_plus': 28.866790402910432, 'di_minus': 0.012067295635679095, 'close': 1.5239188450349377, 'signal': 'LONG'}, 'htf_reason': 'htf_trend_confirmed', 'htf_details': {'ma7': 1.4091817741659458, 'ma14': 1.3073573587885445, 'ma28': 1.262679963174947, 'adx': 33.55751811169726, 'di_plus': 60.01735329434283, 'di_minus': 20.679655722704318, 'open': 1.4830573355332894, 'close': 1.514776445955217, 'trend': 'LONG'}, 'score_details': {'score': 82.87357854354411, 'adx': 99.5702756811263, 'volume_ratio': 2.4209584335215677, 'ma_separation_pct': 1.93092020407206, 'rr_ratio': 1.45, 'adx_points': 40.0, 'volume_points': 21.314376502823514, 'ma_points': 19.3092020407206, 'rr_points': 2.25}, 'signal_row': {'open': 1.522034708503991, 'high': 1.5255692236348826, 'low': 1.520384329904046, 'close': 1.5239188450349377, 'volume': 5255.102767057967, 'ma7': 1.517382999793105, 'ma14': 1.510264644979803, 'ma28': 1.4886385767490469, 'mavol_fast': 2423.106859526328, 'mavol_slow': 2170.67038173547, 'volume_ratio': 1.1162942471205752, 'volume_spike_ratio': 2.4209584335215677, 'rsi': 99.68733211577303, 'di_plus': 28.866790402910432, 'di_minus': 0.012067295635679095, 'adx': 99.5702756811263, 'atr': 0.00889463154587985, 'atr_pct': 0.005836683216340126}, 'side': 'LONG', 'risk_amount': 5.792290585729793, 'pretrade_exit_plan': {'stop_loss': 1.4886, 'take_profit': 1.5752, 'risk_distance': 0.03531884503493776, 'reward_distance': 0.05128115496506225, 'risk_reward': 1.451948808471353}, 'entry_price_hint': 1.5239188450349377, 'create_bracket': True, 'leverage': 2.0, 'liquidation_price_estimate': 0.7695790167426435, 'portfolio_heat_after': 11.653242560668605, 'atr_pct': 0.005836683216340126}"
14c0042a-185d-473f-a968-c9a717716975,BUSDT,Sell,111.3,0.9528,0.021209328,maker,2025-01-10 08:30:00+00:00,True,0.0,4.238294684530592,"{'position_side': 'LONG', 'risk_amount': 5.860951974938812, 'exit_plan': {'stop_loss': 0.8882, 'take_profit': 0.9528, 'risk_distance': 0.02632952369693986, 'reward_distance': 0.03827047630306013, 'risk_reward': 1.453519506982502}, 'source_entry_order': '0ef6c6a5-9dfe-4551-95a0-a61ba025451a', 'exit_reason': 'take_profit_1'}"
785bbc6a-33de-4d63-9baf-ea81ea27307e,SAGAUSDT,Sell,82.0,1.5767,0.02585788,maker,2025-01-10 09:35:00+00:00,True,0.0,4.252212289017961,"{'position_side': 'LONG', 'risk_amount': 5.892259661964089, 'exit_plan': {'stop_loss': 1.4886, 'take_profit': 1.5767, 'risk_distance': 0.03592841257295176, 'reward_distance': 0.052171587427048305, 'risk_reward': 1.4520983169271722}, 'source_entry_order': 'edf77455-d504-4587-a12b-1a3f4155bdc8', 'exit_reason': 'take_profit_1'}"
412c65c7-9fb2-46c5-a3f5-06427dcbc6d3,BUSDT,Sell,57.2,0.991,0.011337040000000001,maker,2025-01-10 10:25:00+00:00,True,0.0,4.36277420453504,"{'position_side': 'LONG', 'risk_amount': 5.860951974938812, 'exit_plan': {'stop_loss': 0.8882, 'take_profit': 0.9528, 'risk_distance': 0.02632952369693986, 'reward_distance': 0.03827047630306013, 'risk_reward': 1.453519506982502}, 'source_entry_order': '0ef6c6a5-9dfe-4551-95a0-a61ba025451a', 'exit_reason': 'take_profit_2'}"
412c65c7-9fb2-46c5-a3f5-06427dcbc6d3,BUSDT,Sell,54.099999999999994,0.991,0.01072262,maker,2025-01-10 10:40:00+00:00,True,0.0,4.126330147995553,"{'position_side': 'LONG', 'risk_amount': 5.860951974938812, 'exit_plan': {'stop_loss': 0.8882, 'take_profit': 0.9528, 'risk_distance': 0.02632952369693986, 'reward_distance': 0.03827047630306013, 'risk_reward': 1.453519506982502}, 'source_entry_order': '0ef6c6a5-9dfe-4551-95a0-a61ba025451a', 'exit_reason': 'take_profit_2'}"
1596221c-9665-4b0c-a587-3f64dc03f99b,SAGAUSDT,Sell,82.0,1.6288,0.02671232,maker,2025-01-10 11:00:00+00:00,True,0.0,8.523557849017964,"{'position_side': 'LONG', 'risk_amount': 5.892259661964089, 'exit_plan': {'stop_loss': 1.4886, 'take_profit': 1.5767, 'risk_distance': 0.03592841257295176, 'reward_distance': 0.052171587427048305, 'risk_reward': 1.4520983169271722}, 'source_entry_order': 'edf77455-d504-4587-a12b-1a3f4155bdc8', 'exit_reason': 'take_profit_2'}"
d273305e-8491-401d-bfba-b4c7600bc9a0,SAGAUSDT,Buy,104.2,1.6975803543915289,0.09728833011017853,taker,2025-01-10 12:30:00+00:00,False,0.0707268584276675,0.0,"{'strategy': 'live_indicator_adapter', 'signal_reason': 'signal_confirmed', 'signal_details': {'ma7': 1.6819955030682603, 'ma14': 1.6662485627065764, 'ma28': 1.6402507113709321, 'mavol_fast': 1280.7538821655965, 'mavol_slow': 1200.1828297605766, 'volume': 2199.1608572362807, 'volume_ratio': 1.067132315516539, 'volume_spike_ratio': 1.8323548735278852, 'adx': 98.92725196544964, 'di_plus': 32.40763615569965, 'di_minus': 0.025004370967998672, 'close': 1.6969015937540273, 'signal': 'LONG'}, 'htf_reason': 'htf_trend_confirmed', 'htf_details': {'ma7': 1.5666119002831107, 'ma14': 1.4580978074973943, 'ma28': 1.3077296291157054, 'adx': 41.298258889577376, 'di_plus': 68.25631214074016, 'di_minus': 14.089552988366288, 'open': 1.6224799871442783, 'close': 1.6690210224215578, 'trend': 'LONG'}, 'score_details': {'score': 74.73532310291827, 'adx': 98.92725196544964, 'volume_ratio': 1.8323548735278852, 'ma_separation_pct': 2.545025062811134, 'rr_ratio': 1.45, 'adx_points': 40.0, 'volume_points': 12.485323102918278, 'ma_points': 20.0, 'rr_points': 2.25}, 'signal_row': {'open': 1.691582309881183, 'high': 1.701886967232996, 'low': 1.6865969364022144, 'close': 1.6969015937540273, 'volume': 2199.1608572362807, 'ma7': 1.6819955030682603, 'ma14': 1.6662485627065764, 'ma28': 1.6402507113709321, 'mavol_fast': 1280.7538821655965, 'mavol_slow': 1200.1828297605766, 'volume_ratio': 1.067132315516539, 'volume_spike_ratio': 1.8323548735278852, 'rsi': 99.88694807035246, 'di_plus': 32.40763615569965, 'di_minus': 0.025004370967998672, 'adx': 98.92725196544964, 'atr': 0.012615123373231512, 'atr_pct': 0.00743421033940058}, 'side': 'LONG', 'risk_amount': 5.908306069169631, 'pretrade_exit_plan': {'stop_loss': 1.6402, 'take_profit': 1.7792, 'risk_distance': 0.05670159375402717, 'reward_distance': 0.08229840624597262, 'risk_reward': 1.4514302120498592}, 'entry_price_hint': 1.6969015937540273, 'create_bracket': True, 'leverage': 2.0, 'liquidation_price_estimate': 0.8569353048457837, 'portfolio_heat_after': 5.908306069169631, 'atr_pct': 0.00743421033940058}"
24ca610e-3c88-46f2-bbd8-bba909e8b86a,BUSDT,Buy,144.5,1.0598674799363532,0.08423296796794168,taker,2025-01-10 12:30:00+00:00,False,0.061235846001913674,0.0,"{'strategy': 'live_indicator_adapter', 'signal_reason': 'signal_confirmed', 'signal_details': {'ma7': 1.0494753148745992, 'ma14': 1.0385768270367346, 'ma28': 1.0186484648987266, 'mavol_fast': 1160.4797484388832, 'mavol_slow': 1076.4639095498178, 'volume': 2418.5315725860314, 'volume_ratio': 1.0780479848360185, 'volume_spike_ratio': 2.2467372581004343, 'adx': 99.99083335427432, 'di_plus': 40.479760932826366, 'di_minus': 0.00010790372538837786, 'close': 1.0594437024553711, 'signal': 'LONG'}, 'htf_reason': 'htf_trend_confirmed', 'htf_details': {'ma7': 0.9659190064250608, 'ma14': 0.8942145041438759, 'ma28': 0.8091594807133732, 'adx': 40.85408278217043, 'di_plus': 67.88592770429328, 'di_minus': 12.999937310689612, 'open': 1.0051888716520962, 'close': 1.039118970601292, 'trend': 'LONG'}, 'score_details': {'score': 80.95105887150652, 'adx': 99.99083335427432, 'volume_ratio': 2.2467372581004343, 'ma_separation_pct': 3.0262500792103366, 'rr_ratio': 1.45, 'adx_points': 40.0, 'volume_points': 18.701058871506515, 'ma_points': 20.0, 'rr_points': 2.25}, 'signal_row': {'open': 1.0569068243250055, 'high': 1.061452966052124, 'low': 1.0548975607282531, 'close': 1.0594437024553711, 'volume': 2418.5315725860314, 'ma7': 1.0494753148745992, 'ma14': 1.0385768270367346, 'ma28': 1.0186484648987266, 'mavol_fast': 1160.4797484388832, 'mavol_slow': 1076.4639095498178, 'volume_ratio': 1.0780479848360185, 'volume_spike_ratio': 2.2467372581004343, 'rsi': 99.57174106510958, 'di_plus': 40.479760932826366, 'di_minus': 0.00010790372538837786, 'adx': 99.99083335427432, 'atr': 0.00706738280052091, 'atr_pct': 0.006670843183211636}, 'side': 'LONG', 'risk_amount': 5.905999375046671, 'pretrade_exit_plan': {'stop_loss': 1.0186, 'take_profit': 1.1187, 'risk_distance': 0.04084370245537117, 'reward_distance': 0.05925629754462891, 'risk_reward': 1.4508062193768232}, 'entry_price_hint': 1.0594437024553711, 'create_bracket': True, 'leverage': 2.0, 'liquidation_price_estimate': 0.5350190697399624, 'portfolio_heat_after': 5.905999375046671, 'atr_pct': 0.006670843183211636}"
9c4f4ab7-1ae4-4098-855a-d7807694c437,SAGAUSDT,Sell,104.2,1.63921588,0.09394346208280001,taker,2025-01-10 15:00:00+00:00,True,0.10254530400000342,-6.175521693680102,"{'position_side': 'LONG', 'risk_amount': 5.979032927597299, 'exit_plan': {'stop_loss': 1.6402, 'take_profit': 1.7808, 'risk_distance': 0.057380354391528776, 'reward_distance': 0.08321964560847106, 'risk_reward': 1.4503159921360997}, 'source_entry_order': 'd273305e-8491-401d-bfba-b4c7600bc9a0', 'exit_reason': 'stop_loss'}"
7217c043-f61f-4a24-9454-7c2319b96b6e,BUSDT,Sell,144.5,1.01798884,0.080904663059,taker,2025-01-10 15:20:00+00:00,True,0.08831262000000795,-6.132368133862055,"{'position_side': 'LONG', 'risk_amount': 5.963150850803047, 'exit_plan': {'stop_loss': 1.0186, 'take_profit': 1.1198, 'risk_distance': 0.04126747993635327, 'reward_distance': 0.05993252006364669, 'risk_reward': 1.4522941588892868}, 'source_entry_order': '24ca610e-3c88-46f2-bbd8-bba909e8b86a', 'exit_reason': 'stop_loss'}"
ff82756c-2ea4-4fd8-88f7-1d676cc46e7e,BUSDT,Sell,323.3,0.7725465401546464,0.13737036303759848,taker,2025-01-11 04:25:00+00:00,False,0.09994569685151254,0.0,"{'strategy': 'live_indicator_adapter', 'signal_reason': 'signal_confirmed', 'signal_details': {'ma7': 0.7763966340369566, 'ma14': 0.7804429686331529, 'ma28': 0.7886063025184459, 'mavol_fast': 1269.5240537515033, 'mavol_slow': 1181.0297476588885, 'volume': 2909.5108620299598, 'volume_ratio': 1.0749297858652873, 'volume_spike_ratio': 2.46353732223712, 'adx': 98.56581322748173, 'di_plus': 0.07089626523684614, 'di_minus': 26.39651800307276, 'close': 0.7728556824276174, 'signal': 'SHORT'}, 'htf_reason': 'htf_trend_confirmed', 'htf_details': {'ma7': 0.8239011210960828, 'ma14': 0.8952019653227669, 'ma28': 0.9146380955090037, 'adx': 32.50491165563511, 'di_plus': 23.9806014011901, 'di_minus': 54.549816971001675, 'open': 0.7943896458128544, 'close': 0.7786208210161178, 'trend': 'SHORT'}, 'score_details': {'score': 79.68565037651499, 'adx': 98.56581322748173, 'volume_ratio': 2.46353732223712, 'ma_separation_pct': 1.548259054295817, 'rr_ratio': 1.45, 'adx_points': 40.0, 'volume_points': 21.953059833556804, 'ma_points': 15.482590542958171, 'rr_points': 2.25}, 'signal_row': {'open': 0.7735038040790196, 'high': 0.7753232809819427, 'low': 0.7710362055246943, 'close': 0.7728556824276174, 'volume': 2909.5108620299598, 'ma7': 0.7763966340369566, 'ma14': 0.7804429686331529, 'ma28': 0.7886063025184459, 'mavol_fast': 1269.5240537515033, 'mavol_slow': 1181.0297476588885, 'volume_ratio': 1.0749297858652873, 'volume_spike_ratio': 2.46353732223712, 'rsi': 1.5548161786574894, 'di_plus': 0.07089626523684614, 'di_minus': 26.39651800307276, 'adx': 98.56581322748173, 'atr': 0.0047354731001615635, 'atr_pct': 0.006127241097958893}, 'side': 'SHORT', 'risk_amount': 5.1240523029085265, 'pretrade_exit_plan': {'stop_loss': 0.7887, 'take_profit': 0.7498, 'risk_distance': 0.015844317572382582, 'reward_distance': 0.023055682427617352, 'risk_reward': 1.4551388737502036}, 'entry_price_hint': 0.7728556824276174, 'create_bracket': True, 'leverage': 2.0, 'liquidation_price_estimate': 1.155419245229288, 'portfolio_heat_after': 5.1240523029085265, 'atr_pct': 0.006127241097958893}"
2779639e-f48a-4daa-94ea-179d4b6ba9ea,SAGAUSDT,Sell,201.8,1.2381839435159563,0.137426035890836,taker,2025-01-11 04:30:00+00:00,False,0.09998620240155374,0.0,"{'strategy': 'live_indicator_adapter', 'signal_reason': 'signal_confirmed', 'signal_details': {'ma7': 1.2469159028426808, 'ma14': 1.2537819054590587, 'ma28': 1.260994571903773, 'mavol_fast': 1479.4050302251026, 'mavol_slow': 1336.4027555866035, 'volume': 2202.1191064567365, 'volume_ratio': 1.107005372475253, 'volume_spike_ratio': 1.6477959935739086, 'adx': 99.99607613051212, 'di_plus': 4.956935687542322e-05, 'di_minus': 21.944815673763475, 'close': 1.238679415282069, 'signal': 'SHORT'}, 'htf_reason': 'htf_trend_confirmed', 'htf_details': {'ma7': 1.310599179482058, 'ma14': 1.4195900785514888, 'ma28': 1.4685108070815283, 'adx': 32.10679133216202, 'di_plus': 23.966981904345324, 'di_minus': 54.06768829646132, 'open': 1.264717142893165, 'close': 1.2541408739273956, 'trend': 'SHORT'}, 'score_details': {'score': 63.131673975252575, 'adx': 99.99607613051212, 'volume_ratio': 1.6477959935739086, 'ma_separation_pct': 1.1164734071643942, 'rr_ratio': 1.45, 'adx_points': 40.0, 'volume_points': 9.71693990360863, 'ma_points': 11.16473407164394, 'rr_points': 2.25}, 'signal_row': {'open': 1.242449951466751, 'high': 1.2440729721442152, 'low': 1.237056394604605, 'close': 1.238679415282069, 'volume': 2202.1191064567365, 'ma7': 1.2469159028426808, 'ma14': 1.2537819054590587, 'ma28': 1.260994571903773, 'mavol_fast': 1479.4050302251026, 'mavol_slow': 1336.4027555866035, 'volume_ratio': 1.107005372475253, 'volume_spike_ratio': 1.6477959935739086, 'rsi': 6.87535968602559, 'di_plus': 4.956935687542322e-05, 'di_minus': 21.944815673763475, 'adx': 99.99607613051212, 'atr': 0.008762612402918427, 'atr_pct': 0.007074156795382788}, 'side': 'SHORT', 'risk_amount': 4.504293996078448, 'pretrade_exit_plan': {'stop_loss': 1.261, 'take_profit': 1.2063, 'risk_distance': 0.022320584717930858, 'reward_distance': 0.03237941528206911, 'risk_reward': 1.4506526460329539}, 'entry_price_hint': 1.238679415282069, 'create_bracket': True, 'leverage': 2.0, 'liquidation_price_estimate': 1.8518257258466932, 'portfolio_heat_after': 9.726707564081249, 'atr_pct': 0.007074156795382788}"
cfce4eea-57e9-443d-b214-6382edbcf1e7,BUSDT,Buy,161.5,0.7491,0.02419593,maker,2025-01-11 05:15:00+00:00,True,0.0,3.7624203049753975,"{'position_side': 'SHORT', 'risk_amount': 5.222413568002802, 'exit_plan': {'stop_loss': 0.7887, 'take_profit': 0.7491, 'risk_distance': 0.016153459845353546, 'reward_distance': 0.023446540154646422, 'risk_reward': 1.4514871971152787}, 'source_entry_order': 'ff82756c-2ea4-4fd8-88f7-1d676cc46e7e', 'exit_reason': 'take_profit_1'}"
3e6010ed-c03a-4b3f-bbf2-5cb23a5f3e5d,SAGAUSDT,Buy,100.9,1.2051,0.024318918000000002,maker,2025-01-11 05:20:00+00:00,True,0.0,3.3138509827599836,"{'position_side': 'SHORT', 'risk_amount': 4.6042801984800015, 'exit_plan': {'stop_loss': 1.261, 'take_profit': 1.2051, 'risk_distance': 0.022816056484043612, 'reward_distance': 0.03308394351595623, 'risk_reward': 1.4500289977408432}, 'source_entry_order': '2779639e-f48a-4daa-94ea-179d4b6ba9ea', 'exit_reason': 'take_profit_1'}"
059f9a09-0935-4794-8cf3-7734f0cf10ff,BUSDT,Buy,161.6,0.7257,0.023454624,maker,2025-01-11 06:20:00+00:00,True,0.0,7.546946264990858,"{'position_side': 'SHORT', 'risk_amount': 5.222413568002802, 'exit_plan': {'stop_loss': 0.7887, 'take_profit': 0.7491, 'risk_distance': 0.016153459845353546, 'reward_distance': 0.023446540154646422, 'risk_reward': 1.4514871971152787}, 'source_entry_order': 'ff82756c-2ea4-4fd8-88f7-1d676cc46e7e', 'exit_reason': 'take_profit_2'}"
8e0cfd84-4ef8-4cea-83ad-0ea00c23e46a,SAGAUSDT,Buy,39.3,1.1721,0.009212706,maker,2025-01-11 06:25:00+00:00,True,0.0,2.587886274177085,"{'position_side': 'SHORT', 'risk_amount': 4.6042801984800015, 'exit_plan': {'stop_loss': 1.261, 'take_profit': 1.2051, 'risk_distance': 0.022816056484043612, 'reward_distance': 0.03308394351595623, 'risk_reward': 1.4500289977408432}, 'source_entry_order': '2779639e-f48a-4daa-94ea-179d4b6ba9ea', 'exit_reason': 'take_profit_2'}"
8e0cfd84-4ef8-4cea-83ad-0ea00c23e46a,SAGAUSDT,Buy,61.60000000000001,1.1721,0.014440272000000002,maker,2025-01-11 06:30:00+00:00,True,0.0,4.056330648582913,"{'position_side': 'SHORT', 'risk_amount': 4.6042801984800015, 'exit_plan': {'stop_loss': 1.261, 'take_profit': 1.2051, 'risk_distance': 0.022816056484043612, 'reward_distance': 0.03308394351595623, 'risk_reward': 1.4500289977408432}, 'source_entry_order': '2779639e-f48a-4daa-94ea-179d4b6ba9ea', 'exit_reason': 'take_profit_2'}"
79982f5b-e025-4d94-a1fb-c9596277b796,SAGAUSDT,Sell,148.1,1.1433907017901612,0.09313488961431758,taker,2025-01-11 07:15:00+00:00,False,0.06776156980195691,0.0,"{'strategy': 'live_indicator_adapter', 'signal_reason': 'signal_confirmed', 'signal_details': {'ma7': 1.1524529513752493, 'ma14': 1.16379920741319, 'ma28': 1.1839888631799902, 'mavol_fast': 1549.8822326434254, 'mavol_slow': 1398.5722431920976, 'volume': 2064.42591916466, 'volume_ratio': 1.108188897776191, 'volume_spike_ratio': 1.4760953030590824, 'adx': 99.99959055485634, 'di_plus': 4.485008130380438e-06, 'di_minus': 34.58507223359957, 'close': 1.1438482410865958, 'signal': 'SHORT'}, 'htf_reason': 'htf_trend_confirmed', 'htf_details': {'ma7': 1.235286583237078, 'ma14': 1.3323981507415665, 'ma28': 1.452206354390534, 'adx': 35.31122623359254, 'di_plus': 18.887164636985688, 'di_minus': 60.60687602095871, 'open': 1.1877770912296524, 'close': 1.1522460657839149, 'trend': 'SHORT'}, 'score_details': {'score': 69.39142954588624, 'adx': 99.99959055485634, 'volume_ratio': 1.4760953030590824, 'ma_separation_pct': 2.6635311180242764, 'rr_ratio': 1.45, 'adx_points': 40.0, 'volume_points': 7.141429545886236, 'ma_points': 20.0, 'rr_points': 2.25}, 'signal_row': {'open': 1.1459136966304055, 'high': 1.1482873461667065, 'low': 1.1414745915502948, 'close': 1.1438482410865958, 'volume': 2064.42591916466, 'ma7': 1.1524529513752493, 'ma14': 1.16379920741319, 'ma28': 1.1839888631799902, 'mavol_fast': 1549.8822326434254, 'mavol_slow': 1398.5722431920976, 'volume_ratio': 1.108188897776191, 'volume_spike_ratio': 1.4760953030590824, 'rsi': 0.7759000472298965, 'di_plus': 4.485008130380438e-06, 'di_minus': 34.58507223359957, 'adx': 99.99959055485634, 'atr': 0.008394389185026099, 'atr_pct': 0.007338726313074425}, 'side': 'SHORT', 'risk_amount': 5.950490670966497, 'pretrade_exit_plan': {'stop_loss': 1.184, 'take_profit': 1.0856, 'risk_distance': 0.04015175891340417, 'reward_distance': 0.058248241086595876, 'risk_reward': 1.450702102795064}, 'entry_price_hint': 1.1438482410865958, 'create_bracket': True, 'leverage': 2.0, 'liquidation_price_estimate': 1.710053120424461, 'portfolio_heat_after': 5.953721362935568, 'atr_pct': 0.007338726313074425}"
434c2e2e-ee21-4fdb-9e4d-274021137493,SAGAUSDT,Buy,148.0,1.1847104,0.09643542656000001,taker,2025-01-11 13:15:00+00:00,True,0.10513919999999999,-6.2117507616161305,"{'position_side': 'SHORT', 'risk_amount': 6.014237064877114, 'exit_plan': {'stop_loss': 1.184, 'take_profit': 1.0845, 'risk_distance': 0.04060929820983872, 'reward_distance': 0.058890701790161204, 'risk_reward': 1.450177776672174}, 'source_entry_order': '79982f5b-e025-4d94-a1fb-c9596277b796', 'exit_reason': 'stop_loss'}"
c849863b-8f50-45d2-a728-82836ca1bdbf,BUSDT,Buy,0.20000000000001705,0.7891732199999999,8.680905420000739e-05,taker,2025-01-11 16:35:00+00:00,True,9.464399999999626e-05,-0.0034121450232709885,"{'position_side': 'SHORT', 'risk_amount': 5.222413568002802, 'exit_plan': {'stop_loss': 0.7887, 'take_profit': 0.7491, 'risk_distance': 0.016153459845353546, 'reward_distance': 0.023446540154646422, 'risk_reward': 1.4514871971152787}, 'source_entry_order': 'ff82756c-2ea4-4fd8-88f7-1d676cc46e7e', 'exit_reason': 'stop_loss'}"
b30b79cb-b3fc-47b5-9d88-53ff73aae153,BUSDT,Buy,170.8,0.973143042919279,0.09141705745183708,taker,2025-01-12 01:45:00+00:00,False,0.06645854927252698,0.0,"{'strategy': 'live_indicator_adapter', 'signal_reason': 'signal_confirmed', 'signal_details': {'ma7': 0.9646238524164481, 'ma14': 0.9548527554806016, 'ma28': 0.9381017924168159, 'mavol_fast': 2469.7311267496157, 'mavol_slow': 2184.755513030612, 'volume': 4974.40679192887, 'volume_ratio': 1.1304382170084084, 'volume_spike_ratio': 2.276871147485312, 'adx': 98.51048513115437, 'di_plus': 43.772396061903606, 'di_minus': 0.052079732790402324, 'close': 0.972753941342742, 'signal': 'LONG'}, 'htf_reason': 'htf_trend_confirmed', 'htf_details': {'ma7': 0.879010379935694, 'ma14': 0.8195163204423516, 'ma28': 0.7948067572499901, 'adx': 32.2925889000935, 'di_plus': 58.814669493945914, 'di_minus': 20.11340226864015, 'open': 0.921328994749494, 'close': 0.946761889418554, 'trend': 'LONG'}, 'score_details': {'score': 81.40306721227968, 'adx': 98.51048513115437, 'volume_ratio': 2.276871147485312, 'ma_separation_pct': 2.8272049167824163, 'rr_ratio': 1.45, 'adx_points': 40.0, 'volume_points': 19.153067212279677, 'ma_points': 20.0, 'rr_points': 2.25}, 'signal_row': {'open': 0.969462139022988, 'high': 0.974974159838903, 'low': 0.9672419205268268, 'close': 0.972753941342742, 'volume': 4974.40679192887, 'ma7': 0.9646238524164481, 'ma14': 0.9548527554806016, 'ma28': 0.9381017924168159, 'mavol_fast': 2469.7311267496157, 'mavol_slow': 2184.755513030612, 'volume_ratio': 1.1304382170084084, 'volume_spike_ratio': 2.276871147485312, 'rsi': 99.78523445790576, 'di_plus': 43.772396061903606, 'di_minus': 0.052079732790402324, 'adx': 98.51048513115437, 'atr': 0.006258253179902973, 'atr_pct': 0.006433541838200507}, 'side': 'LONG', 'risk_amount': 5.9188931813403185, 'pretrade_exit_plan': {'stop_loss': 0.9381, 'take_profit': 1.0231, 'risk_distance': 0.03465394134274191, 'reward_distance': 0.05034605865725794, 'risk_reward': 1.4528234511426696}, 'entry_price_hint': 0.972753941342742, 'create_bracket': True, 'leverage': 2.0, 'liquidation_price_estimate': 0.4912407403780847, 'portfolio_heat_after': 5.922954111161302, 'atr_pct': 0.006433541838200507}"
ff5edd9a-1946-4867-8486-eb5b6e5650a5,BUSDT,Sell,85.4,1.024,0.017489920000000003,maker,2025-01-12 04:40:00+00:00,True,0.0,4.325694214693575,"{'position_side': 'LONG', 'risk_amount': 5.985351730612846, 'exit_plan': {'stop_loss': 0.9381, 'take_profit': 1.024, 'risk_distance': 0.035043042919278955, 'reward_distance': 0.05085695708072102, 'risk_reward': 1.4512711466829278}, 'source_entry_order': 'b30b79cb-b3fc-47b5-9d88-53ff73aae153', 'exit_reason': 'take_profit_1'}"
de832c4d-87e2-44dc-bbc7-c9f30fa485a7,BUSDT,Sell,85.4,0.93753714,0.0440361194658,taker,2025-01-12 13:55:00+00:00,True,0.048068244000004604,-3.0847802287722277,"{'position_side': 'LONG', 'risk_amount': 5.985351730612846, 'exit_plan': {'stop_loss': 0.9381, 'take_profit': 1.024, 'risk_distance': 0.035043042919278955, 'reward_distance': 0.05085695708072102, 'risk_reward': 1.4512711466829278}, 'source_entry_order': 'b30b79cb-b3fc-47b5-9d88-53ff73aae153', 'exit_reason': 'stop_loss'}"
f0026534-31b4-4883-9159-7f383856b9e5,BUSDT,Sell,314.8,0.7934126785031855,0.13737147115604156,taker,2025-01-12 22:50:00+00:00,False,0.09994650307833455,0.0,"{'strategy': 'live_indicator_adapter', 'signal_reason': 'signal_confirmed', 'signal_details': {'ma7': 0.7956930476741869, 'ma14': 0.7971300632545039, 'ma28': 0.8017009529913154, 'mavol_fast': 1157.1933388421594, 'mavol_slow': 1067.7598760686692, 'volume': 1789.542460760603, 'volume_ratio': 1.0837580291017965, 'volume_spike_ratio': 1.6759783738544554, 'adx': 84.91251672708297, 'di_plus': 2.57698895550439, 'di_minus': 21.29816848345576, 'close': 0.793730170571414, 'signal': 'SHORT'}, 'htf_reason': 'htf_trend_confirmed', 'htf_details': {'ma7': 0.8503125572655217, 'ma14': 0.9172953058119658, 'ma28': 0.9348238857917543, 'adx': 33.39100366793853, 'di_plus': 21.96725121687107, 'di_minus': 54.910929195241046, 'open': 0.8083622944564246, 'close': 0.7987681211940523, 'trend': 'SHORT'}, 'score_details': {'score': 59.88362368747384, 'adx': 84.91251672708297, 'volume_ratio': 1.6759783738544554, 'ma_separation_pct': 0.7493948079657019, 'rr_ratio': 1.45, 'adx_points': 40.0, 'volume_points': 10.13967560781683, 'ma_points': 7.493948079657019, 'rr_points': 2.25}, 'signal_row': {'open': 0.7929278498179161, 'high': 0.7953121241176021, 'low': 0.791345896271728, 'close': 0.793730170571414, 'volume': 1789.542460760603, 'ma7': 0.7956930476741869, 'ma14': 0.7971300632545039, 'ma28': 0.8017009529913154, 'mavol_fast': 1157.1933388421594, 'mavol_slow': 1067.7598760686692, 'volume_ratio': 1.0837580291017965, 'volume_spike_ratio': 1.6759783738544554, 'rsi': 16.32218597202329, 'di_plus': 2.57698895550439, 'di_minus': 21.29816848345576, 'adx': 84.91251672708297, 'atr': 0.005011537492116041, 'atr_pct': 0.006313905755287326}, 'side': 'SHORT', 'risk_amount': 2.541189287061705, 'pretrade_exit_plan': {'stop_loss': 0.8018, 'take_profit': 0.782, 'risk_distance': 0.008069829428585917, 'reward_distance': 0.011730170571414011, 'risk_reward': 1.4535834586369316}, 'entry_price_hint': 0.793730170571414, 'create_bracket': True, 'leverage': 2.0, 'liquidation_price_estimate': 1.186626605004264, 'portfolio_heat_after': 2.545250216882689, 'atr_pct': 0.006313905755287326}"
d85b3054-7a91-4fc3-ad5e-99d1728b2eec,BUSDT,Buy,157.4,0.7812,0.024592176,maker,2025-01-12 23:45:00+00:00,True,0.0,1.8976834204014017,"{'position_side': 'SHORT', 'risk_amount': 2.6403288071971813, 'exit_plan': {'stop_loss': 0.8018, 'take_profit': 0.7812, 'risk_distance': 0.008387321496814426, 'reward_distance': 0.012212678503185526, 'risk_reward': 1.4560880380970256}, 'source_entry_order': 'f0026534-31b4-4883-9159-7f383856b9e5', 'exit_reason': 'take_profit_1'}"
75bcf3d1-2d06-4ead-9228-1d14b918c897,BUSDT,Buy,157.4,0.769,0.024208120000000003,maker,2025-01-13 00:25:00+00:00,True,0.0,3.8183474764014003,"{'position_side': 'SHORT', 'risk_amount': 2.6403288071971813, 'exit_plan': {'stop_loss': 0.8018, 'take_profit': 0.7812, 'risk_distance': 0.008387321496814426, 'reward_distance': 0.012212678503185526, 'risk_reward': 1.4560880380970256}, 'source_entry_order': 'f0026534-31b4-4883-9159-7f383856b9e5', 'exit_reason': 'take_profit_2'}"
18b63fc4-cd6d-4903-a7c9-0c8c79fb46e5,BUSDT,Sell,247.6,0.7427587253501577,0.10114888321818448,taker,2025-01-13 01:40:00+00:00,False,0.07359226106310203,0.0,"{'strategy': 'live_indicator_adapter', 'signal_reason': 'signal_confirmed', 'signal_details': {'ma7': 0.7488707896856409, 'ma14': 0.7559873939259542, 'ma28': 0.767059873588957, 'mavol_fast': 1474.0426519843463, 'mavol_slow': 1345.2981639361096, 'volume': 3480.814741336688, 'volume_ratio': 1.0956995939632836, 'volume_spike_ratio': 2.5873927688657705, 'adx': 92.36210430458281, 'di_plus': 0.36304393373076, 'di_minus': 32.00950152850545, 'close': 0.7430559477292494, 'signal': 'SHORT'}, 'htf_reason': 'htf_trend_confirmed', 'htf_details': {'ma7': 0.799420469168636, 'ma14': 0.8626915324965055, 'ma28': 0.9274068885672019, 'adx': 36.30725021596662, 'di_plus': 18.318385733589622, 'di_minus': 57.119520546012815, 'open': 0.776875747130725, 'close': 0.7582105359369883, 'trend': 'SHORT'}, 'score_details': {'score': 86.06089153298656, 'adx': 92.36210430458281, 'volume_ratio': 2.5873927688657705, 'ma_separation_pct': 2.3712730296022544, 'rr_ratio': 1.45, 'adx_points': 40.0, 'volume_points': 23.81089153298656, 'ma_points': 20.0, 'rr_points': 2.25}, 'signal_row': {'open': 0.7445048830935517, 'high': 0.7451296862445651, 'low': 0.742431144578236, 'close': 0.7430559477292494, 'volume': 3480.814741336688, 'ma7': 0.7488707896856409, 'ma14': 0.7559873939259542, 'ma28': 0.767059873588957, 'mavol_fast': 1474.0426519843463, 'mavol_slow': 1345.2981639361096, 'volume_ratio': 1.0956995939632836, 'volume_spike_ratio': 2.5873927688657705, 'rsi': 1.1157598743295694, 'di_plus': 0.36304393373076, 'di_minus': 32.00950152850545, 'adx': 92.36210430458281, 'atr': 0.005173834050988023, 'atr_pct': 0.0069629131787438915}, 'side': 'SHORT', 'risk_amount': 5.953307342237841, 'pretrade_exit_plan': {'stop_loss': 0.7671, 'take_profit': 0.7081, 'risk_distance': 0.02404405227075057, 'reward_distance': 0.03495594772924948, 'risk_reward': 1.4538293019672544}, 'entry_price_hint': 0.7430559477292494, 'create_bracket': True, 'leverage': 2.0, 'liquidation_price_estimate': 1.110868641855228, 'portfolio_heat_after': 5.957368272058825, 'atr_pct': 0.0069629131787438915}"
e87b5e74-3a5f-4daa-a6e4-9dd0da3dcd5a,BUSDT,Buy,123.8,0.7074,0.017515224000000003,maker,2025-01-13 03:30:00+00:00,True,0.0,4.359894974349525,"{'position_side': 'SHORT', 'risk_amount': 6.026899603300944, 'exit_plan': {'stop_loss': 0.7671, 'take_profit': 0.7074, 'risk_distance': 0.02434127464984226, 'reward_distance': 0.035358725350157716, 'risk_reward': 1.452624230193584}, 'source_entry_order': '18b63fc4-cd6d-4903-a7c9-0c8c79fb46e5', 'exit_reason': 'take_profit_1'}"
