trade_id,symbol,side,entry_time,exit_time,entry_price,exit_price,qty,gross_pnl,fees,slippage,net_pnl,risk_amount,exit_reason,bars_held,metadata,r_multiple
1c030ac7-0a4d-4fe3-bc22-259fcb46657e,BUSDT,SHORT,2025-01-02 11:05:00+00:00,2025-01-02 13:15:00+00:00,0.8532028960112662,0.8066,78.7,3.667647916086651,0.04962677135384766,0.026869574996430914,3.6180211447328032,2.526042083913348,take_profit_1,26,"{'strategy': 'live_indicator_adapter', 'signal_reason': 'signal_confirmed', 'signal_details': {'ma7': 0.8604456633166851, 'ma14': 0.8687183697544996, 'ma28': 0.8852759723741779, 'mavol_fast': 1277.8374315479346, 'mavol_slow': 1205.7371560721172, 'volume': 2898.554076193212, 'volume_ratio': 1.0597976724136922, 'volume_spike_ratio': 2.4039684450263756, 'adx': 99.40985308066932, 'di_plus': 0.01774929397593169, 'di_minus': 35.213874170145544, 'close': 0.8535443137367609, 'signal': 'SHORT'}, 'htf_reason': 'htf_trend_confirmed', 'htf_details': {'ma7': 0.9197911128207569, 'ma14': 0.9947437303798308, 'ma28': 1.0170301203695677, 'adx': 30.815267014882437, 'di_plus': 27.56194119535002, 'di_minus': 54.111465185658254, 'open': 0.8843484657813474, 'close': 0.8554064024805605, 'trend': 'SHORT'}, 'score_details': {'score': 83.30952667539563, 'adx': 99.40985308066932, 'volume_ratio': 2.4039684450263756, 'ma_separation_pct': 2.8048100064098147, 'rr_ratio': 1.45, 'adx_points': 40.0, 'volume_points': 21.059526675395634, 'ma_points': 20.0, 'rr_points': 2.25}, 'signal_row': {'open': 0.8554064024805605, 'high': 0.8560878533283152, 'low': 0.8528628628890063, 'close': 0.8535443137367609, 'volume': 2898.554076193212, 'ma7': 0.8604456633166851, 'ma14': 0.8687183697544996, 'ma28': 0.8852759723741779, 'mavol_fast': 1277.8374315479346, 'mavol_slow': 1205.7371560721172, 'volume_ratio': 1.0597976724136922, 'volume_spike_ratio': 2.4039684450263756, 'rsi': 0.3712984304212341, 'di_plus': 0.01774929397593169, 'di_minus': 35.213874170145544, 'adx': 99.40985308066932, 'atr': 0.006028026015931556, 'atr_pct': 0.007062346873990941}, 'side': 'SHORT', 'risk_amount': 5.052084167826696, 'pretrade_exit_plan': {'stop_loss': 0.8853, 'take_profit': 0.8074, 'risk_distance': 0.0317556862632391, 'reward_distance': 0.04614431373676087, 'risk_reward': 1.4531039686639766}, 'entry_price_hint': 0.8535443137367609, 'create_bracket': True, 'leverage': 2.0, 'liquidation_price_estimate': 1.2760487490364576, 'portfolio_heat_after': 4.998345017833835, 'atr_pct': 0.007062346873990941, 'entry_bar_index': 421, 'actual_exit_plan': {'stop_loss': 0.8853, 'take_profit': 0.8066, 'risk_distance': 0.03209710398873378, 'reward_distance': 0.046602896011266215, 'risk_reward': 1.4519346053034576}, 'position_side': 'SHORT', 'exit_plan': {'stop_loss': 0.8853, 'take_profit': 0.8066, 'risk_distance': 0.03209710398873378, 'reward_distance': 0.046602896011266215, 'risk_reward': 1.4519346053034576}, 'source_entry_order': 'ec5229e4-9cf0-49d8-b257-26c98338e2a0', 'exit_reason': 'take_profit_1'}",1.4322885464868262
79b9e4a2-29ba-4c3b-9cf3-1570cf5d4b52,SAGAUSDT,SHORT,2025-01-02 11:05:00+00:00,2025-01-02 13:45:00+00:00,1.2232807902396143,1.1617,59.6,3.6702150982810173,0.053946608304054566,0.029174683912869703,3.616268489976963,2.5281849017189884,take_profit_1,32,"{'strategy': 'live_indicator_adapter', 'signal_reason': 'signal_confirmed', 'signal_details': {'ma7': 1.2320799527362831, 'ma14': 1.2439809490782405, 'ma28': 1.2656039862368968, 'mavol_fast': 1564.6784248471408, 'mavol_slow': 1321.0072641239103, 'volume': 4080.36542666292, 'volume_ratio': 1.1844586077161603, 'volume_spike_ratio': 3.088828909180156, 'adx': 99.40973913382281, 'di_plus': 0.022886600664335885, 'di_minus': 37.1107253421023, 'close': 1.2237702983589578, 'signal': 'SHORT'}, 'htf_reason': 'htf_trend_confirmed', 'htf_details': {'ma7': 1.3142211162131983, 'ma14': 1.4243368801977019, 'ma28': 1.4623660383380603, 'adx': 31.74063519642045, 'di_plus': 26.259218365841626, 'di_minus': 53.65638489661483, 'open': 1.2666849656774195, 'close': 1.226994420822172, 'trend': 'SHORT'}, 'score_details': {'score': 92.25, 'adx': 99.40973913382281, 'volume_ratio': 3.088828909180156, 'ma_separation_pct': 2.6488565037072083, 'rr_ratio': 1.45, 'adx_points': 40.0, 'volume_points': 30.0, 'ma_points': 20.0, 'rr_points': 2.25}, 'signal_row': {'open': 1.226994420822172, 'high': 1.2288894249916305, 'low': 1.2218752941894993, 'close': 1.2237702983589578, 'volume': 4080.36542666292, 'ma7': 1.2320799527362831, 'ma14': 1.2439809490782405, 'ma28': 1.2656039862368968, 'mavol_fast': 1564.6784248471408, 'mavol_slow': 1321.0072641239103, 'volume_ratio': 1.1844586077161603, 'volume_spike_ratio': 3.088828909180156, 'rsi': 0.42677102552369206, 'di_plus': 0.022886600664335885, 'di_minus': 37.1107253421023, 'adx': 99.40973913382281, 'atr': 0.007996086472855544, 'atr_pct': 0.006533976583332735}, 'side': 'SHORT', 'risk_amount': 5.056369803437977, 'pretrade_exit_plan': {'stop_loss': 1.2657, 'take_profit': 1.1629, 'risk_distance': 0.04192970164104226, 'reward_distance': 0.06087029835895774, 'risk_reward': 1.4517226685766769}, 'entry_price_hint': 1.2237702983589578, 'create_bracket': True, 'leverage': 2.0, 'liquidation_price_estimate': 1.829536596046642, 'portfolio_heat_after': 4.998020435612237, 'atr_pct': 0.006533976583332735, 'entry_bar_index': 421, 'actual_exit_plan': {'stop_loss': 1.2657, 'take_profit': 1.1617, 'risk_distance': 0.04241920976038571, 'reward_distance': 0.06158079023961438, 'risk_reward': 1.4517194117350865}, 'position_side': 'SHORT', 'exit_plan': {'stop_loss': 1.2657, 'take_profit': 1.1617, 'risk_distance': 0.04241920976038571, 'reward_distance': 0.06158079023961438, 'risk_reward': 1.4517194117350865}, 'source_entry_order': '239e026b-95b0-45dc-ae59-f1451b896c82', 'exit_reason': 'take_profit_1'}",1.430381333073445
3a71b4a6-c7fb-403e-ad7f-1f2b4c5fbe08,BUSDT,SHORT,2025-01-02 11:05:00+00:00,2025-01-02 16:40:00+00:00,0.8532028960112662,0.76,78.7,7.33506791608665,0.04889328735384767,0.026869574996430914,7.286174628732802,2.526042083913348,take_profit_2,67,"{'strategy': 'live_indicator_adapter', 'signal_reason': 'signal_confirmed', 'signal_details': {'ma7': 0.8604456633166851, 'ma14': 0.8687183697544996, 'ma28': 0.8852759723741779, 'mavol_fast': 1277.8374315479346, 'mavol_slow': 1205.7371560721172, 'volume': 2898.554076193212, 'volume_ratio': 1.0597976724136922, 'volume_spike_ratio': 2.4039684450263756, 'adx': 99.40985308066932, 'di_plus': 0.01774929397593169, 'di_minus': 35.213874170145544, 'close': 0.8535443137367609, 'signal': 'SHORT'}, 'htf_reason': 'htf_trend_confirmed', 'htf_details': {'ma7': 0.9197911128207569, 'ma14': 0.9947437303798308, 'ma28': 1.0170301203695677, 'adx': 30.815267014882437, 'di_plus': 27.56194119535002, 'di_minus': 54.111465185658254, 'open': 0.8843484657813474, 'close': 0.8554064024805605, 'trend': 'SHORT'}, 'score_details': {'score': 83.30952667539563, 'adx': 99.40985308066932, 'volume_ratio': 2.4039684450263756, 'ma_separation_pct': 2.8048100064098147, 'rr_ratio': 1.45, 'adx_points': 40.0, 'volume_points': 21.059526675395634, 'ma_points': 20.0, 'rr_points': 2.25}, 'signal_row': {'open': 0.8554064024805605, 'high': 0.8560878533283152, 'low': 0.8528628628890063, 'close': 0.8535443137367609, 'volume': 2898.554076193212, 'ma7': 0.8604456633166851, 'ma14': 0.8687183697544996, 'ma28': 0.8852759723741779, 'mavol_fast': 1277.8374315479346, 'mavol_slow': 1205.7371560721172, 'volume_ratio': 1.0597976724136922, 'volume_spike_ratio': 2.4039684450263756, 'rsi': 0.3712984304212341, 'di_plus': 0.01774929397593169, 'di_minus': 35.213874170145544, 'adx': 99.40985308066932, 'atr': 0.006028026015931556, 'atr_pct': 0.007062346873990941}, 'side': 'SHORT', 'risk_amount': 5.052084167826696, 'pretrade_exit_plan': {'stop_loss': 0.8853, 'take_profit': 0.8074, 'risk_distance': 0.0317556862632391, 'reward_distance': 0.04614431373676087, 'risk_reward': 1.4531039686639766}, 'entry_price_hint': 0.8535443137367609, 'create_bracket': True, 'leverage': 2.0, 'liquidation_price_estimate': 1.2760487490364576, 'portfolio_heat_after': 4.998345017833835, 'atr_pct': 0.007062346873990941, 'entry_bar_index': 421, 'actual_exit_plan': {'stop_loss': 0.8853, 'take_profit': 0.8066, 'risk_distance': 0.03209710398873378, 'reward_distance': 0.046602896011266215, 'risk_reward': 1.4519346053034576}, 'position_side': 'SHORT', 'exit_plan': {'stop_loss': 0.8853, 'take_profit': 0.8066, 'risk_distance': 0.03209710398873378, 'reward_distance': 0.046602896011266215, 'risk_reward': 1.4519346053034576}, 'source_entry_order': 'ec5229e4-9cf0-49d8-b257-26c98338e2a0', 'exit_reason': 'take_profit_2'}",2.8844232941064263
7da931db-75b5-4e3d-88d2-0cc3f7ecf55f,SAGAUSDT,SHORT,2025-01-02 11:05:00+00:00,2025-01-02 17:15:00+00:00,1.2232807902396143,1.1002,59.6,7.335615098281011,0.05321352830405456,0.029174683912869703,7.282401569976956,2.5281849017189884,take_profit_2,74,"{'strategy': 'live_indicator_adapter', 'signal_reason': 'signal_confirmed', 'signal_details': {'ma7': 1.2320799527362831, 'ma14': 1.2439809490782405, 'ma28': 1.2656039862368968, 'mavol_fast': 1564.6784248471408, 'mavol_slow': 1321.0072641239103, 'volume': 4080.36542666292, 'volume_ratio': 1.1844586077161603, 'volume_spike_ratio': 3.088828909180156, 'adx': 99.40973913382281, 'di_plus': 0.022886600664335885, 'di_minus': 37.1107253421023, 'close': 1.2237702983589578, 'signal': 'SHORT'}, 'htf_reason': 'htf_trend_confirmed', 'htf_details': {'ma7': 1.3142211162131983, 'ma14': 1.4243368801977019, 'ma28': 1.4623660383380603, 'adx': 31.74063519642045, 'di_plus': 26.259218365841626, 'di_minus': 53.65638489661483, 'open': 1.2666849656774195, 'close': 1.226994420822172, 'trend': 'SHORT'}, 'score_details': {'score': 92.25, 'adx': 99.40973913382281, 'volume_ratio': 3.088828909180156, 'ma_separation_pct': 2.6488565037072083, 'rr_ratio': 1.45, 'adx_points': 40.0, 'volume_points': 30.0, 'ma_points': 20.0, 'rr_points': 2.25}, 'signal_row': {'open': 1.226994420822172, 'high': 1.2288894249916305, 'low': 1.2218752941894993, 'close': 1.2237702983589578, 'volume': 4080.36542666292, 'ma7': 1.2320799527362831, 'ma14': 1.2439809490782405, 'ma28': 1.2656039862368968, 'mavol_fast': 1564.6784248471408, 'mavol_slow': 1321.0072641239103, 'volume_ratio': 1.1844586077161603, 'volume_spike_ratio': 3.088828909180156, 'rsi': 0.42677102552369206, 'di_plus': 0.022886600664335885, 'di_minus': 37.1107253421023, 'adx': 99.40973913382281, 'atr': 0.007996086472855544, 'atr_pct': 0.006533976583332735}, 'side': 'SHORT', 'risk_amount': 5.056369803437977, 'pretrade_exit_plan': {'stop_loss': 1.2657, 'take_profit': 1.1629, 'risk_distance': 0.04192970164104226, 'reward_distance': 0.06087029835895774, 'risk_reward': 1.4517226685766769}, 'entry_price_hint': 1.2237702983589578, 'create_bracket': True, 'leverage': 2.0, 'liquidation_price_estimate': 1.829536596046642, 'portfolio_heat_after': 4.998020435612237, 'atr_pct': 0.006533976583332735, 'entry_bar_index': 421, 'actual_exit_plan': {'stop_loss': 1.2657, 'take_profit': 1.1617, 'risk_distance': 0.04241920976038571, 'reward_distance': 0.06158079023961438, 'risk_reward': 1.4517194117350865}, 'position_side': 'SHORT', 'exit_plan': {'stop_loss': 1.2657, 'take_profit': 1.1617, 'risk_distance': 0.04241920976038571, 'reward_distance': 0.06158079023961438, 'risk_reward': 1.4517194117350865}, 'source_entry_order': '239e026b-95b0-45dc-ae59-f1451b896c82', 'exit_reason': 'take_profit_2'}",2.8804861404818274
593c2b64-4866-439d-a78c-2895c11f7f06,SAGAUSDT,SHORT,2025-01-02 17:25:00+00:00,2025-01-02 19:40:00+00:00,1.0999167303952406,1.1276762,192.0,-5.329818164113803,0.23523381344973743,0.2143378078574898,-5.565051977563541,5.1999877641138,stop_loss,27,"{'strategy': 'live_indicator_adapter', 'signal_reason': 'signal_confirmed', 'signal_details': {'ma7': 1.107186169281971, 'ma14': 1.1153756137594206, 'ma28': 1.1269016700053271, 'mavol_fast': 2167.942371318851, 'mavol_slow': 2027.8136795169416, 'volume': 2358.9648613206064, 'volume_ratio': 1.069103336868351, 'volume_spike_ratio': 1.1633045408208067, 'adx': 90.22803939741236, 'di_plus': 0.3850404558698917, 'di_minus': 27.31795037580021, 'close': 1.1003568731444984, 'signal': 'SHORT'}, 'htf_reason': 'htf_trend_confirmed', 'htf_details': {'ma7': 1.1644593085574773, 'ma14': 1.2532974101016858, 'ma28': 1.4133903937057757, 'adx': 36.787848259957926, 'di_plus': 19.11986127701018, 'di_minus': 59.831055375792616, 'open': 1.132186573142442, 'close': 1.1110803297804703, 'trend': 'SHORT'}, 'score_details': {'score': 62.19488402861813, 'adx': 90.22803939741236, 'volume_ratio': 1.1633045408208067, 'ma_separation_pct': 1.7495315916306025, 'rr_ratio': 1.4499999999999997, 'adx_points': 40.0, 'volume_points': 2.4495681123121003, 'ma_points': 17.495315916306026, 'rr_points': 2.2499999999999987}, 'signal_row': {'open': 1.1022738048263638, 'high': 1.1063942703140268, 'low': 1.0962364076568354, 'close': 1.1003568731444984, 'volume': 2358.9648613206064, 'ma7': 1.107186169281971, 'ma14': 1.1153756137594206, 'ma28': 1.1269016700053271, 'mavol_fast': 2167.942371318851, 'mavol_slow': 2027.8136795169416, 'volume_ratio': 1.069103336868351, 'volume_spike_ratio': 1.1633045408208067, 'rsi': 2.990661786190003, 'di_plus': 0.3850404558698917, 'di_minus': 27.31795037580021, 'adx': 90.22803939741236, 'atr': 0.007566452841224639, 'atr_pct': 0.006876362592803122}, 'side': 'SHORT', 'risk_amount': 5.202696091074276, 'pretrade_exit_plan': {'stop_loss': 1.127, 'take_profit': 1.0617, 'risk_distance': 0.02664312685550163, 'reward_distance': 0.03865687314449828, 'risk_reward': 1.4509135265598863}, 'entry_price_hint': 1.1003568731444984, 'create_bracket': True, 'leverage': 2.0, 'liquidation_price_estimate': 1.645033525351025, 'portfolio_heat_after': 8.309661442562168, 'atr_pct': 0.006876362592803122, 'entry_bar_index': 497, 'actual_exit_plan': {'stop_loss': 1.127, 'take_profit': 1.0606, 'risk_distance': 0.027083269604759375, 'reward_distance': 0.03931673039524064, 'risk_reward': 1.4516980766728205}, 'position_side': 'SHORT', 'exit_plan': {'stop_loss': 1.127, 'take_profit': 1.0606, 'risk_distance': 0.027083269604759375, 'reward_distance': 0.03931673039524064, 'risk_reward': 1.4516980766728205}, 'source_entry_order': '455b5a5d-a4f3-47e8-a934-1258863d3a01', 'exit_reason': 'stop_loss'}",-1.0702048216284517
29cd13a5-0dfb-4578-96cb-c51bf0ae8942,BUSDT,SHORT,2025-01-02 17:00:00+00:00,2025-01-02 20:30:00+00:00,0.7525535213084696,0.77326368,129.3,-2.677823518814877,0.10850849027105183,0.09889146717934034,-2.7863320090859287,1.4879777091261777,stop_loss,42,"{'strategy': 'live_indicator_adapter', 'signal_reason': 'signal_confirmed', 'signal_details': {'ma7': 0.7600940938725108, 'ma14': 0.7651765082678448, 'ma28': 0.7727024980876127, 'mavol_fast': 2091.5286748720323, 'mavol_slow': 1611.1890601765883, 'volume': 1790.813934168696, 'volume_ratio': 1.2981274057575827, 'volume_spike_ratio': 1.1114859071674807, 'adx': 98.85086040521927, 'di_plus': 0.09730539575662739, 'di_minus': 28.1884948968853, 'close': 0.7543743964369325, 'signal': 'SHORT'}, 'htf_reason': 'htf_trend_confirmed', 'htf_details': {'ma7': 0.8010494251250163, 'ma14': 0.8702768810246526, 'ma28': 0.9822114966517755, 'adx': 36.3180962983918, 'di_plus': 19.385324097526578, 'di_minus': 62.68704405865647, 'open': 0.772265050854636, 'close': 0.7543743964369325, 'trend': 'SHORT'}, 'score_details': {'score': 60.239570156758994, 'adx': 98.85086040521927, 'volume_ratio': 1.1114859071674807, 'ma_separation_pct': 1.631728154924678, 'rr_ratio': 1.45, 'adx_points': 40.0, 'volume_points': 1.6722886075122112, 'ma_points': 16.31728154924678, 'rr_points': 2.25}, 'signal_row': {'open': 0.7564084554756246, 'high': 0.7579147860822035, 'low': 0.7528680658303536, 'close': 0.7543743964369325, 'volume': 1790.813934168696, 'ma7': 0.7600940938725108, 'ma14': 0.7651765082678448, 'ma28': 0.7727024980876127, 'mavol_fast': 2091.5286748720323, 'mavol_slow': 1611.1890601765883, 'volume_ratio': 1.2981274057575827, 'volume_spike_ratio': 1.1114859071674807, 'rsi': 2.9038250475619236, 'di_plus': 0.09730539575662739, 'di_minus': 28.1884948968853, 'adx': 98.85086040521927, 'atr': 0.0049969808531631675, 'atr_pct': 0.006624006430712587}, 'side': 'SHORT', 'risk_amount': 2.421446784488353, 'pretrade_exit_plan': {'stop_loss': 0.7728, 'take_profit': 0.7276, 'risk_distance': 0.01842560356306755, 'reward_distance': 0.02677439643693247, 'risk_reward': 1.453108243932878}, 'entry_price_hint': 0.7543743964369325, 'create_bracket': True, 'leverage': 2.0, 'liquidation_price_estimate': 1.127789722673214, 'portfolio_heat_after': 7.633919649045007, 'atr_pct': 0.006624006430712587, 'entry_bar_index': 492, 'actual_exit_plan': {'stop_loss': 0.7728, 'take_profit': 0.7199, 'risk_distance': 0.02157545643392933, 'reward_distance': 0.03132454356607073, 'risk_reward': 1.451860064328006}, 'position_side': 'SHORT', 'exit_plan': {'stop_loss': 0.7728, 'take_profit': 0.7269, 'risk_distance': 0.018727353321642326, 'reward_distance': 0.027172646678357726, 'risk_reward': 1.450960325875604}, 'source_entry_order': '0e610987-0389-47a7-851b-56d3fe49aa77', 'exit_reason': 'stop_loss'}",-1.8725630041341252
68489316-e6f7-4cdb-a6d0-2a67306917ee,BUSDT,SHORT,2025-01-02 17:00:00+00:00,2025-01-02 20:30:00+00:00,0.7525535213084696,0.77326368,147.8,-3.0609614546081887,0.12403368029436551,0.11304067168682524,-3.1849951349025543,1.7008747518085774,stop_loss,42,"{'strategy': 'live_indicator_adapter', 'signal_reason': 'signal_confirmed', 'signal_details': {'ma7': 0.7600940938725108, 'ma14': 0.7651765082678448, 'ma28': 0.7727024980876127, 'mavol_fast': 2091.5286748720323, 'mavol_slow': 1611.1890601765883, 'volume': 1790.813934168696, 'volume_ratio': 1.2981274057575827, 'volume_spike_ratio': 1.1114859071674807, 'adx': 98.85086040521927, 'di_plus': 0.09730539575662739, 'di_minus': 28.1884948968853, 'close': 0.7543743964369325, 'signal': 'SHORT'}, 'htf_reason': 'htf_trend_confirmed', 'htf_details': {'ma7': 0.8010494251250163, 'ma14': 0.8702768810246526, 'ma28': 0.9822114966517755, 'adx': 36.3180962983918, 'di_plus': 19.385324097526578, 'di_minus': 62.68704405865647, 'open': 0.772265050854636, 'close': 0.7543743964369325, 'trend': 'SHORT'}, 'score_details': {'score': 60.239570156758994, 'adx': 98.85086040521927, 'volume_ratio': 1.1114859071674807, 'ma_separation_pct': 1.631728154924678, 'rr_ratio': 1.45, 'adx_points': 40.0, 'volume_points': 1.6722886075122112, 'ma_points': 16.31728154924678, 'rr_points': 2.25}, 'signal_row': {'open': 0.7564084554756246, 'high': 0.7579147860822035, 'low': 0.7528680658303536, 'close': 0.7543743964369325, 'volume': 1790.813934168696, 'ma7': 0.7600940938725108, 'ma14': 0.7651765082678448, 'ma28': 0.7727024980876127, 'mavol_fast': 2091.5286748720323, 'mavol_slow': 1611.1890601765883, 'volume_ratio': 1.2981274057575827, 'volume_spike_ratio': 1.1114859071674807, 'rsi': 2.9038250475619236, 'di_plus': 0.09730539575662739, 'di_minus': 28.1884948968853, 'adx': 98.85086040521927, 'atr': 0.0049969808531631675, 'atr_pct': 0.006624006430712587}, 'side': 'SHORT', 'risk_amount': 3.188852460934755, 'pretrade_exit_plan': {'stop_loss': 0.7728, 'take_profit': 0.7276, 'risk_distance': 0.01842560356306755, 'reward_distance': 0.02677439643693247, 'risk_reward': 1.453108243932878}, 'entry_price_hint': 0.7543743964369325, 'create_bracket': True, 'leverage': 2.0, 'liquidation_price_estimate': 1.127789722673214, 'portfolio_heat_after': 7.633919649045007, 'atr_pct': 0.006624006430712587, 'entry_bar_index': 492, 'actual_exit_plan': {'stop_loss': 0.7728, 'take_profit': 0.7199, 'risk_distance': 0.02157545643392933, 'reward_distance': 0.03132454356607073, 'risk_reward': 1.451860064328006}, 'position_side': 'SHORT', 'exit_plan': {'stop_loss': 0.7728, 'take_profit': 0.7199, 'risk_distance': 0.02157545643392933, 'reward_distance': 0.03132454356607073, 'risk_reward': 1.451860064328006}, 'source_entry_order': '0e610987-0389-47a7-851b-56d3fe49aa77', 'exit_reason': 'stop_loss'}",-1.8725630041341252
dd6c88c1-c7a5-4b9a-b92e-22f2ff8fb8fd,BUSDT,LONG,2025-01-03 08:15:00+00:00,2025-01-03 09:35:00+00:00,0.9996323703205287,1.0271,125.0,3.4334537099339064,0.09440222545953633,0.04996163386247754,3.33905148447437,2.3665462900660796,take_profit_1,16,"{'strategy': 'live_indicator_adapter', 'signal_reason': 'signal_confirmed', 'signal_details': {'ma7': 0.9979596560034517, 'ma14': 0.9923758417156219, 'ma28': 0.9807460787451034, 'mavol_fast': 2459.7822784106515, 'mavol_slow': 2256.7053490115154, 'volume': 4770.570048103434, 'volume_ratio': 1.089988234169821, 'volume_spike_ratio': 2.1139534455364517, 'adx': 99.77273754114319, 'di_plus': 28.249309398468423, 'di_minus': 0.005613498352654316, 'close': 0.9992326772496288, 'signal': 'LONG'}, 'htf_reason': 'htf_trend_confirmed', 'htf_details': {'ma7': 0.9300393246401556, 'ma14': 0.8664327626362123, 'ma28': 0.8592003220659431, 'adx': 29.809417518405308, 'di_plus': 58.353724306946496, 'di_minus': 22.868841288325648, 'open': 0.9788474372024978, 'close': 0.9980830577458332, 'trend': 'LONG'}, 'score_details': {'score': 76.51081438486007, 'adx': 99.77273754114319, 'volume_ratio': 2.1139534455364517, 'ma_separation_pct': 1.7551512701813297, 'rr_ratio': 1.45, 'adx_points': 40.0, 'volume_points': 16.709301683046775, 'ma_points': 17.551512701813298, 'rr_points': 2.25}, 'signal_row': {'open': 0.999044709789439, 'high': 1.000314153434747, 'low': 0.9979632336043208, 'close': 0.9992326772496288, 'volume': 4770.570048103434, 'ma7': 0.9979596560034517, 'ma14': 0.9923758417156219, 'ma28': 0.9807460787451034, 'mavol_fast': 2459.7822784106515, 'mavol_slow': 2256.7053490115154, 'volume_ratio': 1.089988234169821, 'volume_spike_ratio': 2.1139534455364517, 'rsi': 93.76286743401387, 'di_plus': 28.249309398468423, 'di_minus': 0.005613498352654316, 'adx': 99.77273754114319, 'atr': 0.0059420946083350145, 'atr_pct': 0.005946657614010913}, 'side': 'LONG', 'risk_amount': 4.734985817164212, 'pretrade_exit_plan': {'stop_loss': 0.9807, 'take_profit': 1.0262, 'risk_distance': 0.018532677249628815, 'reward_distance': 0.02696732275037117, 'risk_reward': 1.4551228830638212}, 'entry_price_hint': 0.9992326772496288, 'create_bracket': True, 'leverage': 2.0, 'liquidation_price_estimate': 0.5046125020110626, 'portfolio_heat_after': 4.637730907092642, 'atr_pct': 0.005946657614010913, 'entry_bar_index': 675, 'actual_exit_plan': {'stop_loss': 0.9807, 'take_profit': 1.0271, 'risk_distance': 0.018932370320528635, 'reward_distance': 0.02746762967947125, 'risk_reward': 1.4508288827251448}, 'position_side': 'LONG', 'exit_plan': {'stop_loss': 0.9807, 'take_profit': 1.0271, 'risk_distance': 0.018932370320528635, 'reward_distance': 0.02746762967947125, 'risk_reward': 1.4508288827251448}, 'source_entry_order': 'db97142f-52a6-4cf1-acc8-b45a859c6b20', 'exit_reason': 'take_profit_1'}",1.410938589492427
d5d02948-de73-4624-9ed1-e0aa6402a1ef,BUSDT,LONG,2025-01-03 08:15:00+00:00,2025-01-03 11:00:00+00:00,0.9996323703205287,1.0545,125.0,6.858453709933918,0.09508722545953635,0.04996163386247754,6.763366484474381,2.3665462900660796,take_profit_2,33,"{'strategy': 'live_indicator_adapter', 'signal_reason': 'signal_confirmed', 'signal_details': {'ma7': 0.9979596560034517, 'ma14': 0.9923758417156219, 'ma28': 0.9807460787451034, 'mavol_fast': 2459.7822784106515, 'mavol_slow': 2256.7053490115154, 'volume': 4770.570048103434, 'volume_ratio': 1.089988234169821, 'volume_spike_ratio': 2.1139534455364517, 'adx': 99.77273754114319, 'di_plus': 28.249309398468423, 'di_minus': 0.005613498352654316, 'close': 0.9992326772496288, 'signal': 'LONG'}, 'htf_reason': 'htf_trend_confirmed', 'htf_details': {'ma7': 0.9300393246401556, 'ma14': 0.8664327626362123, 'ma28': 0.8592003220659431, 'adx': 29.809417518405308, 'di_plus': 58.353724306946496, 'di_minus': 22.868841288325648, 'open': 0.9788474372024978, 'close': 0.9980830577458332, 'trend': 'LONG'}, 'score_details': {'score': 76.51081438486007, 'adx': 99.77273754114319, 'volume_ratio': 2.1139534455364517, 'ma_separation_pct': 1.7551512701813297, 'rr_ratio': 1.45, 'adx_points': 40.0, 'volume_points': 16.709301683046775, 'ma_points': 17.551512701813298, 'rr_points': 2.25}, 'signal_row': {'open': 0.999044709789439, 'high': 1.000314153434747, 'low': 0.9979632336043208, 'close': 0.9992326772496288, 'volume': 4770.570048103434, 'ma7': 0.9979596560034517, 'ma14': 0.9923758417156219, 'ma28': 0.9807460787451034, 'mavol_fast': 2459.7822784106515, 'mavol_slow': 2256.7053490115154, 'volume_ratio': 1.089988234169821, 'volume_spike_ratio': 2.1139534455364517, 'rsi': 93.76286743401387, 'di_plus': 28.249309398468423, 'di_minus': 0.005613498352654316, 'adx': 99.77273754114319, 'atr': 0.0059420946083350145, 'atr_pct': 0.005946657614010913}, 'side': 'LONG', 'risk_amount': 4.734985817164212, 'pretrade_exit_plan': {'stop_loss': 0.9807, 'take_profit': 1.0262, 'risk_distance': 0.018532677249628815, 'reward_distance': 0.02696732275037117, 'risk_reward': 1.4551228830638212}, 'entry_price_hint': 0.9992326772496288, 'create_bracket': True, 'leverage': 2.0, 'liquidation_price_estimate': 0.5046125020110626, 'portfolio_heat_after': 4.637730907092642, 'atr_pct': 0.005946657614010913, 'entry_bar_index': 675, 'actual_exit_plan': {'stop_loss': 0.9807, 'take_profit': 1.0271, 'risk_distance': 0.018932370320528635, 'reward_distance': 0.02746762967947125, 'risk_reward': 1.4508288827251448}, 'position_side': 'LONG', 'exit_plan': {'stop_loss': 0.9807, 'take_profit': 1.0271, 'risk_distance': 0.018932370320528635, 'reward_distance': 0.02746762967947125, 'risk_reward': 1.4508288827251448}, 'source_entry_order': 'db97142f-52a6-4cf1-acc8-b45a859c6b20', 'exit_reason': 'take_profit_2'}",2.857905849069841
3eed9aef-61a1-4117-bbc5-9d1e7505327e,BUSDT,LONG,2025-01-03 08:15:00+00:00,2025-01-03 21:40:00+00:00,0.9996323703205287,0.98011158,0.09999999999999432,-0.0019520790320527559,0.00010888591726762523,9.88113070899793e-05,-0.002060964949320381,0.0018932370320525749,stop_loss,161,"{'strategy': 'live_indicator_adapter', 'signal_reason': 'signal_confirmed', 'signal_details': {'ma7': 0.9979596560034517, 'ma14': 0.9923758417156219, 'ma28': 0.9807460787451034, 'mavol_fast': 2459.7822784106515, 'mavol_slow': 2256.7053490115154, 'volume': 4770.570048103434, 'volume_ratio': 1.089988234169821, 'volume_spike_ratio': 2.1139534455364517, 'adx': 99.77273754114319, 'di_plus': 28.249309398468423, 'di_minus': 0.005613498352654316, 'close': 0.9992326772496288, 'signal': 'LONG'}, 'htf_reason': 'htf_trend_confirmed', 'htf_details': {'ma7': 0.9300393246401556, 'ma14': 0.8664327626362123, 'ma28': 0.8592003220659431, 'adx': 29.809417518405308, 'di_plus': 58.353724306946496, 'di_minus': 22.868841288325648, 'open': 0.9788474372024978, 'close': 0.9980830577458332, 'trend': 'LONG'}, 'score_details': {'score': 76.51081438486007, 'adx': 99.77273754114319, 'volume_ratio': 2.1139534455364517, 'ma_separation_pct': 1.7551512701813297, 'rr_ratio': 1.45, 'adx_points': 40.0, 'volume_points': 16.709301683046775, 'ma_points': 17.551512701813298, 'rr_points': 2.25}, 'signal_row': {'open': 0.999044709789439, 'high': 1.000314153434747, 'low': 0.9979632336043208, 'close': 0.9992326772496288, 'volume': 4770.570048103434, 'ma7': 0.9979596560034517, 'ma14': 0.9923758417156219, 'ma28': 0.9807460787451034, 'mavol_fast': 2459.7822784106515, 'mavol_slow': 2256.7053490115154, 'volume_ratio': 1.089988234169821, 'volume_spike_ratio': 2.1139534455364517, 'rsi': 93.76286743401387, 'di_plus': 28.249309398468423, 'di_minus': 0.005613498352654316, 'adx': 99.77273754114319, 'atr': 0.0059420946083350145, 'atr_pct': 0.005946657614010913}, 'side': 'LONG', 'risk_amount': 4.734985817164212, 'pretrade_exit_plan': {'stop_loss': 0.9807, 'take_profit': 1.0262, 'risk_distance': 0.018532677249628815, 'reward_distance': 0.02696732275037117, 'risk_reward': 1.4551228830638212}, 'entry_price_hint': 0.9992326772496288, 'create_bracket': True, 'leverage': 2.0, 'liquidation_price_estimate': 0.5046125020110626, 'portfolio_heat_after': 4.637730907092642, 'atr_pct': 0.005946657614010913, 'entry_bar_index': 675, 'actual_exit_plan': {'stop_loss': 0.9807, 'take_profit': 1.0271, 'risk_distance': 0.018932370320528635, 'reward_distance': 0.02746762967947125, 'risk_reward': 1.4508288827251448}, 'position_side': 'LONG', 'exit_plan': {'stop_loss': 0.9807, 'take_profit': 1.0271, 'risk_distance': 0.018932370320528635, 'reward_distance': 0.02746762967947125, 'risk_reward': 1.4508288827251448}, 'source_entry_order': 'db97142f-52a6-4cf1-acc8-b45a859c6b20', 'exit_reason': 'stop_loss'}",-1.0885931948446848
087be86c-4ec6-4d01-a5b3-650419d4a85d,BUSDT,SHORT,2025-01-04 05:25:00+00:00,2025-01-04 06:30:00+00:00,0.8399170795356858,0.8099,125.3,3.7611400658214413,0.07817897953620179,0.04211348942209659,3.6829610862852395,2.591569934178568,take_profit_1,13,"{'strategy': 'live_indicator_adapter', 'signal_reason': 'signal_confirmed', 'signal_details': {'ma7': 0.8469399815046578, 'ma14': 0.8529734224245404, 'ma28': 0.8605679001208276, 'mavol_fast': 1517.7135181791261, 'mavol_slow': 1321.6326666014204, 'volume': 4014.1718389154967, 'volume_ratio': 1.148362594639801, 'volume_spike_ratio': 3.037282552373606, 'adx': 96.83465328535694, 'di_plus': 0.1981858231403256, 'di_minus': 27.069759376974847, 'close': 0.840253180808009, 'signal': 'SHORT'}, 'htf_reason': 'htf_trend_confirmed', 'htf_details': {'ma7': 0.8934487690758884, 'ma14': 0.9635354126733837, 'ma28': 0.984252427597489, 'adx': 30.593384803786314, 'di_plus': 24.75128226967541, 'di_minus': 54.79959263867656, 'open': 0.8666177676607035, 'close': 0.8510073589398586, 'trend': 'SHORT'}, 'score_details': {'score': 88.08595973572385, 'adx': 96.83465328535694, 'volume_ratio': 3.037282552373606, 'ma_separation_pct': 1.5835959735723852, 'rr_ratio': 1.45, 'adx_points': 40.0, 'volume_points': 30.0, 'ma_points': 15.835959735723852, 'rr_points': 2.25}, 'signal_row': {'open': 0.8427904514110899, 'high': 0.8447879832303313, 'low': 0.8382556489887676, 'close': 0.840253180808009, 'volume': 4014.1718389154967, 'ma7': 0.8469399815046578, 'ma14': 0.8529734224245404, 'ma28': 0.8605679001208276, 'mavol_fast': 1517.7135181791261, 'mavol_slow': 1321.6326666014204, 'volume_ratio': 1.148362594639801, 'volume_spike_ratio': 3.037282552373606, 'rsi': 3.397981587139938, 'di_plus': 0.1981858231403256, 'di_minus': 27.069759376974847, 'adx': 96.83465328535694, 'atr': 0.006045067813249314, 'atr_pct': 0.007194340885965134}, 'side': 'SHORT', 'risk_amount': 5.183139868357136, 'pretrade_exit_plan': {'stop_loss': 0.8606, 'take_profit': 0.8107, 'risk_distance': 0.020346819191990995, 'reward_distance': 0.02955318080800906, 'risk_reward': 1.4524717858426694}, 'entry_price_hint': 0.840253180808009, 'create_bracket': True, 'leverage': 2.0, 'liquidation_price_estimate': 1.2561785053079737, 'portfolio_heat_after': 5.103655898392618, 'atr_pct': 0.007194340885965134, 'entry_bar_index': 929, 'actual_exit_plan': {'stop_loss': 0.8606, 'take_profit': 0.8099, 'risk_distance': 0.02068292046431419, 'reward_distance': 0.030017079535685887, 'risk_reward': 1.451297924172586}, 'position_side': 'SHORT', 'exit_plan': {'stop_loss': 0.8606, 'take_profit': 0.8099, 'risk_distance': 0.02068292046431419, 'reward_distance': 0.030017079535685887, 'risk_reward': 1.451297924172586}, 'source_entry_order': '940ccf22-52be-4014-8df2-882043ac2f1f', 'exit_reason': 'take_profit_1'}",1.4211312755689158
fef5e11b-3706-4113-9d5b-4bc6f51425d4,BUSDT,SHORT,2025-01-04 05:25:00+00:00,2025-01-04 08:00:00+00:00,0.8399170795356858,0.7799,125.3,7.520140065821431,0.07742717953620179,0.04211348942209659,7.4427128862852285,2.591569934178568,take_profit_2,31,"{'strategy': 'live_indicator_adapter', 'signal_reason': 'signal_confirmed', 'signal_details': {'ma7': 0.8469399815046578, 'ma14': 0.8529734224245404, 'ma28': 0.8605679001208276, 'mavol_fast': 1517.7135181791261, 'mavol_slow': 1321.6326666014204, 'volume': 4014.1718389154967, 'volume_ratio': 1.148362594639801, 'volume_spike_ratio': 3.037282552373606, 'adx': 96.83465328535694, 'di_plus': 0.1981858231403256, 'di_minus': 27.069759376974847, 'close': 0.840253180808009, 'signal': 'SHORT'}, 'htf_reason': 'htf_trend_confirmed', 'htf_details': {'ma7': 0.8934487690758884, 'ma14': 0.9635354126733837, 'ma28': 0.984252427597489, 'adx': 30.593384803786314, 'di_plus': 24.75128226967541, 'di_minus': 54.79959263867656, 'open': 0.8666177676607035, 'close': 0.8510073589398586, 'trend': 'SHORT'}, 'score_details': {'score': 88.08595973572385, 'adx': 96.83465328535694, 'volume_ratio': 3.037282552373606, 'ma_separation_pct': 1.5835959735723852, 'rr_ratio': 1.45, 'adx_points': 40.0, 'volume_points': 30.0, 'ma_points': 15.835959735723852, 'rr_points': 2.25}, 'signal_row': {'open': 0.8427904514110899, 'high': 0.8447879832303313, 'low': 0.8382556489887676, 'close': 0.840253180808009, 'volume': 4014.1718389154967, 'ma7': 0.8469399815046578, 'ma14': 0.8529734224245404, 'ma28': 0.8605679001208276, 'mavol_fast': 1517.7135181791261, 'mavol_slow': 1321.6326666014204, 'volume_ratio': 1.148362594639801, 'volume_spike_ratio': 3.037282552373606, 'rsi': 3.397981587139938, 'di_plus': 0.1981858231403256, 'di_minus': 27.069759376974847, 'adx': 96.83465328535694, 'atr': 0.006045067813249314, 'atr_pct': 0.007194340885965134}, 'side': 'SHORT', 'risk_amount': 5.183139868357136, 'pretrade_exit_plan': {'stop_loss': 0.8606, 'take_profit': 0.8107, 'risk_distance': 0.020346819191990995, 'reward_distance': 0.02955318080800906, 'risk_reward': 1.4524717858426694}, 'entry_price_hint': 0.840253180808009, 'create_bracket': True, 'leverage': 2.0, 'liquidation_price_estimate': 1.2561785053079737, 'portfolio_heat_after': 5.103655898392618, 'atr_pct': 0.007194340885965134, 'entry_bar_index': 929, 'actual_exit_plan': {'stop_loss': 0.8606, 'take_profit': 0.8099, 'risk_distance': 0.02068292046431419, 'reward_distance': 0.030017079535685887, 'risk_reward': 1.451297924172586}, 'position_side': 'SHORT', 'exit_plan': {'stop_loss': 0.8606, 'take_profit': 0.8099, 'risk_distance': 0.02068292046431419, 'reward_distance': 0.030017079535685887, 'risk_reward': 1.451297924172586}, 'source_entry_order': '940ccf22-52be-4014-8df2-882043ac2f1f', 'exit_reason': 'take_profit_2'}",2.8718935144786255
c50404f3-f81d-4ad2-9d85-ca6dd59b5106,SAGAUSDT,SHORT,2025-01-02 17:25:00+00:00,2025-01-04 10:45:00+00:00,1.0999167303952406,1.0606,0.09999999999999432,0.003931673039523841,8.170742017173716e-05,4.401427492577159e-05,0.003849965619352104,0.0027083269604757376,take_profit_1,496,"{'strategy': 'live_indicator_adapter', 'signal_reason': 'signal_confirmed', 'signal_details': {'ma7': 1.107186169281971, 'ma14': 1.1153756137594206, 'ma28': 1.1269016700053271, 'mavol_fast': 2167.942371318851, 'mavol_slow': 2027.8136795169416, 'volume': 2358.9648613206064, 'volume_ratio': 1.069103336868351, 'volume_spike_ratio': 1.1633045408208067, 'adx': 90.22803939741236, 'di_plus': 0.3850404558698917, 'di_minus': 27.31795037580021, 'close': 1.1003568731444984, 'signal': 'SHORT'}, 'htf_reason': 'htf_trend_confirmed', 'htf_details': {'ma7': 1.1644593085574773, 'ma14': 1.2532974101016858, 'ma28': 1.4133903937057757, 'adx': 36.787848259957926, 'di_plus': 19.11986127701018, 'di_minus': 59.831055375792616, 'open': 1.132186573142442, 'close': 1.1110803297804703, 'trend': 'SHORT'}, 'score_details': {'score': 62.19488402861813, 'adx': 90.22803939741236, 'volume_ratio': 1.1633045408208067, 'ma_separation_pct': 1.7495315916306025, 'rr_ratio': 1.4499999999999997, 'adx_points': 40.0, 'volume_points': 2.4495681123121003, 'ma_points': 17.495315916306026, 'rr_points': 2.2499999999999987}, 'signal_row': {'open': 1.1022738048263638, 'high': 1.1063942703140268, 'low': 1.0962364076568354, 'close': 1.1003568731444984, 'volume': 2358.9648613206064, 'ma7': 1.107186169281971, 'ma14': 1.1153756137594206, 'ma28': 1.1269016700053271, 'mavol_fast': 2167.942371318851, 'mavol_slow': 2027.8136795169416, 'volume_ratio': 1.069103336868351, 'volume_spike_ratio': 1.1633045408208067, 'rsi': 2.990661786190003, 'di_plus': 0.3850404558698917, 'di_minus': 27.31795037580021, 'adx': 90.22803939741236, 'atr': 0.007566452841224639, 'atr_pct': 0.006876362592803122}, 'side': 'SHORT', 'risk_amount': 5.202696091074276, 'pretrade_exit_plan': {'stop_loss': 1.127, 'take_profit': 1.0617, 'risk_distance': 0.02664312685550163, 'reward_distance': 0.03865687314449828, 'risk_reward': 1.4509135265598863}, 'entry_price_hint': 1.1003568731444984, 'create_bracket': True, 'leverage': 2.0, 'liquidation_price_estimate': 1.645033525351025, 'portfolio_heat_after': 8.309661442562168, 'atr_pct': 0.006876362592803122, 'entry_bar_index': 497, 'actual_exit_plan': {'stop_loss': 1.127, 'take_profit': 1.0606, 'risk_distance': 0.027083269604759375, 'reward_distance': 0.03931673039524064, 'risk_reward': 1.4516980766728205}, 'position_side': 'SHORT', 'exit_plan': {'stop_loss': 1.127, 'take_profit': 1.0606, 'risk_distance': 0.027083269604759375, 'reward_distance': 0.03931673039524064, 'risk_reward': 1.4516980766728205}, 'source_entry_order': '455b5a5d-a4f3-47e8-a934-1258863d3a01', 'exit_reason': 'take_profit_1'}",1.4215291120817366
ddb69ab4-dc2e-4079-944f-bf92cad7a8ef,BUSDT,SHORT,2025-01-04 08:05:00+00:00,2025-01-04 11:10:00+00:00,0.7805007200652708,0.7461,110.2,3.7909593511928468,0.06375019264315607,0.03441823903608648,3.727209158549691,2.6116606488071583,take_profit_1,37,"{'strategy': 'live_indicator_adapter', 'signal_reason': 'signal_confirmed', 'signal_details': {'ma7': 0.7849194078932253, 'ma14': 0.7910108184668172, 'ma28': 0.8041165460746793, 'mavol_fast': 1631.2569449505795, 'mavol_slow': 1375.1075894260819, 'volume': 3544.658502270816, 'volume_ratio': 1.1862758648808016, 'volume_spike_ratio': 2.577731756793098, 'adx': 99.4323413385971, 'di_plus': 0.020497857113814973, 'di_minus': 31.977768180005818, 'close': 0.7808130452833841, 'signal': 'SHORT'}, 'htf_reason': 'htf_trend_confirmed', 'htf_details': {'ma7': 0.8422336554990988, 'ma14': 0.9054232529692546, 'ma28': 0.9758831496102969, 'adx': 34.059699782629636, 'di_plus': 19.36950483111895, 'di_minus': 61.23240459936768, 'open': 0.8022354489090364, 'close': 0.7811394927112856, 'trend': 'SHORT'}, 'score_details': {'score': 85.91597635189646, 'adx': 99.4323413385971, 'volume_ratio': 2.577731756793098, 'ma_separation_pct': 2.387357687783619, 'rr_ratio': 1.45, 'adx_points': 40.0, 'volume_points': 23.665976351896468, 'ma_points': 20.0, 'rr_points': 2.25}, 'signal_row': {'open': 0.7811394927112856, 'high': 0.7829047079125381, 'low': 0.7790478300821316, 'close': 0.7808130452833841, 'volume': 3544.658502270816, 'ma7': 0.7849194078932253, 'ma14': 0.7910108184668172, 'ma28': 0.8041165460746793, 'mavol_fast': 1631.2569449505795, 'mavol_slow': 1375.1075894260819, 'volume_ratio': 1.1862758648808016, 'volume_spike_ratio': 2.577731756793098, 'rsi': 1.3228276600190014, 'di_plus': 0.020497857113814973, 'di_minus': 31.977768180005818, 'adx': 99.4323413385971, 'atr': 0.005455762201362295, 'atr_pct': 0.006987283619707211}, 'side': 'SHORT', 'risk_amount': 5.225691225607789, 'pretrade_exit_plan': {'stop_loss': 0.8042, 'take_profit': 0.7469, 'risk_distance': 0.023386954716615893, 'reward_distance': 0.033913045283384124, 'risk_reward': 1.450083847782443}, 'entry_price_hint': 0.7808130452833841, 'create_bracket': True, 'leverage': 2.0, 'liquidation_price_estimate': 1.1673155026986595, 'portfolio_heat_after': 5.15953184197428, 'atr_pct': 0.006987283619707211, 'entry_bar_index': 961, 'actual_exit_plan': {'stop_loss': 0.8042, 'take_profit': 0.7461, 'risk_distance': 0.0236992799347292, 'reward_distance': 0.03440072006527084, 'risk_reward': 1.4515512775077872}, 'position_side': 'SHORT', 'exit_plan': {'stop_loss': 0.8042, 'take_profit': 0.7461, 'risk_distance': 0.0236992799347292, 'reward_distance': 0.03440072006527084, 'risk_reward': 1.4515512775077872}, 'source_entry_order': '9ba2f67a-f589-422d-b263-135690c0ec3a', 'exit_reason': 'take_profit_1'}",1.4271414474357702
a6e35395-afa3-42d9-94df-961419084bb7,SAGAUSDT,SHORT,2025-01-04 10:50:00+00:00,2025-01-04 12:50:00+00:00,1.062283943188883,1.07684572,235.1,-3.4234737282935623,0.2766001610986385,0.2517459288801899,-3.700073889392201,3.2716649562935975,stop_loss,24,"{'strategy': 'live_indicator_adapter', 'signal_reason': 'signal_confirmed', 'signal_details': {'ma7': 1.065525632324482, 'ma14': 1.0685610005774813, 'ma28': 1.0761368535580063, 'mavol_fast': 2454.0691519125903, 'mavol_slow': 1793.5358411881998, 'volume': 5546.55962760788, 'volume_ratio': 1.3682855371804523, 'volume_spike_ratio': 3.0925278994889442, 'adx': 93.2618507855412, 'di_plus': 2.399144287228421, 'di_minus': 25.458616963600452, 'close': 1.0627090267996029, 'signal': 'SHORT'}, 'htf_reason': 'htf_trend_confirmed', 'htf_details': {'ma7': 1.146387169612074, 'ma14': 1.2381260608249065, 'ma28': 1.384909957834309, 'adx': 38.773646745219196, 'di_plus': 16.55150416810164, 'di_minus': 64.05196596610243, 'open': 1.085214530404878, 'close': 1.0709689505900142, 'trend': 'SHORT'}, 'score_details': {'score': 82.1104756434469, 'adx': 93.2618507855412, 'volume_ratio': 3.0925278994889442, 'ma_separation_pct': 0.9860475643446911, 'rr_ratio': 1.45, 'adx_points': 40.0, 'volume_points': 30.0, 'ma_points': 9.860475643446911, 'rr_points': 2.25}, 'signal_row': {'open': 1.0642984267421247, 'high': 1.067921471436834, 'low': 1.0590859821048937, 'close': 1.0627090267996029, 'volume': 5546.55962760788, 'ma7': 1.065525632324482, 'ma14': 1.0685610005774813, 'ma28': 1.0761368535580063, 'mavol_fast': 2454.0691519125903, 'mavol_slow': 1793.5358411881998, 'volume_ratio': 1.3682855371804523, 'volume_spike_ratio': 3.0925278994889442, 'rsi': 9.074927956702922, 'di_plus': 2.399144287228421, 'di_minus': 25.458616963600452, 'adx': 93.2618507855412, 'atr': 0.006167710697245117, 'atr_pct': 0.005803762405048409}, 'side': 'SHORT', 'risk_amount': 3.2716649562935975, 'pretrade_exit_plan': {'stop_loss': 1.0762, 'take_profit': 1.0431, 'risk_distance': 0.01349097320039716, 'reward_distance': 0.01960902679960297, 'risk_reward': 1.4534923840057512}, 'entry_price_hint': 1.0627090267996029, 'create_bracket': True, 'leverage': 2.0, 'liquidation_price_estimate': 1.5887499950654065, 'portfolio_heat_after': 8.3987681223412, 'atr_pct': 0.005803762405048409, 'entry_bar_index': 994, 'actual_exit_plan': {'stop_loss': 1.0762, 'take_profit': 1.0421, 'risk_distance': 0.013916056811116961, 'reward_distance': 0.020183943188883058, 'risk_reward': 1.45040678281501}, 'position_side': 'SHORT', 'exit_plan': {'stop_loss': 1.0762, 'take_profit': 1.0421, 'risk_distance': 0.013916056811116961, 'reward_distance': 0.020183943188883058, 'risk_reward': 1.45040678281501}, 'source_entry_order': 'f44b2297-1997-441f-a6a9-0cc4ca474e9a', 'exit_reason': 'stop_loss'}",-1.130945233947164
73665a3b-6816-4bbb-9cca-e7ed147b30bd,BUSDT,SHORT,2025-01-04 08:05:00+00:00,2025-01-04 15:50:00+00:00,0.7805007200652708,0.80468252,110.3,-2.667252532800623,0.09616514125855966,0.08767142755789016,-2.7634176740591827,2.6140305768006304,stop_loss,93,"{'strategy': 'live_indicator_adapter', 'signal_reason': 'signal_confirmed', 'signal_details': {'ma7': 0.7849194078932253, 'ma14': 0.7910108184668172, 'ma28': 0.8041165460746793, 'mavol_fast': 1631.2569449505795, 'mavol_slow': 1375.1075894260819, 'volume': 3544.658502270816, 'volume_ratio': 1.1862758648808016, 'volume_spike_ratio': 2.577731756793098, 'adx': 99.4323413385971, 'di_plus': 0.020497857113814973, 'di_minus': 31.977768180005818, 'close': 0.7808130452833841, 'signal': 'SHORT'}, 'htf_reason': 'htf_trend_confirmed', 'htf_details': {'ma7': 0.8422336554990988, 'ma14': 0.9054232529692546, 'ma28': 0.9758831496102969, 'adx': 34.059699782629636, 'di_plus': 19.36950483111895, 'di_minus': 61.23240459936768, 'open': 0.8022354489090364, 'close': 0.7811394927112856, 'trend': 'SHORT'}, 'score_details': {'score': 85.91597635189646, 'adx': 99.4323413385971, 'volume_ratio': 2.577731756793098, 'ma_separation_pct': 2.387357687783619, 'rr_ratio': 1.45, 'adx_points': 40.0, 'volume_points': 23.665976351896468, 'ma_points': 20.0, 'rr_points': 2.25}, 'signal_row': {'open': 0.7811394927112856, 'high': 0.7829047079125381, 'low': 0.7790478300821316, 'close': 0.7808130452833841, 'volume': 3544.658502270816, 'ma7': 0.7849194078932253, 'ma14': 0.7910108184668172, 'ma28': 0.8041165460746793, 'mavol_fast': 1631.2569449505795, 'mavol_slow': 1375.1075894260819, 'volume_ratio': 1.1862758648808016, 'volume_spike_ratio': 2.577731756793098, 'rsi': 1.3228276600190014, 'di_plus': 0.020497857113814973, 'di_minus': 31.977768180005818, 'adx': 99.4323413385971, 'atr': 0.005455762201362295, 'atr_pct': 0.006987283619707211}, 'side': 'SHORT', 'risk_amount': 5.225691225607789, 'pretrade_exit_plan': {'stop_loss': 0.8042, 'take_profit': 0.7469, 'risk_distance': 0.023386954716615893, 'reward_distance': 0.033913045283384124, 'risk_reward': 1.450083847782443}, 'entry_price_hint': 0.7808130452833841, 'create_bracket': True, 'leverage': 2.0, 'liquidation_price_estimate': 1.1673155026986595, 'portfolio_heat_after': 5.15953184197428, 'atr_pct': 0.006987283619707211, 'entry_bar_index': 961, 'actual_exit_plan': {'stop_loss': 0.8042, 'take_profit': 0.7461, 'risk_distance': 0.0236992799347292, 'reward_distance': 0.03440072006527084, 'risk_reward': 1.4515512775077872}, 'position_side': 'SHORT', 'exit_plan': {'stop_loss': 0.8042, 'take_profit': 0.7461, 'risk_distance': 0.0236992799347292, 'reward_distance': 0.03440072006527084, 'risk_reward': 1.4515512775077872}, 'source_entry_order': '9ba2f67a-f589-422d-b263-135690c0ec3a', 'exit_reason': 'stop_loss'}",-1.0571481828041165
02d84a21-aa41-4a24-a4ea-2bbc42d1597a,BUSDT,LONG,2025-01-05 02:40:00+00:00,2025-01-05 04:55:00+00:00,1.0016149190608172,1.0313,124.8,3.7046981012100226,0.0944920960443345,0.04998062450969485,3.610206005165688,2.5477818987899954,take_profit_1,27,"{'strategy': 'live_indicator_adapter', 'signal_reason': 'signal_confirmed', 'signal_details': {'ma7': 0.999129563513695, 'ma14': 0.9950016348149414, 'ma28': 0.9812687863426014, 'mavol_fast': 2421.2265330664936, 'mavol_slow': 2194.915706589235, 'volume': 5352.3216764522, 'volume_ratio': 1.1031068417788725, 'volume_spike_ratio': 2.4385089871033734, 'adx': 99.15933145728637, 'di_plus': 30.70067703236437, 'di_minus': 0.023604141500547345, 'close': 1.0012144332875024, 'signal': 'LONG'}, 'htf_reason': 'htf_trend_confirmed', 'htf_details': {'ma7': 0.9297246876689157, 'ma14': 0.8689268836604017, 'ma28': 0.8522034560349528, 'adx': 31.653245406369923, 'di_plus': 57.82387519814893, 'di_minus': 21.456744490494284, 'open': 0.9676654109302064, 'close': 0.9962037076572312, 'trend': 'LONG'}, 'score_details': {'score': 82.02935223574197, 'adx': 99.15933145728637, 'volume_ratio': 2.4385089871033734, 'ma_separation_pct': 1.820171742919136, 'rr_ratio': 1.45, 'adx_points': 40.0, 'volume_points': 21.577634806550602, 'ma_points': 18.20171742919136, 'rr_points': 2.25}, 'signal_row': {'open': 1.0002989007702212, 'high': 1.004616183110121, 'low': 0.9968971509476028, 'close': 1.0012144332875024, 'volume': 5352.3216764522, 'ma7': 0.999129563513695, 'ma14': 0.9950016348149414, 'ma28': 0.9812687863426014, 'mavol_fast': 2421.2265330664936, 'mavol_slow': 2194.915706589235, 'volume_ratio': 1.1031068417788725, 'volume_spike_ratio': 2.4385089871033734, 'rsi': 95.1442858047293, 'di_plus': 30.70067703236437, 'di_minus': 0.023604141500547345, 'adx': 99.15933145728637, 'atr': 0.00632583164462343, 'atr_pct': 0.006318158662428056}, 'side': 'LONG', 'risk_amount': 5.095563797579991, 'pretrade_exit_plan': {'stop_loss': 0.9812, 'take_profit': 1.0303, 'risk_distance': 0.02001443328750241, 'reward_distance': 0.029085566712497624, 'risk_reward': 1.4532295915997528}, 'entry_price_hint': 1.0012144332875024, 'create_bracket': True, 'leverage': 2.0, 'liquidation_price_estimate': 0.5056132888101887, 'portfolio_heat_after': 4.995602548560601, 'atr_pct': 0.006318158662428056, 'entry_bar_index': 1184, 'actual_exit_plan': {'stop_loss': 0.9812, 'take_profit': 1.0313, 'risk_distance': 0.02041491906081727, 'reward_distance': 0.029685080939182873, 'risk_reward': 1.4540876136098915}, 'position_side': 'LONG', 'exit_plan': {'stop_loss': 0.9812, 'take_profit': 1.0313, 'risk_distance': 0.02041491906081727, 'reward_distance': 0.029685080939182873, 'risk_reward': 1.4540876136098915}, 'source_entry_order': 'e6430a10-ac9a-4203-ae5a-26468cf66a48', 'exit_reason': 'take_profit_1'}",1.416999628924385
8325adbc-c66d-417a-9fbe-99bf6c291e02,SAGAUSDT,LONG,2025-01-05 02:45:00+00:00,2025-01-05 05:25:00+00:00,1.4531821212949503,1.5108,65.7,3.7854946309217614,0.07236264795299303,0.03817435640506455,3.7131319829687683,2.607115369078235,take_profit_1,32,"{'strategy': 'live_indicator_adapter', 'signal_reason': 'signal_confirmed', 'signal_details': {'ma7': 1.4475351863058858, 'ma14': 1.4367951152751761, 'ma28': 1.4135089499848645, 'mavol_fast': 2373.037385941899, 'mavol_slow': 2204.0052614586584, 'volume': 3443.08288177215, 'volume_ratio': 1.07669315833274, 'volume_spike_ratio': 1.5621935854606095, 'adx': 99.99031201337917, 'di_plus': 32.868645003308394, 'di_minus': 0.00011200660246477778, 'close': 1.4526010808626053, 'signal': 'LONG'}, 'htf_reason': 'htf_trend_confirmed', 'htf_details': {'ma7': 1.328090167562717, 'ma14': 1.2333860506389431, 'ma28': 1.2112662823051719, 'adx': 32.98999639751613, 'di_plus': 58.5191000307936, 'di_minus': 21.558196758489604, 'open': 1.3856501119296614, 'close': 1.4307504835803744, 'trend': 'LONG'}, 'score_details': {'score': 70.68290378190915, 'adx': 99.99031201337917, 'volume_ratio': 1.5621935854606095, 'ma_separation_pct': 2.4072176070328846, 'rr_ratio': 1.45, 'adx_points': 40.0, 'volume_points': 8.432903781909143, 'ma_points': 20.0, 'rr_points': 2.25}, 'signal_row': {'open': 1.4501875433277958, 'high': 1.4535558844058225, 'low': 1.4492327397845786, 'close': 1.4526010808626053, 'volume': 3443.08288177215, 'ma7': 1.4475351863058858, 'ma14': 1.4367951152751761, 'ma28': 1.4135089499848645, 'mavol_fast': 2373.037385941899, 'mavol_slow': 2204.0052614586584, 'volume_ratio': 1.07669315833274, 'volume_spike_ratio': 1.5621935854606095, 'rsi': 93.71106092954516, 'di_plus': 32.868645003308394, 'di_minus': 0.00011200660246477778, 'adx': 99.99031201337917, 'atr': 0.00893198811964141, 'atr_pct': 0.006148961499007892}, 'side': 'LONG', 'risk_amount': 5.218198950285965, 'pretrade_exit_plan': {'stop_loss': 1.4135, 'take_profit': 1.5093, 'risk_distance': 0.03910108086260533, 'reward_distance': 0.056698919137394777, 'risk_reward': 1.450060148890137}, 'entry_price_hint': 1.4526010808626053, 'create_bracket': True, 'leverage': 2.0, 'liquidation_price_estimate': 0.7335635458356157, 'portfolio_heat_after': 10.23735593101259, 'atr_pct': 0.006148961499007892, 'entry_bar_index': 1185, 'actual_exit_plan': {'stop_loss': 1.4135, 'take_profit': 1.5108, 'risk_distance': 0.0396821212949503, 'reward_distance': 0.05761787870504964, 'risk_reward': 1.451985852187336}, 'position_side': 'LONG', 'exit_plan': {'stop_loss': 1.4135, 'take_profit': 1.5108, 'risk_distance': 0.0396821212949503, 'reward_distance': 0.05761787870504964, 'risk_reward': 1.451985852187336}, 'source_entry_order': '9f86ff68-9241-4a9f-9616-39ecbd1880ea', 'exit_reason': 'take_profit_1'}",1.4242300233462908
2e5d03b8-f2f7-42f4-bfa9-c5ffb7045953,BUSDT,LONG,2025-01-05 02:40:00+00:00,2025-01-05 06:25:00+00:00,1.0016149190608172,1.0609,124.8,7.398778101210003,0.0952309120443345,0.04998062450969485,7.303547189165668,2.5477818987899954,take_profit_2,45,"{'strategy': 'live_indicator_adapter', 'signal_reason': 'signal_confirmed', 'signal_details': {'ma7': 0.999129563513695, 'ma14': 0.9950016348149414, 'ma28': 0.9812687863426014, 'mavol_fast': 2421.2265330664936, 'mavol_slow': 2194.915706589235, 'volume': 5352.3216764522, 'volume_ratio': 1.1031068417788725, 'volume_spike_ratio': 2.4385089871033734, 'adx': 99.15933145728637, 'di_plus': 30.70067703236437, 'di_minus': 0.023604141500547345, 'close': 1.0012144332875024, 'signal': 'LONG'}, 'htf_reason': 'htf_trend_confirmed', 'htf_details': {'ma7': 0.9297246876689157, 'ma14': 0.8689268836604017, 'ma28': 0.8522034560349528, 'adx': 31.653245406369923, 'di_plus': 57.82387519814893, 'di_minus': 21.456744490494284, 'open': 0.9676654109302064, 'close': 0.9962037076572312, 'trend': 'LONG'}, 'score_details': {'score': 82.02935223574197, 'adx': 99.15933145728637, 'volume_ratio': 2.4385089871033734, 'ma_separation_pct': 1.820171742919136, 'rr_ratio': 1.45, 'adx_points': 40.0, 'volume_points': 21.577634806550602, 'ma_points': 18.20171742919136, 'rr_points': 2.25}, 'signal_row': {'open': 1.0002989007702212, 'high': 1.004616183110121, 'low': 0.9968971509476028, 'close': 1.0012144332875024, 'volume': 5352.3216764522, 'ma7': 0.999129563513695, 'ma14': 0.9950016348149414, 'ma28': 0.9812687863426014, 'mavol_fast': 2421.2265330664936, 'mavol_slow': 2194.915706589235, 'volume_ratio': 1.1031068417788725, 'volume_spike_ratio': 2.4385089871033734, 'rsi': 95.1442858047293, 'di_plus': 30.70067703236437, 'di_minus': 0.023604141500547345, 'adx': 99.15933145728637, 'atr': 0.00632583164462343, 'atr_pct': 0.006318158662428056}, 'side': 'LONG', 'risk_amount': 5.095563797579991, 'pretrade_exit_plan': {'stop_loss': 0.9812, 'take_profit': 1.0303, 'risk_distance': 0.02001443328750241, 'reward_distance': 0.029085566712497624, 'risk_reward': 1.4532295915997528}, 'entry_price_hint': 1.0012144332875024, 'create_bracket': True, 'leverage': 2.0, 'liquidation_price_estimate': 0.5056132888101887, 'portfolio_heat_after': 4.995602548560601, 'atr_pct': 0.006318158662428056, 'entry_bar_index': 1184, 'actual_exit_plan': {'stop_loss': 0.9812, 'take_profit': 1.0313, 'risk_distance': 0.02041491906081727, 'reward_distance': 0.029685080939182873, 'risk_reward': 1.4540876136098915}, 'position_side': 'LONG', 'exit_plan': {'stop_loss': 0.9812, 'take_profit': 1.0313, 'risk_distance': 0.02041491906081727, 'reward_distance': 0.029685080939182873, 'risk_reward': 1.4540876136098915}, 'source_entry_order': 'e6430a10-ac9a-4203-ae5a-26468cf66a48', 'exit_reason': 'take_profit_2'}",2.866629672121583
6d12e612-9b88-4b16-ab04-87bd00188733,SAGAUSDT,LONG,2025-01-05 02:45:00+00:00,2025-01-05 07:05:00+00:00,1.4531821212949503,1.5684,65.7,7.569814630921768,0.07311951195299303,0.038174356405064544,7.496695118968775,2.607115369078235,take_profit_2,52,"{'strategy': 'live_indicator_adapter', 'signal_reason': 'signal_confirmed', 'signal_details': {'ma7': 1.4475351863058858, 'ma14': 1.4367951152751761, 'ma28': 1.4135089499848645, 'mavol_fast': 2373.037385941899, 'mavol_slow': 2204.0052614586584, 'volume': 3443.08288177215, 'volume_ratio': 1.07669315833274, 'volume_spike_ratio': 1.5621935854606095, 'adx': 99.99031201337917, 'di_plus': 32.868645003308394, 'di_minus': 0.00011200660246477778, 'close': 1.4526010808626053, 'signal': 'LONG'}, 'htf_reason': 'htf_trend_confirmed', 'htf_details': {'ma7': 1.328090167562717, 'ma14': 1.2333860506389431, 'ma28': 1.2112662823051719, 'adx': 32.98999639751613, 'di_plus': 58.5191000307936, 'di_minus': 21.558196758489604, 'open': 1.3856501119296614, 'close': 1.4307504835803744, 'trend': 'LONG'}, 'score_details': {'score': 70.68290378190915, 'adx': 99.99031201337917, 'volume_ratio': 1.5621935854606095, 'ma_separation_pct': 2.4072176070328846, 'rr_ratio': 1.45, 'adx_points': 40.0, 'volume_points': 8.432903781909143, 'ma_points': 20.0, 'rr_points': 2.25}, 'signal_row': {'open': 1.4501875433277958, 'high': 1.4535558844058225, 'low': 1.4492327397845786, 'close': 1.4526010808626053, 'volume': 3443.08288177215, 'ma7': 1.4475351863058858, 'ma14': 1.4367951152751761, 'ma28': 1.4135089499848645, 'mavol_fast': 2373.037385941899, 'mavol_slow': 2204.0052614586584, 'volume_ratio': 1.07669315833274, 'volume_spike_ratio': 1.5621935854606095, 'rsi': 93.71106092954516, 'di_plus': 32.868645003308394, 'di_minus': 0.00011200660246477778, 'adx': 99.99031201337917, 'atr': 0.00893198811964141, 'atr_pct': 0.006148961499007892}, 'side': 'LONG', 'risk_amount': 5.218198950285965, 'pretrade_exit_plan': {'stop_loss': 1.4135, 'take_profit': 1.5093, 'risk_distance': 0.03910108086260533, 'reward_distance': 0.056698919137394777, 'risk_reward': 1.450060148890137}, 'entry_price_hint': 1.4526010808626053, 'create_bracket': True, 'leverage': 2.0, 'liquidation_price_estimate': 0.7335635458356157, 'portfolio_heat_after': 10.23735593101259, 'atr_pct': 0.006148961499007892, 'entry_bar_index': 1185, 'actual_exit_plan': {'stop_loss': 1.4135, 'take_profit': 1.5108, 'risk_distance': 0.0396821212949503, 'reward_distance': 0.05761787870504964, 'risk_reward': 1.451985852187336}, 'position_side': 'LONG', 'exit_plan': {'stop_loss': 1.4135, 'take_profit': 1.5108, 'risk_distance': 0.0396821212949503, 'reward_distance': 0.05761787870504964, 'risk_reward': 1.451985852187336}, 'source_entry_order': '9f86ff68-9241-4a9f-9616-39ecbd1880ea', 'exit_reason': 'take_profit_2'}",2.87547502035527
1ff94be7-f405-4641-8ed8-9c506e3311de,BUSDT,LONG,2025-01-05 07:55:00+00:00,2025-01-05 09:55:00+00:00,1.093842824594594,1.06725926,206.0,-5.476214306486362,0.24485286618456747,0.2220890501025754,-5.72106717267093,5.344221866486333,stop_loss,24,"{'strategy': 'live_indicator_adapter', 'signal_reason': 'signal_confirmed', 'signal_details': {'ma7': 1.0883697196866202, 'ma14': 1.081456794273136, 'ma28': 1.0679079112920378, 'mavol_fast': 1180.29811826226, 'mavol_slow': 1115.0357673819208, 'volume': 1796.5358263673809, 'volume_ratio': 1.058529378867885, 'volume_spike_ratio': 1.6111912092161915, 'adx': 98.49837292215598, 'di_plus': 31.69379436819948, 'di_minus': 0.06294565055991543, 'close': 1.09340546240963, 'signal': 'LONG'}, 'htf_reason': 'htf_trend_confirmed', 'htf_details': {'ma7': 1.0202744522415121, 'ma14': 0.9568517656298405, 'ma28': 0.8751154485411131, 'adx': 38.88202381980256, 'di_plus': 62.553200973893475, 'di_minus': 14.857642698631816, 'open': 1.0488552382382756, 'close': 1.0735789281406474, 'trend': 'LONG'}, 'score_details': {'score': 70.57851689664206, 'adx': 98.49837292215598, 'volume_ratio': 1.6111912092161915, 'ma_separation_pct': 1.9160648758399184, 'rr_ratio': 1.4499999999999997, 'adx_points': 40.0, 'volume_points': 9.167868138242873, 'ma_points': 19.16064875839918, 'rr_points': 2.2499999999999987}, 'signal_row': {'open': 1.093143246183489, 'high': 1.0945529287749818, 'low': 1.091995779818137, 'close': 1.09340546240963, 'volume': 1796.5358263673809, 'ma7': 1.0883697196866202, 'ma14': 1.081456794273136, 'ma28': 1.0679079112920378, 'mavol_fast': 1180.29811826226, 'mavol_slow': 1115.0357673819208, 'volume_ratio': 1.058529378867885, 'volume_spike_ratio': 1.6111912092161915, 'rsi': 99.42253344305657, 'di_plus': 31.69379436819948, 'di_minus': 0.06294565055991543, 'adx': 98.49837292215598, 'atr': 0.006019898592674238, 'atr_pct': 0.005505641593748469}, 'side': 'LONG', 'risk_amount': 5.344221866486333, 'pretrade_exit_plan': {'stop_loss': 1.0679, 'take_profit': 1.1304, 'risk_distance': 0.02550546240963003, 'reward_distance': 0.03699453759036997, 'risk_reward': 1.450455474839854}, 'entry_price_hint': 1.09340546240963, 'create_bracket': True, 'leverage': 2.0, 'liquidation_price_estimate': 0.5521697585168632, 'portfolio_heat_after': 5.258093468513281, 'atr_pct': 0.005505641593748469, 'entry_bar_index': 1247, 'actual_exit_plan': {'stop_loss': 1.0679, 'take_profit': 1.1315, 'risk_distance': 0.02594282459459385, 'reward_distance': 0.03765717540540603, 'risk_reward': 1.4515449259620443}, 'position_side': 'LONG', 'exit_plan': {'stop_loss': 1.0679, 'take_profit': 1.1315, 'risk_distance': 0.02594282459459385, 'reward_distance': 0.03765717540540603, 'risk_reward': 1.4515449259620443}, 'source_entry_order': '457077de-2004-4384-bb0a-12973ae72203', 'exit_reason': 'stop_loss'}",-1.0705145324425616
c35cfadf-705c-4799-a170-1dcc0bb4f980,SAGAUSDT,LONG,2025-01-05 02:45:00+00:00,2025-01-05 15:05:00+00:00,1.4531821212949503,1.4126519,0.09999999999999432,-0.004053022129494802,0.00015762087117121706,0.00014291404323449265,-0.004210643000666019,0.00396821212949483,stop_loss,148,"{'strategy': 'live_indicator_adapter', 'signal_reason': 'signal_confirmed', 'signal_details': {'ma7': 1.4475351863058858, 'ma14': 1.4367951152751761, 'ma28': 1.4135089499848645, 'mavol_fast': 2373.037385941899, 'mavol_slow': 2204.0052614586584, 'volume': 3443.08288177215, 'volume_ratio': 1.07669315833274, 'volume_spike_ratio': 1.5621935854606095, 'adx': 99.99031201337917, 'di_plus': 32.868645003308394, 'di_minus': 0.00011200660246477778, 'close': 1.4526010808626053, 'signal': 'LONG'}, 'htf_reason': 'htf_trend_confirmed', 'htf_details': {'ma7': 1.328090167562717, 'ma14': 1.2333860506389431, 'ma28': 1.2112662823051719, 'adx': 32.98999639751613, 'di_plus': 58.5191000307936, 'di_minus': 21.558196758489604, 'open': 1.3856501119296614, 'close': 1.4307504835803744, 'trend': 'LONG'}, 'score_details': {'score': 70.68290378190915, 'adx': 99.99031201337917, 'volume_ratio': 1.5621935854606095, 'ma_separation_pct': 2.4072176070328846, 'rr_ratio': 1.45, 'adx_points': 40.0, 'volume_points': 8.432903781909143, 'ma_points': 20.0, 'rr_points': 2.25}, 'signal_row': {'open': 1.4501875433277958, 'high': 1.4535558844058225, 'low': 1.4492327397845786, 'close': 1.4526010808626053, 'volume': 3443.08288177215, 'ma7': 1.4475351863058858, 'ma14': 1.4367951152751761, 'ma28': 1.4135089499848645, 'mavol_fast': 2373.037385941899, 'mavol_slow': 2204.0052614586584, 'volume_ratio': 1.07669315833274, 'volume_spike_ratio': 1.5621935854606095, 'rsi': 93.71106092954516, 'di_plus': 32.868645003308394, 'di_minus': 0.00011200660246477778, 'adx': 99.99031201337917, 'atr': 0.00893198811964141, 'atr_pct': 0.006148961499007892}, 'side': 'LONG', 'risk_amount': 5.218198950285965, 'pretrade_exit_plan': {'stop_loss': 1.4135, 'take_profit': 1.5093, 'risk_distance': 0.03910108086260533, 'reward_distance': 0.056698919137394777, 'risk_reward': 1.450060148890137}, 'entry_price_hint': 1.4526010808626053, 'create_bracket': True, 'leverage': 2.0, 'liquidation_price_estimate': 0.7335635458356157, 'portfolio_heat_after': 10.23735593101259, 'atr_pct': 0.006148961499007892, 'entry_bar_index': 1185, 'actual_exit_plan': {'stop_loss': 1.4135, 'take_profit': 1.5108, 'risk_distance': 0.0396821212949503, 'reward_distance': 0.05761787870504964, 'risk_reward': 1.451985852187336}, 'position_side': 'LONG', 'exit_plan': {'stop_loss': 1.4135, 'take_profit': 1.5108, 'risk_distance': 0.0396821212949503, 'reward_distance': 0.05761787870504964, 'risk_reward': 1.451985852187336}, 'source_entry_order': '9f86ff68-9241-4a9f-9616-39ecbd1880ea', 'exit_reason': 'stop_loss'}",-1.0610932236634365
b67c2afc-7b09-43ab-82e4-d7e3665991dc,BUSDT,SHORT,2025-01-05 21:10:00+00:00,2025-01-05 23:35:00+00:00,0.8114965515158583,0.7764,109.4,3.839562735834902,0.0658153795047092,0.035525299214020034,3.773747356330192,2.6478572641651006,take_profit_1,29,"{'strategy': 'live_indicator_adapter', 'signal_reason': 'signal_confirmed', 'signal_details': {'ma7': 0.8157998826629876, 'ma14': 0.821775397219228, 'ma28': 0.8356112891000961, 'mavol_fast': 1467.3941030524381, 'mavol_slow': 1350.5872331831072, 'volume': 3621.285961368753, 'volume_ratio': 1.0864859869836299, 'volume_spike_ratio': 2.681267727397356, 'adx': 99.53500154340472, 'di_plus': 0.016873768419625332, 'di_minus': 36.5086728521067, 'close': 0.8118212800278695, 'signal': 'SHORT'}, 'htf_reason': 'htf_trend_confirmed', 'htf_details': {'ma7': 0.8821762252851635, 'ma14': 0.956609089278021, 'ma28': 0.9567304274539307, 'adx': 32.12874868229273, 'di_plus': 22.605860260709836, 'di_minus': 56.03007022420842, 'open': 0.8350243450649435, 'close': 0.8148760804059745, 'trend': 'SHORT'}, 'score_details': {'score': 87.46901591096034, 'adx': 99.53500154340472, 'volume_ratio': 2.681267727397356, 'ma_separation_pct': 2.37088783930195, 'rr_ratio': 1.45, 'adx_points': 40.0, 'volume_points': 25.219015910960344, 'ma_points': 20.0, 'rr_points': 2.25}, 'signal_row': {'open': 0.812204250324104, 'high': 0.8144515027422877, 'low': 0.8095740276096858, 'close': 0.8118212800278695, 'volume': 3621.285961368753, 'ma7': 0.8157998826629876, 'ma14': 0.821775397219228, 'ma28': 0.8356112891000961, 'mavol_fast': 1467.3941030524381, 'mavol_slow': 1350.5872331831072, 'volume_ratio': 1.0864859869836299, 'volume_spike_ratio': 2.681267727397356, 'rsi': 0.16854386072569127, 'di_plus': 0.016873768419625332, 'di_minus': 36.5086728521067, 'adx': 99.53500154340472, 'atr': 0.00517962677023869, 'atr_pct': 0.0063802549867390465}, 'side': 'SHORT', 'risk_amount': 5.295714528330201, 'pretrade_exit_plan': {'stop_loss': 0.8357, 'take_profit': 0.7771, 'risk_distance': 0.023878719972130535, 'reward_distance': 0.03472128002786945, 'risk_reward': 1.454067892600338}, 'entry_price_hint': 0.8118212800278695, 'create_bracket': True, 'leverage': 2.0, 'liquidation_price_estimate': 1.213672813641665, 'portfolio_heat_after': 5.224663929902161, 'atr_pct': 0.0063802549867390465, 'entry_bar_index': 1406, 'actual_exit_plan': {'stop_loss': 0.8357, 'take_profit': 0.7764, 'risk_distance': 0.024203448484141687, 'reward_distance': 0.03509655151585833, 'risk_reward': 1.4500640906131166}, 'position_side': 'SHORT', 'exit_plan': {'stop_loss': 0.8357, 'take_profit': 0.7764, 'risk_distance': 0.024203448484141687, 'reward_distance': 0.03509655151585833, 'risk_reward': 1.4500640906131166}, 'source_entry_order': 'dd8963cb-c27b-4d35-9735-dcde02ce237f', 'exit_reason': 'take_profit_1'}",1.4252080002205472
f3e08671-6414-46ad-9be8-440f6a496c74,SAGAUSDT,SHORT,2025-01-05 23:05:00+00:00,2025-01-05 23:45:00+00:00,1.1971601244305594,1.173,104.3,2.5199009781073425,0.09314387053795906,0.04996550659388625,2.4267571075693835,1.735539021892652,take_profit_1,8,"{'strategy': 'live_indicator_adapter', 'signal_reason': 'signal_confirmed', 'signal_details': {'ma7': 1.1988864900003349, 'ma14': 1.203417832414758, 'ma28': 1.2137365862979348, 'mavol_fast': 1225.4557468925054, 'mavol_slow': 1142.8125092199411, 'volume': 1282.010718778016, 'volume_ratio': 1.0723156572104506, 'volume_spike_ratio': 1.1218031903177963, 'adx': 91.60584253662562, 'di_plus': 1.3699247770274179, 'di_minus': 26.6700641870888, 'close': 1.1976391801026005, 'signal': 'SHORT'}, 'htf_reason': 'htf_trend_confirmed', 'htf_details': {'ma7': 1.2747225020768858, 'ma14': 1.3752284389827094, 'ma28': 1.4032788105862017, 'adx': 32.57600738747533, 'di_plus': 23.088205947251232, 'di_minus': 56.91533910226666, 'open': 1.2114610301217092, 'close': 1.1987494510515002, 'trend': 'SHORT'}, 'score_details': {'score': 56.31207188324645, 'adx': 91.60584253662562, 'volume_ratio': 1.1218031903177963, 'ma_separation_pct': 1.2235024028479509, 'rr_ratio': 1.45, 'adx_points': 40.0, 'volume_points': 1.8270478547669444, 'ma_points': 12.235024028479506, 'rr_points': 2.25}, 'signal_row': {'open': 1.1987494510515002, 'high': 1.2020191175232946, 'low': 1.194369513630806, 'close': 1.1976391801026005, 'volume': 1282.010718778016, 'ma7': 1.1988864900003349, 'ma14': 1.203417832414758, 'ma28': 1.2137365862979348, 'mavol_fast': 1225.4557468925054, 'mavol_slow': 1142.8125092199411, 'volume_ratio': 1.0723156572104506, 'volume_spike_ratio': 1.1218031903177963, 'rsi': 8.74070842230546, 'di_plus': 1.3699247770274179, 'di_minus': 26.6700641870888, 'adx': 91.60584253662562, 'atr': 0.006493531318064921, 'atr_pct': 0.005421942957401098}, 'side': 'SHORT', 'risk_amount': 3.471078043785304, 'pretrade_exit_plan': {'stop_loss': 1.2138, 'take_profit': 1.1742, 'risk_distance': 0.01616081989739948, 'reward_distance': 0.0234391801026006, 'risk_reward': 1.450370726943892}, 'entry_price_hint': 1.1976391801026005, 'create_bracket': True, 'leverage': 2.0, 'liquidation_price_estimate': 1.790470574253388, 'portfolio_heat_after': 8.668477640917473, 'atr_pct': 0.005421942957401098, 'entry_bar_index': 1429, 'actual_exit_plan': {'stop_loss': 1.2138, 'take_profit': 1.173, 'risk_distance': 0.016639875569440576, 'reward_distance': 0.02416012443055937, 'risk_reward': 1.4519414120457645}, 'position_side': 'SHORT', 'exit_plan': {'stop_loss': 1.2138, 'take_profit': 1.173, 'risk_distance': 0.016639875569440576, 'reward_distance': 0.02416012443055937, 'risk_reward': 1.4519414120457645}, 'source_entry_order': 'cb32c28e-c311-4d8d-a88c-1401e64b2e77', 'exit_reason': 'take_profit_1'}",1.3982728575719026
6f0f3083-81bf-4129-9127-2cdeede90c61,SAGAUSDT,SHORT,2025-01-05 23:05:00+00:00,2025-01-06 00:30:00+00:00,1.1971601244305594,1.1489,104.3,5.033530978107343,0.09264114453795905,0.04996550659388625,4.9408898335693845,1.735539021892652,take_profit_2,17,"{'strategy': 'live_indicator_adapter', 'signal_reason': 'signal_confirmed', 'signal_details': {'ma7': 1.1988864900003349, 'ma14': 1.203417832414758, 'ma28': 1.2137365862979348, 'mavol_fast': 1225.4557468925054, 'mavol_slow': 1142.8125092199411, 'volume': 1282.010718778016, 'volume_ratio': 1.0723156572104506, 'volume_spike_ratio': 1.1218031903177963, 'adx': 91.60584253662562, 'di_plus': 1.3699247770274179, 'di_minus': 26.6700641870888, 'close': 1.1976391801026005, 'signal': 'SHORT'}, 'htf_reason': 'htf_trend_confirmed', 'htf_details': {'ma7': 1.2747225020768858, 'ma14': 1.3752284389827094, 'ma28': 1.4032788105862017, 'adx': 32.57600738747533, 'di_plus': 23.088205947251232, 'di_minus': 56.91533910226666, 'open': 1.2114610301217092, 'close': 1.1987494510515002, 'trend': 'SHORT'}, 'score_details': {'score': 56.31207188324645, 'adx': 91.60584253662562, 'volume_ratio': 1.1218031903177963, 'ma_separation_pct': 1.2235024028479509, 'rr_ratio': 1.45, 'adx_points': 40.0, 'volume_points': 1.8270478547669444, 'ma_points': 12.235024028479506, 'rr_points': 2.25}, 'signal_row': {'open': 1.1987494510515002, 'high': 1.2020191175232946, 'low': 1.194369513630806, 'close': 1.1976391801026005, 'volume': 1282.010718778016, 'ma7': 1.1988864900003349, 'ma14': 1.203417832414758, 'ma28': 1.2137365862979348, 'mavol_fast': 1225.4557468925054, 'mavol_slow': 1142.8125092199411, 'volume_ratio': 1.0723156572104506, 'volume_spike_ratio': 1.1218031903177963, 'rsi': 8.74070842230546, 'di_plus': 1.3699247770274179, 'di_minus': 26.6700641870888, 'adx': 91.60584253662562, 'atr': 0.006493531318064921, 'atr_pct': 0.005421942957401098}, 'side': 'SHORT', 'risk_amount': 3.471078043785304, 'pretrade_exit_plan': {'stop_loss': 1.2138, 'take_profit': 1.1742, 'risk_distance': 0.01616081989739948, 'reward_distance': 0.0234391801026006, 'risk_reward': 1.450370726943892}, 'entry_price_hint': 1.1976391801026005, 'create_bracket': True, 'leverage': 2.0, 'liquidation_price_estimate': 1.790470574253388, 'portfolio_heat_after': 8.668477640917473, 'atr_pct': 0.005421942957401098, 'entry_bar_index': 1429, 'actual_exit_plan': {'stop_loss': 1.2138, 'take_profit': 1.173, 'risk_distance': 0.016639875569440576, 'reward_distance': 0.02416012443055937, 'risk_reward': 1.4519414120457645}, 'position_side': 'SHORT', 'exit_plan': {'stop_loss': 1.2138, 'take_profit': 1.173, 'risk_distance': 0.016639875569440576, 'reward_distance': 0.02416012443055937, 'risk_reward': 1.4519414120457645}, 'source_entry_order': 'cb32c28e-c311-4d8d-a88c-1401e64b2e77', 'exit_reason': 'take_profit_2'}",2.846890661197125
faefadc1-7f31-4daa-a4cd-21b3e083d3e5,BUSDT,SHORT,2025-01-05 21:10:00+00:00,2025-01-06 01:30:00+00:00,0.8114965515158583,0.7414,109.4,7.6685627358349056,0.0650495795047092,0.035525299214020034,7.603513156330196,2.6478572641651006,take_profit_2,52,"{'strategy': 'live_indicator_adapter', 'signal_reason': 'signal_confirmed', 'signal_details': {'ma7': 0.8157998826629876, 'ma14': 0.821775397219228, 'ma28': 0.8356112891000961, 'mavol_fast': 1467.3941030524381, 'mavol_slow': 1350.5872331831072, 'volume': 3621.285961368753, 'volume_ratio': 1.0864859869836299, 'volume_spike_ratio': 2.681267727397356, 'adx': 99.53500154340472, 'di_plus': 0.016873768419625332, 'di_minus': 36.5086728521067, 'close': 0.8118212800278695, 'signal': 'SHORT'}, 'htf_reason': 'htf_trend_confirmed', 'htf_details': {'ma7': 0.8821762252851635, 'ma14': 0.956609089278021, 'ma28': 0.9567304274539307, 'adx': 32.12874868229273, 'di_plus': 22.605860260709836, 'di_minus': 56.03007022420842, 'open': 0.8350243450649435, 'close': 0.8148760804059745, 'trend': 'SHORT'}, 'score_details': {'score': 87.46901591096034, 'adx': 99.53500154340472, 'volume_ratio': 2.681267727397356, 'ma_separation_pct': 2.37088783930195, 'rr_ratio': 1.45, 'adx_points': 40.0, 'volume_points': 25.219015910960344, 'ma_points': 20.0, 'rr_points': 2.25}, 'signal_row': {'open': 0.812204250324104, 'high': 0.8144515027422877, 'low': 0.8095740276096858, 'close': 0.8118212800278695, 'volume': 3621.285961368753, 'ma7': 0.8157998826629876, 'ma14': 0.821775397219228, 'ma28': 0.8356112891000961, 'mavol_fast': 1467.3941030524381, 'mavol_slow': 1350.5872331831072, 'volume_ratio': 1.0864859869836299, 'volume_spike_ratio': 2.681267727397356, 'rsi': 0.16854386072569127, 'di_plus': 0.016873768419625332, 'di_minus': 36.5086728521067, 'adx': 99.53500154340472, 'atr': 0.00517962677023869, 'atr_pct': 0.0063802549867390465}, 'side': 'SHORT', 'risk_amount': 5.295714528330201, 'pretrade_exit_plan': {'stop_loss': 0.8357, 'take_profit': 0.7771, 'risk_distance': 0.023878719972130535, 'reward_distance': 0.03472128002786945, 'risk_reward': 1.454067892600338}, 'entry_price_hint': 0.8118212800278695, 'create_bracket': True, 'leverage': 2.0, 'liquidation_price_estimate': 1.213672813641665, 'portfolio_heat_after': 5.224663929902161, 'atr_pct': 0.0063802549867390465, 'entry_bar_index': 1406, 'actual_exit_plan': {'stop_loss': 0.8357, 'take_profit': 0.7764, 'risk_distance': 0.024203448484141687, 'reward_distance': 0.03509655151585833, 'risk_reward': 1.4500640906131166}, 'position_side': 'SHORT', 'exit_plan': {'stop_loss': 0.8357, 'take_profit': 0.7764, 'risk_distance': 0.024203448484141687, 'reward_distance': 0.03509655151585833, 'risk_reward': 1.4500640906131166}, 'source_entry_order': 'dd8963cb-c27b-4d35-9735-dcde02ce237f', 'exit_reason': 'take_profit_2'}",2.871572142212005
e50de008-eb4d-4ff4-9d6e-05537c1301eb,BUSDT,SHORT,2025-01-06 02:15:00+00:00,2025-01-06 03:55:00+00:00,0.7250472804564014,0.6882,106.0,3.9058117283785485,0.05686009645060821,0.0307543064139173,3.84895163192794,2.6873882716214434,take_profit_1,20,"{'strategy': 'live_indicator_adapter', 'signal_reason': 'signal_confirmed', 'signal_details': {'ma7': 0.7321459214557, 'ma14': 0.7383369726791073, 'ma28': 0.7503927685776395, 'mavol_fast': 1076.9850107153527, 'mavol_slow': 1013.0108211679676, 'volume': 1520.4468074390468, 'volume_ratio': 1.0631525233596468, 'volume_spike_ratio': 1.500918623639205, 'adx': 99.98964541427047, 'di_plus': 0.0001768861487900696, 'di_minus': 34.35258635148524, 'close': 0.7253374154225705, 'signal': 'SHORT'}, 'htf_reason': 'htf_trend_confirmed', 'htf_details': {'ma7': 0.7843427728475031, 'ma14': 0.8534673863288411, 'ma28': 0.9370045441496521, 'adx': 38.33332557764892, 'di_plus': 16.62383148364017, 'di_minus': 62.71694453766701, 'open': 0.7543429989033419, 'close': 0.733101439162732, 'trend': 'SHORT'}, 'score_details': {'score': 69.76377935458808, 'adx': 99.98964541427047, 'volume_ratio': 1.500918623639205, 'ma_separation_pct': 2.431639520797375, 'rr_ratio': 1.45, 'adx_points': 40.0, 'volume_points': 7.513779354588074, 'ma_points': 20.0, 'rr_points': 2.25}, 'signal_row': {'open': 0.7286931525271487, 'high': 0.7306124477219974, 'low': 0.7234181202277218, 'close': 0.7253374154225705, 'volume': 1520.4468074390468, 'ma7': 0.7321459214557, 'ma14': 0.7383369726791073, 'ma28': 0.7503927685776395, 'mavol_fast': 1076.9850107153527, 'mavol_slow': 1013.0108211679676, 'volume_ratio': 1.0631525233596468, 'volume_spike_ratio': 1.500918623639205, 'rsi': 1.2004559787988853, 'di_plus': 0.0001768861487900696, 'di_minus': 34.35258635148524, 'adx': 99.98964541427047, 'atr': 0.00537713622528043, 'atr_pct': 0.007413289471835384}, 'side': 'SHORT', 'risk_amount': 5.377311815197246, 'pretrade_exit_plan': {'stop_loss': 0.7504, 'take_profit': 0.6889, 'risk_distance': 0.025062584577429492, 'reward_distance': 0.03643741542257051, 'risk_reward': 1.453857055723806}, 'entry_price_hint': 0.7253374154225705, 'create_bracket': True, 'leverage': 2.0, 'liquidation_price_estimate': 1.084379436056743, 'portfolio_heat_after': 5.318280447330538, 'atr_pct': 0.007413289471835384, 'entry_bar_index': 1467, 'actual_exit_plan': {'stop_loss': 0.7504, 'take_profit': 0.6882, 'risk_distance': 0.025352719543598523, 'reward_distance': 0.0368472804564014, 'risk_reward': 1.453385716393696}, 'position_side': 'SHORT', 'exit_plan': {'stop_loss': 0.7504, 'take_profit': 0.6882, 'risk_distance': 0.025352719543598523, 'reward_distance': 0.0368472804564014, 'risk_reward': 1.453385716393696}, 'source_entry_order': '20e71639-420e-4470-9c23-98c94fb92423', 'exit_reason': 'take_profit_1'}",1.4322275915886409
6da775fd-bc74-4a9c-9ce1-b796cd4e310c,SAGAUSDT,SHORT,2025-01-06 02:35:00+00:00,2025-01-06 04:10:00+00:00,1.088927188252777,1.0363,74.2,3.9049373683560464,0.05981781055259583,0.03233229186407667,3.8451195578034505,2.6914426316439526,take_profit_1,19,"{'strategy': 'live_indicator_adapter', 'signal_reason': 'signal_confirmed', 'signal_details': {'ma7': 1.0968855038574807, 'ma14': 1.1072663631786377, 'ma28': 1.1251417045935894, 'mavol_fast': 1381.0521903078452, 'mavol_slow': 1220.0537758823803, 'volume': 1785.657531917964, 'volume_ratio': 1.1319600968482115, 'volume_spike_ratio': 1.4635892017354086, 'adx': 98.59742401350836, 'di_plus': 0.04819039582172645, 'di_minus': 31.24429817780411, 'close': 1.0893629334261472, 'signal': 'SHORT'}, 'htf_reason': 'htf_trend_confirmed', 'htf_details': {'ma7': 1.188873275300562, 'ma14': 1.2899342595946894, 'ma28': 1.3893929200551471, 'adx': 36.20652172647846, 'di_plus': 18.33800284837386, 'di_minus': 62.17327116305397, 'open': 1.1386329292269874, 'close': 1.1091942486994826, 'trend': 'SHORT'}, 'score_details': {'score': 69.20383802603112, 'adx': 98.59742401350836, 'volume_ratio': 1.4635892017354086, 'ma_separation_pct': 2.5113459594242897, 'rr_ratio': 1.45, 'adx_points': 40.0, 'volume_points': 6.953838026031129, 'ma_points': 20.0, 'rr_points': 2.25}, 'signal_row': {'open': 1.0918294295209623, 'high': 1.0940835886027405, 'low': 1.087108774344369, 'close': 1.0893629334261472, 'volume': 1785.657531917964, 'ma7': 1.0968855038574807, 'ma14': 1.1072663631786377, 'ma28': 1.1251417045935894, 'mavol_fast': 1381.0521903078452, 'mavol_slow': 1220.0537758823803, 'volume_ratio': 1.1319600968482115, 'volume_spike_ratio': 1.4635892017354086, 'rsi': 0.5216894332105824, 'di_plus': 0.04819039582172645, 'di_minus': 31.24429817780411, 'adx': 98.59742401350836, 'atr': 0.008212217913025077, 'atr_pct': 0.007538550891571913}, 'side': 'SHORT', 'risk_amount': 5.386512544462627, 'pretrade_exit_plan': {'stop_loss': 1.1252, 'take_profit': 1.0373, 'risk_distance': 0.03583706657385277, 'reward_distance': 0.052062933426147096, 'risk_reward': 1.4527677179954497}, 'entry_price_hint': 1.0893629334261472, 'create_bracket': True, 'leverage': 2.0, 'liquidation_price_estimate': 1.6285975854720902, 'portfolio_heat_after': 10.699116201414384, 'atr_pct': 0.007538550891571913, 'entry_bar_index': 1471, 'actual_exit_plan': {'stop_loss': 1.1252, 'take_profit': 1.0363, 'risk_distance': 0.03627281174722308, 'reward_distance': 0.0526271882527769, 'risk_reward': 1.4508714852193905}, 'position_side': 'SHORT', 'exit_plan': {'stop_loss': 1.1252, 'take_profit': 1.0363, 'risk_distance': 0.03627281174722308, 'reward_distance': 0.0526271882527769, 'risk_reward': 1.4508714852193905}, 'source_entry_order': '3577d525-cf8c-43c2-b156-a5413a873189', 'exit_reason': 'take_profit_1'}",1.4286463001646161
7ed9f015-40d4-4c76-824e-5b07f96994ba,SAGAUSDT,SHORT,2025-01-06 02:35:00+00:00,2025-01-06 08:10:00+00:00,1.088927188252777,1.12587512,74.3,-2.7452313288186683,0.09050789632674973,0.0825372823814076,-2.835739225145418,2.695069912818674,stop_loss,67,"{'strategy': 'live_indicator_adapter', 'signal_reason': 'signal_confirmed', 'signal_details': {'ma7': 1.0968855038574807, 'ma14': 1.1072663631786377, 'ma28': 1.1251417045935894, 'mavol_fast': 1381.0521903078452, 'mavol_slow': 1220.0537758823803, 'volume': 1785.657531917964, 'volume_ratio': 1.1319600968482115, 'volume_spike_ratio': 1.4635892017354086, 'adx': 98.59742401350836, 'di_plus': 0.04819039582172645, 'di_minus': 31.24429817780411, 'close': 1.0893629334261472, 'signal': 'SHORT'}, 'htf_reason': 'htf_trend_confirmed', 'htf_details': {'ma7': 1.188873275300562, 'ma14': 1.2899342595946894, 'ma28': 1.3893929200551471, 'adx': 36.20652172647846, 'di_plus': 18.33800284837386, 'di_minus': 62.17327116305397, 'open': 1.1386329292269874, 'close': 1.1091942486994826, 'trend': 'SHORT'}, 'score_details': {'score': 69.20383802603112, 'adx': 98.59742401350836, 'volume_ratio': 1.4635892017354086, 'ma_separation_pct': 2.5113459594242897, 'rr_ratio': 1.45, 'adx_points': 40.0, 'volume_points': 6.953838026031129, 'ma_points': 20.0, 'rr_points': 2.25}, 'signal_row': {'open': 1.0918294295209623, 'high': 1.0940835886027405, 'low': 1.087108774344369, 'close': 1.0893629334261472, 'volume': 1785.657531917964, 'ma7': 1.0968855038574807, 'ma14': 1.1072663631786377, 'ma28': 1.1251417045935894, 'mavol_fast': 1381.0521903078452, 'mavol_slow': 1220.0537758823803, 'volume_ratio': 1.1319600968482115, 'volume_spike_ratio': 1.4635892017354086, 'rsi': 0.5216894332105824, 'di_plus': 0.04819039582172645, 'di_minus': 31.24429817780411, 'adx': 98.59742401350836, 'atr': 0.008212217913025077, 'atr_pct': 0.007538550891571913}, 'side': 'SHORT', 'risk_amount': 5.386512544462627, 'pretrade_exit_plan': {'stop_loss': 1.1252, 'take_profit': 1.0373, 'risk_distance': 0.03583706657385277, 'reward_distance': 0.052062933426147096, 'risk_reward': 1.4527677179954497}, 'entry_price_hint': 1.0893629334261472, 'create_bracket': True, 'leverage': 2.0, 'liquidation_price_estimate': 1.6285975854720902, 'portfolio_heat_after': 10.699116201414384, 'atr_pct': 0.007538550891571913, 'entry_bar_index': 1471, 'actual_exit_plan': {'stop_loss': 1.1252, 'take_profit': 1.0363, 'risk_distance': 0.03627281174722308, 'reward_distance': 0.0526271882527769, 'risk_reward': 1.4508714852193905}, 'position_side': 'SHORT', 'exit_plan': {'stop_loss': 1.1252, 'take_profit': 1.0363, 'risk_distance': 0.03627281174722308, 'reward_distance': 0.0526271882527769, 'risk_reward': 1.4508714852193905}, 'source_entry_order': '3577d525-cf8c-43c2-b156-a5413a873189', 'exit_reason': 'stop_loss'}",-1.0521950512889007
3b863294-8ef5-49c7-86a6-f2256fa708d7,BUSDT,SHORT,2025-01-06 02:15:00+00:00,2025-01-06 08:50:00+00:00,0.7250472804564014,0.7508502399999999,106.1,-2.7376940075757963,0.0861259998062333,0.07855378391052731,-2.8238200073820297,2.689923543575803,stop_loss,79,"{'strategy': 'live_indicator_adapter', 'signal_reason': 'signal_confirmed', 'signal_details': {'ma7': 0.7321459214557, 'ma14': 0.7383369726791073, 'ma28': 0.7503927685776395, 'mavol_fast': 1076.9850107153527, 'mavol_slow': 1013.0108211679676, 'volume': 1520.4468074390468, 'volume_ratio': 1.0631525233596468, 'volume_spike_ratio': 1.500918623639205, 'adx': 99.98964541427047, 'di_plus': 0.0001768861487900696, 'di_minus': 34.35258635148524, 'close': 0.7253374154225705, 'signal': 'SHORT'}, 'htf_reason': 'htf_trend_confirmed', 'htf_details': {'ma7': 0.7843427728475031, 'ma14': 0.8534673863288411, 'ma28': 0.9370045441496521, 'adx': 38.33332557764892, 'di_plus': 16.62383148364017, 'di_minus': 62.71694453766701, 'open': 0.7543429989033419, 'close': 0.733101439162732, 'trend': 'SHORT'}, 'score_details': {'score': 69.76377935458808, 'adx': 99.98964541427047, 'volume_ratio': 1.500918623639205, 'ma_separation_pct': 2.431639520797375, 'rr_ratio': 1.45, 'adx_points': 40.0, 'volume_points': 7.513779354588074, 'ma_points': 20.0, 'rr_points': 2.25}, 'signal_row': {'open': 0.7286931525271487, 'high': 0.7306124477219974, 'low': 0.7234181202277218, 'close': 0.7253374154225705, 'volume': 1520.4468074390468, 'ma7': 0.7321459214557, 'ma14': 0.7383369726791073, 'ma28': 0.7503927685776395, 'mavol_fast': 1076.9850107153527, 'mavol_slow': 1013.0108211679676, 'volume_ratio': 1.0631525233596468, 'volume_spike_ratio': 1.500918623639205, 'rsi': 1.2004559787988853, 'di_plus': 0.0001768861487900696, 'di_minus': 34.35258635148524, 'adx': 99.98964541427047, 'atr': 0.00537713622528043, 'atr_pct': 0.007413289471835384}, 'side': 'SHORT', 'risk_amount': 5.377311815197246, 'pretrade_exit_plan': {'stop_loss': 0.7504, 'take_profit': 0.6889, 'risk_distance': 0.025062584577429492, 'reward_distance': 0.03643741542257051, 'risk_reward': 1.453857055723806}, 'entry_price_hint': 0.7253374154225705, 'create_bracket': True, 'leverage': 2.0, 'liquidation_price_estimate': 1.084379436056743, 'portfolio_heat_after': 5.318280447330538, 'atr_pct': 0.007413289471835384, 'entry_bar_index': 1467, 'actual_exit_plan': {'stop_loss': 0.7504, 'take_profit': 0.6882, 'risk_distance': 0.025352719543598523, 'reward_distance': 0.0368472804564014, 'risk_reward': 1.453385716393696}, 'position_side': 'SHORT', 'exit_plan': {'stop_loss': 0.7504, 'take_profit': 0.6882, 'risk_distance': 0.025352719543598523, 'reward_distance': 0.0368472804564014, 'risk_reward': 1.453385716393696}, 'source_entry_order': '20e71639-420e-4470-9c23-98c94fb92423', 'exit_reason': 'stop_loss'}",-1.0497770518890785
1dcc3878-cc6d-4bbf-9c63-9b87bdebf996,BUSDT,LONG,2025-01-06 21:00:00+00:00,2025-01-06 22:05:00+00:00,0.9622989566572625,1.0002,103.5,3.9227579859733286,0.07548300810771467,0.03982324750660721,3.847274977865614,2.7012420140266657,take_profit_1,13,"{'strategy': 'live_indicator_adapter', 'signal_reason': 'signal_confirmed', 'signal_details': {'ma7': 0.955318588743706, 'ma14': 0.9484691502276293, 'ma28': 0.9362111252274573, 'mavol_fast': 2335.702895052955, 'mavol_slow': 2059.577995329512, 'volume': 2835.4857378157576, 'volume_ratio': 1.1340686783164362, 'volume_spike_ratio': 1.3767314198567693, 'adx': 94.96582066565702, 'di_plus': 31.48115385316493, 'di_minus': 0.2064349900191518, 'close': 0.9619141909808702, 'signal': 'LONG'}, 'htf_reason': 'htf_trend_confirmed', 'htf_details': {'ma7': 0.9057704506946289, 'ma14': 0.8437982466624041, 'ma28': 0.8048898969780867, 'adx': 33.391575974884155, 'di_plus': 56.42153394618627, 'di_minus': 20.940525328576562, 'open': 0.9394024075476536, 'close': 0.9619141909808702, 'trend': 'LONG'}, 'score_details': {'score': 67.90097129785154, 'adx': 94.96582066565702, 'volume_ratio': 1.3767314198567693, 'ma_separation_pct': 2.0409353191147397, 'rr_ratio': 1.45, 'adx_points': 40.0, 'volume_points': 5.650971297851539, 'ma_points': 20.0, 'rr_points': 2.25}, 'signal_row': {'open': 0.9588743642396268, 'high': 0.962646836137008, 'low': 0.958141719083489, 'close': 0.9619141909808702, 'volume': 2835.4857378157576, 'ma7': 0.955318588743706, 'ma14': 0.9484691502276293, 'ma28': 0.9362111252274573, 'mavol_fast': 2335.702895052955, 'mavol_slow': 2059.577995329512, 'volume_ratio': 1.1340686783164362, 'volume_spike_ratio': 1.3767314198567693, 'rsi': 99.20461069918179, 'di_plus': 31.48115385316493, 'di_minus': 0.2064349900191518, 'adx': 94.96582066565702, 'atr': 0.00629813182221514, 'atr_pct': 0.00654749860358427}, 'side': 'LONG', 'risk_amount': 5.405093923719058, 'pretrade_exit_plan': {'stop_loss': 0.9362, 'take_profit': 0.9992, 'risk_distance': 0.025714190980870133, 'reward_distance': 0.03728580901912981, 'risk_reward': 1.4500090260225682}, 'entry_price_hint': 0.9619141909808702, 'create_bracket': True, 'leverage': 2.0, 'liquidation_price_estimate': 0.48576666644533945, 'portfolio_heat_after': 5.327980371236292, 'atr_pct': 0.00654749860358427, 'entry_bar_index': 1692, 'actual_exit_plan': {'stop_loss': 0.9362, 'take_profit': 1.0002, 'risk_distance': 0.026098956657262473, 'reward_distance': 0.03790104334273747, 'risk_reward': 1.4522053061531435}, 'position_side': 'LONG', 'exit_plan': {'stop_loss': 0.9362, 'take_profit': 1.0002, 'risk_distance': 0.026098956657262473, 'reward_distance': 0.03790104334273747, 'risk_reward': 1.4522053061531435}, 'source_entry_order': 'e35b95cb-3dd6-48f8-a93c-40112958b137', 'exit_reason': 'take_profit_1'}",1.4242614907838593
c8a65a26-5e31-4656-a2c2-459f7537fd0c,SAGAUSDT,LONG,2025-01-06 21:10:00+00:00,2025-01-06 23:40:00+00:00,1.4845293116898248,1.558,53.2,3.9086406181013222,0.06001444766004428,0.03157815249175906,3.848626170441278,2.6934793818986833,take_profit_1,30,"{'strategy': 'live_indicator_adapter', 'signal_reason': 'signal_confirmed', 'signal_details': {'ma7': 1.474838888971124, 'ma14': 1.4614199706049207, 'ma28': 1.4339691368318086, 'mavol_fast': 2431.8462107907844, 'mavol_slow': 2242.600364400089, 'volume': 3358.4621512883464, 'volume_ratio': 1.0843867901721849, 'volume_spike_ratio': 1.497574960123026, 'adx': 96.15157552926372, 'di_plus': 33.34620998692045, 'di_minus': 0.17108811810449087, 'close': 1.483935737394867, 'signal': 'LONG'}, 'htf_reason': 'htf_trend_confirmed', 'htf_details': {'ma7': 1.3747505140063863, 'ma14': 1.2804178798645416, 'ma28': 1.221055339076935, 'adx': 32.72735870201205, 'di_plus': 59.79731036017401, 'di_minus': 19.81617068483873, 'open': 1.4280012938943338, 'close': 1.4772413633239607, 'trend': 'LONG'}, 'score_details': {'score': 69.71362440184538, 'adx': 96.15157552926372, 'volume_ratio': 1.497574960123026, 'ma_separation_pct': 2.8501137918220736, 'rr_ratio': 1.45, 'adx_points': 40.0, 'volume_points': 7.463624401845389, 'ma_points': 20.0, 'rr_points': 2.25}, 'signal_row': {'open': 1.4789402090693182, 'high': 1.4890763937162694, 'low': 1.4737995527479155, 'close': 1.483935737394867, 'volume': 3358.4621512883464, 'ma7': 1.474838888971124, 'ma14': 1.4614199706049207, 'ma28': 1.4339691368318086, 'mavol_fast': 2431.8462107907844, 'mavol_slow': 2242.600364400089, 'volume_ratio': 1.0843867901721849, 'volume_spike_ratio': 1.497574960123026, 'rsi': 98.62478887181655, 'di_plus': 33.34620998692045, 'di_minus': 0.17108811810449087, 'adx': 96.15157552926372, 'atr': 0.010895556231262076, 'atr_pct': 0.007342336973695263}, 'side': 'LONG', 'risk_amount': 5.392021694966349, 'pretrade_exit_plan': {'stop_loss': 1.4339, 'take_profit': 1.5565, 'risk_distance': 0.050035737394867, 'reward_distance': 0.07256426260513305, 'risk_reward': 1.4502486899009341}, 'entry_price_hint': 1.483935737394867, 'create_bracket': True, 'leverage': 2.0, 'liquidation_price_estimate': 0.7493875473844078, 'portfolio_heat_after': 10.738903530011878, 'atr_pct': 0.007342336973695263, 'entry_bar_index': 1694, 'actual_exit_plan': {'stop_loss': 1.4339, 'take_profit': 1.558, 'risk_distance': 0.050629311689824874, 'reward_distance': 0.07347068831017523, 'risk_reward': 1.4511492623144007}, 'position_side': 'LONG', 'exit_plan': {'stop_loss': 1.4339, 'take_profit': 1.558, 'risk_distance': 0.050629311689824874, 'reward_distance': 0.07347068831017523, 'risk_reward': 1.4511492623144007}, 'source_entry_order': '621da890-dfda-41f6-93fd-835061816eac', 'exit_reason': 'take_profit_1'}",1.428867878590669
73caf50e-334c-4341-b70f-d106479bda0f,BUSDT,LONG,2025-01-06 21:00:00+00:00,2025-01-07 00:40:00+00:00,0.9622989566572625,1.0381,103.5,7.845407985973333,0.07626753810771467,0.039823247506607214,7.7691404478656185,2.7012420140266657,take_profit_2,44,"{'strategy': 'live_indicator_adapter', 'signal_reason': 'signal_confirmed', 'signal_details': {'ma7': 0.955318588743706, 'ma14': 0.9484691502276293, 'ma28': 0.9362111252274573, 'mavol_fast': 2335.702895052955, 'mavol_slow': 2059.577995329512, 'volume': 2835.4857378157576, 'volume_ratio': 1.1340686783164362, 'volume_spike_ratio': 1.3767314198567693, 'adx': 94.96582066565702, 'di_plus': 31.48115385316493, 'di_minus': 0.2064349900191518, 'close': 0.9619141909808702, 'signal': 'LONG'}, 'htf_reason': 'htf_trend_confirmed', 'htf_details': {'ma7': 0.9057704506946289, 'ma14': 0.8437982466624041, 'ma28': 0.8048898969780867, 'adx': 33.391575974884155, 'di_plus': 56.42153394618627, 'di_minus': 20.940525328576562, 'open': 0.9394024075476536, 'close': 0.9619141909808702, 'trend': 'LONG'}, 'score_details': {'score': 67.90097129785154, 'adx': 94.96582066565702, 'volume_ratio': 1.3767314198567693, 'ma_separation_pct': 2.0409353191147397, 'rr_ratio': 1.45, 'adx_points': 40.0, 'volume_points': 5.650971297851539, 'ma_points': 20.0, 'rr_points': 2.25}, 'signal_row': {'open': 0.9588743642396268, 'high': 0.962646836137008, 'low': 0.958141719083489, 'close': 0.9619141909808702, 'volume': 2835.4857378157576, 'ma7': 0.955318588743706, 'ma14': 0.9484691502276293, 'ma28': 0.9362111252274573, 'mavol_fast': 2335.702895052955, 'mavol_slow': 2059.577995329512, 'volume_ratio': 1.1340686783164362, 'volume_spike_ratio': 1.3767314198567693, 'rsi': 99.20461069918179, 'di_plus': 31.48115385316493, 'di_minus': 0.2064349900191518, 'adx': 94.96582066565702, 'atr': 0.00629813182221514, 'atr_pct': 0.00654749860358427}, 'side': 'LONG', 'risk_amount': 5.405093923719058, 'pretrade_exit_plan': {'stop_loss': 0.9362, 'take_profit': 0.9992, 'risk_distance': 0.025714190980870133, 'reward_distance': 0.03728580901912981, 'risk_reward': 1.4500090260225682}, 'entry_price_hint': 0.9619141909808702, 'create_bracket': True, 'leverage': 2.0, 'liquidation_price_estimate': 0.48576666644533945, 'portfolio_heat_after': 5.327980371236292, 'atr_pct': 0.00654749860358427, 'entry_bar_index': 1692, 'actual_exit_plan': {'stop_loss': 0.9362, 'take_profit': 1.0002, 'risk_distance': 0.026098956657262473, 'reward_distance': 0.03790104334273747, 'risk_reward': 1.4522053061531435}, 'position_side': 'LONG', 'exit_plan': {'stop_loss': 0.9362, 'take_profit': 1.0002, 'risk_distance': 0.026098956657262473, 'reward_distance': 0.03790104334273747, 'risk_reward': 1.4522053061531435}, 'source_entry_order': 'e35b95cb-3dd6-48f8-a93c-40112958b137', 'exit_reason': 'take_profit_2'}",2.8761363874554795
12354d26-faed-4171-b383-334d29a2d3df,BUSDT,LONG,2025-01-06 21:00:00+00:00,2025-01-07 07:15:00+00:00,0.9622989566572625,0.93563828,0.09999999999999432,-0.0026660676657260947,0.00010438654801614395,9.464856763922544e-05,-0.0027704542137422386,0.002609895665726114,stop_loss,123,"{'strategy': 'live_indicator_adapter', 'signal_reason': 'signal_confirmed', 'signal_details': {'ma7': 0.955318588743706, 'ma14': 0.9484691502276293, 'ma28': 0.9362111252274573, 'mavol_fast': 2335.702895052955, 'mavol_slow': 2059.577995329512, 'volume': 2835.4857378157576, 'volume_ratio': 1.1340686783164362, 'volume_spike_ratio': 1.3767314198567693, 'adx': 94.96582066565702, 'di_plus': 31.48115385316493, 'di_minus': 0.2064349900191518, 'close': 0.9619141909808702, 'signal': 'LONG'}, 'htf_reason': 'htf_trend_confirmed', 'htf_details': {'ma7': 0.9057704506946289, 'ma14': 0.8437982466624041, 'ma28': 0.8048898969780867, 'adx': 33.391575974884155, 'di_plus': 56.42153394618627, 'di_minus': 20.940525328576562, 'open': 0.9394024075476536, 'close': 0.9619141909808702, 'trend': 'LONG'}, 'score_details': {'score': 67.90097129785154, 'adx': 94.96582066565702, 'volume_ratio': 1.3767314198567693, 'ma_separation_pct': 2.0409353191147397, 'rr_ratio': 1.45, 'adx_points': 40.0, 'volume_points': 5.650971297851539, 'ma_points': 20.0, 'rr_points': 2.25}, 'signal_row': {'open': 0.9588743642396268, 'high': 0.962646836137008, 'low': 0.958141719083489, 'close': 0.9619141909808702, 'volume': 2835.4857378157576, 'ma7': 0.955318588743706, 'ma14': 0.9484691502276293, 'ma28': 0.9362111252274573, 'mavol_fast': 2335.702895052955, 'mavol_slow': 2059.577995329512, 'volume_ratio': 1.1340686783164362, 'volume_spike_ratio': 1.3767314198567693, 'rsi': 99.20461069918179, 'di_plus': 31.48115385316493, 'di_minus': 0.2064349900191518, 'adx': 94.96582066565702, 'atr': 0.00629813182221514, 'atr_pct': 0.00654749860358427}, 'side': 'LONG', 'risk_amount': 5.405093923719058, 'pretrade_exit_plan': {'stop_loss': 0.9362, 'take_profit': 0.9992, 'risk_distance': 0.025714190980870133, 'reward_distance': 0.03728580901912981, 'risk_reward': 1.4500090260225682}, 'entry_price_hint': 0.9619141909808702, 'create_bracket': True, 'leverage': 2.0, 'liquidation_price_estimate': 0.48576666644533945, 'portfolio_heat_after': 5.327980371236292, 'atr_pct': 0.00654749860358427, 'entry_bar_index': 1692, 'actual_exit_plan': {'stop_loss': 0.9362, 'take_profit': 1.0002, 'risk_distance': 0.026098956657262473, 'reward_distance': 0.03790104334273747, 'risk_reward': 1.4522053061531435}, 'position_side': 'LONG', 'exit_plan': {'stop_loss': 0.9362, 'take_profit': 1.0002, 'risk_distance': 0.026098956657262473, 'reward_distance': 0.03790104334273747, 'risk_reward': 1.4522053061531435}, 'source_entry_order': 'e35b95cb-3dd6-48f8-a93c-40112958b137', 'exit_reason': 'stop_loss'}",-1.0615191442802197
31d0e8dc-d69a-4640-9631-d91152797dd4,SAGAUSDT,LONG,2025-01-06 21:10:00+00:00,2025-01-07 08:05:00+00:00,1.4845293116898248,1.43303966,53.3,-2.7443984350676662,0.0855285344050872,0.07749363192125563,-2.8299269694727536,2.698542313067666,stop_loss,131,"{'strategy': 'live_indicator_adapter', 'signal_reason': 'signal_confirmed', 'signal_details': {'ma7': 1.474838888971124, 'ma14': 1.4614199706049207, 'ma28': 1.4339691368318086, 'mavol_fast': 2431.8462107907844, 'mavol_slow': 2242.600364400089, 'volume': 3358.4621512883464, 'volume_ratio': 1.0843867901721849, 'volume_spike_ratio': 1.497574960123026, 'adx': 96.15157552926372, 'di_plus': 33.34620998692045, 'di_minus': 0.17108811810449087, 'close': 1.483935737394867, 'signal': 'LONG'}, 'htf_reason': 'htf_trend_confirmed', 'htf_details': {'ma7': 1.3747505140063863, 'ma14': 1.2804178798645416, 'ma28': 1.221055339076935, 'adx': 32.72735870201205, 'di_plus': 59.79731036017401, 'di_minus': 19.81617068483873, 'open': 1.4280012938943338, 'close': 1.4772413633239607, 'trend': 'LONG'}, 'score_details': {'score': 69.71362440184538, 'adx': 96.15157552926372, 'volume_ratio': 1.497574960123026, 'ma_separation_pct': 2.8501137918220736, 'rr_ratio': 1.45, 'adx_points': 40.0, 'volume_points': 7.463624401845389, 'ma_points': 20.0, 'rr_points': 2.25}, 'signal_row': {'open': 1.4789402090693182, 'high': 1.4890763937162694, 'low': 1.4737995527479155, 'close': 1.483935737394867, 'volume': 3358.4621512883464, 'ma7': 1.474838888971124, 'ma14': 1.4614199706049207, 'ma28': 1.4339691368318086, 'mavol_fast': 2431.8462107907844, 'mavol_slow': 2242.600364400089, 'volume_ratio': 1.0843867901721849, 'volume_spike_ratio': 1.497574960123026, 'rsi': 98.62478887181655, 'di_plus': 33.34620998692045, 'di_minus': 0.17108811810449087, 'adx': 96.15157552926372, 'atr': 0.010895556231262076, 'atr_pct': 0.007342336973695263}, 'side': 'LONG', 'risk_amount': 5.392021694966349, 'pretrade_exit_plan': {'stop_loss': 1.4339, 'take_profit': 1.5565, 'risk_distance': 0.050035737394867, 'reward_distance': 0.07256426260513305, 'risk_reward': 1.4502486899009341}, 'entry_price_hint': 1.483935737394867, 'create_bracket': True, 'leverage': 2.0, 'liquidation_price_estimate': 0.7493875473844078, 'portfolio_heat_after': 10.738903530011878, 'atr_pct': 0.007342336973695263, 'entry_bar_index': 1694, 'actual_exit_plan': {'stop_loss': 1.4339, 'take_profit': 1.558, 'risk_distance': 0.050629311689824874, 'reward_distance': 0.07347068831017523, 'risk_reward': 1.4511492623144007}, 'position_side': 'LONG', 'exit_plan': {'stop_loss': 1.4339, 'take_profit': 1.558, 'risk_distance': 0.050629311689824874, 'reward_distance': 0.07347068831017523, 'risk_reward': 1.4511492623144007}, 'source_entry_order': '621da890-dfda-41f6-93fd-835061816eac', 'exit_reason': 'stop_loss'}",-1.0486872693338396
6abda03c-55c4-4aec-b6af-8aabbcc37d09,BUSDT,SHORT,2025-01-07 15:35:00+00:00,2025-01-07 18:05:00+00:00,0.7706693754775766,0.7303,97.9,3.952161859254758,0.05579596652259012,0.030191489339430402,3.896365892732168,2.724618140745246,take_profit_1,30,"{'strategy': 'live_indicator_adapter', 'signal_reason': 'signal_confirmed', 'signal_details': {'ma7': 0.7779508915686357, 'ma14': 0.7852399255459451, 'ma28': 0.7984518556555468, 'mavol_fast': 1311.4564915820242, 'mavol_slow': 1215.175535311052, 'volume': 2354.822439509006, 'volume_ratio': 1.0792321384632937, 'volume_spike_ratio': 1.9378454972813743, 'adx': 99.98970717439254, 'di_plus': 0.0001370042283633648, 'di_minus': 35.78287805485719, 'close': 0.7709777665842102, 'signal': 'SHORT'}, 'htf_reason': 'htf_trend_confirmed', 'htf_details': {'ma7': 0.8443452495223998, 'ma14': 0.9166254079729388, 'ma28': 0.9173795977151064, 'adx': 32.41046622057606, 'di_plus': 22.973710184191653, 'di_minus': 55.780582481748915, 'open': 0.8093822968765263, 'close': 0.7871555968522881, 'trend': 'SHORT'}, 'score_details': {'score': 76.3176824592206, 'adx': 99.98970717439254, 'volume_ratio': 1.9378454972813743, 'ma_separation_pct': 2.567589259352312, 'rr_ratio': 1.45, 'adx_points': 40.0, 'volume_points': 14.067682459220615, 'ma_points': 20.0, 'rr_points': 2.25}, 'signal_row': {'open': 0.7726706346548615, 'high': 0.7731416879335894, 'low': 0.7705067133054824, 'close': 0.7709777665842102, 'volume': 2354.822439509006, 'ma7': 0.7779508915686357, 'ma14': 0.7852399255459451, 'ma28': 0.7984518556555468, 'mavol_fast': 1311.4564915820242, 'mavol_slow': 1215.175535311052, 'volume_ratio': 1.0792321384632937, 'volume_spike_ratio': 1.9378454972813743, 'rsi': 0.036140341083793714, 'di_plus': 0.0001370042283633648, 'di_minus': 35.78287805485719, 'adx': 99.98970717439254, 'atr': 0.005510302722490388, 'atr_pct': 0.00714716164501551}, 'side': 'SHORT', 'risk_amount': 5.452019343942735, 'pretrade_exit_plan': {'stop_loss': 0.7985, 'take_profit': 0.731, 'risk_distance': 0.027522233415789743, 'reward_distance': 0.03997776658421026, 'risk_reward': 1.4525625874997001}, 'entry_price_hint': 0.7709777665842102, 'create_bracket': True, 'leverage': 2.0, 'liquidation_price_estimate': 1.1526117610433944, 'portfolio_heat_after': 5.391605526153211, 'atr_pct': 0.00714716164501551, 'entry_bar_index': 1915, 'actual_exit_plan': {'stop_loss': 0.7985, 'take_profit': 0.7303, 'risk_distance': 0.027830624522423353, 'reward_distance': 0.040369375477576686, 'risk_reward': 1.4505378937885767}, 'position_side': 'SHORT', 'exit_plan': {'stop_loss': 0.7985, 'take_profit': 0.7303, 'risk_distance': 0.027830624522423353, 'reward_distance': 0.040369375477576686, 'risk_reward': 1.4505378937885767}, 'source_entry_order': '1522e391-bdf3-455c-8889-8331f6478ca8', 'exit_reason': 'take_profit_1'}",1.430059440060258
23b78205-4dc2-4408-84d1-5dcab5a1485c,SAGAUSDT,SHORT,2025-01-07 16:00:00+00:00,2025-01-07 19:45:00+00:00,1.212329001676451,1.1503,63.7,3.9512474067899204,0.05712876857373447,0.030902503964294503,3.8941186382161863,2.72451259321008,take_profit_1,45,"{'strategy': 'live_indicator_adapter', 'signal_reason': 'signal_confirmed', 'signal_details': {'ma7': 1.2230523770585902, 'ma14': 1.2346489991188585, 'ma28': 1.255044176772022, 'mavol_fast': 2071.744286610298, 'mavol_slow': 1618.3386259808358, 'volume': 2708.2053093540467, 'volume_ratio': 1.2801673601250565, 'volume_spike_ratio': 1.6734478593518518, 'adx': 96.82634070732774, 'di_plus': 0.1368454044116529, 'di_minus': 36.663930288067185, 'close': 1.2128141273273818, 'signal': 'SHORT'}, 'htf_reason': 'htf_trend_confirmed', 'htf_details': {'ma7': 1.306169043108397, 'ma14': 1.404183935606685, 'ma28': 1.4134260470305517, 'adx': 31.96269215397779, 'di_plus': 22.639600411851436, 'di_minus': 55.92728545040484, 'open': 1.2523009326064043, 'close': 1.2128141273273818, 'trend': 'SHORT'}, 'score_details': {'score': 72.35171789027777, 'adx': 96.82634070732774, 'volume_ratio': 1.6734478593518518, 'ma_separation_pct': 2.5490576591267744, 'rr_ratio': 1.45, 'adx_points': 40.0, 'volume_points': 10.101717890277778, 'ma_points': 20.0, 'rr_points': 2.25}, 'signal_row': {'open': 1.217301751459724, 'high': 1.2220876082124403, 'low': 1.2080282705746654, 'close': 1.2128141273273818, 'volume': 2708.2053093540467, 'ma7': 1.2230523770585902, 'ma14': 1.2346489991188585, 'ma28': 1.255044176772022, 'mavol_fast': 2071.744286610298, 'mavol_slow': 1618.3386259808358, 'volume_ratio': 1.2801673601250565, 'volume_spike_ratio': 1.6734478593518518, 'rsi': 0.42560354711073956, 'di_plus': 0.1368454044116529, 'di_minus': 36.663930288067185, 'adx': 96.82634070732774, 'atr': 0.008955743363655079, 'atr_pct': 0.0073842670215182975}, 'side': 'SHORT', 'risk_amount': 5.453302286252515, 'pretrade_exit_plan': {'stop_loss': 1.2551, 'take_profit': 1.1514, 'risk_distance': 0.042285872672618297, 'reward_distance': 0.06141412732738183, 'risk_reward': 1.4523556792325538}, 'entry_price_hint': 1.2128141273273818, 'create_bracket': True, 'leverage': 2.0, 'liquidation_price_estimate': 1.8131571203544359, 'portfolio_heat_after': 10.847696696968828, 'atr_pct': 0.0073842670215182975, 'entry_bar_index': 1920, 'actual_exit_plan': {'stop_loss': 1.2551, 'take_profit': 1.1503, 'risk_distance': 0.042770998323549136, 'reward_distance': 0.06202900167645087, 'risk_reward': 1.4502584486623622}, 'position_side': 'SHORT', 'exit_plan': {'stop_loss': 1.2551, 'take_profit': 1.1503, 'risk_distance': 0.042770998323549136, 'reward_distance': 0.06202900167645087, 'risk_reward': 1.4502584486623622}, 'source_entry_order': 'fb4e585d-58e6-49e2-b08e-0276a4642512', 'exit_reason': 'take_profit_1'}",1.4292900124304624
6fa40af4-c5e7-4440-b5ea-b42bc570b827,BUSDT,SHORT,2025-01-07 15:35:00+00:00,2025-01-07 20:55:00+00:00,0.7706693754775766,0.69,98.0,7.905598796802515,0.05506307933824138,0.03022232845009376,7.850535717464274,2.7274012031974886,take_profit_2,64,"{'strategy': 'live_indicator_adapter', 'signal_reason': 'signal_confirmed', 'signal_details': {'ma7': 0.7779508915686357, 'ma14': 0.7852399255459451, 'ma28': 0.7984518556555468, 'mavol_fast': 1311.4564915820242, 'mavol_slow': 1215.175535311052, 'volume': 2354.822439509006, 'volume_ratio': 1.0792321384632937, 'volume_spike_ratio': 1.9378454972813743, 'adx': 99.98970717439254, 'di_plus': 0.0001370042283633648, 'di_minus': 35.78287805485719, 'close': 0.7709777665842102, 'signal': 'SHORT'}, 'htf_reason': 'htf_trend_confirmed', 'htf_details': {'ma7': 0.8443452495223998, 'ma14': 0.9166254079729388, 'ma28': 0.9173795977151064, 'adx': 32.41046622057606, 'di_plus': 22.973710184191653, 'di_minus': 55.780582481748915, 'open': 0.8093822968765263, 'close': 0.7871555968522881, 'trend': 'SHORT'}, 'score_details': {'score': 76.3176824592206, 'adx': 99.98970717439254, 'volume_ratio': 1.9378454972813743, 'ma_separation_pct': 2.567589259352312, 'rr_ratio': 1.45, 'adx_points': 40.0, 'volume_points': 14.067682459220615, 'ma_points': 20.0, 'rr_points': 2.25}, 'signal_row': {'open': 0.7726706346548615, 'high': 0.7731416879335894, 'low': 0.7705067133054824, 'close': 0.7709777665842102, 'volume': 2354.822439509006, 'ma7': 0.7779508915686357, 'ma14': 0.7852399255459451, 'ma28': 0.7984518556555468, 'mavol_fast': 1311.4564915820242, 'mavol_slow': 1215.175535311052, 'volume_ratio': 1.0792321384632937, 'volume_spike_ratio': 1.9378454972813743, 'rsi': 0.036140341083793714, 'di_plus': 0.0001370042283633648, 'di_minus': 35.78287805485719, 'adx': 99.98970717439254, 'atr': 0.005510302722490388, 'atr_pct': 0.00714716164501551}, 'side': 'SHORT', 'risk_amount': 5.452019343942735, 'pretrade_exit_plan': {'stop_loss': 0.7985, 'take_profit': 0.731, 'risk_distance': 0.027522233415789743, 'reward_distance': 0.03997776658421026, 'risk_reward': 1.4525625874997001}, 'entry_price_hint': 0.7709777665842102, 'create_bracket': True, 'leverage': 2.0, 'liquidation_price_estimate': 1.1526117610433944, 'portfolio_heat_after': 5.391605526153211, 'atr_pct': 0.00714716164501551, 'entry_bar_index': 1915, 'actual_exit_plan': {'stop_loss': 0.7985, 'take_profit': 0.7303, 'risk_distance': 0.027830624522423353, 'reward_distance': 0.040369375477576686, 'risk_reward': 1.4505378937885767}, 'position_side': 'SHORT', 'exit_plan': {'stop_loss': 0.7985, 'take_profit': 0.7303, 'risk_distance': 0.027830624522423353, 'reward_distance': 0.040369375477576686, 'risk_reward': 1.4505378937885767}, 'source_entry_order': '1522e391-bdf3-455c-8889-8331f6478ca8', 'exit_reason': 'take_profit_2'}",2.8783941681409546
dee54d9c-917f-43a7-ab21-6e9da716133a,SAGAUSDT,SHORT,2025-01-07 16:00:00+00:00,2025-01-07 22:00:00+00:00,1.212329001676451,1.0883,63.7,7.900647406789924,0.056338888573734466,0.030902503964294503,7.84430851821619,2.72451259321008,take_profit_2,72,"{'strategy': 'live_indicator_adapter', 'signal_reason': 'signal_confirmed', 'signal_details': {'ma7': 1.2230523770585902, 'ma14': 1.2346489991188585, 'ma28': 1.255044176772022, 'mavol_fast': 2071.744286610298, 'mavol_slow': 1618.3386259808358, 'volume': 2708.2053093540467, 'volume_ratio': 1.2801673601250565, 'volume_spike_ratio': 1.6734478593518518, 'adx': 96.82634070732774, 'di_plus': 0.1368454044116529, 'di_minus': 36.663930288067185, 'close': 1.2128141273273818, 'signal': 'SHORT'}, 'htf_reason': 'htf_trend_confirmed', 'htf_details': {'ma7': 1.306169043108397, 'ma14': 1.404183935606685, 'ma28': 1.4134260470305517, 'adx': 31.96269215397779, 'di_plus': 22.639600411851436, 'di_minus': 55.92728545040484, 'open': 1.2523009326064043, 'close': 1.2128141273273818, 'trend': 'SHORT'}, 'score_details': {'score': 72.35171789027777, 'adx': 96.82634070732774, 'volume_ratio': 1.6734478593518518, 'ma_separation_pct': 2.5490576591267744, 'rr_ratio': 1.45, 'adx_points': 40.0, 'volume_points': 10.101717890277778, 'ma_points': 20.0, 'rr_points': 2.25}, 'signal_row': {'open': 1.217301751459724, 'high': 1.2220876082124403, 'low': 1.2080282705746654, 'close': 1.2128141273273818, 'volume': 2708.2053093540467, 'ma7': 1.2230523770585902, 'ma14': 1.2346489991188585, 'ma28': 1.255044176772022, 'mavol_fast': 2071.744286610298, 'mavol_slow': 1618.3386259808358, 'volume_ratio': 1.2801673601250565, 'volume_spike_ratio': 1.6734478593518518, 'rsi': 0.42560354711073956, 'di_plus': 0.1368454044116529, 'di_minus': 36.663930288067185, 'adx': 96.82634070732774, 'atr': 0.008955743363655079, 'atr_pct': 0.0073842670215182975}, 'side': 'SHORT', 'risk_amount': 5.453302286252515, 'pretrade_exit_plan': {'stop_loss': 1.2551, 'take_profit': 1.1514, 'risk_distance': 0.042285872672618297, 'reward_distance': 0.06141412732738183, 'risk_reward': 1.4523556792325538}, 'entry_price_hint': 1.2128141273273818, 'create_bracket': True, 'leverage': 2.0, 'liquidation_price_estimate': 1.8131571203544359, 'portfolio_heat_after': 10.847696696968828, 'atr_pct': 0.0073842670215182975, 'entry_bar_index': 1920, 'actual_exit_plan': {'stop_loss': 1.2551, 'take_profit': 1.1503, 'risk_distance': 0.042770998323549136, 'reward_distance': 0.06202900167645087, 'risk_reward': 1.4502584486623622}, 'position_side': 'SHORT', 'exit_plan': {'stop_loss': 1.2551, 'take_profit': 1.1503, 'risk_distance': 0.042770998323549136, 'reward_distance': 0.06202900167645087, 'risk_reward': 1.4502584486623622}, 'source_entry_order': 'fb4e585d-58e6-49e2-b08e-0276a4642512', 'exit_reason': 'take_profit_2'}",2.8791603084402904
49659e72-f4fa-4ab9-b0ba-aa1eb011c385,BUSDT,SHORT,2025-01-07 21:00:00+00:00,2025-01-07 22:30:00+00:00,0.6873344515183851,0.6567,132.1,4.046811045578681,0.06728829857506828,0.03633328573252322,3.979522747003613,2.782758954421329,take_profit_1,18,"{'strategy': 'live_indicator_adapter', 'signal_reason': 'signal_confirmed', 'signal_details': {'ma7': 0.6932683898765877, 'ma14': 0.6989497695355452, 'ma28': 0.7083931970377684, 'mavol_fast': 1260.9811785425993, 'mavol_slow': 1189.2509655965114, 'volume': 1602.2359773977553, 'volume_ratio': 1.0603154548713014, 'volume_spike_ratio': 1.3472648110015168, 'adx': 99.65378376802622, 'di_plus': 0.028357434645336643, 'di_minus': 39.48732662108626, 'close': 0.6876094953165117, 'signal': 'SHORT'}, 'htf_reason': 'htf_trend_confirmed', 'htf_details': {'ma7': 0.7355301566521744, 'ma14': 0.7994210210390598, 'ma28': 0.8920481170070101, 'adx': 40.33353518575363, 'di_plus': 15.682718199809662, 'di_minus': 64.70980414122506, 'open': 0.7075441704763006, 'close': 0.6876094953165117, 'trend': 'SHORT'}, 'score_details': {'score': 67.45897216502274, 'adx': 99.65378376802622, 'volume_ratio': 1.3472648110015168, 'ma_separation_pct': 2.1350864497890303, 'rr_ratio': 1.45, 'adx_points': 40.0, 'volume_points': 5.208972165022753, 'ma_points': 20.0, 'rr_points': 2.25}, 'signal_row': {'open': 0.6885943298069807, 'high': 0.6891212883903497, 'low': 0.6870825367331427, 'close': 0.6876094953165117, 'volume': 1602.2359773977553, 'ma7': 0.6932683898765877, 'ma14': 0.6989497695355452, 'ma28': 0.7083931970377684, 'mavol_fast': 1260.9811785425993, 'mavol_slow': 1189.2509655965114, 'volume_ratio': 1.0603154548713014, 'volume_spike_ratio': 1.3472648110015168, 'rsi': 0.22877493601362175, 'di_plus': 0.028357434645336643, 'di_minus': 39.48732662108626, 'adx': 99.65378376802622, 'atr': 0.004030436365821776, 'atr_pct': 0.005861519355497754}, 'side': 'SHORT', 'risk_amount': 5.571837573387143, 'pretrade_exit_plan': {'stop_loss': 0.7084, 'take_profit': 0.6574, 'risk_distance': 0.02079050468348831, 'reward_distance': 0.030209495316511736, 'risk_reward': 1.4530429047498752}, 'entry_price_hint': 0.6876094953165117, 'create_bracket': True, 'leverage': 2.0, 'liquidation_price_estimate': 1.0279761954981852, 'portfolio_heat_after': 8.227878181825092, 'atr_pct': 0.005861519355497754, 'entry_bar_index': 1980, 'actual_exit_plan': {'stop_loss': 0.7084, 'take_profit': 0.6567, 'risk_distance': 0.021065548481614904, 'reward_distance': 0.030634451518385175, 'risk_reward': 1.4542441914162165}, 'position_side': 'SHORT', 'exit_plan': {'stop_loss': 0.7084, 'take_profit': 0.6567, 'risk_distance': 0.021065548481614904, 'reward_distance': 0.030634451518385175, 'risk_reward': 1.4542441914162165}, 'source_entry_order': '9d27679f-ffb4-47b1-8538-8d85094f442f', 'exit_reason': 'take_profit_1'}",1.430063764840584
ae2c14c0-90bb-4c8f-b7ba-026dd3f4c56d,BUSDT,SHORT,2025-01-07 21:00:00+00:00,2025-01-08 01:05:00+00:00,0.6873344515183851,0.70882504,132.4,-2.845353914965812,0.10166833417236881,0.09269109487195956,-2.947022249138181,2.7890786189658137,stop_loss,49,"{'strategy': 'live_indicator_adapter', 'signal_reason': 'signal_confirmed', 'signal_details': {'ma7': 0.6932683898765877, 'ma14': 0.6989497695355452, 'ma28': 0.7083931970377684, 'mavol_fast': 1260.9811785425993, 'mavol_slow': 1189.2509655965114, 'volume': 1602.2359773977553, 'volume_ratio': 1.0603154548713014, 'volume_spike_ratio': 1.3472648110015168, 'adx': 99.65378376802622, 'di_plus': 0.028357434645336643, 'di_minus': 39.48732662108626, 'close': 0.6876094953165117, 'signal': 'SHORT'}, 'htf_reason': 'htf_trend_confirmed', 'htf_details': {'ma7': 0.7355301566521744, 'ma14': 0.7994210210390598, 'ma28': 0.8920481170070101, 'adx': 40.33353518575363, 'di_plus': 15.682718199809662, 'di_minus': 64.70980414122506, 'open': 0.7075441704763006, 'close': 0.6876094953165117, 'trend': 'SHORT'}, 'score_details': {'score': 67.45897216502274, 'adx': 99.65378376802622, 'volume_ratio': 1.3472648110015168, 'ma_separation_pct': 2.1350864497890303, 'rr_ratio': 1.45, 'adx_points': 40.0, 'volume_points': 5.208972165022753, 'ma_points': 20.0, 'rr_points': 2.25}, 'signal_row': {'open': 0.6885943298069807, 'high': 0.6891212883903497, 'low': 0.6870825367331427, 'close': 0.6876094953165117, 'volume': 1602.2359773977553, 'ma7': 0.6932683898765877, 'ma14': 0.6989497695355452, 'ma28': 0.7083931970377684, 'mavol_fast': 1260.9811785425993, 'mavol_slow': 1189.2509655965114, 'volume_ratio': 1.0603154548713014, 'volume_spike_ratio': 1.3472648110015168, 'rsi': 0.22877493601362175, 'di_plus': 0.028357434645336643, 'di_minus': 39.48732662108626, 'adx': 99.65378376802622, 'atr': 0.004030436365821776, 'atr_pct': 0.005861519355497754}, 'side': 'SHORT', 'risk_amount': 5.571837573387143, 'pretrade_exit_plan': {'stop_loss': 0.7084, 'take_profit': 0.6574, 'risk_distance': 0.02079050468348831, 'reward_distance': 0.030209495316511736, 'risk_reward': 1.4530429047498752}, 'entry_price_hint': 0.6876094953165117, 'create_bracket': True, 'leverage': 2.0, 'liquidation_price_estimate': 1.0279761954981852, 'portfolio_heat_after': 8.227878181825092, 'atr_pct': 0.005861519355497754, 'entry_bar_index': 1980, 'actual_exit_plan': {'stop_loss': 0.7084, 'take_profit': 0.6567, 'risk_distance': 0.021065548481614904, 'reward_distance': 0.030634451518385175, 'risk_reward': 1.4542441914162165}, 'position_side': 'SHORT', 'exit_plan': {'stop_loss': 0.7084, 'take_profit': 0.6567, 'risk_distance': 0.021065548481614904, 'reward_distance': 0.030634451518385175, 'risk_reward': 1.4542441914162165}, 'source_entry_order': '9d27679f-ffb4-47b1-8538-8d85094f442f', 'exit_reason': 'stop_loss'}",-1.0566293216327234
58bff762-80ce-425c-8de4-d84ab393a8b6,SAGAUSDT,SHORT,2025-01-07 16:00:00+00:00,2025-01-08 05:20:00+00:00,1.212329001676451,1.25585306,0.09999999999999432,-0.004352405832354652,0.0001357500133922016,0.0001238185650930658,-0.004488155845746854,0.004277099832354914,stop_loss,160,"{'strategy': 'live_indicator_adapter', 'signal_reason': 'signal_confirmed', 'signal_details': {'ma7': 1.2230523770585902, 'ma14': 1.2346489991188585, 'ma28': 1.255044176772022, 'mavol_fast': 2071.744286610298, 'mavol_slow': 1618.3386259808358, 'volume': 2708.2053093540467, 'volume_ratio': 1.2801673601250565, 'volume_spike_ratio': 1.6734478593518518, 'adx': 96.82634070732774, 'di_plus': 0.1368454044116529, 'di_minus': 36.663930288067185, 'close': 1.2128141273273818, 'signal': 'SHORT'}, 'htf_reason': 'htf_trend_confirmed', 'htf_details': {'ma7': 1.306169043108397, 'ma14': 1.404183935606685, 'ma28': 1.4134260470305517, 'adx': 31.96269215397779, 'di_plus': 22.639600411851436, 'di_minus': 55.92728545040484, 'open': 1.2523009326064043, 'close': 1.2128141273273818, 'trend': 'SHORT'}, 'score_details': {'score': 72.35171789027777, 'adx': 96.82634070732774, 'volume_ratio': 1.6734478593518518, 'ma_separation_pct': 2.5490576591267744, 'rr_ratio': 1.45, 'adx_points': 40.0, 'volume_points': 10.101717890277778, 'ma_points': 20.0, 'rr_points': 2.25}, 'signal_row': {'open': 1.217301751459724, 'high': 1.2220876082124403, 'low': 1.2080282705746654, 'close': 1.2128141273273818, 'volume': 2708.2053093540467, 'ma7': 1.2230523770585902, 'ma14': 1.2346489991188585, 'ma28': 1.255044176772022, 'mavol_fast': 2071.744286610298, 'mavol_slow': 1618.3386259808358, 'volume_ratio': 1.2801673601250565, 'volume_spike_ratio': 1.6734478593518518, 'rsi': 0.42560354711073956, 'di_plus': 0.1368454044116529, 'di_minus': 36.663930288067185, 'adx': 96.82634070732774, 'atr': 0.008955743363655079, 'atr_pct': 0.0073842670215182975}, 'side': 'SHORT', 'risk_amount': 5.453302286252515, 'pretrade_exit_plan': {'stop_loss': 1.2551, 'take_profit': 1.1514, 'risk_distance': 0.042285872672618297, 'reward_distance': 0.06141412732738183, 'risk_reward': 1.4523556792325538}, 'entry_price_hint': 1.2128141273273818, 'create_bracket': True, 'leverage': 2.0, 'liquidation_price_estimate': 1.8131571203544359, 'portfolio_heat_after': 10.847696696968828, 'atr_pct': 0.0073842670215182975, 'entry_bar_index': 1920, 'actual_exit_plan': {'stop_loss': 1.2551, 'take_profit': 1.1503, 'risk_distance': 0.042770998323549136, 'reward_distance': 0.06202900167645087, 'risk_reward': 1.4502584486623622}, 'position_side': 'SHORT', 'exit_plan': {'stop_loss': 1.2551, 'take_profit': 1.1503, 'risk_distance': 0.042770998323549136, 'reward_distance': 0.06202900167645087, 'risk_reward': 1.4502584486623622}, 'source_entry_order': 'fb4e585d-58e6-49e2-b08e-0276a4642512', 'exit_reason': 'stop_loss'}",-1.0493455896903243
ce0425d5-7525-4606-a31c-23284777ff95,BUSDT,LONG,2025-01-08 12:30:00+00:00,2025-01-08 13:15:00+00:00,0.9044726686866228,0.9232,138.1,2.586244454377395,0.09419800555009245,0.0499430929810559,2.4920464488273026,1.777715545622615,take_profit_1,9,"{'strategy': 'live_indicator_adapter', 'signal_reason': 'signal_confirmed', 'signal_details': {'ma7': 0.9007454693399638, 'ma14': 0.8977463945255026, 'ma28': 0.8916602460431021, 'mavol_fast': 2067.7595307656143, 'mavol_slow': 1948.9568014819097, 'volume': 2797.35528149001, 'volume_ratio': 1.0609570869879577, 'volume_spike_ratio': 1.4353090224283123, 'adx': 99.73595468548277, 'di_plus': 28.77230558709857, 'di_minus': 0.007242370437360313, 'close': 0.904111024276912, 'signal': 'LONG'}, 'htf_reason': 'htf_trend_confirmed', 'htf_details': {'ma7': 0.8455417514869924, 'ma14': 0.7841590718965766, 'ma28': 0.7827617561297436, 'adx': 31.155101800217317, 'di_plus': 56.11710539426008, 'di_minus': 25.60836425864082, 'open': 0.8878871359403939, 'close': 0.8972389325181516, 'trend': 'LONG'}, 'score_details': {'score': 58.968744178249736, 'adx': 99.73595468548277, 'volume_ratio': 1.4353090224283123, 'ma_separation_pct': 1.0189108841825056, 'rr_ratio': 1.45, 'adx_points': 40.0, 'volume_points': 6.529635336424684, 'ma_points': 10.189108841825057, 'rr_points': 2.25}, 'signal_row': {'open': 0.9031637018945824, 'high': 0.9066370551412332, 'low': 0.9006376710302613, 'close': 0.904111024276912, 'volume': 2797.35528149001, 'ma7': 0.9007454693399638, 'ma14': 0.8977463945255026, 'ma28': 0.8916602460431021, 'mavol_fast': 2067.7595307656143, 'mavol_slow': 1948.9568014819097, 'volume_ratio': 1.0609570869879577, 'volume_spike_ratio': 1.4353090224283123, 'rsi': 94.18425217369098, 'di_plus': 28.77230558709857, 'di_minus': 0.007242370437360313, 'adx': 99.73595468548277, 'atr': 0.004532739828207756, 'atr_pct': 0.005013477002819362}, 'side': 'LONG', 'risk_amount': 3.559292891851217, 'pretrade_exit_plan': {'stop_loss': 0.8916, 'take_profit': 0.9223, 'risk_distance': 0.012511024276912086, 'reward_distance': 0.018188975723087975, 'risk_reward': 1.4538358587197382}, 'entry_price_hint': 0.904111024276912, 'create_bracket': True, 'leverage': 2.0, 'liquidation_price_estimate': 0.45657606725984057, 'portfolio_heat_after': 3.4592982125661917, 'atr_pct': 0.005013477002819362, 'entry_bar_index': 2166, 'actual_exit_plan': {'stop_loss': 0.8916, 'take_profit': 0.9232, 'risk_distance': 0.012872668686622846, 'reward_distance': 0.018727331313377227, 'risk_reward': 1.45481343218586}, 'position_side': 'LONG', 'exit_plan': {'stop_loss': 0.8916, 'take_profit': 0.9232, 'risk_distance': 0.012872668686622846, 'reward_distance': 0.018727331313377227, 'risk_reward': 1.45481343218586}, 'source_entry_order': '24508c0b-4d68-4699-b836-db6790ba3a39', 'exit_reason': 'take_profit_1'}",1.4018251991797175
6845a7cb-cdf5-428f-afc5-6866672d1397,SAGAUSDT,LONG,2025-01-08 12:50:00+00:00,2025-01-08 14:05:00+00:00,1.4633888664826251,1.4959,85.4,2.776450802383816,0.09428534705868892,0.049969375928664,2.6821654553251273,1.9120091976161802,take_profit_1,15,"{'strategy': 'live_indicator_adapter', 'signal_reason': 'signal_confirmed', 'signal_details': {'ma7': 1.4613401164348743, 'ma14': 1.456089790540949, 'ma28': 1.4410718230933866, 'mavol_fast': 2220.409072095877, 'mavol_slow': 2101.544117787214, 'volume': 2794.2227768770395, 'volume_ratio': 1.0565607703890698, 'volume_spike_ratio': 1.3296046241556756, 'adx': 98.24064606728989, 'di_plus': 24.217656661990752, 'di_minus': 2.6077317202135566, 'close': 1.4628037449846314, 'signal': 'LONG'}, 'htf_reason': 'htf_trend_confirmed', 'htf_details': {'ma7': 1.3605670814176702, 'ma14': 1.2627767049129406, 'ma28': 1.2539344061749738, 'adx': 31.472039022423843, 'di_plus': 57.56198941703539, 'di_minus': 22.63321744808034, 'open': 1.4246833059461763, 'close': 1.45290120088189, 'trend': 'LONG'}, 'score_details': {'score': 61.25880438572908, 'adx': 98.24064606728989, 'volume_ratio': 1.3296046241556756, 'ma_separation_pct': 1.4064735023393946, 'rr_ratio': 1.45, 'adx_points': 40.0, 'volume_points': 4.944069362335134, 'ma_points': 14.064735023393947, 'rr_points': 2.25}, 'signal_row': {'open': 1.461790216433298, 'high': 1.4683209494592304, 'low': 1.456273011958699, 'close': 1.4628037449846314, 'volume': 2794.2227768770395, 'ma7': 1.4613401164348743, 'ma14': 1.456089790540949, 'ma28': 1.4410718230933866, 'mavol_fast': 2220.409072095877, 'mavol_slow': 2101.544117787214, 'volume_ratio': 1.0565607703890698, 'volume_spike_ratio': 1.3296046241556756, 'rsi': 94.12024431441512, 'di_plus': 24.217656661990752, 'di_minus': 2.6077317202135566, 'adx': 98.24064606728989, 'atr': 0.00859369168665452, 'atr_pct': 0.005874808371334056}, 'side': 'LONG', 'risk_amount': 3.8262572818806224, 'pretrade_exit_plan': {'stop_loss': 1.441, 'take_profit': 1.4945, 'risk_distance': 0.021803744984631335, 'reward_distance': 0.031696255015368546, 'risk_reward': 1.4537069222608354}, 'entry_price_hint': 1.4628037449846314, 'create_bracket': True, 'leverage': 2.0, 'liquidation_price_estimate': 0.7387158912172389, 'portfolio_heat_after': 7.2855529097247125, 'atr_pct': 0.005874808371334056, 'entry_bar_index': 2170, 'actual_exit_plan': {'stop_loss': 1.441, 'take_profit': 1.4959, 'risk_distance': 0.02238886648262506, 'reward_distance': 0.03251113351737489, 'risk_reward': 1.4521116351560381}, 'position_side': 'LONG', 'exit_plan': {'stop_loss': 1.441, 'take_profit': 1.4959, 'risk_distance': 0.02238886648262506, 'reward_distance': 0.03251113351737489, 'risk_reward': 1.4521116351560381}, 'source_entry_order': '73cc413b-e0a4-485e-938f-65191da94397', 'exit_reason': 'take_profit_1'}",1.4027994523609764
0215f328-9372-42b0-a898-074276a27bc5,BUSDT,LONG,2025-01-08 12:30:00+00:00,2025-01-08 14:35:00+00:00,0.9044726686866228,0.9419,138.3,5.176199920640062,0.09485166754364799,0.05001542186299806,5.081348253096414,1.7802900793599397,take_profit_2,25,"{'strategy': 'live_indicator_adapter', 'signal_reason': 'signal_confirmed', 'signal_details': {'ma7': 0.9007454693399638, 'ma14': 0.8977463945255026, 'ma28': 0.8916602460431021, 'mavol_fast': 2067.7595307656143, 'mavol_slow': 1948.9568014819097, 'volume': 2797.35528149001, 'volume_ratio': 1.0609570869879577, 'volume_spike_ratio': 1.4353090224283123, 'adx': 99.73595468548277, 'di_plus': 28.77230558709857, 'di_minus': 0.007242370437360313, 'close': 0.904111024276912, 'signal': 'LONG'}, 'htf_reason': 'htf_trend_confirmed', 'htf_details': {'ma7': 0.8455417514869924, 'ma14': 0.7841590718965766, 'ma28': 0.7827617561297436, 'adx': 31.155101800217317, 'di_plus': 56.11710539426008, 'di_minus': 25.60836425864082, 'open': 0.8878871359403939, 'close': 0.8972389325181516, 'trend': 'LONG'}, 'score_details': {'score': 58.968744178249736, 'adx': 99.73595468548277, 'volume_ratio': 1.4353090224283123, 'ma_separation_pct': 1.0189108841825056, 'rr_ratio': 1.45, 'adx_points': 40.0, 'volume_points': 6.529635336424684, 'ma_points': 10.189108841825057, 'rr_points': 2.25}, 'signal_row': {'open': 0.9031637018945824, 'high': 0.9066370551412332, 'low': 0.9006376710302613, 'close': 0.904111024276912, 'volume': 2797.35528149001, 'ma7': 0.9007454693399638, 'ma14': 0.8977463945255026, 'ma28': 0.8916602460431021, 'mavol_fast': 2067.7595307656143, 'mavol_slow': 1948.9568014819097, 'volume_ratio': 1.0609570869879577, 'volume_spike_ratio': 1.4353090224283123, 'rsi': 94.18425217369098, 'di_plus': 28.77230558709857, 'di_minus': 0.007242370437360313, 'adx': 99.73595468548277, 'atr': 0.004532739828207756, 'atr_pct': 0.005013477002819362}, 'side': 'LONG', 'risk_amount': 3.559292891851217, 'pretrade_exit_plan': {'stop_loss': 0.8916, 'take_profit': 0.9223, 'risk_distance': 0.012511024276912086, 'reward_distance': 0.018188975723087975, 'risk_reward': 1.4538358587197382}, 'entry_price_hint': 0.904111024276912, 'create_bracket': True, 'leverage': 2.0, 'liquidation_price_estimate': 0.45657606725984057, 'portfolio_heat_after': 3.4592982125661917, 'atr_pct': 0.005013477002819362, 'entry_bar_index': 2166, 'actual_exit_plan': {'stop_loss': 0.8916, 'take_profit': 0.9232, 'risk_distance': 0.012872668686622846, 'reward_distance': 0.018727331313377227, 'risk_reward': 1.45481343218586}, 'position_side': 'LONG', 'exit_plan': {'stop_loss': 0.8916, 'take_profit': 0.9232, 'risk_distance': 0.012872668686622846, 'reward_distance': 0.018727331313377227, 'risk_reward': 1.45481343218586}, 'source_entry_order': '24508c0b-4d68-4699-b836-db6790ba3a39', 'exit_reason': 'take_profit_2'}",2.8542248884087984
d20cd1a5-aecc-4b85-9fec-1b8f92df8faa,SAGAUSDT,LONG,2025-01-08 12:50:00+00:00,2025-01-08 15:00:00+00:00,1.4633888664826251,1.5284,85.5,5.558451915735551,0.09495150144634545,0.05002788807846337,5.463500414289206,1.9142480842644423,take_profit_2,26,"{'strategy': 'live_indicator_adapter', 'signal_reason': 'signal_confirmed', 'signal_details': {'ma7': 1.4613401164348743, 'ma14': 1.456089790540949, 'ma28': 1.4410718230933866, 'mavol_fast': 2220.409072095877, 'mavol_slow': 2101.544117787214, 'volume': 2794.2227768770395, 'volume_ratio': 1.0565607703890698, 'volume_spike_ratio': 1.3296046241556756, 'adx': 98.24064606728989, 'di_plus': 24.217656661990752, 'di_minus': 2.6077317202135566, 'close': 1.4628037449846314, 'signal': 'LONG'}, 'htf_reason': 'htf_trend_confirmed', 'htf_details': {'ma7': 1.3605670814176702, 'ma14': 1.2627767049129406, 'ma28': 1.2539344061749738, 'adx': 31.472039022423843, 'di_plus': 57.56198941703539, 'di_minus': 22.63321744808034, 'open': 1.4246833059461763, 'close': 1.45290120088189, 'trend': 'LONG'}, 'score_details': {'score': 61.25880438572908, 'adx': 98.24064606728989, 'volume_ratio': 1.3296046241556756, 'ma_separation_pct': 1.4064735023393946, 'rr_ratio': 1.45, 'adx_points': 40.0, 'volume_points': 4.944069362335134, 'ma_points': 14.064735023393947, 'rr_points': 2.25}, 'signal_row': {'open': 1.461790216433298, 'high': 1.4683209494592304, 'low': 1.456273011958699, 'close': 1.4628037449846314, 'volume': 2794.2227768770395, 'ma7': 1.4613401164348743, 'ma14': 1.456089790540949, 'ma28': 1.4410718230933866, 'mavol_fast': 2220.409072095877, 'mavol_slow': 2101.544117787214, 'volume_ratio': 1.0565607703890698, 'volume_spike_ratio': 1.3296046241556756, 'rsi': 94.12024431441512, 'di_plus': 24.217656661990752, 'di_minus': 2.6077317202135566, 'adx': 98.24064606728989, 'atr': 0.00859369168665452, 'atr_pct': 0.005874808371334056}, 'side': 'LONG', 'risk_amount': 3.8262572818806224, 'pretrade_exit_plan': {'stop_loss': 1.441, 'take_profit': 1.4945, 'risk_distance': 0.021803744984631335, 'reward_distance': 0.031696255015368546, 'risk_reward': 1.4537069222608354}, 'entry_price_hint': 1.4628037449846314, 'create_bracket': True, 'leverage': 2.0, 'liquidation_price_estimate': 0.7387158912172389, 'portfolio_heat_after': 7.2855529097247125, 'atr_pct': 0.005874808371334056, 'entry_bar_index': 2170, 'actual_exit_plan': {'stop_loss': 1.441, 'take_profit': 1.4959, 'risk_distance': 0.02238886648262506, 'reward_distance': 0.03251113351737489, 'risk_reward': 1.4521116351560381}, 'position_side': 'LONG', 'exit_plan': {'stop_loss': 1.441, 'take_profit': 1.4959, 'risk_distance': 0.02238886648262506, 'reward_distance': 0.03251113351737489, 'risk_reward': 1.4521116351560381}, 'source_entry_order': '73cc413b-e0a4-485e-938f-65191da94397', 'exit_reason': 'take_profit_2'}",2.854123485456473
e3beaee2-798a-448d-8496-7868931d642d,SAGAUSDT,LONG,2025-01-08 15:05:00+00:00,2025-01-08 16:05:00+00:00,1.5268072087179247,1.5786,79.5,4.117526906924983,0.09185938520119127,0.048533056014815064,4.025667521723792,2.83872309307501,take_profit_1,12,"{'strategy': 'live_indicator_adapter', 'signal_reason': 'signal_confirmed', 'signal_details': {'ma7': 1.515934508664854, 'ma14': 1.5074087891662111, 'ma28': 1.4911940189660633, 'mavol_fast': 2272.203156216512, 'mavol_slow': 2131.1368506229037, 'volume': 2976.967471649051, 'volume_ratio': 1.0661929831265302, 'volume_spike_ratio': 1.3968917438497306, 'adx': 91.57420782086561, 'di_plus': 28.854783851204193, 'di_minus': 0.6190295067441062, 'close': 1.5261967300259145, 'signal': 'LONG'}, 'htf_reason': 'htf_trend_confirmed', 'htf_details': {'ma7': 1.4455194410671162, 'ma14': 1.3462411947620316, 'ma28': 1.2659853389359876, 'adx': 35.02344253958801, 'di_plus': 60.65037332243604, 'di_minus': 18.617560244917605, 'open': 1.489748775773014, 'close': 1.5200169298155897, 'trend': 'LONG'}, 'score_details': {'score': 64.79443633108592, 'adx': 91.57420782086561, 'volume_ratio': 1.3968917438497306, 'ma_separation_pct': 1.6591060173339964, 'rr_ratio': 1.45, 'adx_points': 40.0, 'volume_points': 5.953376157745959, 'ma_points': 16.591060173339965, 'rr_points': 2.25}, 'signal_row': {'open': 1.5200169298155897, 'high': 1.5293697459599362, 'low': 1.516843913881568, 'close': 1.5261967300259145, 'volume': 2976.967471649051, 'ma7': 1.515934508664854, 'ma14': 1.5074087891662111, 'ma28': 1.4911940189660633, 'mavol_fast': 2272.203156216512, 'mavol_slow': 2131.1368506229037, 'volume_ratio': 1.0661929831265302, 'volume_spike_ratio': 1.3968917438497306, 'rsi': 97.78828745686056, 'di_plus': 28.854783851204193, 'di_minus': 0.6190295067441062, 'adx': 91.57420782086561, 'atr': 0.009026143181653139, 'atr_pct': 0.005914141345002015}, 'side': 'LONG', 'risk_amount': 5.6881583487653975, 'pretrade_exit_plan': {'stop_loss': 1.4911, 'take_profit': 1.5771, 'risk_distance': 0.0350967300259144, 'reward_distance': 0.05090326997408545, 'risk_reward': 1.4503707307347427}, 'entry_price_hint': 1.5261967300259145, 'create_bracket': True, 'leverage': 2.0, 'liquidation_price_estimate': 0.7707293486630868, 'portfolio_heat_after': 5.5921963599968265, 'atr_pct': 0.005914141345002015, 'entry_bar_index': 2197, 'actual_exit_plan': {'stop_loss': 1.4911, 'take_profit': 1.5786, 'risk_distance': 0.035707208717924654, 'reward_distance': 0.05179279128207526, 'risk_reward': 1.4504855781705448}, 'position_side': 'LONG', 'exit_plan': {'stop_loss': 1.4911, 'take_profit': 1.5786, 'risk_distance': 0.035707208717924654, 'reward_distance': 0.05179279128207526, 'risk_reward': 1.4504855781705448}, 'source_entry_order': '636ac08b-5a0b-4993-a6a3-bb0d786e1f68', 'exit_reason': 'take_profit_1'}",1.4181261749496812
db337836-2a87-4391-b0a3-7cea77e6b42c,SAGAUSDT,LONG,2025-01-08 15:05:00+00:00,2025-01-08 17:25:00+00:00,1.5268072087179247,1.6303,79.7,8.248375465181404,0.09291457599415023,0.04865515175321711,8.155460889187255,2.845864534818595,take_profit_2,28,"{'strategy': 'live_indicator_adapter', 'signal_reason': 'signal_confirmed', 'signal_details': {'ma7': 1.515934508664854, 'ma14': 1.5074087891662111, 'ma28': 1.4911940189660633, 'mavol_fast': 2272.203156216512, 'mavol_slow': 2131.1368506229037, 'volume': 2976.967471649051, 'volume_ratio': 1.0661929831265302, 'volume_spike_ratio': 1.3968917438497306, 'adx': 91.57420782086561, 'di_plus': 28.854783851204193, 'di_minus': 0.6190295067441062, 'close': 1.5261967300259145, 'signal': 'LONG'}, 'htf_reason': 'htf_trend_confirmed', 'htf_details': {'ma7': 1.4455194410671162, 'ma14': 1.3462411947620316, 'ma28': 1.2659853389359876, 'adx': 35.02344253958801, 'di_plus': 60.65037332243604, 'di_minus': 18.617560244917605, 'open': 1.489748775773014, 'close': 1.5200169298155897, 'trend': 'LONG'}, 'score_details': {'score': 64.79443633108592, 'adx': 91.57420782086561, 'volume_ratio': 1.3968917438497306, 'ma_separation_pct': 1.6591060173339964, 'rr_ratio': 1.45, 'adx_points': 40.0, 'volume_points': 5.953376157745959, 'ma_points': 16.591060173339965, 'rr_points': 2.25}, 'signal_row': {'open': 1.5200169298155897, 'high': 1.5293697459599362, 'low': 1.516843913881568, 'close': 1.5261967300259145, 'volume': 2976.967471649051, 'ma7': 1.515934508664854, 'ma14': 1.5074087891662111, 'ma28': 1.4911940189660633, 'mavol_fast': 2272.203156216512, 'mavol_slow': 2131.1368506229037, 'volume_ratio': 1.0661929831265302, 'volume_spike_ratio': 1.3968917438497306, 'rsi': 97.78828745686056, 'di_plus': 28.854783851204193, 'di_minus': 0.6190295067441062, 'adx': 91.57420782086561, 'atr': 0.009026143181653139, 'atr_pct': 0.005914141345002015}, 'side': 'LONG', 'risk_amount': 5.6881583487653975, 'pretrade_exit_plan': {'stop_loss': 1.4911, 'take_profit': 1.5771, 'risk_distance': 0.0350967300259144, 'reward_distance': 0.05090326997408545, 'risk_reward': 1.4503707307347427}, 'entry_price_hint': 1.5261967300259145, 'create_bracket': True, 'leverage': 2.0, 'liquidation_price_estimate': 0.7707293486630868, 'portfolio_heat_after': 5.5921963599968265, 'atr_pct': 0.005914141345002015, 'entry_bar_index': 2197, 'actual_exit_plan': {'stop_loss': 1.4911, 'take_profit': 1.5786, 'risk_distance': 0.035707208717924654, 'reward_distance': 0.05179279128207526, 'risk_reward': 1.4504855781705448}, 'position_side': 'LONG', 'exit_plan': {'stop_loss': 1.4911, 'take_profit': 1.5786, 'risk_distance': 0.035707208717924654, 'reward_distance': 0.05179279128207526, 'risk_reward': 1.4504855781705448}, 'source_entry_order': '636ac08b-5a0b-4993-a6a3-bb0d786e1f68', 'exit_reason': 'take_profit_2'}",2.865723504898701
4735b614-4c4f-4d3f-bcbc-722f5e8e64e9,SAGAUSDT,LONG,2025-01-08 15:05:00+00:00,2025-01-09 01:50:00+00:00,1.5268072087179247,1.49020534,0.10000000000000853,-0.0036601868717927935,0.00016593569017949567,0.0001505138692010556,-0.0038261225619722894,0.0035707208717927763,stop_loss,129,"{'strategy': 'live_indicator_adapter', 'signal_reason': 'signal_confirmed', 'signal_details': {'ma7': 1.515934508664854, 'ma14': 1.5074087891662111, 'ma28': 1.4911940189660633, 'mavol_fast': 2272.203156216512, 'mavol_slow': 2131.1368506229037, 'volume': 2976.967471649051, 'volume_ratio': 1.0661929831265302, 'volume_spike_ratio': 1.3968917438497306, 'adx': 91.57420782086561, 'di_plus': 28.854783851204193, 'di_minus': 0.6190295067441062, 'close': 1.5261967300259145, 'signal': 'LONG'}, 'htf_reason': 'htf_trend_confirmed', 'htf_details': {'ma7': 1.4455194410671162, 'ma14': 1.3462411947620316, 'ma28': 1.2659853389359876, 'adx': 35.02344253958801, 'di_plus': 60.65037332243604, 'di_minus': 18.617560244917605, 'open': 1.489748775773014, 'close': 1.5200169298155897, 'trend': 'LONG'}, 'score_details': {'score': 64.79443633108592, 'adx': 91.57420782086561, 'volume_ratio': 1.3968917438497306, 'ma_separation_pct': 1.6591060173339964, 'rr_ratio': 1.45, 'adx_points': 40.0, 'volume_points': 5.953376157745959, 'ma_points': 16.591060173339965, 'rr_points': 2.25}, 'signal_row': {'open': 1.5200169298155897, 'high': 1.5293697459599362, 'low': 1.516843913881568, 'close': 1.5261967300259145, 'volume': 2976.967471649051, 'ma7': 1.515934508664854, 'ma14': 1.5074087891662111, 'ma28': 1.4911940189660633, 'mavol_fast': 2272.203156216512, 'mavol_slow': 2131.1368506229037, 'volume_ratio': 1.0661929831265302, 'volume_spike_ratio': 1.3968917438497306, 'rsi': 97.78828745686056, 'di_plus': 28.854783851204193, 'di_minus': 0.6190295067441062, 'adx': 91.57420782086561, 'atr': 0.009026143181653139, 'atr_pct': 0.005914141345002015}, 'side': 'LONG', 'risk_amount': 5.6881583487653975, 'pretrade_exit_plan': {'stop_loss': 1.4911, 'take_profit': 1.5771, 'risk_distance': 0.0350967300259144, 'reward_distance': 0.05090326997408545, 'risk_reward': 1.4503707307347427}, 'entry_price_hint': 1.5261967300259145, 'create_bracket': True, 'leverage': 2.0, 'liquidation_price_estimate': 0.7707293486630868, 'portfolio_heat_after': 5.5921963599968265, 'atr_pct': 0.005914141345002015, 'entry_bar_index': 2197, 'actual_exit_plan': {'stop_loss': 1.4911, 'take_profit': 1.5786, 'risk_distance': 0.035707208717924654, 'reward_distance': 0.05179279128207526, 'risk_reward': 1.4504855781705448}, 'position_side': 'LONG', 'exit_plan': {'stop_loss': 1.4911, 'take_profit': 1.5786, 'risk_distance': 0.035707208717924654, 'reward_distance': 0.05179279128207526, 'risk_reward': 1.4504855781705448}, 'source_entry_order': '636ac08b-5a0b-4993-a6a3-bb0d786e1f68', 'exit_reason': 'stop_loss'}",-1.0715266466771685
48d4c555-e666-4c23-9cb5-24138337f26f,BUSDT,LONG,2025-01-08 12:30:00+00:00,2025-01-09 02:45:00+00:00,0.9044726686866228,0.8910650399999999,0.09999999999999432,-0.0013407628686622167,9.875457397775858e-05,8.966044097108273e-05,-0.0014395174426399752,0.0012872668686623179,stop_loss,171,"{'strategy': 'live_indicator_adapter', 'signal_reason': 'signal_confirmed', 'signal_details': {'ma7': 0.9007454693399638, 'ma14': 0.8977463945255026, 'ma28': 0.8916602460431021, 'mavol_fast': 2067.7595307656143, 'mavol_slow': 1948.9568014819097, 'volume': 2797.35528149001, 'volume_ratio': 1.0609570869879577, 'volume_spike_ratio': 1.4353090224283123, 'adx': 99.73595468548277, 'di_plus': 28.77230558709857, 'di_minus': 0.007242370437360313, 'close': 0.904111024276912, 'signal': 'LONG'}, 'htf_reason': 'htf_trend_confirmed', 'htf_details': {'ma7': 0.8455417514869924, 'ma14': 0.7841590718965766, 'ma28': 0.7827617561297436, 'adx': 31.155101800217317, 'di_plus': 56.11710539426008, 'di_minus': 25.60836425864082, 'open': 0.8878871359403939, 'close': 0.8972389325181516, 'trend': 'LONG'}, 'score_details': {'score': 58.968744178249736, 'adx': 99.73595468548277, 'volume_ratio': 1.4353090224283123, 'ma_separation_pct': 1.0189108841825056, 'rr_ratio': 1.45, 'adx_points': 40.0, 'volume_points': 6.529635336424684, 'ma_points': 10.189108841825057, 'rr_points': 2.25}, 'signal_row': {'open': 0.9031637018945824, 'high': 0.9066370551412332, 'low': 0.9006376710302613, 'close': 0.904111024276912, 'volume': 2797.35528149001, 'ma7': 0.9007454693399638, 'ma14': 0.8977463945255026, 'ma28': 0.8916602460431021, 'mavol_fast': 2067.7595307656143, 'mavol_slow': 1948.9568014819097, 'volume_ratio': 1.0609570869879577, 'volume_spike_ratio': 1.4353090224283123, 'rsi': 94.18425217369098, 'di_plus': 28.77230558709857, 'di_minus': 0.007242370437360313, 'adx': 99.73595468548277, 'atr': 0.004532739828207756, 'atr_pct': 0.005013477002819362}, 'side': 'LONG', 'risk_amount': 3.559292891851217, 'pretrade_exit_plan': {'stop_loss': 0.8916, 'take_profit': 0.9223, 'risk_distance': 0.012511024276912086, 'reward_distance': 0.018188975723087975, 'risk_reward': 1.4538358587197382}, 'entry_price_hint': 0.904111024276912, 'create_bracket': True, 'leverage': 2.0, 'liquidation_price_estimate': 0.45657606725984057, 'portfolio_heat_after': 3.4592982125661917, 'atr_pct': 0.005013477002819362, 'entry_bar_index': 2166, 'actual_exit_plan': {'stop_loss': 0.8916, 'take_profit': 0.9232, 'risk_distance': 0.012872668686622846, 'reward_distance': 0.018727331313377227, 'risk_reward': 1.45481343218586}, 'position_side': 'LONG', 'exit_plan': {'stop_loss': 0.8916, 'take_profit': 0.9232, 'risk_distance': 0.012872668686622846, 'reward_distance': 0.018727331313377227, 'risk_reward': 1.45481343218586}, 'source_entry_order': '24508c0b-4d68-4699-b836-db6790ba3a39', 'exit_reason': 'stop_loss'}",-1.1182742892589714
54b544e5-0cfb-441b-9c3c-2e19d17a06e9,BUSDT,SHORT,2025-01-09 10:05:00+00:00,2025-01-09 11:20:00+00:00,0.7647077663565893,0.7345,42.1,1.2717469636124088,0.023891298329986828,0.012882831918211214,1.247855665282422,0.7111628692707876,take_profit_1,15,"{'strategy': 'live_indicator_adapter', 'signal_reason': 'signal_confirmed', 'signal_details': {'ma7': 0.772286894418162, 'ma14': 0.7788718245442626, 'ma28': 0.7887333350493584, 'mavol_fast': 1631.5815679155526, 'mavol_slow': 1378.5837707808253, 'volume': 3405.504380918496, 'volume_ratio': 1.183520075092303, 'volume_spike_ratio': 2.470291942425544, 'adx': 99.94384077244835, 'di_plus': 0.0010498477337820254, 'di_minus': 32.92039549600453, 'close': 0.7669772413294775, 'signal': 'SHORT'}, 'htf_reason': 'htf_trend_confirmed', 'htf_details': {'ma7': 0.8201289504980785, 'ma14': 0.8822985122024615, 'ma28': 0.9050605253508305, 'adx': 31.069565317004013, 'di_plus': 23.3317763881391, 'di_minus': 55.59492222243378, 'open': 0.7906952709877872, 'close': 0.769060893983378, 'trend': 'SHORT'}, 'score_details': {'score': 84.30437913638316, 'adx': 99.94384077244835, 'volume_ratio': 2.470291942425544, 'ma_separation_pct': 2.085171236000463, 'rr_ratio': 1.45, 'adx_points': 40.0, 'volume_points': 22.054379136383158, 'ma_points': 20.0, 'rr_points': 2.25}, 'signal_row': {'open': 0.769060893983378, 'high': 0.7704486389768649, 'low': 0.7655894963359906, 'close': 0.7669772413294775, 'volume': 3405.504380918496, 'ma7': 0.772286894418162, 'ma14': 0.7788718245442626, 'ma28': 0.7887333350493584, 'mavol_fast': 1631.5815679155526, 'mavol_slow': 1378.5837707808253, 'volume_ratio': 1.183520075092303, 'volume_spike_ratio': 2.470291942425544, 'rsi': 0.7016040544674809, 'di_plus': 0.0010498477337820254, 'di_minus': 32.92039549600453, 'adx': 99.94384077244835, 'atr': 0.005013509501522385, 'atr_pct': 0.0065367122143441606}, 'side': 'SHORT', 'risk_amount': 1.8655210285026649, 'pretrade_exit_plan': {'stop_loss': 0.7888, 'take_profit': 0.7353, 'risk_distance': 0.021822758670522413, 'reward_distance': 0.03167724132947758, 'risk_reward': 1.4515690618100603}, 'entry_price_hint': 0.7669772413294775, 'create_bracket': True, 'leverage': 2.0, 'liquidation_price_estimate': 1.146630975787569, 'portfolio_heat_after': 5.654276771532357, 'atr_pct': 0.0065367122143441606, 'entry_bar_index': 2425, 'actual_exit_plan': {'stop_loss': 0.7888, 'take_profit': 0.7274, 'risk_distance': 0.02503876835529184, 'reward_distance': 0.03636123164470806, 'risk_reward': 1.4521972937627845}, 'position_side': 'SHORT', 'exit_plan': {'stop_loss': 0.7888, 'take_profit': 0.7345, 'risk_distance': 0.022129549567054152, 'reward_distance': 0.03217045043294575, 'risk_reward': 1.453732726708555}, 'source_entry_order': 'bdcbe54d-fc69-4588-b966-2c2c51703d96', 'exit_reason': 'take_profit_1'}",1.7546693158515834
fd5d5c6a-f877-4c7f-9013-3d7151892853,BUSDT,SHORT,2025-01-09 10:05:00+00:00,2025-01-09 11:45:00+00:00,0.7647077663565893,0.7274,87.4,3.260698779565903,0.049474454328761255,0.02674488146440998,3.2112243252371417,1.4763808734980248,take_profit_1,20,"{'strategy': 'live_indicator_adapter', 'signal_reason': 'signal_confirmed', 'signal_details': {'ma7': 0.772286894418162, 'ma14': 0.7788718245442626, 'ma28': 0.7887333350493584, 'mavol_fast': 1631.5815679155526, 'mavol_slow': 1378.5837707808253, 'volume': 3405.504380918496, 'volume_ratio': 1.183520075092303, 'volume_spike_ratio': 2.470291942425544, 'adx': 99.94384077244835, 'di_plus': 0.0010498477337820254, 'di_minus': 32.92039549600453, 'close': 0.7669772413294775, 'signal': 'SHORT'}, 'htf_reason': 'htf_trend_confirmed', 'htf_details': {'ma7': 0.8201289504980785, 'ma14': 0.8822985122024615, 'ma28': 0.9050605253508305, 'adx': 31.069565317004013, 'di_plus': 23.3317763881391, 'di_minus': 55.59492222243378, 'open': 0.7906952709877872, 'close': 0.769060893983378, 'trend': 'SHORT'}, 'score_details': {'score': 84.30437913638316, 'adx': 99.94384077244835, 'volume_ratio': 2.470291942425544, 'ma_separation_pct': 2.085171236000463, 'rr_ratio': 1.45, 'adx_points': 40.0, 'volume_points': 22.054379136383158, 'ma_points': 20.0, 'rr_points': 2.25}, 'signal_row': {'open': 0.769060893983378, 'high': 0.7704486389768649, 'low': 0.7655894963359906, 'close': 0.7669772413294775, 'volume': 3405.504380918496, 'ma7': 0.772286894418162, 'ma14': 0.7788718245442626, 'ma28': 0.7887333350493584, 'mavol_fast': 1631.5815679155526, 'mavol_slow': 1378.5837707808253, 'volume_ratio': 1.183520075092303, 'volume_spike_ratio': 2.470291942425544, 'rsi': 0.7016040544674809, 'di_plus': 0.0010498477337820254, 'di_minus': 32.92039549600453, 'adx': 99.94384077244835, 'atr': 0.005013509501522385, 'atr_pct': 0.0065367122143441606}, 'side': 'SHORT', 'risk_amount': 4.376776708505014, 'pretrade_exit_plan': {'stop_loss': 0.7888, 'take_profit': 0.7353, 'risk_distance': 0.021822758670522413, 'reward_distance': 0.03167724132947758, 'risk_reward': 1.4515690618100603}, 'entry_price_hint': 0.7669772413294775, 'create_bracket': True, 'leverage': 2.0, 'liquidation_price_estimate': 1.146630975787569, 'portfolio_heat_after': 5.654276771532357, 'atr_pct': 0.0065367122143441606, 'entry_bar_index': 2425, 'actual_exit_plan': {'stop_loss': 0.7888, 'take_profit': 0.7274, 'risk_distance': 0.02503876835529184, 'reward_distance': 0.03636123164470806, 'risk_reward': 1.4521972937627845}, 'position_side': 'SHORT', 'exit_plan': {'stop_loss': 0.7888, 'take_profit': 0.7274, 'risk_distance': 0.02503876835529184, 'reward_distance': 0.03636123164470806, 'risk_reward': 1.4521972937627845}, 'source_entry_order': 'bdcbe54d-fc69-4588-b966-2c2c51703d96', 'exit_reason': 'take_profit_1'}",2.1750649733281295
44f05826-e929-44f9-948e-fa5e82cc3018,SAGAUSDT,SHORT,2025-01-09 10:10:00+00:00,2025-01-09 12:00:00+00:00,1.2171703383030825,1.1549,66.5,4.140977497154985,0.05987817512343525,0.03238968687360777,4.08109932203155,2.8548225028450123,take_profit_1,22,"{'strategy': 'live_indicator_adapter', 'signal_reason': 'signal_confirmed', 'signal_details': {'ma7': 1.2288618884368556, 'ma14': 1.2392681126363736, 'ma28': 1.260075463979528, 'mavol_fast': 1355.8116752913459, 'mavol_slow': 1242.9630723643722, 'volume': 2473.38077459442, 'volume_ratio': 1.0907899884043315, 'volume_spike_ratio': 1.9899068842725467, 'adx': 99.81662478516328, 'di_plus': 0.009105647356940725, 'di_minus': 35.435980541250125, 'close': 1.217657401263588, 'signal': 'SHORT'}, 'htf_reason': 'htf_trend_confirmed', 'htf_details': {'ma7': 1.3136637050605724, 'ma14': 1.4260872674058465, 'ma28': 1.45945380728083, 'adx': 33.53419193421139, 'di_plus': 22.759647451603776, 'di_minus': 56.969653249021, 'open': 1.262697843064541, 'close': 1.2258892182074344, 'trend': 'SHORT'}, 'score_details': {'score': 77.0986032640882, 'adx': 99.81662478516328, 'volume_ratio': 1.9899068842725467, 'ma_separation_pct': 2.477119540451544, 'rr_ratio': 1.45, 'adx_points': 40.0, 'volume_points': 14.8486032640882, 'ma_points': 20.0, 'rr_points': 2.25}, 'signal_row': {'open': 1.221883934717531, 'high': 1.224419638901003, 'low': 1.2151216970801162, 'close': 1.217657401263588, 'volume': 2473.38077459442, 'ma7': 1.2288618884368556, 'ma14': 1.2392681126363736, 'ma28': 1.260075463979528, 'mavol_fast': 1355.8116752913459, 'mavol_slow': 1242.9630723643722, 'volume_ratio': 1.0907899884043315, 'volume_spike_ratio': 1.9899068842725467, 'rsi': 0.12056297373452196, 'di_plus': 0.009105647356940725, 'di_minus': 35.435980541250125, 'adx': 99.81662478516328, 'atr': 0.008630726190585455, 'atr_pct': 0.007087975798142544}, 'side': 'SHORT', 'risk_amount': 5.713937971859716, 'pretrade_exit_plan': {'stop_loss': 1.2601, 'take_profit': 1.1561, 'risk_distance': 0.042442598736412096, 'reward_distance': 0.061557401263587996, 'risk_reward': 1.4503683350279173}, 'entry_price_hint': 1.217657401263588, 'create_bracket': True, 'leverage': 2.0, 'liquidation_price_estimate': 1.820397814889064, 'portfolio_heat_after': 7.518875180192756, 'atr_pct': 0.007087975798142544, 'entry_bar_index': 2426, 'actual_exit_plan': {'stop_loss': 1.2601, 'take_profit': 1.1549, 'risk_distance': 0.042929661696917476, 'reward_distance': 0.062270338303082484, 'risk_reward': 1.4505201262173875}, 'position_side': 'SHORT', 'exit_plan': {'stop_loss': 1.2601, 'take_profit': 1.1549, 'risk_distance': 0.042929661696917476, 'reward_distance': 0.062270338303082484, 'risk_reward': 1.4505201262173875}, 'source_entry_order': '943d1035-b8c8-4457-b3c6-1762bfc36e6d', 'exit_reason': 'take_profit_1'}",1.4295457311144475
ad6c6439-466e-4e87-8078-add28e0455d7,BUSDT,SHORT,2025-01-09 10:05:00+00:00,2025-01-09 14:30:00+00:00,0.7647077663565893,0.7024,42.1,2.6231569636124097,0.02362101632998683,0.012882831918211213,2.5995359472824227,0.7111628692707876,take_profit_2,53,"{'strategy': 'live_indicator_adapter', 'signal_reason': 'signal_confirmed', 'signal_details': {'ma7': 0.772286894418162, 'ma14': 0.7788718245442626, 'ma28': 0.7887333350493584, 'mavol_fast': 1631.5815679155526, 'mavol_slow': 1378.5837707808253, 'volume': 3405.504380918496, 'volume_ratio': 1.183520075092303, 'volume_spike_ratio': 2.470291942425544, 'adx': 99.94384077244835, 'di_plus': 0.0010498477337820254, 'di_minus': 32.92039549600453, 'close': 0.7669772413294775, 'signal': 'SHORT'}, 'htf_reason': 'htf_trend_confirmed', 'htf_details': {'ma7': 0.8201289504980785, 'ma14': 0.8822985122024615, 'ma28': 0.9050605253508305, 'adx': 31.069565317004013, 'di_plus': 23.3317763881391, 'di_minus': 55.59492222243378, 'open': 0.7906952709877872, 'close': 0.769060893983378, 'trend': 'SHORT'}, 'score_details': {'score': 84.30437913638316, 'adx': 99.94384077244835, 'volume_ratio': 2.470291942425544, 'ma_separation_pct': 2.085171236000463, 'rr_ratio': 1.45, 'adx_points': 40.0, 'volume_points': 22.054379136383158, 'ma_points': 20.0, 'rr_points': 2.25}, 'signal_row': {'open': 0.769060893983378, 'high': 0.7704486389768649, 'low': 0.7655894963359906, 'close': 0.7669772413294775, 'volume': 3405.504380918496, 'ma7': 0.772286894418162, 'ma14': 0.7788718245442626, 'ma28': 0.7887333350493584, 'mavol_fast': 1631.5815679155526, 'mavol_slow': 1378.5837707808253, 'volume_ratio': 1.183520075092303, 'volume_spike_ratio': 2.470291942425544, 'rsi': 0.7016040544674809, 'di_plus': 0.0010498477337820254, 'di_minus': 32.92039549600453, 'adx': 99.94384077244835, 'atr': 0.005013509501522385, 'atr_pct': 0.0065367122143441606}, 'side': 'SHORT', 'risk_amount': 1.8655210285026649, 'pretrade_exit_plan': {'stop_loss': 0.7888, 'take_profit': 0.7353, 'risk_distance': 0.021822758670522413, 'reward_distance': 0.03167724132947758, 'risk_reward': 1.4515690618100603}, 'entry_price_hint': 0.7669772413294775, 'create_bracket': True, 'leverage': 2.0, 'liquidation_price_estimate': 1.146630975787569, 'portfolio_heat_after': 5.654276771532357, 'atr_pct': 0.0065367122143441606, 'entry_bar_index': 2425, 'actual_exit_plan': {'stop_loss': 0.7888, 'take_profit': 0.7274, 'risk_distance': 0.02503876835529184, 'reward_distance': 0.03636123164470806, 'risk_reward': 1.4521972937627845}, 'position_side': 'SHORT', 'exit_plan': {'stop_loss': 0.7888, 'take_profit': 0.7345, 'risk_distance': 0.022129549567054152, 'reward_distance': 0.03217045043294575, 'risk_reward': 1.453732726708555}, 'source_entry_order': 'bdcbe54d-fc69-4588-b966-2c2c51703d96', 'exit_reason': 'take_profit_2'}",3.655331372893435
ae7b17eb-9a36-4e39-97ce-ef6fb5abc692,SAGAUSDT,SHORT,2025-01-09 10:10:00+00:00,2025-01-09 15:10:00+00:00,1.2171703383030825,1.0927,66.5,8.277277497154987,0.059050915123435244,0.03238968687360778,8.218226582031551,2.8548225028450123,take_profit_2,60,"{'strategy': 'live_indicator_adapter', 'signal_reason': 'signal_confirmed', 'signal_details': {'ma7': 1.2288618884368556, 'ma14': 1.2392681126363736, 'ma28': 1.260075463979528, 'mavol_fast': 1355.8116752913459, 'mavol_slow': 1242.9630723643722, 'volume': 2473.38077459442, 'volume_ratio': 1.0907899884043315, 'volume_spike_ratio': 1.9899068842725467, 'adx': 99.81662478516328, 'di_plus': 0.009105647356940725, 'di_minus': 35.435980541250125, 'close': 1.217657401263588, 'signal': 'SHORT'}, 'htf_reason': 'htf_trend_confirmed', 'htf_details': {'ma7': 1.3136637050605724, 'ma14': 1.4260872674058465, 'ma28': 1.45945380728083, 'adx': 33.53419193421139, 'di_plus': 22.759647451603776, 'di_minus': 56.969653249021, 'open': 1.262697843064541, 'close': 1.2258892182074344, 'trend': 'SHORT'}, 'score_details': {'score': 77.0986032640882, 'adx': 99.81662478516328, 'volume_ratio': 1.9899068842725467, 'ma_separation_pct': 2.477119540451544, 'rr_ratio': 1.45, 'adx_points': 40.0, 'volume_points': 14.8486032640882, 'ma_points': 20.0, 'rr_points': 2.25}, 'signal_row': {'open': 1.221883934717531, 'high': 1.224419638901003, 'low': 1.2151216970801162, 'close': 1.217657401263588, 'volume': 2473.38077459442, 'ma7': 1.2288618884368556, 'ma14': 1.2392681126363736, 'ma28': 1.260075463979528, 'mavol_fast': 1355.8116752913459, 'mavol_slow': 1242.9630723643722, 'volume_ratio': 1.0907899884043315, 'volume_spike_ratio': 1.9899068842725467, 'rsi': 0.12056297373452196, 'di_plus': 0.009105647356940725, 'di_minus': 35.435980541250125, 'adx': 99.81662478516328, 'atr': 0.008630726190585455, 'atr_pct': 0.007087975798142544}, 'side': 'SHORT', 'risk_amount': 5.713937971859716, 'pretrade_exit_plan': {'stop_loss': 1.2601, 'take_profit': 1.1561, 'risk_distance': 0.042442598736412096, 'reward_distance': 0.061557401263587996, 'risk_reward': 1.4503683350279173}, 'entry_price_hint': 1.217657401263588, 'create_bracket': True, 'leverage': 2.0, 'liquidation_price_estimate': 1.820397814889064, 'portfolio_heat_after': 7.518875180192756, 'atr_pct': 0.007087975798142544, 'entry_bar_index': 2426, 'actual_exit_plan': {'stop_loss': 1.2601, 'take_profit': 1.1549, 'risk_distance': 0.042929661696917476, 'reward_distance': 0.062270338303082484, 'risk_reward': 1.4505201262173875}, 'position_side': 'SHORT', 'exit_plan': {'stop_loss': 1.2601, 'take_profit': 1.1549, 'risk_distance': 0.042929661696917476, 'reward_distance': 0.062270338303082484, 'risk_reward': 1.4505201262173875}, 'source_entry_order': '943d1035-b8c8-4457-b3c6-1762bfc36e6d', 'exit_reason': 'take_profit_2'}",2.8787171790335706
5722ce30-33da-49b0-92f7-f939d483bf09,BUSDT,SHORT,2025-01-09 10:05:00+00:00,2025-01-09 15:30:00+00:00,0.7647077663565893,0.6911,87.4,6.433318779565903,0.04883993032876125,0.026744881464409977,6.384478849237142,1.4763808734980246,take_profit_2,65,"{'strategy': 'live_indicator_adapter', 'signal_reason': 'signal_confirmed', 'signal_details': {'ma7': 0.772286894418162, 'ma14': 0.7788718245442626, 'ma28': 0.7887333350493584, 'mavol_fast': 1631.5815679155526, 'mavol_slow': 1378.5837707808253, 'volume': 3405.504380918496, 'volume_ratio': 1.183520075092303, 'volume_spike_ratio': 2.470291942425544, 'adx': 99.94384077244835, 'di_plus': 0.0010498477337820254, 'di_minus': 32.92039549600453, 'close': 0.7669772413294775, 'signal': 'SHORT'}, 'htf_reason': 'htf_trend_confirmed', 'htf_details': {'ma7': 0.8201289504980785, 'ma14': 0.8822985122024615, 'ma28': 0.9050605253508305, 'adx': 31.069565317004013, 'di_plus': 23.3317763881391, 'di_minus': 55.59492222243378, 'open': 0.7906952709877872, 'close': 0.769060893983378, 'trend': 'SHORT'}, 'score_details': {'score': 84.30437913638316, 'adx': 99.94384077244835, 'volume_ratio': 2.470291942425544, 'ma_separation_pct': 2.085171236000463, 'rr_ratio': 1.45, 'adx_points': 40.0, 'volume_points': 22.054379136383158, 'ma_points': 20.0, 'rr_points': 2.25}, 'signal_row': {'open': 0.769060893983378, 'high': 0.7704486389768649, 'low': 0.7655894963359906, 'close': 0.7669772413294775, 'volume': 3405.504380918496, 'ma7': 0.772286894418162, 'ma14': 0.7788718245442626, 'ma28': 0.7887333350493584, 'mavol_fast': 1631.5815679155526, 'mavol_slow': 1378.5837707808253, 'volume_ratio': 1.183520075092303, 'volume_spike_ratio': 2.470291942425544, 'rsi': 0.7016040544674809, 'di_plus': 0.0010498477337820254, 'di_minus': 32.92039549600453, 'adx': 99.94384077244835, 'atr': 0.005013509501522385, 'atr_pct': 0.0065367122143441606}, 'side': 'SHORT', 'risk_amount': 4.376776708505014, 'pretrade_exit_plan': {'stop_loss': 0.7888, 'take_profit': 0.7353, 'risk_distance': 0.021822758670522413, 'reward_distance': 0.03167724132947758, 'risk_reward': 1.4515690618100603}, 'entry_price_hint': 0.7669772413294775, 'create_bracket': True, 'leverage': 2.0, 'liquidation_price_estimate': 1.146630975787569, 'portfolio_heat_after': 5.654276771532357, 'atr_pct': 0.0065367122143441606, 'entry_bar_index': 2425, 'actual_exit_plan': {'stop_loss': 0.7888, 'take_profit': 0.7274, 'risk_distance': 0.02503876835529184, 'reward_distance': 0.03636123164470806, 'risk_reward': 1.4521972937627845}, 'position_side': 'SHORT', 'exit_plan': {'stop_loss': 0.7888, 'take_profit': 0.7274, 'risk_distance': 0.02503876835529184, 'reward_distance': 0.03636123164470806, 'risk_reward': 1.4521972937627845}, 'source_entry_order': 'bdcbe54d-fc69-4588-b966-2c2c51703d96', 'exit_reason': 'take_profit_2'}",4.3244117854969515
de8ebf9e-e462-40ac-be68-f442cdcb586a,SAGAUSDT,SHORT,2025-01-09 10:10:00+00:00,2025-01-09 22:15:00+00:00,1.2171703383030825,1.2608560599999998,0.09999999999999432,-0.004368572169691483,0.00013629145190666142,0.00012431229605051316,-0.004504863621598145,0.004292966169691326,stop_loss,145,"{'strategy': 'live_indicator_adapter', 'signal_reason': 'signal_confirmed', 'signal_details': {'ma7': 1.2288618884368556, 'ma14': 1.2392681126363736, 'ma28': 1.260075463979528, 'mavol_fast': 1355.8116752913459, 'mavol_slow': 1242.9630723643722, 'volume': 2473.38077459442, 'volume_ratio': 1.0907899884043315, 'volume_spike_ratio': 1.9899068842725467, 'adx': 99.81662478516328, 'di_plus': 0.009105647356940725, 'di_minus': 35.435980541250125, 'close': 1.217657401263588, 'signal': 'SHORT'}, 'htf_reason': 'htf_trend_confirmed', 'htf_details': {'ma7': 1.3136637050605724, 'ma14': 1.4260872674058465, 'ma28': 1.45945380728083, 'adx': 33.53419193421139, 'di_plus': 22.759647451603776, 'di_minus': 56.969653249021, 'open': 1.262697843064541, 'close': 1.2258892182074344, 'trend': 'SHORT'}, 'score_details': {'score': 77.0986032640882, 'adx': 99.81662478516328, 'volume_ratio': 1.9899068842725467, 'ma_separation_pct': 2.477119540451544, 'rr_ratio': 1.45, 'adx_points': 40.0, 'volume_points': 14.8486032640882, 'ma_points': 20.0, 'rr_points': 2.25}, 'signal_row': {'open': 1.221883934717531, 'high': 1.224419638901003, 'low': 1.2151216970801162, 'close': 1.217657401263588, 'volume': 2473.38077459442, 'ma7': 1.2288618884368556, 'ma14': 1.2392681126363736, 'ma28': 1.260075463979528, 'mavol_fast': 1355.8116752913459, 'mavol_slow': 1242.9630723643722, 'volume_ratio': 1.0907899884043315, 'volume_spike_ratio': 1.9899068842725467, 'rsi': 0.12056297373452196, 'di_plus': 0.009105647356940725, 'di_minus': 35.435980541250125, 'adx': 99.81662478516328, 'atr': 0.008630726190585455, 'atr_pct': 0.007087975798142544}, 'side': 'SHORT', 'risk_amount': 5.713937971859716, 'pretrade_exit_plan': {'stop_loss': 1.2601, 'take_profit': 1.1561, 'risk_distance': 0.042442598736412096, 'reward_distance': 0.061557401263587996, 'risk_reward': 1.4503683350279173}, 'entry_price_hint': 1.217657401263588, 'create_bracket': True, 'leverage': 2.0, 'liquidation_price_estimate': 1.820397814889064, 'portfolio_heat_after': 7.518875180192756, 'atr_pct': 0.007087975798142544, 'entry_bar_index': 2426, 'actual_exit_plan': {'stop_loss': 1.2601, 'take_profit': 1.1549, 'risk_distance': 0.042929661696917476, 'reward_distance': 0.062270338303082484, 'risk_reward': 1.4505201262173875}, 'position_side': 'SHORT', 'exit_plan': {'stop_loss': 1.2601, 'take_profit': 1.1549, 'risk_distance': 0.042929661696917476, 'reward_distance': 0.062270338303082484, 'risk_reward': 1.4505201262173875}, 'source_entry_order': '943d1035-b8c8-4457-b3c6-1762bfc36e6d', 'exit_reason': 'stop_loss'}",-1.049359217736872
26b8d544-e7bb-463d-b745-7aa7ed059ed0,BUSDT,SHORT,2025-01-09 10:05:00+00:00,2025-01-09 23:35:00+00:00,0.7647077663565893,0.7892732799999999,0.10000000000002274,-0.0024565513643416115,8.546895754963537e-05,7.792855087462061e-05,-0.002542020321891247,0.001689222967389492,stop_loss,162,"{'strategy': 'live_indicator_adapter', 'signal_reason': 'signal_confirmed', 'signal_details': {'ma7': 0.772286894418162, 'ma14': 0.7788718245442626, 'ma28': 0.7887333350493584, 'mavol_fast': 1631.5815679155526, 'mavol_slow': 1378.5837707808253, 'volume': 3405.504380918496, 'volume_ratio': 1.183520075092303, 'volume_spike_ratio': 2.470291942425544, 'adx': 99.94384077244835, 'di_plus': 0.0010498477337820254, 'di_minus': 32.92039549600453, 'close': 0.7669772413294775, 'signal': 'SHORT'}, 'htf_reason': 'htf_trend_confirmed', 'htf_details': {'ma7': 0.8201289504980785, 'ma14': 0.8822985122024615, 'ma28': 0.9050605253508305, 'adx': 31.069565317004013, 'di_plus': 23.3317763881391, 'di_minus': 55.59492222243378, 'open': 0.7906952709877872, 'close': 0.769060893983378, 'trend': 'SHORT'}, 'score_details': {'score': 84.30437913638316, 'adx': 99.94384077244835, 'volume_ratio': 2.470291942425544, 'ma_separation_pct': 2.085171236000463, 'rr_ratio': 1.45, 'adx_points': 40.0, 'volume_points': 22.054379136383158, 'ma_points': 20.0, 'rr_points': 2.25}, 'signal_row': {'open': 0.769060893983378, 'high': 0.7704486389768649, 'low': 0.7655894963359906, 'close': 0.7669772413294775, 'volume': 3405.504380918496, 'ma7': 0.772286894418162, 'ma14': 0.7788718245442626, 'ma28': 0.7887333350493584, 'mavol_fast': 1631.5815679155526, 'mavol_slow': 1378.5837707808253, 'volume_ratio': 1.183520075092303, 'volume_spike_ratio': 2.470291942425544, 'rsi': 0.7016040544674809, 'di_plus': 0.0010498477337820254, 'di_minus': 32.92039549600453, 'adx': 99.94384077244835, 'atr': 0.005013509501522385, 'atr_pct': 0.0065367122143441606}, 'side': 'SHORT', 'risk_amount': 1.8655210285026649, 'pretrade_exit_plan': {'stop_loss': 0.7888, 'take_profit': 0.7353, 'risk_distance': 0.021822758670522413, 'reward_distance': 0.03167724132947758, 'risk_reward': 1.4515690618100603}, 'entry_price_hint': 0.7669772413294775, 'create_bracket': True, 'leverage': 2.0, 'liquidation_price_estimate': 1.146630975787569, 'portfolio_heat_after': 5.654276771532357, 'atr_pct': 0.0065367122143441606, 'entry_bar_index': 2425, 'actual_exit_plan': {'stop_loss': 0.7888, 'take_profit': 0.7274, 'risk_distance': 0.02503876835529184, 'reward_distance': 0.03636123164470806, 'risk_reward': 1.4521972937627845}, 'position_side': 'SHORT', 'exit_plan': {'stop_loss': 0.7888, 'take_profit': 0.7345, 'risk_distance': 0.022129549567054152, 'reward_distance': 0.03217045043294575, 'risk_reward': 1.453732726708555}, 'source_entry_order': 'bdcbe54d-fc69-4588-b966-2c2c51703d96', 'exit_reason': 'stop_loss'}",-1.5048459386149948
95f9024c-98ce-4389-a434-3aa45a4f6ffa,BUSDT,LONG,2025-01-10 06:25:00+00:00,2025-01-10 08:30:00+00:00,0.9145295236969399,0.9528,111.3,4.259504012530592,0.07719225279310818,0.04069857496499948,4.182311759737484,2.930475987469406,take_profit_1,25,"{'strategy': 'live_indicator_adapter', 'signal_reason': 'signal_confirmed', 'signal_details': {'ma7': 0.908563095897967, 'ma14': 0.9017121563267647, 'ma28': 0.8882628174715548, 'mavol_fast': 2206.5779965176107, 'mavol_slow': 2097.5820422361926, 'volume': 2609.4260718612363, 'volume_ratio': 1.0519626656248542, 'volume_spike_ratio': 1.2440162145359408, 'adx': 98.8824332065586, 'di_plus': 33.16050273857439, 'di_minus': 0.026939136563708114, 'close': 0.9141638581536784, 'signal': 'LONG'}, 'htf_reason': 'htf_trend_confirmed', 'htf_details': {'ma7': 0.840513572938397, 'ma14': 0.7831371039650298, 'ma28': 0.7811211879189349, 'adx': 30.89444068082853, 'di_plus': 57.892026554138766, 'di_minus': 22.805219403183386, 'open': 0.8812400872210012, 'close': 0.9038622376617398, 'trend': 'LONG'}, 'score_details': {'score': 65.91024321803911, 'adx': 98.8824332065586, 'volume_ratio': 1.2440162145359408, 'ma_separation_pct': 2.285390993196935, 'rr_ratio': 1.45, 'adx_points': 40.0, 'volume_points': 3.660243218039112, 'ma_points': 20.0, 'rr_points': 2.25}, 'signal_row': {'open': 0.913432723797734, 'high': 0.917767523026932, 'low': 0.9098290589244804, 'close': 0.9141638581536784, 'volume': 2609.4260718612363, 'ma7': 0.908563095897967, 'ma14': 0.9017121563267647, 'ma28': 0.8882628174715548, 'mavol_fast': 2206.5779965176107, 'mavol_slow': 2097.5820422361926, 'volume_ratio': 1.0519626656248542, 'volume_spike_ratio': 1.2440162145359408, 'rsi': 99.78734495068618, 'di_plus': 33.16050273857439, 'di_minus': 0.026939136563708114, 'adx': 98.8824332065586, 'atr': 0.006329847812837322, 'atr_pct': 0.006924193902854146}, 'side': 'LONG', 'risk_amount': 5.860951974938812, 'pretrade_exit_plan': {'stop_loss': 0.8882, 'take_profit': 0.9519, 'risk_distance': 0.02596385815367841, 'reward_distance': 0.03773614184632157, 'risk_reward': 1.453410414698916}, 'entry_price_hint': 0.9141638581536784, 'create_bracket': True, 'leverage': 2.0, 'liquidation_price_estimate': 0.4616527483676076, 'portfolio_heat_after': 5.782151210824182, 'atr_pct': 0.006924193902854146, 'entry_bar_index': 2669, 'actual_exit_plan': {'stop_loss': 0.8882, 'take_profit': 0.9528, 'risk_distance': 0.02632952369693986, 'reward_distance': 0.03827047630306013, 'risk_reward': 1.453519506982502}, 'position_side': 'LONG', 'exit_plan': {'stop_loss': 0.8882, 'take_profit': 0.9528, 'risk_distance': 0.02632952369693986, 'reward_distance': 0.03827047630306013, 'risk_reward': 1.453519506982502}, 'source_entry_order': '0ef6c6a5-9dfe-4551-95a0-a61ba025451a', 'exit_reason': 'take_profit_1'}",1.4271783074220283
7b69b16c-e281-4b89-8171-5c3790b8eb70,SAGAUSDT,LONG,2025-01-10 07:20:00+00:00,2025-01-10 09:35:00+00:00,1.5245284125729517,1.5767,82.0,4.278070169017961,0.09461411140704012,0.04998453811714798,4.183456057610921,2.9461298309820445,take_profit_1,27,"{'strategy': 'live_indicator_adapter', 'signal_reason': 'signal_confirmed', 'signal_details': {'ma7': 1.517382999793105, 'ma14': 1.510264644979803, 'ma28': 1.4886385767490469, 'mavol_fast': 2423.106859526328, 'mavol_slow': 2170.67038173547, 'volume': 5255.102767057967, 'volume_ratio': 1.1162942471205752, 'volume_spike_ratio': 2.4209584335215677, 'adx': 99.5702756811263, 'di_plus': 28.866790402910432, 'di_minus': 0.012067295635679095, 'close': 1.5239188450349377, 'signal': 'LONG'}, 'htf_reason': 'htf_trend_confirmed', 'htf_details': {'ma7': 1.4091817741659458, 'ma14': 1.3073573587885445, 'ma28': 1.262679963174947, 'adx': 33.55751811169726, 'di_plus': 60.01735329434283, 'di_minus': 20.679655722704318, 'open': 1.4830573355332894, 'close': 1.514776445955217, 'trend': 'LONG'}, 'score_details': {'score': 82.87357854354411, 'adx': 99.5702756811263, 'volume_ratio': 2.4209584335215677, 'ma_separation_pct': 1.93092020407206, 'rr_ratio': 1.45, 'adx_points': 40.0, 'volume_points': 21.314376502823514, 'ma_points': 19.3092020407206, 'rr_points': 2.25}, 'signal_row': {'open': 1.522034708503991, 'high': 1.5255692236348826, 'low': 1.520384329904046, 'close': 1.5239188450349377, 'volume': 5255.102767057967, 'ma7': 1.517382999793105, 'ma14': 1.510264644979803, 'ma28': 1.4886385767490469, 'mavol_fast': 2423.106859526328, 'mavol_slow': 2170.67038173547, 'volume_ratio': 1.1162942471205752, 'volume_spike_ratio': 2.4209584335215677, 'rsi': 99.68733211577303, 'di_plus': 28.866790402910432, 'di_minus': 0.012067295635679095, 'adx': 99.5702756811263, 'atr': 0.00889463154587985, 'atr_pct': 0.005836683216340126}, 'side': 'LONG', 'risk_amount': 5.892259661964089, 'pretrade_exit_plan': {'stop_loss': 1.4886, 'take_profit': 1.5752, 'risk_distance': 0.03531884503493776, 'reward_distance': 0.05128115496506225, 'risk_reward': 1.451948808471353}, 'entry_price_hint': 1.5239188450349377, 'create_bracket': True, 'leverage': 2.0, 'liquidation_price_estimate': 0.7695790167426435, 'portfolio_heat_after': 11.653242560668605, 'atr_pct': 0.005836683216340126, 'entry_bar_index': 2680, 'actual_exit_plan': {'stop_loss': 1.4886, 'take_profit': 1.5767, 'risk_distance': 0.03592841257295176, 'reward_distance': 0.052171587427048305, 'risk_reward': 1.4520983169271722}, 'position_side': 'LONG', 'exit_plan': {'stop_loss': 1.4886, 'take_profit': 1.5767, 'risk_distance': 0.03592841257295176, 'reward_distance': 0.052171587427048305, 'risk_reward': 1.4520983169271722}, 'source_entry_order': 'edf77455-d504-4587-a12b-1a3f4155bdc8', 'exit_reason': 'take_profit_1'}",1.4199836048014334
b2384e1f-fc51-49e2-bfee-f0de1e00e2a1,BUSDT,LONG,2025-01-10 06:25:00+00:00,2025-01-10 10:25:00+00:00,0.9145295236969399,0.991,57.2,4.37411124453504,0.040108138815505734,0.02091606907455499,4.3340031057195345,1.5060487554649602,take_profit_2,48,"{'strategy': 'live_indicator_adapter', 'signal_reason': 'signal_confirmed', 'signal_details': {'ma7': 0.908563095897967, 'ma14': 0.9017121563267647, 'ma28': 0.8882628174715548, 'mavol_fast': 2206.5779965176107, 'mavol_slow': 2097.5820422361926, 'volume': 2609.4260718612363, 'volume_ratio': 1.0519626656248542, 'volume_spike_ratio': 1.2440162145359408, 'adx': 98.8824332065586, 'di_plus': 33.16050273857439, 'di_minus': 0.026939136563708114, 'close': 0.9141638581536784, 'signal': 'LONG'}, 'htf_reason': 'htf_trend_confirmed', 'htf_details': {'ma7': 0.840513572938397, 'ma14': 0.7831371039650298, 'ma28': 0.7811211879189349, 'adx': 30.89444068082853, 'di_plus': 57.892026554138766, 'di_minus': 22.805219403183386, 'open': 0.8812400872210012, 'close': 0.9038622376617398, 'trend': 'LONG'}, 'score_details': {'score': 65.91024321803911, 'adx': 98.8824332065586, 'volume_ratio': 1.2440162145359408, 'ma_separation_pct': 2.285390993196935, 'rr_ratio': 1.45, 'adx_points': 40.0, 'volume_points': 3.660243218039112, 'ma_points': 20.0, 'rr_points': 2.25}, 'signal_row': {'open': 0.913432723797734, 'high': 0.917767523026932, 'low': 0.9098290589244804, 'close': 0.9141638581536784, 'volume': 2609.4260718612363, 'ma7': 0.908563095897967, 'ma14': 0.9017121563267647, 'ma28': 0.8882628174715548, 'mavol_fast': 2206.5779965176107, 'mavol_slow': 2097.5820422361926, 'volume_ratio': 1.0519626656248542, 'volume_spike_ratio': 1.2440162145359408, 'rsi': 99.78734495068618, 'di_plus': 33.16050273857439, 'di_minus': 0.026939136563708114, 'adx': 98.8824332065586, 'atr': 0.006329847812837322, 'atr_pct': 0.006924193902854146}, 'side': 'LONG', 'risk_amount': 5.860951974938812, 'pretrade_exit_plan': {'stop_loss': 0.8882, 'take_profit': 0.9519, 'risk_distance': 0.02596385815367841, 'reward_distance': 0.03773614184632157, 'risk_reward': 1.453410414698916}, 'entry_price_hint': 0.9141638581536784, 'create_bracket': True, 'leverage': 2.0, 'liquidation_price_estimate': 0.4616527483676076, 'portfolio_heat_after': 5.782151210824182, 'atr_pct': 0.006924193902854146, 'entry_bar_index': 2669, 'actual_exit_plan': {'stop_loss': 0.8882, 'take_profit': 0.9528, 'risk_distance': 0.02632952369693986, 'reward_distance': 0.03827047630306013, 'risk_reward': 1.453519506982502}, 'position_side': 'LONG', 'exit_plan': {'stop_loss': 0.8882, 'take_profit': 0.9528, 'risk_distance': 0.02632952369693986, 'reward_distance': 0.03827047630306013, 'risk_reward': 1.453519506982502}, 'source_entry_order': '0ef6c6a5-9dfe-4551-95a0-a61ba025451a', 'exit_reason': 'take_profit_2'}",2.87773094329971
c828c0ea-76d2-4aa9-a515-da310b80c883,BUSDT,LONG,2025-01-10 06:25:00+00:00,2025-01-10 10:40:00+00:00,0.9145295236969399,0.991,54.099999999999994,4.137052767995553,0.03793444597760244,0.019782505890444488,4.099118322017951,1.424427232004446,take_profit_2,51,"{'strategy': 'live_indicator_adapter', 'signal_reason': 'signal_confirmed', 'signal_details': {'ma7': 0.908563095897967, 'ma14': 0.9017121563267647, 'ma28': 0.8882628174715548, 'mavol_fast': 2206.5779965176107, 'mavol_slow': 2097.5820422361926, 'volume': 2609.4260718612363, 'volume_ratio': 1.0519626656248542, 'volume_spike_ratio': 1.2440162145359408, 'adx': 98.8824332065586, 'di_plus': 33.16050273857439, 'di_minus': 0.026939136563708114, 'close': 0.9141638581536784, 'signal': 'LONG'}, 'htf_reason': 'htf_trend_confirmed', 'htf_details': {'ma7': 0.840513572938397, 'ma14': 0.7831371039650298, 'ma28': 0.7811211879189349, 'adx': 30.89444068082853, 'di_plus': 57.892026554138766, 'di_minus': 22.805219403183386, 'open': 0.8812400872210012, 'close': 0.9038622376617398, 'trend': 'LONG'}, 'score_details': {'score': 65.91024321803911, 'adx': 98.8824332065586, 'volume_ratio': 1.2440162145359408, 'ma_separation_pct': 2.285390993196935, 'rr_ratio': 1.45, 'adx_points': 40.0, 'volume_points': 3.660243218039112, 'ma_points': 20.0, 'rr_points': 2.25}, 'signal_row': {'open': 0.913432723797734, 'high': 0.917767523026932, 'low': 0.9098290589244804, 'close': 0.9141638581536784, 'volume': 2609.4260718612363, 'ma7': 0.908563095897967, 'ma14': 0.9017121563267647, 'ma28': 0.8882628174715548, 'mavol_fast': 2206.5779965176107, 'mavol_slow': 2097.5820422361926, 'volume_ratio': 1.0519626656248542, 'volume_spike_ratio': 1.2440162145359408, 'rsi': 99.78734495068618, 'di_plus': 33.16050273857439, 'di_minus': 0.026939136563708114, 'adx': 98.8824332065586, 'atr': 0.006329847812837322, 'atr_pct': 0.006924193902854146}, 'side': 'LONG', 'risk_amount': 5.860951974938812, 'pretrade_exit_plan': {'stop_loss': 0.8882, 'take_profit': 0.9519, 'risk_distance': 0.02596385815367841, 'reward_distance': 0.03773614184632157, 'risk_reward': 1.453410414698916}, 'entry_price_hint': 0.9141638581536784, 'create_bracket': True, 'leverage': 2.0, 'liquidation_price_estimate': 0.4616527483676076, 'portfolio_heat_after': 5.782151210824182, 'atr_pct': 0.006924193902854146, 'entry_bar_index': 2669, 'actual_exit_plan': {'stop_loss': 0.8882, 'take_profit': 0.9528, 'risk_distance': 0.02632952369693986, 'reward_distance': 0.03827047630306013, 'risk_reward': 1.453519506982502}, 'position_side': 'LONG', 'exit_plan': {'stop_loss': 0.8882, 'take_profit': 0.9528, 'risk_distance': 0.02632952369693986, 'reward_distance': 0.03827047630306013, 'risk_reward': 1.453519506982502}, 'source_entry_order': '0ef6c6a5-9dfe-4551-95a0-a61ba025451a', 'exit_reason': 'take_profit_2'}",2.877730943299711
3d440da7-854c-483e-9533-f263a665bd72,SAGAUSDT,LONG,2025-01-10 07:20:00+00:00,2025-01-10 11:00:00+00:00,1.5245284125729517,1.6288,82.0,8.550270169017963,0.09546855140704012,0.04998453811714798,8.454801617610924,2.9461298309820445,take_profit_2,44,"{'strategy': 'live_indicator_adapter', 'signal_reason': 'signal_confirmed', 'signal_details': {'ma7': 1.517382999793105, 'ma14': 1.510264644979803, 'ma28': 1.4886385767490469, 'mavol_fast': 2423.106859526328, 'mavol_slow': 2170.67038173547, 'volume': 5255.102767057967, 'volume_ratio': 1.1162942471205752, 'volume_spike_ratio': 2.4209584335215677, 'adx': 99.5702756811263, 'di_plus': 28.866790402910432, 'di_minus': 0.012067295635679095, 'close': 1.5239188450349377, 'signal': 'LONG'}, 'htf_reason': 'htf_trend_confirmed', 'htf_details': {'ma7': 1.4091817741659458, 'ma14': 1.3073573587885445, 'ma28': 1.262679963174947, 'adx': 33.55751811169726, 'di_plus': 60.01735329434283, 'di_minus': 20.679655722704318, 'open': 1.4830573355332894, 'close': 1.514776445955217, 'trend': 'LONG'}, 'score_details': {'score': 82.87357854354411, 'adx': 99.5702756811263, 'volume_ratio': 2.4209584335215677, 'ma_separation_pct': 1.93092020407206, 'rr_ratio': 1.45, 'adx_points': 40.0, 'volume_points': 21.314376502823514, 'ma_points': 19.3092020407206, 'rr_points': 2.25}, 'signal_row': {'open': 1.522034708503991, 'high': 1.5255692236348826, 'low': 1.520384329904046, 'close': 1.5239188450349377, 'volume': 5255.102767057967, 'ma7': 1.517382999793105, 'ma14': 1.510264644979803, 'ma28': 1.4886385767490469, 'mavol_fast': 2423.106859526328, 'mavol_slow': 2170.67038173547, 'volume_ratio': 1.1162942471205752, 'volume_spike_ratio': 2.4209584335215677, 'rsi': 99.68733211577303, 'di_plus': 28.866790402910432, 'di_minus': 0.012067295635679095, 'adx': 99.5702756811263, 'atr': 0.00889463154587985, 'atr_pct': 0.005836683216340126}, 'side': 'LONG', 'risk_amount': 5.892259661964089, 'pretrade_exit_plan': {'stop_loss': 1.4886, 'take_profit': 1.5752, 'risk_distance': 0.03531884503493776, 'reward_distance': 0.05128115496506225, 'risk_reward': 1.451948808471353}, 'entry_price_hint': 1.5239188450349377, 'create_bracket': True, 'leverage': 2.0, 'liquidation_price_estimate': 0.7695790167426435, 'portfolio_heat_after': 11.653242560668605, 'atr_pct': 0.005836683216340126, 'entry_bar_index': 2680, 'actual_exit_plan': {'stop_loss': 1.4886, 'take_profit': 1.5767, 'risk_distance': 0.03592841257295176, 'reward_distance': 0.052171587427048305, 'risk_reward': 1.4520983169271722}, 'position_side': 'LONG', 'exit_plan': {'stop_loss': 1.4886, 'take_profit': 1.5767, 'risk_distance': 0.03592841257295176, 'reward_distance': 0.052171587427048305, 'risk_reward': 1.4520983169271722}, 'source_entry_order': 'edf77455-d504-4587-a12b-1a3f4155bdc8', 'exit_reason': 'take_profit_2'}",2.8697993987565216
4af53892-0e9a-4f1e-ae0c-445bb1e76872,SAGAUSDT,LONG,2025-01-10 12:30:00+00:00,2025-01-10 15:00:00+00:00,1.6975803543915289,1.63921588,104.2,-6.081578231597302,0.19123179219297853,0.1732721624276709,-6.27281002379028,5.979032927597299,stop_loss,30,"{'strategy': 'live_indicator_adapter', 'signal_reason': 'signal_confirmed', 'signal_details': {'ma7': 1.6819955030682603, 'ma14': 1.6662485627065764, 'ma28': 1.6402507113709321, 'mavol_fast': 1280.7538821655965, 'mavol_slow': 1200.1828297605766, 'volume': 2199.1608572362807, 'volume_ratio': 1.067132315516539, 'volume_spike_ratio': 1.8323548735278852, 'adx': 98.92725196544964, 'di_plus': 32.40763615569965, 'di_minus': 0.025004370967998672, 'close': 1.6969015937540273, 'signal': 'LONG'}, 'htf_reason': 'htf_trend_confirmed', 'htf_details': {'ma7': 1.5666119002831107, 'ma14': 1.4580978074973943, 'ma28': 1.3077296291157054, 'adx': 41.298258889577376, 'di_plus': 68.25631214074016, 'di_minus': 14.089552988366288, 'open': 1.6224799871442783, 'close': 1.6690210224215578, 'trend': 'LONG'}, 'score_details': {'score': 74.73532310291827, 'adx': 98.92725196544964, 'volume_ratio': 1.8323548735278852, 'ma_separation_pct': 2.545025062811134, 'rr_ratio': 1.45, 'adx_points': 40.0, 'volume_points': 12.485323102918278, 'ma_points': 20.0, 'rr_points': 2.25}, 'signal_row': {'open': 1.691582309881183, 'high': 1.701886967232996, 'low': 1.6865969364022144, 'close': 1.6969015937540273, 'volume': 2199.1608572362807, 'ma7': 1.6819955030682603, 'ma14': 1.6662485627065764, 'ma28': 1.6402507113709321, 'mavol_fast': 1280.7538821655965, 'mavol_slow': 1200.1828297605766, 'volume_ratio': 1.067132315516539, 'volume_spike_ratio': 1.8323548735278852, 'rsi': 99.88694807035246, 'di_plus': 32.40763615569965, 'di_minus': 0.025004370967998672, 'adx': 98.92725196544964, 'atr': 0.012615123373231512, 'atr_pct': 0.00743421033940058}, 'side': 'LONG', 'risk_amount': 5.979032927597299, 'pretrade_exit_plan': {'stop_loss': 1.6402, 'take_profit': 1.7792, 'risk_distance': 0.05670159375402717, 'reward_distance': 0.08229840624597262, 'risk_reward': 1.4514302120498592}, 'entry_price_hint': 1.6969015937540273, 'create_bracket': True, 'leverage': 2.0, 'liquidation_price_estimate': 0.8569353048457837, 'portfolio_heat_after': 5.908306069169631, 'atr_pct': 0.00743421033940058, 'entry_bar_index': 2742, 'actual_exit_plan': {'stop_loss': 1.6402, 'take_profit': 1.7808, 'risk_distance': 0.057380354391528776, 'reward_distance': 0.08321964560847106, 'risk_reward': 1.4503159921360997}, 'position_side': 'LONG', 'exit_plan': {'stop_loss': 1.6402, 'take_profit': 1.7808, 'risk_distance': 0.057380354391528776, 'reward_distance': 0.08321964560847106, 'risk_reward': 1.4503159921360997}, 'source_entry_order': 'd273305e-8491-401d-bfba-b4c7600bc9a0', 'exit_reason': 'stop_loss'}",-1.0491345506456404
f8e54ee4-8b95-44b7-af00-5a7407bd3a4a,BUSDT,LONG,2025-01-10 12:30:00+00:00,2025-01-10 15:20:00+00:00,1.0598674799363532,1.01798884,144.5,-6.051463470803055,0.16513763102694168,0.14954846600192162,-6.216601101829997,5.963150850803047,stop_loss,34,"{'strategy': 'live_indicator_adapter', 'signal_reason': 'signal_confirmed', 'signal_details': {'ma7': 1.0494753148745992, 'ma14': 1.0385768270367346, 'ma28': 1.0186484648987266, 'mavol_fast': 1160.4797484388832, 'mavol_slow': 1076.4639095498178, 'volume': 2418.5315725860314, 'volume_ratio': 1.0780479848360185, 'volume_spike_ratio': 2.2467372581004343, 'adx': 99.99083335427432, 'di_plus': 40.479760932826366, 'di_minus': 0.00010790372538837786, 'close': 1.0594437024553711, 'signal': 'LONG'}, 'htf_reason': 'htf_trend_confirmed', 'htf_details': {'ma7': 0.9659190064250608, 'ma14': 0.8942145041438759, 'ma28': 0.8091594807133732, 'adx': 40.85408278217043, 'di_plus': 67.88592770429328, 'di_minus': 12.999937310689612, 'open': 1.0051888716520962, 'close': 1.039118970601292, 'trend': 'LONG'}, 'score_details': {'score': 80.95105887150652, 'adx': 99.99083335427432, 'volume_ratio': 2.2467372581004343, 'ma_separation_pct': 3.0262500792103366, 'rr_ratio': 1.45, 'adx_points': 40.0, 'volume_points': 18.701058871506515, 'ma_points': 20.0, 'rr_points': 2.25}, 'signal_row': {'open': 1.0569068243250055, 'high': 1.061452966052124, 'low': 1.0548975607282531, 'close': 1.0594437024553711, 'volume': 2418.5315725860314, 'ma7': 1.0494753148745992, 'ma14': 1.0385768270367346, 'ma28': 1.0186484648987266, 'mavol_fast': 1160.4797484388832, 'mavol_slow': 1076.4639095498178, 'volume_ratio': 1.0780479848360185, 'volume_spike_ratio': 2.2467372581004343, 'rsi': 99.57174106510958, 'di_plus': 40.479760932826366, 'di_minus': 0.00010790372538837786, 'adx': 99.99083335427432, 'atr': 0.00706738280052091, 'atr_pct': 0.006670843183211636}, 'side': 'LONG', 'risk_amount': 5.963150850803047, 'pretrade_exit_plan': {'stop_loss': 1.0186, 'take_profit': 1.1187, 'risk_distance': 0.04084370245537117, 'reward_distance': 0.05925629754462891, 'risk_reward': 1.4508062193768232}, 'entry_price_hint': 1.0594437024553711, 'create_bracket': True, 'leverage': 2.0, 'liquidation_price_estimate': 0.5350190697399624, 'portfolio_heat_after': 5.905999375046671, 'atr_pct': 0.006670843183211636, 'entry_bar_index': 2742, 'actual_exit_plan': {'stop_loss': 1.0186, 'take_profit': 1.1198, 'risk_distance': 0.04126747993635327, 'reward_distance': 0.05993252006364669, 'risk_reward': 1.4522941588892868}, 'position_side': 'LONG', 'exit_plan': {'stop_loss': 1.0186, 'take_profit': 1.1198, 'risk_distance': 0.04126747993635327, 'reward_distance': 0.05993252006364669, 'risk_reward': 1.4522941588892868}, 'source_entry_order': '24ca610e-3c88-46f2-bbd8-bba909e8b86a', 'exit_reason': 'stop_loss'}",-1.042502740139941
9f4b1776-213c-4505-8e06-c8b1e6f6d818,BUSDT,SHORT,2025-01-11 04:25:00+00:00,2025-01-11 05:15:00+00:00,0.7725465401546464,0.7491,161.5,3.7866162349753973,0.09281737642923649,0.04992647708481062,3.693798858546161,2.6087837650245977,take_profit_1,10,"{'strategy': 'live_indicator_adapter', 'signal_reason': 'signal_confirmed', 'signal_details': {'ma7': 0.7763966340369566, 'ma14': 0.7804429686331529, 'ma28': 0.7886063025184459, 'mavol_fast': 1269.5240537515033, 'mavol_slow': 1181.0297476588885, 'volume': 2909.5108620299598, 'volume_ratio': 1.0749297858652873, 'volume_spike_ratio': 2.46353732223712, 'adx': 98.56581322748173, 'di_plus': 0.07089626523684614, 'di_minus': 26.39651800307276, 'close': 0.7728556824276174, 'signal': 'SHORT'}, 'htf_reason': 'htf_trend_confirmed', 'htf_details': {'ma7': 0.8239011210960828, 'ma14': 0.8952019653227669, 'ma28': 0.9146380955090037, 'adx': 32.50491165563511, 'di_plus': 23.9806014011901, 'di_minus': 54.549816971001675, 'open': 0.7943896458128544, 'close': 0.7786208210161178, 'trend': 'SHORT'}, 'score_details': {'score': 79.68565037651499, 'adx': 98.56581322748173, 'volume_ratio': 2.46353732223712, 'ma_separation_pct': 1.548259054295817, 'rr_ratio': 1.45, 'adx_points': 40.0, 'volume_points': 21.953059833556804, 'ma_points': 15.482590542958171, 'rr_points': 2.25}, 'signal_row': {'open': 0.7735038040790196, 'high': 0.7753232809819427, 'low': 0.7710362055246943, 'close': 0.7728556824276174, 'volume': 2909.5108620299598, 'ma7': 0.7763966340369566, 'ma14': 0.7804429686331529, 'ma28': 0.7886063025184459, 'mavol_fast': 1269.5240537515033, 'mavol_slow': 1181.0297476588885, 'volume_ratio': 1.0749297858652873, 'volume_spike_ratio': 2.46353732223712, 'rsi': 1.5548161786574894, 'di_plus': 0.07089626523684614, 'di_minus': 26.39651800307276, 'adx': 98.56581322748173, 'atr': 0.0047354731001615635, 'atr_pct': 0.006127241097958893}, 'side': 'SHORT', 'risk_amount': 5.222413568002802, 'pretrade_exit_plan': {'stop_loss': 0.7887, 'take_profit': 0.7498, 'risk_distance': 0.015844317572382582, 'reward_distance': 0.023055682427617352, 'risk_reward': 1.4551388737502036}, 'entry_price_hint': 0.7728556824276174, 'create_bracket': True, 'leverage': 2.0, 'liquidation_price_estimate': 1.155419245229288, 'portfolio_heat_after': 5.1240523029085265, 'atr_pct': 0.006127241097958893, 'entry_bar_index': 2933, 'actual_exit_plan': {'stop_loss': 0.7887, 'take_profit': 0.7491, 'risk_distance': 0.016153459845353546, 'reward_distance': 0.023446540154646422, 'risk_reward': 1.4514871971152787}, 'position_side': 'SHORT', 'exit_plan': {'stop_loss': 0.7887, 'take_profit': 0.7491, 'risk_distance': 0.016153459845353546, 'reward_distance': 0.023446540154646422, 'risk_reward': 1.4514871971152787}, 'source_entry_order': 'ff82756c-2ea4-4fd8-88f7-1d676cc46e7e', 'exit_reason': 'take_profit_1'}",1.4159084045477923
bccf918d-313a-4655-8d97-61fddebcfde4,SAGAUSDT,SHORT,2025-01-11 04:30:00+00:00,2025-01-11 05:20:00+00:00,1.2381839435159563,1.2051,100.9,3.3381699007599837,0.093031935945418,0.04999310120077687,3.2451379648145657,2.3021400992400007,take_profit_1,10,"{'strategy': 'live_indicator_adapter', 'signal_reason': 'signal_confirmed', 'signal_details': {'ma7': 1.2469159028426808, 'ma14': 1.2537819054590587, 'ma28': 1.260994571903773, 'mavol_fast': 1479.4050302251026, 'mavol_slow': 1336.4027555866035, 'volume': 2202.1191064567365, 'volume_ratio': 1.107005372475253, 'volume_spike_ratio': 1.6477959935739086, 'adx': 99.99607613051212, 'di_plus': 4.956935687542322e-05, 'di_minus': 21.944815673763475, 'close': 1.238679415282069, 'signal': 'SHORT'}, 'htf_reason': 'htf_trend_confirmed', 'htf_details': {'ma7': 1.310599179482058, 'ma14': 1.4195900785514888, 'ma28': 1.4685108070815283, 'adx': 32.10679133216202, 'di_plus': 23.966981904345324, 'di_minus': 54.06768829646132, 'open': 1.264717142893165, 'close': 1.2541408739273956, 'trend': 'SHORT'}, 'score_details': {'score': 63.131673975252575, 'adx': 99.99607613051212, 'volume_ratio': 1.6477959935739086, 'ma_separation_pct': 1.1164734071643942, 'rr_ratio': 1.45, 'adx_points': 40.0, 'volume_points': 9.71693990360863, 'ma_points': 11.16473407164394, 'rr_points': 2.25}, 'signal_row': {'open': 1.242449951466751, 'high': 1.2440729721442152, 'low': 1.237056394604605, 'close': 1.238679415282069, 'volume': 2202.1191064567365, 'ma7': 1.2469159028426808, 'ma14': 1.2537819054590587, 'ma28': 1.260994571903773, 'mavol_fast': 1479.4050302251026, 'mavol_slow': 1336.4027555866035, 'volume_ratio': 1.107005372475253, 'volume_spike_ratio': 1.6477959935739086, 'rsi': 6.87535968602559, 'di_plus': 4.956935687542322e-05, 'di_minus': 21.944815673763475, 'adx': 99.99607613051212, 'atr': 0.008762612402918427, 'atr_pct': 0.007074156795382788}, 'side': 'SHORT', 'risk_amount': 4.6042801984800015, 'pretrade_exit_plan': {'stop_loss': 1.261, 'take_profit': 1.2063, 'risk_distance': 0.022320584717930858, 'reward_distance': 0.03237941528206911, 'risk_reward': 1.4506526460329539}, 'entry_price_hint': 1.238679415282069, 'create_bracket': True, 'leverage': 2.0, 'liquidation_price_estimate': 1.8518257258466932, 'portfolio_heat_after': 9.726707564081249, 'atr_pct': 0.007074156795382788, 'entry_bar_index': 2934, 'actual_exit_plan': {'stop_loss': 1.261, 'take_profit': 1.2051, 'risk_distance': 0.022816056484043612, 'reward_distance': 0.03308394351595623, 'risk_reward': 1.4500289977408432}, 'position_side': 'SHORT', 'exit_plan': {'stop_loss': 1.261, 'take_profit': 1.2051, 'risk_distance': 0.022816056484043612, 'reward_distance': 0.03308394351595623, 'risk_reward': 1.4500289977408432}, 'source_entry_order': '2779639e-f48a-4daa-94ea-179d4b6ba9ea', 'exit_reason': 'take_profit_1'}",1.4096179315437294
dffc83f7-b794-45cd-8761-369a505373db,BUSDT,SHORT,2025-01-11 04:25:00+00:00,2025-01-11 06:20:00+00:00,0.7725465401546464,0.7257,161.6,7.570400888990858,0.09211856048894498,0.04995739131210772,7.478282328501913,2.6103991110091327,take_profit_2,23,"{'strategy': 'live_indicator_adapter', 'signal_reason': 'signal_confirmed', 'signal_details': {'ma7': 0.7763966340369566, 'ma14': 0.7804429686331529, 'ma28': 0.7886063025184459, 'mavol_fast': 1269.5240537515033, 'mavol_slow': 1181.0297476588885, 'volume': 2909.5108620299598, 'volume_ratio': 1.0749297858652873, 'volume_spike_ratio': 2.46353732223712, 'adx': 98.56581322748173, 'di_plus': 0.07089626523684614, 'di_minus': 26.39651800307276, 'close': 0.7728556824276174, 'signal': 'SHORT'}, 'htf_reason': 'htf_trend_confirmed', 'htf_details': {'ma7': 0.8239011210960828, 'ma14': 0.8952019653227669, 'ma28': 0.9146380955090037, 'adx': 32.50491165563511, 'di_plus': 23.9806014011901, 'di_minus': 54.549816971001675, 'open': 0.7943896458128544, 'close': 0.7786208210161178, 'trend': 'SHORT'}, 'score_details': {'score': 79.68565037651499, 'adx': 98.56581322748173, 'volume_ratio': 2.46353732223712, 'ma_separation_pct': 1.548259054295817, 'rr_ratio': 1.45, 'adx_points': 40.0, 'volume_points': 21.953059833556804, 'ma_points': 15.482590542958171, 'rr_points': 2.25}, 'signal_row': {'open': 0.7735038040790196, 'high': 0.7753232809819427, 'low': 0.7710362055246943, 'close': 0.7728556824276174, 'volume': 2909.5108620299598, 'ma7': 0.7763966340369566, 'ma14': 0.7804429686331529, 'ma28': 0.7886063025184459, 'mavol_fast': 1269.5240537515033, 'mavol_slow': 1181.0297476588885, 'volume_ratio': 1.0749297858652873, 'volume_spike_ratio': 2.46353732223712, 'rsi': 1.5548161786574894, 'di_plus': 0.07089626523684614, 'di_minus': 26.39651800307276, 'adx': 98.56581322748173, 'atr': 0.0047354731001615635, 'atr_pct': 0.006127241097958893}, 'side': 'SHORT', 'risk_amount': 5.222413568002802, 'pretrade_exit_plan': {'stop_loss': 0.7887, 'take_profit': 0.7498, 'risk_distance': 0.015844317572382582, 'reward_distance': 0.023055682427617352, 'risk_reward': 1.4551388737502036}, 'entry_price_hint': 0.7728556824276174, 'create_bracket': True, 'leverage': 2.0, 'liquidation_price_estimate': 1.155419245229288, 'portfolio_heat_after': 5.1240523029085265, 'atr_pct': 0.006127241097958893, 'entry_bar_index': 2933, 'actual_exit_plan': {'stop_loss': 0.7887, 'take_profit': 0.7491, 'risk_distance': 0.016153459845353546, 'reward_distance': 0.023446540154646422, 'risk_reward': 1.4514871971152787}, 'position_side': 'SHORT', 'exit_plan': {'stop_loss': 0.7887, 'take_profit': 0.7491, 'risk_distance': 0.016153459845353546, 'reward_distance': 0.023446540154646422, 'risk_reward': 1.4514871971152787}, 'source_entry_order': 'ff82756c-2ea4-4fd8-88f7-1d676cc46e7e', 'exit_reason': 'take_profit_2'}",2.8648041967846614
f1908a3d-aeba-4069-a5f3-805a4a2407ab,SAGAUSDT,SHORT,2025-01-11 04:30:00+00:00,2025-01-11 06:25:00+00:00,1.2381839435159563,1.1721,39.3,2.597098980177085,0.03597605193909739,0.019472040408231226,2.561122928237988,0.896671019822914,take_profit_2,23,"{'strategy': 'live_indicator_adapter', 'signal_reason': 'signal_confirmed', 'signal_details': {'ma7': 1.2469159028426808, 'ma14': 1.2537819054590587, 'ma28': 1.260994571903773, 'mavol_fast': 1479.4050302251026, 'mavol_slow': 1336.4027555866035, 'volume': 2202.1191064567365, 'volume_ratio': 1.107005372475253, 'volume_spike_ratio': 1.6477959935739086, 'adx': 99.99607613051212, 'di_plus': 4.956935687542322e-05, 'di_minus': 21.944815673763475, 'close': 1.238679415282069, 'signal': 'SHORT'}, 'htf_reason': 'htf_trend_confirmed', 'htf_details': {'ma7': 1.310599179482058, 'ma14': 1.4195900785514888, 'ma28': 1.4685108070815283, 'adx': 32.10679133216202, 'di_plus': 23.966981904345324, 'di_minus': 54.06768829646132, 'open': 1.264717142893165, 'close': 1.2541408739273956, 'trend': 'SHORT'}, 'score_details': {'score': 63.131673975252575, 'adx': 99.99607613051212, 'volume_ratio': 1.6477959935739086, 'ma_separation_pct': 1.1164734071643942, 'rr_ratio': 1.45, 'adx_points': 40.0, 'volume_points': 9.71693990360863, 'ma_points': 11.16473407164394, 'rr_points': 2.25}, 'signal_row': {'open': 1.242449951466751, 'high': 1.2440729721442152, 'low': 1.237056394604605, 'close': 1.238679415282069, 'volume': 2202.1191064567365, 'ma7': 1.2469159028426808, 'ma14': 1.2537819054590587, 'ma28': 1.260994571903773, 'mavol_fast': 1479.4050302251026, 'mavol_slow': 1336.4027555866035, 'volume_ratio': 1.107005372475253, 'volume_spike_ratio': 1.6477959935739086, 'rsi': 6.87535968602559, 'di_plus': 4.956935687542322e-05, 'di_minus': 21.944815673763475, 'adx': 99.99607613051212, 'atr': 0.008762612402918427, 'atr_pct': 0.007074156795382788}, 'side': 'SHORT', 'risk_amount': 4.6042801984800015, 'pretrade_exit_plan': {'stop_loss': 1.261, 'take_profit': 1.2063, 'risk_distance': 0.022320584717930858, 'reward_distance': 0.03237941528206911, 'risk_reward': 1.4506526460329539}, 'entry_price_hint': 1.238679415282069, 'create_bracket': True, 'leverage': 2.0, 'liquidation_price_estimate': 1.8518257258466932, 'portfolio_heat_after': 9.726707564081249, 'atr_pct': 0.007074156795382788, 'entry_bar_index': 2934, 'actual_exit_plan': {'stop_loss': 1.261, 'take_profit': 1.2051, 'risk_distance': 0.022816056484043612, 'reward_distance': 0.03308394351595623, 'risk_reward': 1.4500289977408432}, 'position_side': 'SHORT', 'exit_plan': {'stop_loss': 1.261, 'take_profit': 1.2051, 'risk_distance': 0.022816056484043612, 'reward_distance': 0.03308394351595623, 'risk_reward': 1.4500289977408432}, 'source_entry_order': '2779639e-f48a-4daa-94ea-179d4b6ba9ea', 'exit_reason': 'take_profit_2'}",2.8562570570684787
e257fd6f-ba7c-4330-9f52-4a92fc667d7b,SAGAUSDT,SHORT,2025-01-11 04:30:00+00:00,2025-01-11 06:30:00+00:00,1.2381839435159563,1.1721,61.60000000000001,4.070770920582913,0.05638994400632061,0.030521060792545646,4.014380976576592,1.4054690794170868,take_profit_2,24,"{'strategy': 'live_indicator_adapter', 'signal_reason': 'signal_confirmed', 'signal_details': {'ma7': 1.2469159028426808, 'ma14': 1.2537819054590587, 'ma28': 1.260994571903773, 'mavol_fast': 1479.4050302251026, 'mavol_slow': 1336.4027555866035, 'volume': 2202.1191064567365, 'volume_ratio': 1.107005372475253, 'volume_spike_ratio': 1.6477959935739086, 'adx': 99.99607613051212, 'di_plus': 4.956935687542322e-05, 'di_minus': 21.944815673763475, 'close': 1.238679415282069, 'signal': 'SHORT'}, 'htf_reason': 'htf_trend_confirmed', 'htf_details': {'ma7': 1.310599179482058, 'ma14': 1.4195900785514888, 'ma28': 1.4685108070815283, 'adx': 32.10679133216202, 'di_plus': 23.966981904345324, 'di_minus': 54.06768829646132, 'open': 1.264717142893165, 'close': 1.2541408739273956, 'trend': 'SHORT'}, 'score_details': {'score': 63.131673975252575, 'adx': 99.99607613051212, 'volume_ratio': 1.6477959935739086, 'ma_separation_pct': 1.1164734071643942, 'rr_ratio': 1.45, 'adx_points': 40.0, 'volume_points': 9.71693990360863, 'ma_points': 11.16473407164394, 'rr_points': 2.25}, 'signal_row': {'open': 1.242449951466751, 'high': 1.2440729721442152, 'low': 1.237056394604605, 'close': 1.238679415282069, 'volume': 2202.1191064567365, 'ma7': 1.2469159028426808, 'ma14': 1.2537819054590587, 'ma28': 1.260994571903773, 'mavol_fast': 1479.4050302251026, 'mavol_slow': 1336.4027555866035, 'volume_ratio': 1.107005372475253, 'volume_spike_ratio': 1.6477959935739086, 'rsi': 6.87535968602559, 'di_plus': 4.956935687542322e-05, 'di_minus': 21.944815673763475, 'adx': 99.99607613051212, 'atr': 0.008762612402918427, 'atr_pct': 0.007074156795382788}, 'side': 'SHORT', 'risk_amount': 4.6042801984800015, 'pretrade_exit_plan': {'stop_loss': 1.261, 'take_profit': 1.2063, 'risk_distance': 0.022320584717930858, 'reward_distance': 0.03237941528206911, 'risk_reward': 1.4506526460329539}, 'entry_price_hint': 1.238679415282069, 'create_bracket': True, 'leverage': 2.0, 'liquidation_price_estimate': 1.8518257258466932, 'portfolio_heat_after': 9.726707564081249, 'atr_pct': 0.007074156795382788, 'entry_bar_index': 2934, 'actual_exit_plan': {'stop_loss': 1.261, 'take_profit': 1.2051, 'risk_distance': 0.022816056484043612, 'reward_distance': 0.03308394351595623, 'risk_reward': 1.4500289977408432}, 'position_side': 'SHORT', 'exit_plan': {'stop_loss': 1.261, 'take_profit': 1.2051, 'risk_distance': 0.022816056484043612, 'reward_distance': 0.03308394351595623, 'risk_reward': 1.4500289977408432}, 'source_entry_order': '2779639e-f48a-4daa-94ea-179d4b6ba9ea', 'exit_reason': 'take_profit_2'}",2.8562570570684787
b8f0b292-fa64-4fdf-8fc8-98f3864342f9,SAGAUSDT,SHORT,2025-01-11 07:15:00+00:00,2025-01-11 13:15:00+00:00,1.1433907017901612,1.1847104,148.0,-6.11531533505613,0.18950742968571915,0.17285501587231344,-6.30482276474185,6.01017613505613,stop_loss,72,"{'strategy': 'live_indicator_adapter', 'signal_reason': 'signal_confirmed', 'signal_details': {'ma7': 1.1524529513752493, 'ma14': 1.16379920741319, 'ma28': 1.1839888631799902, 'mavol_fast': 1549.8822326434254, 'mavol_slow': 1398.5722431920976, 'volume': 2064.42591916466, 'volume_ratio': 1.108188897776191, 'volume_spike_ratio': 1.4760953030590824, 'adx': 99.99959055485634, 'di_plus': 4.485008130380438e-06, 'di_minus': 34.58507223359957, 'close': 1.1438482410865958, 'signal': 'SHORT'}, 'htf_reason': 'htf_trend_confirmed', 'htf_details': {'ma7': 1.235286583237078, 'ma14': 1.3323981507415665, 'ma28': 1.452206354390534, 'adx': 35.31122623359254, 'di_plus': 18.887164636985688, 'di_minus': 60.60687602095871, 'open': 1.1877770912296524, 'close': 1.1522460657839149, 'trend': 'SHORT'}, 'score_details': {'score': 69.39142954588624, 'adx': 99.99959055485634, 'volume_ratio': 1.4760953030590824, 'ma_separation_pct': 2.6635311180242764, 'rr_ratio': 1.45, 'adx_points': 40.0, 'volume_points': 7.141429545886236, 'ma_points': 20.0, 'rr_points': 2.25}, 'signal_row': {'open': 1.1459136966304055, 'high': 1.1482873461667065, 'low': 1.1414745915502948, 'close': 1.1438482410865958, 'volume': 2064.42591916466, 'ma7': 1.1524529513752493, 'ma14': 1.16379920741319, 'ma28': 1.1839888631799902, 'mavol_fast': 1549.8822326434254, 'mavol_slow': 1398.5722431920976, 'volume_ratio': 1.108188897776191, 'volume_spike_ratio': 1.4760953030590824, 'rsi': 0.7759000472298965, 'di_plus': 4.485008130380438e-06, 'di_minus': 34.58507223359957, 'adx': 99.99959055485634, 'atr': 0.008394389185026099, 'atr_pct': 0.007338726313074425}, 'side': 'SHORT', 'risk_amount': 6.014237064877114, 'pretrade_exit_plan': {'stop_loss': 1.184, 'take_profit': 1.0856, 'risk_distance': 0.04015175891340417, 'reward_distance': 0.058248241086595876, 'risk_reward': 1.450702102795064}, 'entry_price_hint': 1.1438482410865958, 'create_bracket': True, 'leverage': 2.0, 'liquidation_price_estimate': 1.710053120424461, 'portfolio_heat_after': 5.953721362935568, 'atr_pct': 0.007338726313074425, 'entry_bar_index': 2967, 'actual_exit_plan': {'stop_loss': 1.184, 'take_profit': 1.0845, 'risk_distance': 0.04060929820983872, 'reward_distance': 0.058890701790161204, 'risk_reward': 1.450177776672174}, 'position_side': 'SHORT', 'exit_plan': {'stop_loss': 1.184, 'take_profit': 1.0845, 'risk_distance': 0.04060929820983872, 'reward_distance': 0.058890701790161204, 'risk_reward': 1.450177776672174}, 'source_entry_order': '79982f5b-e025-4d94-a1fb-c9596277b796', 'exit_reason': 'stop_loss'}",-1.0490246247472026
a4e4431b-9204-4837-84b8-a1fefa5bbdad,BUSDT,SHORT,2025-01-11 04:25:00+00:00,2025-01-11 16:35:00+00:00,0.7725465401546464,0.7891732199999999,0.20000000000001705,-0.003325335969070981,0.00017178917361702372,0.0001564724545941987,-0.003497125142688005,0.00323069196907122,stop_loss,146,"{'strategy': 'live_indicator_adapter', 'signal_reason': 'signal_confirmed', 'signal_details': {'ma7': 0.7763966340369566, 'ma14': 0.7804429686331529, 'ma28': 0.7886063025184459, 'mavol_fast': 1269.5240537515033, 'mavol_slow': 1181.0297476588885, 'volume': 2909.5108620299598, 'volume_ratio': 1.0749297858652873, 'volume_spike_ratio': 2.46353732223712, 'adx': 98.56581322748173, 'di_plus': 0.07089626523684614, 'di_minus': 26.39651800307276, 'close': 0.7728556824276174, 'signal': 'SHORT'}, 'htf_reason': 'htf_trend_confirmed', 'htf_details': {'ma7': 0.8239011210960828, 'ma14': 0.8952019653227669, 'ma28': 0.9146380955090037, 'adx': 32.50491165563511, 'di_plus': 23.9806014011901, 'di_minus': 54.549816971001675, 'open': 0.7943896458128544, 'close': 0.7786208210161178, 'trend': 'SHORT'}, 'score_details': {'score': 79.68565037651499, 'adx': 98.56581322748173, 'volume_ratio': 2.46353732223712, 'ma_separation_pct': 1.548259054295817, 'rr_ratio': 1.45, 'adx_points': 40.0, 'volume_points': 21.953059833556804, 'ma_points': 15.482590542958171, 'rr_points': 2.25}, 'signal_row': {'open': 0.7735038040790196, 'high': 0.7753232809819427, 'low': 0.7710362055246943, 'close': 0.7728556824276174, 'volume': 2909.5108620299598, 'ma7': 0.7763966340369566, 'ma14': 0.7804429686331529, 'ma28': 0.7886063025184459, 'mavol_fast': 1269.5240537515033, 'mavol_slow': 1181.0297476588885, 'volume_ratio': 1.0749297858652873, 'volume_spike_ratio': 2.46353732223712, 'rsi': 1.5548161786574894, 'di_plus': 0.07089626523684614, 'di_minus': 26.39651800307276, 'adx': 98.56581322748173, 'atr': 0.0047354731001615635, 'atr_pct': 0.006127241097958893}, 'side': 'SHORT', 'risk_amount': 5.222413568002802, 'pretrade_exit_plan': {'stop_loss': 0.7887, 'take_profit': 0.7498, 'risk_distance': 0.015844317572382582, 'reward_distance': 0.023055682427617352, 'risk_reward': 1.4551388737502036}, 'entry_price_hint': 0.7728556824276174, 'create_bracket': True, 'leverage': 2.0, 'liquidation_price_estimate': 1.155419245229288, 'portfolio_heat_after': 5.1240523029085265, 'atr_pct': 0.006127241097958893, 'entry_bar_index': 2933, 'actual_exit_plan': {'stop_loss': 0.7887, 'take_profit': 0.7491, 'risk_distance': 0.016153459845353546, 'reward_distance': 0.023446540154646422, 'risk_reward': 1.4514871971152787}, 'position_side': 'SHORT', 'exit_plan': {'stop_loss': 0.7887, 'take_profit': 0.7491, 'risk_distance': 0.016153459845353546, 'reward_distance': 0.023446540154646422, 'risk_reward': 1.4514871971152787}, 'source_entry_order': 'ff82756c-2ea4-4fd8-88f7-1d676cc46e7e', 'exit_reason': 'stop_loss'}",-1.0824693830818481
7ddfb114-5bef-4999-b0b1-4465e2b651ee,BUSDT,LONG,2025-01-12 01:45:00+00:00,2025-01-12 04:40:00+00:00,0.973143042919279,1.024,85.4,4.343184134693575,0.06319844872591854,0.03322927463626349,4.279985685967657,2.992675865306423,take_profit_1,35,"{'strategy': 'live_indicator_adapter', 'signal_reason': 'signal_confirmed', 'signal_details': {'ma7': 0.9646238524164481, 'ma14': 0.9548527554806016, 'ma28': 0.9381017924168159, 'mavol_fast': 2469.7311267496157, 'mavol_slow': 2184.755513030612, 'volume': 4974.40679192887, 'volume_ratio': 1.1304382170084084, 'volume_spike_ratio': 2.276871147485312, 'adx': 98.51048513115437, 'di_plus': 43.772396061903606, 'di_minus': 0.052079732790402324, 'close': 0.972753941342742, 'signal': 'LONG'}, 'htf_reason': 'htf_trend_confirmed', 'htf_details': {'ma7': 0.879010379935694, 'ma14': 0.8195163204423516, 'ma28': 0.7948067572499901, 'adx': 32.2925889000935, 'di_plus': 58.814669493945914, 'di_minus': 20.11340226864015, 'open': 0.921328994749494, 'close': 0.946761889418554, 'trend': 'LONG'}, 'score_details': {'score': 81.40306721227968, 'adx': 98.51048513115437, 'volume_ratio': 2.276871147485312, 'ma_separation_pct': 2.8272049167824163, 'rr_ratio': 1.45, 'adx_points': 40.0, 'volume_points': 19.153067212279677, 'ma_points': 20.0, 'rr_points': 2.25}, 'signal_row': {'open': 0.969462139022988, 'high': 0.974974159838903, 'low': 0.9672419205268268, 'close': 0.972753941342742, 'volume': 4974.40679192887, 'ma7': 0.9646238524164481, 'ma14': 0.9548527554806016, 'ma28': 0.9381017924168159, 'mavol_fast': 2469.7311267496157, 'mavol_slow': 2184.755513030612, 'volume_ratio': 1.1304382170084084, 'volume_spike_ratio': 2.276871147485312, 'rsi': 99.78523445790576, 'di_plus': 43.772396061903606, 'di_minus': 0.052079732790402324, 'adx': 98.51048513115437, 'atr': 0.006258253179902973, 'atr_pct': 0.006433541838200507}, 'side': 'LONG', 'risk_amount': 5.985351730612846, 'pretrade_exit_plan': {'stop_loss': 0.9381, 'take_profit': 1.0231, 'risk_distance': 0.03465394134274191, 'reward_distance': 0.05034605865725794, 'risk_reward': 1.4528234511426696}, 'entry_price_hint': 0.972753941342742, 'create_bracket': True, 'leverage': 2.0, 'liquidation_price_estimate': 0.4912407403780847, 'portfolio_heat_after': 5.922954111161302, 'atr_pct': 0.006433541838200507, 'entry_bar_index': 3189, 'actual_exit_plan': {'stop_loss': 0.9381, 'take_profit': 1.024, 'risk_distance': 0.035043042919278955, 'reward_distance': 0.05085695708072102, 'risk_reward': 1.4512711466829278}, 'position_side': 'LONG', 'exit_plan': {'stop_loss': 0.9381, 'take_profit': 1.024, 'risk_distance': 0.035043042919278955, 'reward_distance': 0.05085695708072102, 'risk_reward': 1.4512711466829278}, 'source_entry_order': 'b30b79cb-b3fc-47b5-9d88-53ff73aae153', 'exit_reason': 'take_profit_1'}",1.4301534408001866
c69103fa-8488-4d19-a482-3cf996010c0c,BUSDT,LONG,2025-01-12 01:45:00+00:00,2025-01-12 13:55:00+00:00,0.973143042919279,0.93753714,85.4,-3.0407441093064276,0.08974464819171854,0.08129751863626809,-3.130488757498146,2.992675865306423,stop_loss,146,"{'strategy': 'live_indicator_adapter', 'signal_reason': 'signal_confirmed', 'signal_details': {'ma7': 0.9646238524164481, 'ma14': 0.9548527554806016, 'ma28': 0.9381017924168159, 'mavol_fast': 2469.7311267496157, 'mavol_slow': 2184.755513030612, 'volume': 4974.40679192887, 'volume_ratio': 1.1304382170084084, 'volume_spike_ratio': 2.276871147485312, 'adx': 98.51048513115437, 'di_plus': 43.772396061903606, 'di_minus': 0.052079732790402324, 'close': 0.972753941342742, 'signal': 'LONG'}, 'htf_reason': 'htf_trend_confirmed', 'htf_details': {'ma7': 0.879010379935694, 'ma14': 0.8195163204423516, 'ma28': 0.7948067572499901, 'adx': 32.2925889000935, 'di_plus': 58.814669493945914, 'di_minus': 20.11340226864015, 'open': 0.921328994749494, 'close': 0.946761889418554, 'trend': 'LONG'}, 'score_details': {'score': 81.40306721227968, 'adx': 98.51048513115437, 'volume_ratio': 2.276871147485312, 'ma_separation_pct': 2.8272049167824163, 'rr_ratio': 1.45, 'adx_points': 40.0, 'volume_points': 19.153067212279677, 'ma_points': 20.0, 'rr_points': 2.25}, 'signal_row': {'open': 0.969462139022988, 'high': 0.974974159838903, 'low': 0.9672419205268268, 'close': 0.972753941342742, 'volume': 4974.40679192887, 'ma7': 0.9646238524164481, 'ma14': 0.9548527554806016, 'ma28': 0.9381017924168159, 'mavol_fast': 2469.7311267496157, 'mavol_slow': 2184.755513030612, 'volume_ratio': 1.1304382170084084, 'volume_spike_ratio': 2.276871147485312, 'rsi': 99.78523445790576, 'di_plus': 43.772396061903606, 'di_minus': 0.052079732790402324, 'adx': 98.51048513115437, 'atr': 0.006258253179902973, 'atr_pct': 0.006433541838200507}, 'side': 'LONG', 'risk_amount': 5.985351730612846, 'pretrade_exit_plan': {'stop_loss': 0.9381, 'take_profit': 1.0231, 'risk_distance': 0.03465394134274191, 'reward_distance': 0.05034605865725794, 'risk_reward': 1.4528234511426696}, 'entry_price_hint': 0.972753941342742, 'create_bracket': True, 'leverage': 2.0, 'liquidation_price_estimate': 0.4912407403780847, 'portfolio_heat_after': 5.922954111161302, 'atr_pct': 0.006433541838200507, 'entry_bar_index': 3189, 'actual_exit_plan': {'stop_loss': 0.9381, 'take_profit': 1.024, 'risk_distance': 0.035043042919278955, 'reward_distance': 0.05085695708072102, 'risk_reward': 1.4512711466829278}, 'position_side': 'LONG', 'exit_plan': {'stop_loss': 0.9381, 'take_profit': 1.024, 'risk_distance': 0.035043042919278955, 'reward_distance': 0.05085695708072102, 'risk_reward': 1.4512711466829278}, 'source_entry_order': 'b30b79cb-b3fc-47b5-9d88-53ff73aae153', 'exit_reason': 'stop_loss'}",-1.0460500563356574
6cfd20db-ea7c-4731-bf88-f5c03d2d6471,BUSDT,SHORT,2025-01-12 22:50:00+00:00,2025-01-12 23:45:00+00:00,0.7934126785031855,0.7812,157.4,1.9222755964014018,0.09327791157802079,0.04997325153916728,1.8289976848233809,1.3201644035985907,take_profit_1,11,"{'strategy': 'live_indicator_adapter', 'signal_reason': 'signal_confirmed', 'signal_details': {'ma7': 0.7956930476741869, 'ma14': 0.7971300632545039, 'ma28': 0.8017009529913154, 'mavol_fast': 1157.1933388421594, 'mavol_slow': 1067.7598760686692, 'volume': 1789.542460760603, 'volume_ratio': 1.0837580291017965, 'volume_spike_ratio': 1.6759783738544554, 'adx': 84.91251672708297, 'di_plus': 2.57698895550439, 'di_minus': 21.29816848345576, 'close': 0.793730170571414, 'signal': 'SHORT'}, 'htf_reason': 'htf_trend_confirmed', 'htf_details': {'ma7': 0.8503125572655217, 'ma14': 0.9172953058119658, 'ma28': 0.9348238857917543, 'adx': 33.39100366793853, 'di_plus': 21.96725121687107, 'di_minus': 54.910929195241046, 'open': 0.8083622944564246, 'close': 0.7987681211940523, 'trend': 'SHORT'}, 'score_details': {'score': 59.88362368747384, 'adx': 84.91251672708297, 'volume_ratio': 1.6759783738544554, 'ma_separation_pct': 0.7493948079657019, 'rr_ratio': 1.45, 'adx_points': 40.0, 'volume_points': 10.13967560781683, 'ma_points': 7.493948079657019, 'rr_points': 2.25}, 'signal_row': {'open': 0.7929278498179161, 'high': 0.7953121241176021, 'low': 0.791345896271728, 'close': 0.793730170571414, 'volume': 1789.542460760603, 'ma7': 0.7956930476741869, 'ma14': 0.7971300632545039, 'ma28': 0.8017009529913154, 'mavol_fast': 1157.1933388421594, 'mavol_slow': 1067.7598760686692, 'volume_ratio': 1.0837580291017965, 'volume_spike_ratio': 1.6759783738544554, 'rsi': 16.32218597202329, 'di_plus': 2.57698895550439, 'di_minus': 21.29816848345576, 'adx': 84.91251672708297, 'atr': 0.005011537492116041, 'atr_pct': 0.006313905755287326}, 'side': 'SHORT', 'risk_amount': 2.6403288071971813, 'pretrade_exit_plan': {'stop_loss': 0.8018, 'take_profit': 0.782, 'risk_distance': 0.008069829428585917, 'reward_distance': 0.011730170571414011, 'risk_reward': 1.4535834586369316}, 'entry_price_hint': 0.793730170571414, 'create_bracket': True, 'leverage': 2.0, 'liquidation_price_estimate': 1.186626605004264, 'portfolio_heat_after': 2.545250216882689, 'atr_pct': 0.006313905755287326, 'entry_bar_index': 3442, 'actual_exit_plan': {'stop_loss': 0.8018, 'take_profit': 0.7812, 'risk_distance': 0.008387321496814426, 'reward_distance': 0.012212678503185526, 'risk_reward': 1.4560880380970256}, 'position_side': 'SHORT', 'exit_plan': {'stop_loss': 0.8018, 'take_profit': 0.7812, 'risk_distance': 0.008387321496814426, 'reward_distance': 0.012212678503185526, 'risk_reward': 1.4560880380970256}, 'source_entry_order': 'f0026534-31b4-4883-9159-7f383856b9e5', 'exit_reason': 'take_profit_1'}",1.3854317536799046
abf4577a-62c6-4890-b54f-4534c187c6c0,BUSDT,SHORT,2025-01-12 22:50:00+00:00,2025-01-13 00:25:00+00:00,0.7934126785031855,0.769,157.4,3.8425555964014,0.09289385557802078,0.04997325153916728,3.7496617408233797,1.3201644035985907,take_profit_2,19,"{'strategy': 'live_indicator_adapter', 'signal_reason': 'signal_confirmed', 'signal_details': {'ma7': 0.7956930476741869, 'ma14': 0.7971300632545039, 'ma28': 0.8017009529913154, 'mavol_fast': 1157.1933388421594, 'mavol_slow': 1067.7598760686692, 'volume': 1789.542460760603, 'volume_ratio': 1.0837580291017965, 'volume_spike_ratio': 1.6759783738544554, 'adx': 84.91251672708297, 'di_plus': 2.57698895550439, 'di_minus': 21.29816848345576, 'close': 0.793730170571414, 'signal': 'SHORT'}, 'htf_reason': 'htf_trend_confirmed', 'htf_details': {'ma7': 0.8503125572655217, 'ma14': 0.9172953058119658, 'ma28': 0.9348238857917543, 'adx': 33.39100366793853, 'di_plus': 21.96725121687107, 'di_minus': 54.910929195241046, 'open': 0.8083622944564246, 'close': 0.7987681211940523, 'trend': 'SHORT'}, 'score_details': {'score': 59.88362368747384, 'adx': 84.91251672708297, 'volume_ratio': 1.6759783738544554, 'ma_separation_pct': 0.7493948079657019, 'rr_ratio': 1.45, 'adx_points': 40.0, 'volume_points': 10.13967560781683, 'ma_points': 7.493948079657019, 'rr_points': 2.25}, 'signal_row': {'open': 0.7929278498179161, 'high': 0.7953121241176021, 'low': 0.791345896271728, 'close': 0.793730170571414, 'volume': 1789.542460760603, 'ma7': 0.7956930476741869, 'ma14': 0.7971300632545039, 'ma28': 0.8017009529913154, 'mavol_fast': 1157.1933388421594, 'mavol_slow': 1067.7598760686692, 'volume_ratio': 1.0837580291017965, 'volume_spike_ratio': 1.6759783738544554, 'rsi': 16.32218597202329, 'di_plus': 2.57698895550439, 'di_minus': 21.29816848345576, 'adx': 84.91251672708297, 'atr': 0.005011537492116041, 'atr_pct': 0.006313905755287326}, 'side': 'SHORT', 'risk_amount': 2.6403288071971813, 'pretrade_exit_plan': {'stop_loss': 0.8018, 'take_profit': 0.782, 'risk_distance': 0.008069829428585917, 'reward_distance': 0.011730170571414011, 'risk_reward': 1.4535834586369316}, 'entry_price_hint': 0.793730170571414, 'create_bracket': True, 'leverage': 2.0, 'liquidation_price_estimate': 1.186626605004264, 'portfolio_heat_after': 2.545250216882689, 'atr_pct': 0.006313905755287326, 'entry_bar_index': 3442, 'actual_exit_plan': {'stop_loss': 0.8018, 'take_profit': 0.7812, 'risk_distance': 0.008387321496814426, 'reward_distance': 0.012212678503185526, 'risk_reward': 1.4560880380970256}, 'position_side': 'SHORT', 'exit_plan': {'stop_loss': 0.8018, 'take_profit': 0.7812, 'risk_distance': 0.008387321496814426, 'reward_distance': 0.012212678503185526, 'risk_reward': 1.4560880380970256}, 'source_entry_order': 'f0026534-31b4-4883-9159-7f383856b9e5', 'exit_reason': 'take_profit_2'}",2.8402990798739203
2a1d64e3-9564-4bdc-beac-8352404ebde4,BUSDT,SHORT,2025-01-13 01:40:00+00:00,2025-01-13 03:30:00+00:00,0.7427587253501577,0.7074,123.8,4.3774101983495255,0.06808966560909224,0.036796130531551015,4.309320532740433,3.013449801650472,take_profit_1,22,"{'strategy': 'live_indicator_adapter', 'signal_reason': 'signal_confirmed', 'signal_details': {'ma7': 0.7488707896856409, 'ma14': 0.7559873939259542, 'ma28': 0.767059873588957, 'mavol_fast': 1474.0426519843463, 'mavol_slow': 1345.2981639361096, 'volume': 3480.814741336688, 'volume_ratio': 1.0956995939632836, 'volume_spike_ratio': 2.5873927688657705, 'adx': 92.36210430458281, 'di_plus': 0.36304393373076, 'di_minus': 32.00950152850545, 'close': 0.7430559477292494, 'signal': 'SHORT'}, 'htf_reason': 'htf_trend_confirmed', 'htf_details': {'ma7': 0.799420469168636, 'ma14': 0.8626915324965055, 'ma28': 0.9274068885672019, 'adx': 36.30725021596662, 'di_plus': 18.318385733589622, 'di_minus': 57.119520546012815, 'open': 0.776875747130725, 'close': 0.7582105359369883, 'trend': 'SHORT'}, 'score_details': {'score': 86.06089153298656, 'adx': 92.36210430458281, 'volume_ratio': 2.5873927688657705, 'ma_separation_pct': 2.3712730296022544, 'rr_ratio': 1.45, 'adx_points': 40.0, 'volume_points': 23.81089153298656, 'ma_points': 20.0, 'rr_points': 2.25}, 'signal_row': {'open': 0.7445048830935517, 'high': 0.7451296862445651, 'low': 0.742431144578236, 'close': 0.7430559477292494, 'volume': 3480.814741336688, 'ma7': 0.7488707896856409, 'ma14': 0.7559873939259542, 'ma28': 0.767059873588957, 'mavol_fast': 1474.0426519843463, 'mavol_slow': 1345.2981639361096, 'volume_ratio': 1.0956995939632836, 'volume_spike_ratio': 2.5873927688657705, 'rsi': 1.1157598743295694, 'di_plus': 0.36304393373076, 'di_minus': 32.00950152850545, 'adx': 92.36210430458281, 'atr': 0.005173834050988023, 'atr_pct': 0.0069629131787438915}, 'side': 'SHORT', 'risk_amount': 6.026899603300944, 'pretrade_exit_plan': {'stop_loss': 0.7671, 'take_profit': 0.7081, 'risk_distance': 0.02404405227075057, 'reward_distance': 0.03495594772924948, 'risk_reward': 1.4538293019672544}, 'entry_price_hint': 0.7430559477292494, 'create_bracket': True, 'leverage': 2.0, 'liquidation_price_estimate': 1.110868641855228, 'portfolio_heat_after': 5.957368272058825, 'atr_pct': 0.0069629131787438915, 'entry_bar_index': 3476, 'actual_exit_plan': {'stop_loss': 0.7671, 'take_profit': 0.7074, 'risk_distance': 0.02434127464984226, 'reward_distance': 0.035358725350157716, 'risk_reward': 1.452624230193584}, 'position_side': 'SHORT', 'exit_plan': {'stop_loss': 0.7671, 'take_profit': 0.7074, 'risk_distance': 0.02434127464984226, 'reward_distance': 0.035358725350157716, 'risk_reward': 1.452624230193584}, 'source_entry_order': '18b63fc4-cd6d-4903-a7c9-0c8c79fb46e5', 'exit_reason': 'take_profit_1'}",1.4300289755549305
