trade_id,symbol,side,entry_time,exit_time,entry_price,exit_price,qty,gross_pnl,fees,slippage,net_pnl,risk_amount,exit_reason,bars_held,metadata,r_multiple
19c66056-b1a1-4fc4-91b0-087e9fda1bf1,NEARUSDT,LONG,2025-05-23 09:05:00+00:00,2025-05-23 11:05:00+00:00,3.0882348,3.0568647799999997,80.9,-2.537834618000018,0.27342620581210003,0.24836461800000054,-2.811260823812118,2.389365319999998,stop_loss,24,"{'strategy': 'live_indicator_adapter', 'signal_reason': 'signal_confirmed', 'signal_details': {'ma7': 3.0772857142857144, 'ma14': 3.0627142857142857, 'ma28': 3.0587142857142853, 'mavol_fast': 90597.45555555623, 'mavol_slow': 80191.14444444435, 'volume': 195403.9, 'volume_ratio': 1.1297688314988605, 'volume_spike_ratio': 2.4367266654408946, 'adx': 25.273052365249175, 'di_plus': 23.040849569534544, 'di_minus': 15.104171836607271, 'close': 3.087, 'signal': 'LONG'}, 'htf_reason': 'htf_trend_confirmed', 'htf_details': {'ma7': 3.092428571428571, 'ma14': 3.078928571428571, 'ma28': 3.04325, 'adx': 30.728551966919945, 'di_plus': 22.56357977253449, 'di_minus': 17.573134681152116, 'open': 3.042, 'close': 3.092, 'trend': 'LONG'}, 'score_details': {'score': 35.145597762770485, 'adx': 25.273052365249175, 'volume_ratio': 2.4367266654408946, 'ma_separation_pct': 0.6071645415907894, 'rr_ratio': 1.45, 'adx_points': 5.273052365249175, 'volume_points': 21.55089998161342, 'ma_points': 6.071645415907893, 'rr_points': 2.25}, 'signal_row': {'open': 3.092, 'high': 3.092, 'low': 3.08, 'close': 3.087, 'volume': 195403.9, 'turnover': 602998.3431, 'ma7': 3.0772857142857144, 'ma14': 3.0627142857142857, 'ma28': 3.0587142857142853, 'mavol_fast': 90597.45555555623, 'mavol_slow': 80191.14444444435, 'volume_ratio': 1.1297688314988605, 'volume_spike_ratio': 2.4367266654408946, 'rsi': 61.20674143757114, 'di_plus': 23.040849569534544, 'di_minus': 15.104171836607271, 'adx': 25.273052365249175, 'atr': 0.012880353626517377, 'atr_pct': 0.00417245015436261}, 'side': 'LONG', 'risk_amount': 2.389365319999998, 'pretrade_exit_plan': {'stop_loss': 3.0587, 'take_profit': 3.1281, 'risk_distance': 0.028300000000000214, 'reward_distance': 0.04109999999999969, 'risk_reward': 1.452296819787964}, 'entry_price_hint': 3.087, 'create_bracket': True, 'leverage': 2.0, 'liquidation_price_estimate': 1.5589350000000002, 'portfolio_heat_after': 2.2894700000000174, 'atr_pct': 0.00417245015436261, 'entry_bar_index': 33, 'actual_exit_plan': {'stop_loss': 3.0587, 'take_profit': 3.1311, 'risk_distance': 0.029534799999999972, 'reward_distance': 0.04286520000000005, 'risk_reward': 1.4513455313731627}, 'position_side': 'LONG', 'exit_plan': {'stop_loss': 3.0587, 'take_profit': 3.1311, 'risk_distance': 0.029534799999999972, 'reward_distance': 0.04286520000000005, 'risk_reward': 1.4513455313731627}, 'source_entry_order': '905636b0-1994-4802-9387-e851101fca8c', 'exit_reason': 'stop_loss'}",-1.176572205296811
c890bf49-258e-4f55-92d7-8388c60ccf4a,SAGAUSDT,LONG,2025-05-23 10:25:00+00:00,2025-05-23 11:15:00+00:00,0.40526204,0.4225,213.5,3.6803044599999994,0.065628645047,0.03459553999999454,3.6146758149529994,2.532545539999992,take_profit_1,10,"{'strategy': 'live_indicator_adapter', 'signal_reason': 'signal_confirmed', 'signal_details': {'ma7': 0.3976285714285714, 'ma14': 0.39704999999999996, 'ma28': 0.39344285714285715, 'mavol_fast': 147827.80000000013, 'mavol_slow': 92998.24999999993, 'volume': 843734.3, 'volume_ratio': 1.5895761479382704, 'volume_spike_ratio': 9.072582548596353, 'adx': 26.319876405253115, 'di_plus': 41.37662741512647, 'di_minus': 13.416506818570246, 'close': 0.4051, 'signal': 'LONG'}, 'htf_reason': 'htf_trend_confirmed', 'htf_details': {'ma7': 0.3927, 'ma14': 0.38195000000000007, 'ma28': 0.3717214285714286, 'adx': 38.818603391701004, 'di_plus': 28.885680849866358, 'di_minus': 14.018642257632687, 'open': 0.3919, 'close': 0.3966, 'trend': 'LONG'}, 'score_details': {'score': 49.20856054889338, 'adx': 26.319876405253115, 'volume_ratio': 9.072582548596353, 'ma_separation_pct': 1.0638684143640267, 'rr_ratio': 1.4499999999999997, 'adx_points': 6.319876405253115, 'volume_points': 30.0, 'ma_points': 10.638684143640267, 'rr_points': 2.2499999999999987}, 'signal_row': {'open': 0.3963, 'high': 0.4089, 'low': 0.3961, 'close': 0.4051, 'volume': 843734.3, 'turnover': 340812.95448, 'ma7': 0.3976285714285714, 'ma14': 0.39704999999999996, 'ma28': 0.39344285714285715, 'mavol_fast': 147827.80000000013, 'mavol_slow': 92998.24999999993, 'volume_ratio': 1.5895761479382704, 'volume_spike_ratio': 9.072582548596353, 'rsi': 67.453232052728, 'di_plus': 41.37662741512647, 'di_minus': 13.416506818570246, 'adx': 26.319876405253115, 'atr': 0.003696804173303699, 'atr_pct': 0.00912565829006097}, 'side': 'LONG', 'risk_amount': 5.065091079999984, 'pretrade_exit_plan': {'stop_loss': 0.3934, 'take_profit': 0.4221, 'risk_distance': 0.011699999999999988, 'reward_distance': 0.01699999999999996, 'risk_reward': 1.452991452991451}, 'entry_price_hint': 0.4051, 'create_bracket': True, 'leverage': 2.0, 'liquidation_price_estimate': 0.20457550000000002, 'portfolio_heat_after': 7.385265319999993, 'atr_pct': 0.00912565829006097, 'entry_bar_index': 49, 'actual_exit_plan': {'stop_loss': 0.3934, 'take_profit': 0.4225, 'risk_distance': 0.011862039999999963, 'reward_distance': 0.017237959999999997, 'risk_reward': 1.453203664799651}, 'position_side': 'LONG', 'exit_plan': {'stop_loss': 0.3934, 'take_profit': 0.4225, 'risk_distance': 0.011862039999999963, 'reward_distance': 0.017237959999999997, 'risk_reward': 1.453203664799651}, 'source_entry_order': '79c02a6e-3f76-4286-bdd9-1e52cf7c09fd', 'exit_reason': 'take_profit_1'}",1.427289562166377
969e5801-0939-4708-8ffe-330617910bc7,SAGAUSDT,LONG,2025-05-23 10:25:00+00:00,2025-05-23 11:50:00+00:00,0.40526204,0.39316396000000003,213.5,-2.5829400799999904,0.09375517305,0.08499007999999303,-2.6766952530499903,2.532545539999992,stop_loss,17,"{'strategy': 'live_indicator_adapter', 'signal_reason': 'signal_confirmed', 'signal_details': {'ma7': 0.3976285714285714, 'ma14': 0.39704999999999996, 'ma28': 0.39344285714285715, 'mavol_fast': 147827.80000000013, 'mavol_slow': 92998.24999999993, 'volume': 843734.3, 'volume_ratio': 1.5895761479382704, 'volume_spike_ratio': 9.072582548596353, 'adx': 26.319876405253115, 'di_plus': 41.37662741512647, 'di_minus': 13.416506818570246, 'close': 0.4051, 'signal': 'LONG'}, 'htf_reason': 'htf_trend_confirmed', 'htf_details': {'ma7': 0.3927, 'ma14': 0.38195000000000007, 'ma28': 0.3717214285714286, 'adx': 38.818603391701004, 'di_plus': 28.885680849866358, 'di_minus': 14.018642257632687, 'open': 0.3919, 'close': 0.3966, 'trend': 'LONG'}, 'score_details': {'score': 49.20856054889338, 'adx': 26.319876405253115, 'volume_ratio': 9.072582548596353, 'ma_separation_pct': 1.0638684143640267, 'rr_ratio': 1.4499999999999997, 'adx_points': 6.319876405253115, 'volume_points': 30.0, 'ma_points': 10.638684143640267, 'rr_points': 2.2499999999999987}, 'signal_row': {'open': 0.3963, 'high': 0.4089, 'low': 0.3961, 'close': 0.4051, 'volume': 843734.3, 'turnover': 340812.95448, 'ma7': 0.3976285714285714, 'ma14': 0.39704999999999996, 'ma28': 0.39344285714285715, 'mavol_fast': 147827.80000000013, 'mavol_slow': 92998.24999999993, 'volume_ratio': 1.5895761479382704, 'volume_spike_ratio': 9.072582548596353, 'rsi': 67.453232052728, 'di_plus': 41.37662741512647, 'di_minus': 13.416506818570246, 'adx': 26.319876405253115, 'atr': 0.003696804173303699, 'atr_pct': 0.00912565829006097}, 'side': 'LONG', 'risk_amount': 5.065091079999984, 'pretrade_exit_plan': {'stop_loss': 0.3934, 'take_profit': 0.4221, 'risk_distance': 0.011699999999999988, 'reward_distance': 0.01699999999999996, 'risk_reward': 1.452991452991451}, 'entry_price_hint': 0.4051, 'create_bracket': True, 'leverage': 2.0, 'liquidation_price_estimate': 0.20457550000000002, 'portfolio_heat_after': 7.385265319999993, 'atr_pct': 0.00912565829006097, 'entry_bar_index': 49, 'actual_exit_plan': {'stop_loss': 0.3934, 'take_profit': 0.4225, 'risk_distance': 0.011862039999999963, 'reward_distance': 0.017237959999999997, 'risk_reward': 1.453203664799651}, 'position_side': 'LONG', 'exit_plan': {'stop_loss': 0.3934, 'take_profit': 0.4225, 'risk_distance': 0.011862039999999963, 'reward_distance': 0.017237959999999997, 'risk_reward': 1.453203664799651}, 'source_entry_order': '79c02a6e-3f76-4286-bdd9-1e52cf7c09fd', 'exit_reason': 'stop_loss'}",-1.0569189026508083
c569f81a-25af-4f14-861e-c9e952623ac3,NEARUSDT,SHORT,2025-05-23 16:25:00+00:00,2025-05-23 17:00:00+00:00,2.9118348,2.94246442,85.7,-2.624958434000002,0.27594239373470003,0.2510684339999781,-2.900900827734702,2.4737476400000222,stop_loss,7,"{'strategy': 'live_indicator_adapter', 'signal_reason': 'signal_confirmed', 'signal_details': {'ma7': 2.9145714285714286, 'ma14': 2.931785714285714, 'ma28': 2.940607142857143, 'mavol_fast': 195916.00000000067, 'mavol_slow': 160055.03888888878, 'volume': 232233.1, 'volume_ratio': 1.2240539339471017, 'volume_spike_ratio': 1.4509577556081674, 'adx': 22.48738859733341, 'di_plus': 12.361737513180618, 'di_minus': 32.043971993243325, 'close': 2.913, 'signal': 'SHORT'}, 'htf_reason': 'htf_trend_confirmed', 'htf_details': {'ma7': 2.976714285714286, 'ma14': 3.0345714285714287, 'ma28': 3.0430357142857143, 'adx': 28.21769769411432, 'di_plus': 19.648578452344672, 'di_minus': 31.648761034405428, 'open': 2.953, 'close': 2.915, 'trend': 'SHORT'}, 'score_details': {'score': 20.355611642290697, 'adx': 22.48738859733341, 'volume_ratio': 1.4509577556081674, 'ma_separation_pct': 0.8853856710834773, 'rr_ratio': 1.45, 'adx_points': 2.4873885973334104, 'volume_points': 6.764366334122512, 'ma_points': 8.853856710834773, 'rr_points': 2.25}, 'signal_row': {'open': 2.889, 'high': 2.916, 'low': 2.889, 'close': 2.913, 'volume': 232233.1, 'turnover': 673638.3623, 'ma7': 2.9145714285714286, 'ma14': 2.931785714285714, 'ma28': 2.940607142857143, 'mavol_fast': 195916.00000000067, 'mavol_slow': 160055.03888888878, 'volume_ratio': 1.2240539339471017, 'volume_spike_ratio': 1.4509577556081674, 'rsi': 42.716239287084385, 'di_plus': 12.361737513180618, 'di_minus': 32.043971993243325, 'adx': 22.48738859733341, 'atr': 0.01782324058128802, 'atr_pct': 0.006118517192340549}, 'side': 'SHORT', 'risk_amount': 2.4737476400000222, 'pretrade_exit_plan': {'stop_loss': 2.9407, 'take_profit': 2.8728, 'risk_distance': 0.02770000000000028, 'reward_distance': 0.040200000000000014, 'risk_reward': 1.451263537906123}, 'entry_price_hint': 2.913, 'create_bracket': True, 'leverage': 2.0, 'liquidation_price_estimate': 4.354935, 'portfolio_heat_after': 5.018294760000016, 'atr_pct': 0.006118517192340549, 'entry_bar_index': 121, 'actual_exit_plan': {'stop_loss': 2.9407, 'take_profit': 2.8699, 'risk_distance': 0.028865200000000257, 'reward_distance': 0.04193479999999994, 'risk_reward': 1.452780510788062}, 'position_side': 'SHORT', 'exit_plan': {'stop_loss': 2.9407, 'take_profit': 2.8699, 'risk_distance': 0.028865200000000257, 'reward_distance': 0.04193479999999994, 'risk_reward': 1.452780510788062}, 'source_entry_order': 'baaac831-8cfa-4771-ae11-500e75c33faf', 'exit_reason': 'stop_loss'}",-1.1726745205645455
da9d6942-178b-4a44-8f65-6f5c0968b500,SAGAUSDT,LONG,2025-05-23 14:55:00+00:00,2025-05-23 20:35:00+00:00,0.42581024115727,0.40705561999999995,125.8,-2.359331341584573,0.05762598893347151,0.05216120805341498,-2.4169573305180445,1.232632243353112,stop_loss,68,"{'strategy': 'live_indicator_adapter', 'signal_reason': 'signal_confirmed', 'signal_details': {'ma7': 0.4167, 'ma14': 0.41218571428571427, 'ma28': 0.40735, 'mavol_fast': 368031.4777777779, 'mavol_slow': 319268.9833333333, 'volume': 797678.1, 'volume_ratio': 1.1527316995698704, 'volume_spike_ratio': 2.4984515929854134, 'adx': 31.809300861083578, 'di_plus': 34.69030001177291, 'di_minus': 8.543586560605727, 'close': 0.4258, 'signal': 'LONG'}, 'htf_reason': 'htf_trend_confirmed', 'htf_details': {'ma7': 0.39955714285714283, 'ma14': 0.3934, 'ma28': 0.3782821428571429, 'adx': 40.841268843156946, 'di_plus': 32.78782519152074, 'di_minus': 12.476276180598209, 'open': 0.398, 'close': 0.412, 'trend': 'LONG'}, 'score_details': {'score': 56.536074755864774, 'adx': 31.809300861083578, 'volume_ratio': 2.4984515929854134, 'ma_separation_pct': 2.2953234319381433, 'rr_ratio': 1.45, 'adx_points': 11.809300861083578, 'volume_points': 22.4767738947812, 'ma_points': 20.0, 'rr_points': 2.25}, 'signal_row': {'open': 0.4256, 'high': 0.4319, 'low': 0.4243, 'close': 0.4258, 'volume': 797678.1, 'turnover': 341939.04772, 'ma7': 0.4167, 'ma14': 0.41218571428571427, 'ma28': 0.40735, 'mavol_fast': 368031.4777777779, 'mavol_slow': 319268.9833333333, 'volume_ratio': 1.1527316995698704, 'volume_spike_ratio': 2.4984515929854134, 'rsi': 71.00420235549254, 'di_plus': 34.69030001177291, 'di_minus': 8.543586560605727, 'adx': 31.809300861083578, 'atr': 0.006260552774126306, 'atr_pct': 0.014703036106449756}, 'side': 'LONG', 'risk_amount': 2.348726256000002, 'pretrade_exit_plan': {'stop_loss': 0.4073, 'take_profit': 0.4527, 'risk_distance': 0.018500000000000016, 'reward_distance': 0.02689999999999998, 'risk_reward': 1.4540540540540516}, 'entry_price_hint': 0.4258, 'create_bracket': True, 'leverage': 2.0, 'liquidation_price_estimate': 0.215029, 'portfolio_heat_after': 4.989450000000004, 'atr_pct': 0.014703036106449756, 'entry_bar_index': 103, 'actual_exit_plan': {'stop_loss': 0.4073, 'take_profit': 0.4524, 'risk_distance': 0.018370199999999948, 'reward_distance': 0.02672980000000008, 'risk_reward': 1.4550630913109361}, 'position_side': 'LONG', 'exit_plan': {'stop_loss': 0.4073, 'take_profit': 0.4531, 'risk_distance': 0.018670320000000018, 'reward_distance': 0.02712967999999999, 'risk_reward': 1.4530913235552452}, 'source_entry_order': '8196b2d0-346b-44ff-a364-df0b5690a924', 'exit_reason': 'stop_loss'}",-1.960809757777575
46df5daf-1d45-4ad6-82af-c50d69f87b6e,SAGAUSDT,LONG,2025-05-23 14:55:00+00:00,2025-05-23 20:35:00+00:00,0.42581024115727,0.40705561999999995,143.8,-2.6969145224154345,0.06587136095892848,0.05962465594659043,-2.762785883374363,1.4090025166468805,stop_loss,68,"{'strategy': 'live_indicator_adapter', 'signal_reason': 'signal_confirmed', 'signal_details': {'ma7': 0.4167, 'ma14': 0.41218571428571427, 'ma28': 0.40735, 'mavol_fast': 368031.4777777779, 'mavol_slow': 319268.9833333333, 'volume': 797678.1, 'volume_ratio': 1.1527316995698704, 'volume_spike_ratio': 2.4984515929854134, 'adx': 31.809300861083578, 'di_plus': 34.69030001177291, 'di_minus': 8.543586560605727, 'close': 0.4258, 'signal': 'LONG'}, 'htf_reason': 'htf_trend_confirmed', 'htf_details': {'ma7': 0.39955714285714283, 'ma14': 0.3934, 'ma28': 0.3782821428571429, 'adx': 40.841268843156946, 'di_plus': 32.78782519152074, 'di_minus': 12.476276180598209, 'open': 0.398, 'close': 0.412, 'trend': 'LONG'}, 'score_details': {'score': 56.536074755864774, 'adx': 31.809300861083578, 'volume_ratio': 2.4984515929854134, 'ma_separation_pct': 2.2953234319381433, 'rr_ratio': 1.45, 'adx_points': 11.809300861083578, 'volume_points': 22.4767738947812, 'ma_points': 20.0, 'rr_points': 2.25}, 'signal_row': {'open': 0.4256, 'high': 0.4319, 'low': 0.4243, 'close': 0.4258, 'volume': 797678.1, 'turnover': 341939.04772, 'ma7': 0.4167, 'ma14': 0.41218571428571427, 'ma28': 0.40735, 'mavol_fast': 368031.4777777779, 'mavol_slow': 319268.9833333333, 'volume_ratio': 1.1527316995698704, 'volume_spike_ratio': 2.4984515929854134, 'rsi': 71.00420235549254, 'di_plus': 34.69030001177291, 'di_minus': 8.543586560605727, 'adx': 31.809300861083578, 'atr': 0.006260552774126306, 'atr_pct': 0.014703036106449756}, 'side': 'LONG', 'risk_amount': 2.6416347599999925, 'pretrade_exit_plan': {'stop_loss': 0.4073, 'take_profit': 0.4527, 'risk_distance': 0.018500000000000016, 'reward_distance': 0.02689999999999998, 'risk_reward': 1.4540540540540516}, 'entry_price_hint': 0.4258, 'create_bracket': True, 'leverage': 2.0, 'liquidation_price_estimate': 0.215029, 'portfolio_heat_after': 4.989450000000004, 'atr_pct': 0.014703036106449756, 'entry_bar_index': 103, 'actual_exit_plan': {'stop_loss': 0.4073, 'take_profit': 0.4524, 'risk_distance': 0.018370199999999948, 'reward_distance': 0.02672980000000008, 'risk_reward': 1.4550630913109361}, 'position_side': 'LONG', 'exit_plan': {'stop_loss': 0.4073, 'take_profit': 0.4524, 'risk_distance': 0.018370199999999948, 'reward_distance': 0.02672980000000008, 'risk_reward': 1.4550630913109361}, 'source_entry_order': '8196b2d0-346b-44ff-a364-df0b5690a924', 'exit_reason': 'stop_loss'}",-1.9608097577775747
18065c97-0879-4978-8c5f-77dd670fbdd0,NEARUSDT,SHORT,2025-05-23 20:40:00+00:00,2025-05-23 23:10:00+00:00,2.878848,2.8317,43.2,2.036793599999999,0.09286731648000002,0.04976639999999222,1.9439262835199989,1.4019264000000065,take_profit_1,30,"{'strategy': 'live_indicator_adapter', 'signal_reason': 'signal_confirmed', 'signal_details': {'ma7': 2.890857142857143, 'ma14': 2.9021428571428567, 'ma28': 2.911214285714286, 'mavol_fast': 75864.06666666735, 'mavol_slow': 53083.72222222212, 'volume': 151479.3, 'volume_ratio': 1.429139922575151, 'volume_spike_ratio': 2.8535922813752332, 'adx': 25.88776955172541, 'di_plus': 11.275057330515972, 'di_minus': 33.46508947215425, 'close': 2.88, 'signal': 'SHORT'}, 'htf_reason': 'htf_trend_confirmed', 'htf_details': {'ma7': 2.9292857142857147, 'ma14': 2.9787142857142856, 'ma28': 3.0295, 'adx': 27.437860781389343, 'di_plus': 18.651142046540134, 'di_minus': 31.567771836104242, 'open': 2.908, 'close': 2.911, 'trend': 'SHORT'}, 'score_details': {'score': 42.93431760924093, 'adx': 25.88776955172541, 'volume_ratio': 2.8535922813752332, 'ma_separation_pct': 0.6992663836887026, 'rr_ratio': 1.45, 'adx_points': 5.887769551725409, 'volume_points': 27.803884220628497, 'ma_points': 6.992663836887027, 'rr_points': 2.25}, 'signal_row': {'open': 2.878, 'high': 2.881, 'low': 2.871, 'close': 2.88, 'volume': 151479.3, 'turnover': 435743.1643, 'ma7': 2.890857142857143, 'ma14': 2.9021428571428567, 'ma28': 2.911214285714286, 'mavol_fast': 75864.06666666735, 'mavol_slow': 53083.72222222212, 'volume_ratio': 1.429139922575151, 'volume_spike_ratio': 2.8535922813752332, 'rsi': 33.31149350522739, 'di_plus': 11.275057330515972, 'di_minus': 33.46508947215425, 'adx': 25.88776955172541, 'atr': 0.011685920564102826, 'atr_pct': 0.004057611306980148}, 'side': 'SHORT', 'risk_amount': 2.813588400000013, 'pretrade_exit_plan': {'stop_loss': 2.9113, 'take_profit': 2.8346, 'risk_distance': 0.03130000000000033, 'reward_distance': 0.045399999999999885, 'risk_reward': 1.4504792332268182}, 'entry_price_hint': 2.88, 'create_bracket': True, 'leverage': 2.0, 'liquidation_price_estimate': 4.3056, 'portfolio_heat_after': 2.7168400000000283, 'atr_pct': 0.004057611306980148, 'entry_bar_index': 172, 'actual_exit_plan': {'stop_loss': 2.9113, 'take_profit': 2.8317, 'risk_distance': 0.03245200000000015, 'reward_distance': 0.04714799999999997, 'risk_reward': 1.4528534450881225}, 'position_side': 'SHORT', 'exit_plan': {'stop_loss': 2.9113, 'take_profit': 2.8317, 'risk_distance': 0.03245200000000015, 'reward_distance': 0.04714799999999997, 'risk_reward': 1.4528534450881225}, 'source_entry_order': 'da8193b1-2847-46de-bfed-f269ca5e2fca', 'exit_reason': 'take_profit_1'}",1.38661079748551
c8230065-d186-4d83-8fdf-805c9a5567e8,NEARUSDT,SHORT,2025-05-23 20:40:00+00:00,2025-05-23 23:40:00+00:00,2.878848,2.7846,43.3,4.080938399999995,0.09267440112,0.04988159999999219,3.9882639988799946,1.4051716000000063,take_profit_2,36,"{'strategy': 'live_indicator_adapter', 'signal_reason': 'signal_confirmed', 'signal_details': {'ma7': 2.890857142857143, 'ma14': 2.9021428571428567, 'ma28': 2.911214285714286, 'mavol_fast': 75864.06666666735, 'mavol_slow': 53083.72222222212, 'volume': 151479.3, 'volume_ratio': 1.429139922575151, 'volume_spike_ratio': 2.8535922813752332, 'adx': 25.88776955172541, 'di_plus': 11.275057330515972, 'di_minus': 33.46508947215425, 'close': 2.88, 'signal': 'SHORT'}, 'htf_reason': 'htf_trend_confirmed', 'htf_details': {'ma7': 2.9292857142857147, 'ma14': 2.9787142857142856, 'ma28': 3.0295, 'adx': 27.437860781389343, 'di_plus': 18.651142046540134, 'di_minus': 31.567771836104242, 'open': 2.908, 'close': 2.911, 'trend': 'SHORT'}, 'score_details': {'score': 42.93431760924093, 'adx': 25.88776955172541, 'volume_ratio': 2.8535922813752332, 'ma_separation_pct': 0.6992663836887026, 'rr_ratio': 1.45, 'adx_points': 5.887769551725409, 'volume_points': 27.803884220628497, 'ma_points': 6.992663836887027, 'rr_points': 2.25}, 'signal_row': {'open': 2.878, 'high': 2.881, 'low': 2.871, 'close': 2.88, 'volume': 151479.3, 'turnover': 435743.1643, 'ma7': 2.890857142857143, 'ma14': 2.9021428571428567, 'ma28': 2.911214285714286, 'mavol_fast': 75864.06666666735, 'mavol_slow': 53083.72222222212, 'volume_ratio': 1.429139922575151, 'volume_spike_ratio': 2.8535922813752332, 'rsi': 33.31149350522739, 'di_plus': 11.275057330515972, 'di_minus': 33.46508947215425, 'adx': 25.88776955172541, 'atr': 0.011685920564102826, 'atr_pct': 0.004057611306980148}, 'side': 'SHORT', 'risk_amount': 2.813588400000013, 'pretrade_exit_plan': {'stop_loss': 2.9113, 'take_profit': 2.8346, 'risk_distance': 0.03130000000000033, 'reward_distance': 0.045399999999999885, 'risk_reward': 1.4504792332268182}, 'entry_price_hint': 2.88, 'create_bracket': True, 'leverage': 2.0, 'liquidation_price_estimate': 4.3056, 'portfolio_heat_after': 2.7168400000000283, 'atr_pct': 0.004057611306980148, 'entry_bar_index': 172, 'actual_exit_plan': {'stop_loss': 2.9113, 'take_profit': 2.8317, 'risk_distance': 0.03245200000000015, 'reward_distance': 0.04714799999999997, 'risk_reward': 1.4528534450881225}, 'position_side': 'SHORT', 'exit_plan': {'stop_loss': 2.9113, 'take_profit': 2.8317, 'risk_distance': 0.03245200000000015, 'reward_distance': 0.04714799999999997, 'risk_reward': 1.4528534450881225}, 'source_entry_order': 'da8193b1-2847-46de-bfed-f269ca5e2fca', 'exit_reason': 'take_profit_2'}",2.838275409836049
f3c4a456-aac5-4a08-b9c9-68c7fcfdcf33,SAGAUSDT,LONG,2025-05-24 00:20:00+00:00,2025-05-24 01:30:00+00:00,0.42286908,0.41065345999999997,422.0,-5.154991640000016,0.193460581534,0.1753916400000023,-5.348452221534016,5.050951760000009,stop_loss,14,"{'strategy': 'live_indicator_adapter', 'signal_reason': 'signal_confirmed', 'signal_details': {'ma7': 0.4156285714285714, 'ma14': 0.41136428571428574, 'ma28': 0.41095714285714285, 'mavol_fast': 414348.81111111125, 'mavol_slow': 263981.2833333332, 'volume': 336524.8, 'volume_ratio': 1.5696143524990243, 'volume_spike_ratio': 1.2748055307203918, 'adx': 25.219383499430172, 'di_plus': 25.07859499396121, 'di_minus': 14.654915392864064, 'close': 0.4227, 'signal': 'LONG'}, 'htf_reason': 'htf_trend_confirmed', 'htf_details': {'ma7': 0.41724285714285714, 'ma14': 0.41510714285714284, 'ma28': 0.3985285714285714, 'adx': 38.55767249110936, 'di_plus': 23.325493897284844, 'di_minus': 15.508590054502053, 'open': 0.4065, 'close': 0.4115, 'trend': 'LONG'}, 'score_details': {'score': 22.958658033914165, 'adx': 25.219383499430172, 'volume_ratio': 1.2748055307203918, 'ma_separation_pct': 1.1367191573678117, 'rr_ratio': 1.45, 'adx_points': 5.219383499430172, 'volume_points': 4.122082960805877, 'ma_points': 11.367191573678117, 'rr_points': 2.25}, 'signal_row': {'open': 0.4196, 'high': 0.4231, 'low': 0.4178, 'close': 0.4227, 'volume': 336524.8, 'turnover': 141431.02284, 'ma7': 0.4156285714285714, 'ma14': 0.41136428571428574, 'ma28': 0.41095714285714285, 'mavol_fast': 414348.81111111125, 'mavol_slow': 263981.2833333332, 'volume_ratio': 1.5696143524990243, 'volume_spike_ratio': 1.2748055307203918, 'rsi': 67.01638580013116, 'di_plus': 25.07859499396121, 'di_minus': 14.654915392864064, 'adx': 25.219383499430172, 'atr': 0.0045302270967336545, 'atr_pct': 0.010717357692769469}, 'side': 'LONG', 'risk_amount': 5.050951760000009, 'pretrade_exit_plan': {'stop_loss': 0.4109, 'take_profit': 0.4399, 'risk_distance': 0.011800000000000033, 'reward_distance': 0.017199999999999993, 'risk_reward': 1.4576271186440632}, 'entry_price_hint': 0.4227, 'create_bracket': True, 'leverage': 2.0, 'liquidation_price_estimate': 0.2134635, 'portfolio_heat_after': 4.986090400000014, 'atr_pct': 0.010717357692769469, 'entry_bar_index': 216, 'actual_exit_plan': {'stop_loss': 0.4109, 'take_profit': 0.4403, 'risk_distance': 0.01196908000000002, 'reward_distance': 0.017430920000000016, 'risk_reward': 1.4563291414210604}, 'position_side': 'LONG', 'exit_plan': {'stop_loss': 0.4109, 'take_profit': 0.4403, 'risk_distance': 0.01196908000000002, 'reward_distance': 0.017430920000000016, 'risk_reward': 1.4563291414210604}, 'source_entry_order': '494e3882-df96-442a-a2e8-25539565a250', 'exit_reason': 'stop_loss'}",-1.0588998817787179
87556ab1-b09c-4c63-8bb7-2b2ba5c5090f,SAGAUSDT,SHORT,2025-05-24 08:25:00+00:00,2025-05-24 10:35:00+00:00,0.36675324000000004,0.37682595999999996,510.6,-5.143130831999962,0.208819346736,0.19031083199996812,-5.351950178735962,5.027755655999977,stop_loss,26,"{'strategy': 'live_indicator_adapter', 'signal_reason': 'signal_confirmed', 'signal_details': {'ma7': 0.3734571428571428, 'ma14': 0.3754857142857143, 'ma28': 0.3765321428571429, 'mavol_fast': 86851.47777777791, 'mavol_slow': 63190.49444444436, 'volume': 334247.0, 'volume_ratio': 1.3744389649322295, 'volume_spike_ratio': 5.289513920386591, 'adx': 23.6659480125124, 'di_plus': 13.541258774023449, 'di_minus': 39.01291634746238, 'close': 0.3669, 'signal': 'SHORT'}, 'htf_reason': 'htf_trend_confirmed', 'htf_details': {'ma7': 0.3778142857142857, 'ma14': 0.3966214285714286, 'ma28': 0.4008607142857143, 'adx': 24.376583198951348, 'di_plus': 20.416565453846086, 'di_minus': 22.804237713344452, 'open': 0.3756, 'close': 0.3749, 'trend': 'SHORT'}, 'score_details': {'score': 44.08258148148232, 'adx': 23.6659480125124, 'volume_ratio': 5.289513920386591, 'ma_separation_pct': 0.8166633468969916, 'rr_ratio': 1.45, 'adx_points': 3.6659480125123984, 'volume_points': 30.0, 'ma_points': 8.166633468969916, 'rr_points': 2.25}, 'signal_row': {'open': 0.3713, 'high': 0.3714, 'low': 0.3668, 'close': 0.3669, 'volume': 334247.0, 'turnover': 123197.46237, 'ma7': 0.3734571428571428, 'ma14': 0.3754857142857143, 'ma28': 0.3765321428571429, 'mavol_fast': 86851.47777777791, 'mavol_slow': 63190.49444444436, 'volume_ratio': 1.3744389649322295, 'volume_spike_ratio': 5.289513920386591, 'rsi': 28.28371711222259, 'di_plus': 13.541258774023449, 'di_minus': 39.01291634746238, 'adx': 23.6659480125124, 'atr': 0.002610845820742847, 'atr_pct': 0.007115960263676334}, 'side': 'SHORT', 'risk_amount': 5.027755655999977, 'pretrade_exit_plan': {'stop_loss': 0.3766, 'take_profit': 0.3528, 'risk_distance': 0.009699999999999986, 'reward_distance': 0.014100000000000001, 'risk_reward': 1.4536082474226826}, 'entry_price_hint': 0.3669, 'create_bracket': True, 'leverage': 2.0, 'liquidation_price_estimate': 0.5485155, 'portfolio_heat_after': 4.959310399999993, 'atr_pct': 0.007115960263676334, 'entry_bar_index': 313, 'actual_exit_plan': {'stop_loss': 0.3766, 'take_profit': 0.3524, 'risk_distance': 0.009846759999999954, 'reward_distance': 0.014353240000000045, 'risk_reward': 1.457661200232372}, 'position_side': 'SHORT', 'exit_plan': {'stop_loss': 0.3766, 'take_profit': 0.3524, 'risk_distance': 0.009846759999999954, 'reward_distance': 0.014353240000000045, 'risk_reward': 1.457661200232372}, 'source_entry_order': '906e020b-1bcc-4cd1-87e3-89f3fe4e04e5', 'exit_reason': 'stop_loss'}",-1.0644809622657578
ac222cf5-1783-4518-b49e-11a36f8aa134,BUSDT,LONG,2025-05-26 01:20:00+00:00,2025-05-26 03:05:00+00:00,0.41306516,0.4326,185.0,3.6139453999999995,0.058035580030000006,0.030554599999999547,3.5559098199699997,2.4910545999999956,take_profit_1,21,"{'strategy': 'live_indicator_adapter', 'signal_reason': 'signal_confirmed', 'signal_details': {'ma7': 0.41254571428571424, 'ma14': 0.4031135714285714, 'ma28': 0.3996192857142857, 'mavol_fast': 1124093.5555555555, 'mavol_slow': 1045234.2222222222, 'volume': 1218105.0, 'volume_ratio': 1.075446566574977, 'volume_spike_ratio': 1.1653895118457234, 'adx': 37.301045045104836, 'di_plus': 32.98803083769961, 'di_minus': 12.90282565105485, 'close': 0.4129, 'signal': 'LONG'}, 'htf_reason': 'htf_trend_confirmed', 'htf_details': {'ma7': 0.3550314285714285, 'ma14': 0.32575714285714286, 'ma28': 0.3218560714285714, 'adx': 23.20161608300096, 'di_plus': 43.13256343082374, 'di_minus': 12.355221559555543, 'open': 0.39291, 'close': 0.41272, 'trend': 'LONG'}, 'score_details': {'score': 42.031887722790685, 'adx': 37.301045045104836, 'volume_ratio': 1.1653895118457234, 'ma_separation_pct': 3.2346858706590353, 'rr_ratio': 1.4499999999999997, 'adx_points': 17.301045045104836, 'volume_points': 2.4808426776858505, 'ma_points': 20.0, 'rr_points': 2.2499999999999987}, 'signal_row': {'open': 0.42338, 'high': 0.42338, 'low': 0.41223, 'close': 0.4129, 'volume': 1218105.0, 'turnover': 506529.89354, 'ma7': 0.41254571428571424, 'ma14': 0.4031135714285714, 'ma28': 0.3996192857142857, 'mavol_fast': 1124093.5555555555, 'mavol_slow': 1045234.2222222222, 'volume_ratio': 1.075446566574977, 'volume_spike_ratio': 1.1653895118457234, 'rsi': 62.168418657438515, 'di_plus': 32.98803083769961, 'di_minus': 12.90282565105485, 'adx': 37.301045045104836, 'atr': 0.0106822294372619, 'atr_pct': 0.025871226537325986}, 'side': 'LONG', 'risk_amount': 4.986148747999991, 'pretrade_exit_plan': {'stop_loss': 0.3996, 'take_profit': 0.4322, 'risk_distance': 0.013299999999999979, 'reward_distance': 0.019299999999999984, 'risk_reward': 1.4511278195488733}, 'entry_price_hint': 0.4129, 'create_bracket': True, 'leverage': 2.0, 'liquidation_price_estimate': 0.2085145, 'portfolio_heat_after': 4.932810399999992, 'atr_pct': 0.025871226537325986, 'entry_bar_index': 804, 'actual_exit_plan': {'stop_loss': 0.3996, 'take_profit': 0.4326, 'risk_distance': 0.013465159999999976, 'reward_distance': 0.019534839999999998, 'risk_reward': 1.4507692444798304}, 'position_side': 'LONG', 'exit_plan': {'stop_loss': 0.3996, 'take_profit': 0.4326, 'risk_distance': 0.013465159999999976, 'reward_distance': 0.019534839999999998, 'risk_reward': 1.4507692444798304}, 'source_entry_order': 'b5f73d29-3471-4947-8536-dd5cb419efde', 'exit_reason': 'take_profit_1'}",1.4274716499469766
a3ece7a4-7367-45b3-8af8-0bd75387d8b7,BUSDT,LONG,2025-05-26 01:20:00+00:00,2025-05-26 03:35:00+00:00,0.41306516,0.4521,185.1,7.225348884000002,0.0587888406138,0.03057111599999954,7.166560043386203,2.492401115999995,take_profit_2,27,"{'strategy': 'live_indicator_adapter', 'signal_reason': 'signal_confirmed', 'signal_details': {'ma7': 0.41254571428571424, 'ma14': 0.4031135714285714, 'ma28': 0.3996192857142857, 'mavol_fast': 1124093.5555555555, 'mavol_slow': 1045234.2222222222, 'volume': 1218105.0, 'volume_ratio': 1.075446566574977, 'volume_spike_ratio': 1.1653895118457234, 'adx': 37.301045045104836, 'di_plus': 32.98803083769961, 'di_minus': 12.90282565105485, 'close': 0.4129, 'signal': 'LONG'}, 'htf_reason': 'htf_trend_confirmed', 'htf_details': {'ma7': 0.3550314285714285, 'ma14': 0.32575714285714286, 'ma28': 0.3218560714285714, 'adx': 23.20161608300096, 'di_plus': 43.13256343082374, 'di_minus': 12.355221559555543, 'open': 0.39291, 'close': 0.41272, 'trend': 'LONG'}, 'score_details': {'score': 42.031887722790685, 'adx': 37.301045045104836, 'volume_ratio': 1.1653895118457234, 'ma_separation_pct': 3.2346858706590353, 'rr_ratio': 1.4499999999999997, 'adx_points': 17.301045045104836, 'volume_points': 2.4808426776858505, 'ma_points': 20.0, 'rr_points': 2.2499999999999987}, 'signal_row': {'open': 0.42338, 'high': 0.42338, 'low': 0.41223, 'close': 0.4129, 'volume': 1218105.0, 'turnover': 506529.89354, 'ma7': 0.41254571428571424, 'ma14': 0.4031135714285714, 'ma28': 0.3996192857142857, 'mavol_fast': 1124093.5555555555, 'mavol_slow': 1045234.2222222222, 'volume_ratio': 1.075446566574977, 'volume_spike_ratio': 1.1653895118457234, 'rsi': 62.168418657438515, 'di_plus': 32.98803083769961, 'di_minus': 12.90282565105485, 'adx': 37.301045045104836, 'atr': 0.0106822294372619, 'atr_pct': 0.025871226537325986}, 'side': 'LONG', 'risk_amount': 4.986148747999991, 'pretrade_exit_plan': {'stop_loss': 0.3996, 'take_profit': 0.4322, 'risk_distance': 0.013299999999999979, 'reward_distance': 0.019299999999999984, 'risk_reward': 1.4511278195488733}, 'entry_price_hint': 0.4129, 'create_bracket': True, 'leverage': 2.0, 'liquidation_price_estimate': 0.2085145, 'portfolio_heat_after': 4.932810399999992, 'atr_pct': 0.025871226537325986, 'entry_bar_index': 804, 'actual_exit_plan': {'stop_loss': 0.3996, 'take_profit': 0.4326, 'risk_distance': 0.013465159999999976, 'reward_distance': 0.019534839999999998, 'risk_reward': 1.4507692444798304}, 'position_side': 'LONG', 'exit_plan': {'stop_loss': 0.3996, 'take_profit': 0.4326, 'risk_distance': 0.013465159999999976, 'reward_distance': 0.019534839999999998, 'risk_reward': 1.4507692444798304}, 'source_entry_order': 'b5f73d29-3471-4947-8536-dd5cb419efde', 'exit_reason': 'take_profit_2'}",2.8753638398652592
2c4ac58d-a167-4705-99fa-bb8613db9afe,BUSDT,LONG,2025-05-26 01:20:00+00:00,2025-05-26 11:40:00+00:00,0.41306516,0.39936024,0.20000000000001705,-0.0027409840000002356,8.93667940000094e-05,8.098400000001302e-05,-0.002830350794000245,0.0026930320000002617,stop_loss,124,"{'strategy': 'live_indicator_adapter', 'signal_reason': 'signal_confirmed', 'signal_details': {'ma7': 0.41254571428571424, 'ma14': 0.4031135714285714, 'ma28': 0.3996192857142857, 'mavol_fast': 1124093.5555555555, 'mavol_slow': 1045234.2222222222, 'volume': 1218105.0, 'volume_ratio': 1.075446566574977, 'volume_spike_ratio': 1.1653895118457234, 'adx': 37.301045045104836, 'di_plus': 32.98803083769961, 'di_minus': 12.90282565105485, 'close': 0.4129, 'signal': 'LONG'}, 'htf_reason': 'htf_trend_confirmed', 'htf_details': {'ma7': 0.3550314285714285, 'ma14': 0.32575714285714286, 'ma28': 0.3218560714285714, 'adx': 23.20161608300096, 'di_plus': 43.13256343082374, 'di_minus': 12.355221559555543, 'open': 0.39291, 'close': 0.41272, 'trend': 'LONG'}, 'score_details': {'score': 42.031887722790685, 'adx': 37.301045045104836, 'volume_ratio': 1.1653895118457234, 'ma_separation_pct': 3.2346858706590353, 'rr_ratio': 1.4499999999999997, 'adx_points': 17.301045045104836, 'volume_points': 2.4808426776858505, 'ma_points': 20.0, 'rr_points': 2.2499999999999987}, 'signal_row': {'open': 0.42338, 'high': 0.42338, 'low': 0.41223, 'close': 0.4129, 'volume': 1218105.0, 'turnover': 506529.89354, 'ma7': 0.41254571428571424, 'ma14': 0.4031135714285714, 'ma28': 0.3996192857142857, 'mavol_fast': 1124093.5555555555, 'mavol_slow': 1045234.2222222222, 'volume_ratio': 1.075446566574977, 'volume_spike_ratio': 1.1653895118457234, 'rsi': 62.168418657438515, 'di_plus': 32.98803083769961, 'di_minus': 12.90282565105485, 'adx': 37.301045045104836, 'atr': 0.0106822294372619, 'atr_pct': 0.025871226537325986}, 'side': 'LONG', 'risk_amount': 4.986148747999991, 'pretrade_exit_plan': {'stop_loss': 0.3996, 'take_profit': 0.4322, 'risk_distance': 0.013299999999999979, 'reward_distance': 0.019299999999999984, 'risk_reward': 1.4511278195488733}, 'entry_price_hint': 0.4129, 'create_bracket': True, 'leverage': 2.0, 'liquidation_price_estimate': 0.2085145, 'portfolio_heat_after': 4.932810399999992, 'atr_pct': 0.025871226537325986, 'entry_bar_index': 804, 'actual_exit_plan': {'stop_loss': 0.3996, 'take_profit': 0.4326, 'risk_distance': 0.013465159999999976, 'reward_distance': 0.019534839999999998, 'risk_reward': 1.4507692444798304}, 'position_side': 'LONG', 'exit_plan': {'stop_loss': 0.3996, 'take_profit': 0.4326, 'risk_distance': 0.013465159999999976, 'reward_distance': 0.019534839999999998, 'risk_reward': 1.4507692444798304}, 'source_entry_order': 'b5f73d29-3471-4947-8536-dd5cb419efde', 'exit_reason': 'stop_loss'}",-1.0509904056097255
f7fdb725-51b4-4624-9ee2-056e8eaa0964,BUSDT,SHORT,2025-05-27 13:00:00+00:00,2025-05-27 13:05:00+00:00,0.36915228000000005,0.37812673999999996,579.0,-5.196212339999946,0.237971003919,0.2168123399999478,-5.434183343918946,5.064929879999976,stop_loss,1,"{'strategy': 'live_indicator_adapter', 'signal_reason': 'signal_confirmed', 'signal_details': {'ma7': 0.3724985714285714, 'ma14': 0.3759, 'ma28': 0.3778110714285714, 'mavol_fast': 659175.4444444445, 'mavol_slow': 544573.5555555555, 'volume': 764615.0, 'volume_ratio': 1.210443360166426, 'volume_spike_ratio': 1.4040619347003835, 'adx': 35.71238700168158, 'di_plus': 11.323610342183741, 'di_minus': 29.52137791572329, 'close': 0.3693, 'signal': 'SHORT'}, 'htf_reason': 'htf_trend_confirmed', 'htf_details': {'ma7': 0.3937914285714286, 'ma14': 0.40098285714285714, 'ma28': 0.40412071428571433, 'adx': 22.375228965138206, 'di_plus': 23.978291649600695, 'di_minus': 24.323214315079586, 'open': 0.37786, 'close': 0.3693, 'trend': 'SHORT'}, 'score_details': {'score': 38.084576799730144, 'adx': 35.71238700168158, 'volume_ratio': 1.4040619347003835, 'ma_separation_pct': 1.4061260777542814, 'rr_ratio': 1.45, 'adx_points': 15.712387001681577, 'volume_points': 6.060929020505753, 'ma_points': 14.061260777542815, 'rr_points': 2.25}, 'signal_row': {'open': 0.37261, 'high': 0.37432, 'low': 0.36837, 'close': 0.3693, 'volume': 764615.0, 'turnover': 283794.61482, 'ma7': 0.3724985714285714, 'ma14': 0.3759, 'ma28': 0.3778110714285714, 'mavol_fast': 659175.4444444445, 'mavol_slow': 544573.5555555555, 'volume_ratio': 1.210443360166426, 'volume_spike_ratio': 1.4040619347003835, 'rsi': 30.195315015880354, 'di_plus': 11.323610342183741, 'di_minus': 29.52137791572329, 'adx': 35.71238700168158, 'atr': 0.004318736098579226, 'atr_pct': 0.011694384236607704}, 'side': 'SHORT', 'risk_amount': 5.064929879999976, 'pretrade_exit_plan': {'stop_loss': 0.3779, 'take_profit': 0.3568, 'risk_distance': 0.008599999999999997, 'reward_distance': 0.012500000000000011, 'risk_reward': 1.4534883720930252}, 'entry_price_hint': 0.3693, 'create_bracket': True, 'leverage': 2.0, 'liquidation_price_estimate': 0.5521035000000001, 'portfolio_heat_after': 4.985890399999999, 'atr_pct': 0.011694384236607704, 'entry_bar_index': 1232, 'actual_exit_plan': {'stop_loss': 0.3779, 'take_profit': 0.3564, 'risk_distance': 0.008747719999999959, 'reward_distance': 0.01275228000000006, 'risk_reward': 1.457783285244626}, 'position_side': 'SHORT', 'exit_plan': {'stop_loss': 0.3779, 'take_profit': 0.3564, 'risk_distance': 0.008747719999999959, 'reward_distance': 0.01275228000000006, 'risk_reward': 1.457783285244626}, 'source_entry_order': '8d637619-1cc1-415a-b261-02f6d1fd4b8c', 'exit_reason': 'stop_loss'}",-1.0729039636613826
94f5aec0-6d36-4c6c-8013-13adc4032c49,NEARUSDT,SHORT,2025-05-23 20:40:00+00:00,2025-05-27 13:10:00+00:00,2.878848,2.91304678,0.20000000000000284,-0.006839756000000116,0.0006371084258000035,0.0005797559999999654,-0.00747686442580012,0.006490400000000118,stop_loss,1062,"{'strategy': 'live_indicator_adapter', 'signal_reason': 'signal_confirmed', 'signal_details': {'ma7': 2.890857142857143, 'ma14': 2.9021428571428567, 'ma28': 2.911214285714286, 'mavol_fast': 75864.06666666735, 'mavol_slow': 53083.72222222212, 'volume': 151479.3, 'volume_ratio': 1.429139922575151, 'volume_spike_ratio': 2.8535922813752332, 'adx': 25.88776955172541, 'di_plus': 11.275057330515972, 'di_minus': 33.46508947215425, 'close': 2.88, 'signal': 'SHORT'}, 'htf_reason': 'htf_trend_confirmed', 'htf_details': {'ma7': 2.9292857142857147, 'ma14': 2.9787142857142856, 'ma28': 3.0295, 'adx': 27.437860781389343, 'di_plus': 18.651142046540134, 'di_minus': 31.567771836104242, 'open': 2.908, 'close': 2.911, 'trend': 'SHORT'}, 'score_details': {'score': 42.93431760924093, 'adx': 25.88776955172541, 'volume_ratio': 2.8535922813752332, 'ma_separation_pct': 0.6992663836887026, 'rr_ratio': 1.45, 'adx_points': 5.887769551725409, 'volume_points': 27.803884220628497, 'ma_points': 6.992663836887027, 'rr_points': 2.25}, 'signal_row': {'open': 2.878, 'high': 2.881, 'low': 2.871, 'close': 2.88, 'volume': 151479.3, 'turnover': 435743.1643, 'ma7': 2.890857142857143, 'ma14': 2.9021428571428567, 'ma28': 2.911214285714286, 'mavol_fast': 75864.06666666735, 'mavol_slow': 53083.72222222212, 'volume_ratio': 1.429139922575151, 'volume_spike_ratio': 2.8535922813752332, 'rsi': 33.31149350522739, 'di_plus': 11.275057330515972, 'di_minus': 33.46508947215425, 'adx': 25.88776955172541, 'atr': 0.011685920564102826, 'atr_pct': 0.004057611306980148}, 'side': 'SHORT', 'risk_amount': 2.813588400000013, 'pretrade_exit_plan': {'stop_loss': 2.9113, 'take_profit': 2.8346, 'risk_distance': 0.03130000000000033, 'reward_distance': 0.045399999999999885, 'risk_reward': 1.4504792332268182}, 'entry_price_hint': 2.88, 'create_bracket': True, 'leverage': 2.0, 'liquidation_price_estimate': 4.3056, 'portfolio_heat_after': 2.7168400000000283, 'atr_pct': 0.004057611306980148, 'entry_bar_index': 172, 'actual_exit_plan': {'stop_loss': 2.9113, 'take_profit': 2.8317, 'risk_distance': 0.03245200000000015, 'reward_distance': 0.04714799999999997, 'risk_reward': 1.4528534450881225}, 'position_side': 'SHORT', 'exit_plan': {'stop_loss': 2.9113, 'take_profit': 2.8317, 'risk_distance': 0.03245200000000015, 'reward_distance': 0.04714799999999997, 'risk_reward': 1.4528534450881225}, 'source_entry_order': 'da8193b1-2847-46de-bfed-f269ca5e2fca', 'exit_reason': 'stop_loss'}",-1.151988232743742
e021093a-4b7d-4696-b1b3-196440aa9a0e,NEARUSDT,LONG,2025-05-27 13:20:00+00:00,2025-05-27 13:50:00+00:00,2.9191672,2.87387464,85.5,-3.872513880000003,0.272417792526,0.24731387999998478,-4.1449316725260035,3.7249956000000024,stop_loss,6,"{'strategy': 'live_indicator_adapter', 'signal_reason': 'signal_confirmed', 'signal_details': {'ma7': 2.8882857142857143, 'ma14': 2.8844285714285713, 'ma28': 2.8756071428571426, 'mavol_fast': 130113.94444444514, 'mavol_slow': 123761.19444444434, 'volume': 247640.0, 'volume_ratio': 1.0513307101512543, 'volume_spike_ratio': 2.000950306852154, 'adx': 28.568558292891925, 'di_plus': 39.93375289436598, 'di_minus': 11.984709232298025, 'close': 2.918, 'signal': 'LONG'}, 'htf_reason': 'htf_trend_confirmed', 'htf_details': {'ma7': 2.8634285714285714, 'ma14': 2.8149285714285712, 'ma28': 2.799928571428572, 'adx': 30.254648425899575, 'di_plus': 29.984628956830306, 'di_minus': 9.920309487711757, 'open': 2.877, 'close': 2.877, 'trend': 'LONG'}, 'score_details': {'score': 30.241819689270734, 'adx': 28.568558292891925, 'volume_ratio': 2.000950306852154, 'ma_separation_pct': 0.44090067935964994, 'rr_ratio': 1.45, 'adx_points': 8.568558292891925, 'volume_points': 15.014254602782309, 'ma_points': 4.409006793596499, 'rr_points': 2.25}, 'signal_row': {'open': 2.908, 'high': 2.921, 'low': 2.904, 'close': 2.918, 'volume': 247640.0, 'turnover': 721172.4752, 'ma7': 2.8882857142857143, 'ma14': 2.8844285714285713, 'ma28': 2.8756071428571426, 'mavol_fast': 130113.94444444514, 'mavol_slow': 123761.19444444434, 'volume_ratio': 1.0513307101512543, 'volume_spike_ratio': 2.000950306852154, 'rsi': 73.17989410496226, 'di_plus': 39.93375289436598, 'di_minus': 11.984709232298025, 'adx': 28.568558292891925, 'atr': 0.011582940830740629, 'atr_pct': 0.003969479379965946}, 'side': 'LONG', 'risk_amount': 3.7249956000000024, 'pretrade_exit_plan': {'stop_loss': 2.8756, 'take_profit': 2.9795, 'risk_distance': 0.042400000000000215, 'reward_distance': 0.061499999999999666, 'risk_reward': 1.4504716981131922}, 'entry_price_hint': 2.918, 'create_bracket': True, 'leverage': 2.0, 'liquidation_price_estimate': 1.4735900000000002, 'portfolio_heat_after': 3.629440000000018, 'atr_pct': 0.003969479379965946, 'entry_bar_index': 1236, 'actual_exit_plan': {'stop_loss': 2.8756, 'take_profit': 2.9824, 'risk_distance': 0.04356720000000003, 'reward_distance': 0.0632328000000002, 'risk_reward': 1.4513854459318056}, 'position_side': 'LONG', 'exit_plan': {'stop_loss': 2.8756, 'take_profit': 2.9824, 'risk_distance': 0.04356720000000003, 'reward_distance': 0.0632328000000002, 'risk_reward': 1.4513854459318056}, 'source_entry_order': '1434266f-37c4-430b-83d1-2037b9aa46c9', 'exit_reason': 'stop_loss'}",-1.1127346492774384
ac235bbc-8f5f-412e-bf31-44525330295e,NEARUSDT,SHORT,2025-05-30 00:05:00+00:00,2025-05-30 00:45:00+00:00,2.7568968000000003,2.7093,45.2,2.15137536000002,0.09302852644800003,0.04986463999998865,2.0583468335520196,1.4827046399999817,take_profit_1,8,"{'strategy': 'live_indicator_adapter', 'signal_reason': 'signal_confirmed', 'signal_details': {'ma7': 2.759285714285714, 'ma14': 2.7703571428571427, 'ma28': 2.789678571428571, 'mavol_fast': 151121.93333333405, 'mavol_slow': 99645.84444444434, 'volume': 160279.2, 'volume_ratio': 1.5165904225698967, 'volume_spike_ratio': 1.6084885515658474, 'adx': 30.948751246746376, 'di_plus': 14.028120453307759, 'di_minus': 30.094020149198634, 'close': 2.758, 'signal': 'SHORT'}, 'htf_reason': 'htf_trend_confirmed', 'htf_details': {'ma7': 2.790857142857143, 'ma14': 2.8345714285714285, 'ma28': 2.86825, 'adx': 22.376788236481847, 'di_plus': 13.45044451444988, 'di_minus': 26.36288979212425, 'open': 2.783, 'close': 2.752, 'trend': 'SHORT'}, 'score_details': {'score': 33.220831859853334, 'adx': 30.948751246746376, 'volume_ratio': 1.6084885515658474, 'ma_separation_pct': 1.089475233961925, 'rr_ratio': 1.45, 'adx_points': 10.948751246746376, 'volume_points': 9.127328273487711, 'ma_points': 10.894752339619249, 'rr_points': 2.25}, 'signal_row': {'open': 2.752, 'high': 2.762, 'low': 2.747, 'close': 2.758, 'volume': 160279.2, 'turnover': 441665.9796, 'ma7': 2.759285714285714, 'ma14': 2.7703571428571427, 'ma28': 2.789678571428571, 'mavol_fast': 151121.93333333405, 'mavol_slow': 99645.84444444434, 'volume_ratio': 1.5165904225698967, 'volume_spike_ratio': 1.6084885515658474, 'rsi': 36.88402717621882, 'di_plus': 14.028120453307759, 'di_minus': 30.094020149198634, 'adx': 30.948751246746376, 'atr': 0.010451561395425715, 'atr_pct': 0.0037895436531637833}, 'side': 'SHORT', 'risk_amount': 2.968689599999963, 'pretrade_exit_plan': {'stop_loss': 2.7897, 'take_profit': 2.712, 'risk_distance': 0.03169999999999984, 'reward_distance': 0.04599999999999982, 'risk_reward': 1.4511041009463739}, 'entry_price_hint': 2.758, 'create_bracket': True, 'leverage': 2.0, 'liquidation_price_estimate': 4.12321, 'portfolio_heat_after': 2.8720199999999854, 'atr_pct': 0.0037895436531637833, 'entry_bar_index': 1941, 'actual_exit_plan': {'stop_loss': 2.7897, 'take_profit': 2.7093, 'risk_distance': 0.03280319999999959, 'reward_distance': 0.04759680000000044, 'risk_reward': 1.4509803921568942}, 'position_side': 'SHORT', 'exit_plan': {'stop_loss': 2.7897, 'take_profit': 2.7093, 'risk_distance': 0.03280319999999959, 'reward_distance': 0.04759680000000044, 'risk_reward': 1.4509803921568942}, 'source_entry_order': '769b9c6e-1e8c-488c-882d-318a6129a03e', 'exit_reason': 'take_profit_1'}",1.388237938981593
abcf06e2-0703-4c35-90c4-db1299c2a014,NEARUSDT,SHORT,2025-05-30 00:05:00+00:00,2025-05-30 00:55:00+00:00,2.7568968000000003,2.6618,45.2,4.298375360000015,0.092599126448,0.04986463999998865,4.205776233552014,1.4827046399999815,take_profit_2,10,"{'strategy': 'live_indicator_adapter', 'signal_reason': 'signal_confirmed', 'signal_details': {'ma7': 2.759285714285714, 'ma14': 2.7703571428571427, 'ma28': 2.789678571428571, 'mavol_fast': 151121.93333333405, 'mavol_slow': 99645.84444444434, 'volume': 160279.2, 'volume_ratio': 1.5165904225698967, 'volume_spike_ratio': 1.6084885515658474, 'adx': 30.948751246746376, 'di_plus': 14.028120453307759, 'di_minus': 30.094020149198634, 'close': 2.758, 'signal': 'SHORT'}, 'htf_reason': 'htf_trend_confirmed', 'htf_details': {'ma7': 2.790857142857143, 'ma14': 2.8345714285714285, 'ma28': 2.86825, 'adx': 22.376788236481847, 'di_plus': 13.45044451444988, 'di_minus': 26.36288979212425, 'open': 2.783, 'close': 2.752, 'trend': 'SHORT'}, 'score_details': {'score': 33.220831859853334, 'adx': 30.948751246746376, 'volume_ratio': 1.6084885515658474, 'ma_separation_pct': 1.089475233961925, 'rr_ratio': 1.45, 'adx_points': 10.948751246746376, 'volume_points': 9.127328273487711, 'ma_points': 10.894752339619249, 'rr_points': 2.25}, 'signal_row': {'open': 2.752, 'high': 2.762, 'low': 2.747, 'close': 2.758, 'volume': 160279.2, 'turnover': 441665.9796, 'ma7': 2.759285714285714, 'ma14': 2.7703571428571427, 'ma28': 2.789678571428571, 'mavol_fast': 151121.93333333405, 'mavol_slow': 99645.84444444434, 'volume_ratio': 1.5165904225698967, 'volume_spike_ratio': 1.6084885515658474, 'rsi': 36.88402717621882, 'di_plus': 14.028120453307759, 'di_minus': 30.094020149198634, 'adx': 30.948751246746376, 'atr': 0.010451561395425715, 'atr_pct': 0.0037895436531637833}, 'side': 'SHORT', 'risk_amount': 2.968689599999963, 'pretrade_exit_plan': {'stop_loss': 2.7897, 'take_profit': 2.712, 'risk_distance': 0.03169999999999984, 'reward_distance': 0.04599999999999982, 'risk_reward': 1.4511041009463739}, 'entry_price_hint': 2.758, 'create_bracket': True, 'leverage': 2.0, 'liquidation_price_estimate': 4.12321, 'portfolio_heat_after': 2.8720199999999854, 'atr_pct': 0.0037895436531637833, 'entry_bar_index': 1941, 'actual_exit_plan': {'stop_loss': 2.7897, 'take_profit': 2.7093, 'risk_distance': 0.03280319999999959, 'reward_distance': 0.04759680000000044, 'risk_reward': 1.4509803921568942}, 'position_side': 'SHORT', 'exit_plan': {'stop_loss': 2.7897, 'take_profit': 2.7093, 'risk_distance': 0.03280319999999959, 'reward_distance': 0.04759680000000044, 'risk_reward': 1.4509803921568942}, 'source_entry_order': '769b9c6e-1e8c-488c-882d-318a6129a03e', 'exit_reason': 'take_profit_2'}",2.836557005414151
2cf4cb6f-8f47-4074-9bd7-61b2d8299709,BUSDT,LONG,2025-05-30 02:05:00+00:00,2025-05-30 02:30:00+00:00,0.41268500799999996,0.40475700000000003,606.0,-4.804372847999958,0.27245342126640004,0.2472528479999756,-5.076826269266358,4.657114847999962,stop_loss,5,"{'strategy': 'live_indicator_adapter', 'signal_reason': 'signal_confirmed', 'signal_details': {'ma7': 0.4103342857142857, 'ma14': 0.4077628571428571, 'ma28': 0.4050003571428572, 'mavol_fast': 479341.44444444444, 'mavol_slow': 428875.1666666667, 'volume': 569150.0, 'volume_ratio': 1.1176712519169978, 'volume_spike_ratio': 1.3270761383168606, 'adx': 23.924447225197184, 'di_plus': 27.740794232067977, 'di_minus': 14.871753007051277, 'close': 0.41252, 'signal': 'LONG'}, 'htf_reason': 'htf_trend_confirmed', 'htf_details': {'ma7': 0.3968457142857143, 'ma14': 0.3894442857142857, 'ma28': 0.38433178571428567, 'adx': 23.363641680517578, 'di_plus': 31.753100772987693, 'di_minus': 9.988482578870284, 'open': 0.39308, 'close': 0.41026, 'trend': 'LONG'}, 'score_details': {'score': 24.250771689559805, 'adx': 23.924447225197184, 'volume_ratio': 1.3270761383168606, 'ma_separation_pct': 1.3170182389609715, 'rr_ratio': 1.45, 'adx_points': 3.9244472251971843, 'volume_points': 4.906142074752909, 'ma_points': 13.170182389609714, 'rr_points': 2.25}, 'signal_row': {'open': 0.41026, 'high': 0.41365, 'low': 0.40841, 'close': 0.41252, 'volume': 569150.0, 'turnover': 233740.87002, 'ma7': 0.4103342857142857, 'ma14': 0.4077628571428571, 'ma28': 0.4050003571428572, 'mavol_fast': 479341.44444444444, 'mavol_slow': 428875.1666666667, 'volume_ratio': 1.1176712519169978, 'volume_spike_ratio': 1.3270761383168606, 'rsi': 59.69272748239626, 'di_plus': 27.740794232067977, 'di_minus': 14.871753007051277, 'adx': 23.924447225197184, 'atr': 0.00596440358635116, 'atr_pct': 0.014458459193132843}, 'side': 'LONG', 'risk_amount': 4.657114847999962, 'pretrade_exit_plan': {'stop_loss': 0.405, 'take_profit': 0.4235, 'risk_distance': 0.007519999999999971, 'reward_distance': 0.01097999999999999, 'risk_reward': 1.4601063829787277}, 'entry_price_hint': 0.41252, 'create_bracket': True, 'leverage': 2.0, 'liquidation_price_estimate': 0.2083226, 'portfolio_heat_after': 4.5604003199999825, 'atr_pct': 0.014458459193132843, 'entry_bar_index': 1965, 'actual_exit_plan': {'stop_loss': 0.405, 'take_profit': 0.4239, 'risk_distance': 0.007685007999999938, 'reward_distance': 0.011214992000000035, 'risk_reward': 1.4593338094117958}, 'position_side': 'LONG', 'exit_plan': {'stop_loss': 0.405, 'take_profit': 0.4239, 'risk_distance': 0.007685007999999938, 'reward_distance': 0.011214992000000035, 'risk_reward': 1.4593338094117958}, 'source_entry_order': '1d962505-9284-4f73-9bdf-99fe178a941e', 'exit_reason': 'stop_loss'}",-1.0901226263394912
6bfbd163-3321-44ac-9ad7-d9788788389e,SAGAUSDT,SHORT,2025-05-30 07:00:00+00:00,2025-05-30 16:30:00+00:00,0.33046776,0.3195,333.6,3.658844735999998,0.08195126460480001,0.0441152640000019,3.576893471395198,2.512755264000008,take_profit_1,114,"{'strategy': 'live_indicator_adapter', 'signal_reason': 'signal_confirmed', 'signal_details': {'ma7': 0.3320142857142857, 'ma14': 0.33463571428571426, 'ma28': 0.33791785714285716, 'mavol_fast': 32415.977777777905, 'mavol_slow': 23740.161111111036, 'volume': 35847.8, 'volume_ratio': 1.3654489380279038, 'volume_spike_ratio': 1.510006601565238, 'adx': 41.39682799576806, 'di_plus': 8.75783175951557, 'di_minus': 39.553060745338215, 'close': 0.3306, 'signal': 'SHORT'}, 'htf_reason': 'htf_trend_confirmed', 'htf_details': {'ma7': 0.3408428571428571, 'ma14': 0.35318571428571427, 'ma28': 0.3605321428571428, 'adx': 23.244469945840642, 'di_plus': 12.488056585472112, 'di_minus': 41.135203016502196, 'open': 0.3399, 'close': 0.3306, 'trend': 'SHORT'}, 'score_details': {'score': 48.76736045087104, 'adx': 41.39682799576806, 'volume_ratio': 1.510006601565238, 'ma_separation_pct': 1.7470433431624406, 'rr_ratio': 1.45, 'adx_points': 21.396827995768056, 'volume_points': 7.65009902347857, 'ma_points': 17.470433431624407, 'rr_points': 2.25}, 'signal_row': {'open': 0.3294, 'high': 0.3313, 'low': 0.3294, 'close': 0.3306, 'volume': 35847.8, 'turnover': 11849.67689, 'ma7': 0.3320142857142857, 'ma14': 0.33463571428571426, 'ma28': 0.33791785714285716, 'mavol_fast': 32415.977777777905, 'mavol_slow': 23740.161111111036, 'volume_ratio': 1.3654489380279038, 'volume_spike_ratio': 1.510006601565238, 'rsi': 26.78382618549483, 'di_plus': 8.75783175951557, 'di_minus': 39.553060745338215, 'adx': 41.39682799576806, 'atr': 0.001708902676306269, 'atr_pct': 0.00516909460467716}, 'side': 'SHORT', 'risk_amount': 5.025510528000016, 'pretrade_exit_plan': {'stop_loss': 0.338, 'take_profit': 0.3198, 'risk_distance': 0.007400000000000018, 'reward_distance': 0.010800000000000032, 'risk_reward': 1.4594594594594603}, 'entry_price_hint': 0.3306, 'create_bracket': True, 'leverage': 2.0, 'liquidation_price_estimate': 0.49424700000000005, 'portfolio_heat_after': 4.941300320000011, 'atr_pct': 0.00516909460467716, 'entry_bar_index': 2024, 'actual_exit_plan': {'stop_loss': 0.338, 'take_profit': 0.3195, 'risk_distance': 0.007532240000000023, 'reward_distance': 0.010967759999999993, 'risk_reward': 1.456108674179256}, 'position_side': 'SHORT', 'exit_plan': {'stop_loss': 0.338, 'take_profit': 0.3195, 'risk_distance': 0.007532240000000023, 'reward_distance': 0.010967759999999993, 'risk_reward': 1.456108674179256}, 'source_entry_order': '09c1fae6-f7b7-4ba4-b370-c056ab6a1981', 'exit_reason': 'take_profit_1'}",1.4234945689462843
fe8d78e3-0579-4da3-9c1c-af3cb91f1737,SAGAUSDT,SHORT,2025-05-30 07:00:00+00:00,2025-05-30 22:05:00+00:00,0.33046776,0.3086,333.6,7.295084736000005,0.08122401660480001,0.0441152640000019,7.213860719395205,2.512755264000008,take_profit_2,181,"{'strategy': 'live_indicator_adapter', 'signal_reason': 'signal_confirmed', 'signal_details': {'ma7': 0.3320142857142857, 'ma14': 0.33463571428571426, 'ma28': 0.33791785714285716, 'mavol_fast': 32415.977777777905, 'mavol_slow': 23740.161111111036, 'volume': 35847.8, 'volume_ratio': 1.3654489380279038, 'volume_spike_ratio': 1.510006601565238, 'adx': 41.39682799576806, 'di_plus': 8.75783175951557, 'di_minus': 39.553060745338215, 'close': 0.3306, 'signal': 'SHORT'}, 'htf_reason': 'htf_trend_confirmed', 'htf_details': {'ma7': 0.3408428571428571, 'ma14': 0.35318571428571427, 'ma28': 0.3605321428571428, 'adx': 23.244469945840642, 'di_plus': 12.488056585472112, 'di_minus': 41.135203016502196, 'open': 0.3399, 'close': 0.3306, 'trend': 'SHORT'}, 'score_details': {'score': 48.76736045087104, 'adx': 41.39682799576806, 'volume_ratio': 1.510006601565238, 'ma_separation_pct': 1.7470433431624406, 'rr_ratio': 1.45, 'adx_points': 21.396827995768056, 'volume_points': 7.65009902347857, 'ma_points': 17.470433431624407, 'rr_points': 2.25}, 'signal_row': {'open': 0.3294, 'high': 0.3313, 'low': 0.3294, 'close': 0.3306, 'volume': 35847.8, 'turnover': 11849.67689, 'ma7': 0.3320142857142857, 'ma14': 0.33463571428571426, 'ma28': 0.33791785714285716, 'mavol_fast': 32415.977777777905, 'mavol_slow': 23740.161111111036, 'volume_ratio': 1.3654489380279038, 'volume_spike_ratio': 1.510006601565238, 'rsi': 26.78382618549483, 'di_plus': 8.75783175951557, 'di_minus': 39.553060745338215, 'adx': 41.39682799576806, 'atr': 0.001708902676306269, 'atr_pct': 0.00516909460467716}, 'side': 'SHORT', 'risk_amount': 5.025510528000016, 'pretrade_exit_plan': {'stop_loss': 0.338, 'take_profit': 0.3198, 'risk_distance': 0.007400000000000018, 'reward_distance': 0.010800000000000032, 'risk_reward': 1.4594594594594603}, 'entry_price_hint': 0.3306, 'create_bracket': True, 'leverage': 2.0, 'liquidation_price_estimate': 0.49424700000000005, 'portfolio_heat_after': 4.941300320000011, 'atr_pct': 0.00516909460467716, 'entry_bar_index': 2024, 'actual_exit_plan': {'stop_loss': 0.338, 'take_profit': 0.3195, 'risk_distance': 0.007532240000000023, 'reward_distance': 0.010967759999999993, 'risk_reward': 1.456108674179256}, 'position_side': 'SHORT', 'exit_plan': {'stop_loss': 0.338, 'take_profit': 0.3195, 'risk_distance': 0.007532240000000023, 'reward_distance': 0.010967759999999993, 'risk_reward': 1.456108674179256}, 'source_entry_order': '09c1fae6-f7b7-4ba4-b370-c056ab6a1981', 'exit_reason': 'take_profit_2'}",2.870896669782156
a4ad682f-8276-48b1-af32-b58b667b97c4,SAGAUSDT,SHORT,2025-05-30 22:10:00+00:00,2025-05-30 22:30:00+00:00,0.309876,0.304,403.1,2.368615599999997,0.09320953858,0.04998440000000524,2.275406061419997,1.6220744000000111,take_profit_1,4,"{'strategy': 'live_indicator_adapter', 'signal_reason': 'signal_confirmed', 'signal_details': {'ma7': 0.3105142857142857, 'ma14': 0.31191428571428576, 'ma28': 0.313825, 'mavol_fast': 7913.21111111124, 'mavol_slow': 7171.638888888818, 'volume': 14142.2, 'volume_ratio': 1.10340345264335, 'volume_spike_ratio': 1.9719620883185893, 'adx': 26.944440754846777, 'di_plus': 9.644476512561935, 'di_minus': 35.135238993478296, 'close': 0.31, 'signal': 'SHORT'}, 'htf_reason': 'htf_trend_confirmed', 'htf_details': {'ma7': 0.3168714285714286, 'ma14': 0.32319285714285717, 'ma28': 0.3369571428571429, 'adx': 46.30452394299988, 'di_plus': 9.117681827177183, 'di_minus': 41.16950027881568, 'open': 0.314, 'close': 0.3101, 'trend': 'SHORT'}, 'score_details': {'score': 34.323427678173644, 'adx': 26.944440754846777, 'volume_ratio': 1.9719620883185893, 'ma_separation_pct': 1.0549555598548022, 'rr_ratio': 1.45, 'adx_points': 6.944440754846777, 'volume_points': 14.57943132477884, 'ma_points': 10.549555598548022, 'rr_points': 2.25}, 'signal_row': {'open': 0.3099, 'high': 0.3103, 'low': 0.3083, 'close': 0.31, 'volume': 14142.2, 'turnover': 4369.62215, 'ma7': 0.3105142857142857, 'ma14': 0.31191428571428576, 'ma28': 0.313825, 'mavol_fast': 7913.21111111124, 'mavol_slow': 7171.638888888818, 'volume_ratio': 1.10340345264335, 'volume_spike_ratio': 1.9719620883185893, 'rsi': 34.31947705702642, 'di_plus': 9.644476512561935, 'di_minus': 35.135238993478296, 'adx': 26.944440754846777, 'atr': 0.0014151402074594963, 'atr_pct': 0.004564968411159665}, 'side': 'SHORT', 'risk_amount': 3.244551200000022, 'pretrade_exit_plan': {'stop_loss': 0.3139, 'take_profit': 0.3043, 'risk_distance': 0.0039000000000000146, 'reward_distance': 0.005699999999999983, 'risk_reward': 1.4615384615384517}, 'entry_price_hint': 0.31, 'create_bracket': True, 'leverage': 2.0, 'liquidation_price_estimate': 0.46345000000000003, 'portfolio_heat_after': 3.1482403200000117, 'atr_pct': 0.004564968411159665, 'entry_bar_index': 2206, 'actual_exit_plan': {'stop_loss': 0.3139, 'take_profit': 0.304, 'risk_distance': 0.0040240000000000276, 'reward_distance': 0.005875999999999992, 'risk_reward': 1.4602385685884574}, 'position_side': 'SHORT', 'exit_plan': {'stop_loss': 0.3139, 'take_profit': 0.304, 'risk_distance': 0.0040240000000000276, 'reward_distance': 0.005875999999999992, 'risk_reward': 1.4602385685884574}, 'source_entry_order': '5b41c013-0c60-4213-9443-ece3e870f1e6', 'exit_reason': 'take_profit_1'}",1.4027753976143025
a49fcf4f-b0cf-4407-a609-421bf0ac00ae,SAGAUSDT,SHORT,2025-05-30 22:10:00+00:00,2025-05-30 22:40:00+00:00,0.309876,0.2982,403.1,4.706595599999986,0.09274194258000001,0.049984400000005244,4.613853657419986,1.6220744000000111,take_profit_2,6,"{'strategy': 'live_indicator_adapter', 'signal_reason': 'signal_confirmed', 'signal_details': {'ma7': 0.3105142857142857, 'ma14': 0.31191428571428576, 'ma28': 0.313825, 'mavol_fast': 7913.21111111124, 'mavol_slow': 7171.638888888818, 'volume': 14142.2, 'volume_ratio': 1.10340345264335, 'volume_spike_ratio': 1.9719620883185893, 'adx': 26.944440754846777, 'di_plus': 9.644476512561935, 'di_minus': 35.135238993478296, 'close': 0.31, 'signal': 'SHORT'}, 'htf_reason': 'htf_trend_confirmed', 'htf_details': {'ma7': 0.3168714285714286, 'ma14': 0.32319285714285717, 'ma28': 0.3369571428571429, 'adx': 46.30452394299988, 'di_plus': 9.117681827177183, 'di_minus': 41.16950027881568, 'open': 0.314, 'close': 0.3101, 'trend': 'SHORT'}, 'score_details': {'score': 34.323427678173644, 'adx': 26.944440754846777, 'volume_ratio': 1.9719620883185893, 'ma_separation_pct': 1.0549555598548022, 'rr_ratio': 1.45, 'adx_points': 6.944440754846777, 'volume_points': 14.57943132477884, 'ma_points': 10.549555598548022, 'rr_points': 2.25}, 'signal_row': {'open': 0.3099, 'high': 0.3103, 'low': 0.3083, 'close': 0.31, 'volume': 14142.2, 'turnover': 4369.62215, 'ma7': 0.3105142857142857, 'ma14': 0.31191428571428576, 'ma28': 0.313825, 'mavol_fast': 7913.21111111124, 'mavol_slow': 7171.638888888818, 'volume_ratio': 1.10340345264335, 'volume_spike_ratio': 1.9719620883185893, 'rsi': 34.31947705702642, 'di_plus': 9.644476512561935, 'di_minus': 35.135238993478296, 'adx': 26.944440754846777, 'atr': 0.0014151402074594963, 'atr_pct': 0.004564968411159665}, 'side': 'SHORT', 'risk_amount': 3.244551200000022, 'pretrade_exit_plan': {'stop_loss': 0.3139, 'take_profit': 0.3043, 'risk_distance': 0.0039000000000000146, 'reward_distance': 0.005699999999999983, 'risk_reward': 1.4615384615384517}, 'entry_price_hint': 0.31, 'create_bracket': True, 'leverage': 2.0, 'liquidation_price_estimate': 0.46345000000000003, 'portfolio_heat_after': 3.1482403200000117, 'atr_pct': 0.004564968411159665, 'entry_bar_index': 2206, 'actual_exit_plan': {'stop_loss': 0.3139, 'take_profit': 0.304, 'risk_distance': 0.0040240000000000276, 'reward_distance': 0.005875999999999992, 'risk_reward': 1.4602385685884574}, 'position_side': 'SHORT', 'exit_plan': {'stop_loss': 0.3139, 'take_profit': 0.304, 'risk_distance': 0.0040240000000000276, 'reward_distance': 0.005875999999999992, 'risk_reward': 1.4602385685884574}, 'source_entry_order': '5b41c013-0c60-4213-9443-ece3e870f1e6', 'exit_reason': 'take_profit_2'}",2.8444155566600116
67296572-0f98-4427-979b-c0a249385ad5,SAGAUSDT,SHORT,2025-05-30 22:10:00+00:00,2025-06-11 00:10:00+00:00,0.309876,0.31408833999999997,0.09999999999990905,-0.000421233999999615,3.431803869996579e-05,3.123399999996703e-05,-0.0004555520386995808,0.00040239999999958087,stop_loss,3192,"{'strategy': 'live_indicator_adapter', 'signal_reason': 'signal_confirmed', 'signal_details': {'ma7': 0.3105142857142857, 'ma14': 0.31191428571428576, 'ma28': 0.313825, 'mavol_fast': 7913.21111111124, 'mavol_slow': 7171.638888888818, 'volume': 14142.2, 'volume_ratio': 1.10340345264335, 'volume_spike_ratio': 1.9719620883185893, 'adx': 26.944440754846777, 'di_plus': 9.644476512561935, 'di_minus': 35.135238993478296, 'close': 0.31, 'signal': 'SHORT'}, 'htf_reason': 'htf_trend_confirmed', 'htf_details': {'ma7': 0.3168714285714286, 'ma14': 0.32319285714285717, 'ma28': 0.3369571428571429, 'adx': 46.30452394299988, 'di_plus': 9.117681827177183, 'di_minus': 41.16950027881568, 'open': 0.314, 'close': 0.3101, 'trend': 'SHORT'}, 'score_details': {'score': 34.323427678173644, 'adx': 26.944440754846777, 'volume_ratio': 1.9719620883185893, 'ma_separation_pct': 1.0549555598548022, 'rr_ratio': 1.45, 'adx_points': 6.944440754846777, 'volume_points': 14.57943132477884, 'ma_points': 10.549555598548022, 'rr_points': 2.25}, 'signal_row': {'open': 0.3099, 'high': 0.3103, 'low': 0.3083, 'close': 0.31, 'volume': 14142.2, 'turnover': 4369.62215, 'ma7': 0.3105142857142857, 'ma14': 0.31191428571428576, 'ma28': 0.313825, 'mavol_fast': 7913.21111111124, 'mavol_slow': 7171.638888888818, 'volume_ratio': 1.10340345264335, 'volume_spike_ratio': 1.9719620883185893, 'rsi': 34.31947705702642, 'di_plus': 9.644476512561935, 'di_minus': 35.135238993478296, 'adx': 26.944440754846777, 'atr': 0.0014151402074594963, 'atr_pct': 0.004564968411159665}, 'side': 'SHORT', 'risk_amount': 3.244551200000022, 'pretrade_exit_plan': {'stop_loss': 0.3139, 'take_profit': 0.3043, 'risk_distance': 0.0039000000000000146, 'reward_distance': 0.005699999999999983, 'risk_reward': 1.4615384615384517}, 'entry_price_hint': 0.31, 'create_bracket': True, 'leverage': 2.0, 'liquidation_price_estimate': 0.46345000000000003, 'portfolio_heat_after': 3.1482403200000117, 'atr_pct': 0.004564968411159665, 'entry_bar_index': 2206, 'actual_exit_plan': {'stop_loss': 0.3139, 'take_profit': 0.304, 'risk_distance': 0.0040240000000000276, 'reward_distance': 0.005875999999999992, 'risk_reward': 1.4602385685884574}, 'position_side': 'SHORT', 'exit_plan': {'stop_loss': 0.3139, 'take_profit': 0.304, 'risk_distance': 0.0040240000000000276, 'reward_distance': 0.005875999999999992, 'risk_reward': 1.4602385685884574}, 'source_entry_order': '5b41c013-0c60-4213-9443-ece3e870f1e6', 'exit_reason': 'stop_loss'}",-1.132087571322205
a2f7b0b7-8f1d-4754-be16-57f556b07d0a,SAGAUSDT,LONG,2025-06-11 00:15:00+00:00,2025-06-11 00:20:00+00:00,0.31302516,0.31081339999999996,798.7,-1.76653271200005,0.27404292182960005,0.24900271200003976,-2.04057563382965,1.6174952920000207,stop_loss,1,"{'strategy': 'live_indicator_adapter', 'signal_reason': 'signal_confirmed', 'signal_details': {'ma7': 0.31211428571428573, 'ma14': 0.31144285714285713, 'ma28': 0.3110107142857143, 'mavol_fast': 12755.366666666796, 'mavol_slow': 9777.177777777706, 'volume': 44105.0, 'volume_ratio': 1.3046061917436071, 'volume_spike_ratio': 4.511015448675293, 'adx': 31.14653251448771, 'di_plus': 36.075838524502196, 'di_minus': 10.092410445760231, 'close': 0.3129, 'signal': 'LONG'}, 'htf_reason': 'htf_trend_confirmed', 'htf_details': {'ma7': 0.30824285714285715, 'ma14': 0.3071642857142857, 'ma28': 0.3043714285714286, 'adx': 31.38585906582826, 'di_plus': 25.23391281960795, 'di_minus': 11.695717966536678, 'open': 0.3112, 'close': 0.3119, 'trend': 'LONG'}, 'score_details': {'score': 46.944871455498, 'adx': 31.14653251448771, 'volume_ratio': 4.511015448675293, 'ma_separation_pct': 0.3548338941010292, 'rr_ratio': 1.45, 'adx_points': 11.14653251448771, 'volume_points': 30.0, 'ma_points': 3.548338941010292, 'rr_points': 2.25}, 'signal_row': {'open': 0.3124, 'high': 0.3139, 'low': 0.312, 'close': 0.3129, 'volume': 44105.0, 'turnover': 13801.49505, 'ma7': 0.31211428571428573, 'ma14': 0.31144285714285713, 'ma28': 0.3110107142857143, 'mavol_fast': 12755.366666666796, 'mavol_slow': 9777.177777777706, 'volume_ratio': 1.3046061917436071, 'volume_spike_ratio': 4.511015448675293, 'rsi': 64.12282314960171, 'di_plus': 36.075838524502196, 'di_minus': 10.092410445760231, 'adx': 31.14653251448771, 'atr': 0.0009704256441443938, 'atr_pct': 0.0031013922791447547}, 'side': 'LONG', 'risk_amount': 1.6176978080000206, 'pretrade_exit_plan': {'stop_loss': 0.311, 'take_profit': 0.3157, 'risk_distance': 0.0019000000000000128, 'reward_distance': 0.002799999999999969, 'risk_reward': 1.4736842105262897}, 'entry_price_hint': 0.3129, 'create_bracket': True, 'leverage': 2.0, 'liquidation_price_estimate': 0.1580145, 'portfolio_heat_after': 1.5211903200000099, 'atr_pct': 0.0031013922791447547, 'entry_bar_index': 5399, 'actual_exit_plan': {'stop_loss': 0.311, 'take_profit': 0.316, 'risk_distance': 0.002025160000000026, 'reward_distance': 0.0029748399999999786, 'risk_reward': 1.4689407256710287}, 'position_side': 'LONG', 'exit_plan': {'stop_loss': 0.311, 'take_profit': 0.316, 'risk_distance': 0.002025160000000026, 'reward_distance': 0.0029748399999999786, 'risk_reward': 1.4689407256710287}, 'source_entry_order': '926e161e-7d6b-4301-917a-252aa41b71c8', 'exit_reason': 'stop_loss'}",-1.2615651148551374
88dd0994-04a3-407c-8afd-6e1980be74ee,SAGAUSDT,LONG,2025-06-11 00:15:00+00:00,2025-07-11 04:20:00+00:00,0.31302516,0.316,0.09999999999990905,0.0002974839999997273,2.3536383799972617e-05,1.2515999999990202e-05,0.0002739476161997547,0.0002025159999998749,take_profit_1,8689,"{'strategy': 'live_indicator_adapter', 'signal_reason': 'signal_confirmed', 'signal_details': {'ma7': 0.31211428571428573, 'ma14': 0.31144285714285713, 'ma28': 0.3110107142857143, 'mavol_fast': 12755.366666666796, 'mavol_slow': 9777.177777777706, 'volume': 44105.0, 'volume_ratio': 1.3046061917436071, 'volume_spike_ratio': 4.511015448675293, 'adx': 31.14653251448771, 'di_plus': 36.075838524502196, 'di_minus': 10.092410445760231, 'close': 0.3129, 'signal': 'LONG'}, 'htf_reason': 'htf_trend_confirmed', 'htf_details': {'ma7': 0.30824285714285715, 'ma14': 0.3071642857142857, 'ma28': 0.3043714285714286, 'adx': 31.38585906582826, 'di_plus': 25.23391281960795, 'di_minus': 11.695717966536678, 'open': 0.3112, 'close': 0.3119, 'trend': 'LONG'}, 'score_details': {'score': 46.944871455498, 'adx': 31.14653251448771, 'volume_ratio': 4.511015448675293, 'ma_separation_pct': 0.3548338941010292, 'rr_ratio': 1.45, 'adx_points': 11.14653251448771, 'volume_points': 30.0, 'ma_points': 3.548338941010292, 'rr_points': 2.25}, 'signal_row': {'open': 0.3124, 'high': 0.3139, 'low': 0.312, 'close': 0.3129, 'volume': 44105.0, 'turnover': 13801.49505, 'ma7': 0.31211428571428573, 'ma14': 0.31144285714285713, 'ma28': 0.3110107142857143, 'mavol_fast': 12755.366666666796, 'mavol_slow': 9777.177777777706, 'volume_ratio': 1.3046061917436071, 'volume_spike_ratio': 4.511015448675293, 'rsi': 64.12282314960171, 'di_plus': 36.075838524502196, 'di_minus': 10.092410445760231, 'adx': 31.14653251448771, 'atr': 0.0009704256441443938, 'atr_pct': 0.0031013922791447547}, 'side': 'LONG', 'risk_amount': 1.6176978080000206, 'pretrade_exit_plan': {'stop_loss': 0.311, 'take_profit': 0.3157, 'risk_distance': 0.0019000000000000128, 'reward_distance': 0.002799999999999969, 'risk_reward': 1.4736842105262897}, 'entry_price_hint': 0.3129, 'create_bracket': True, 'leverage': 2.0, 'liquidation_price_estimate': 0.1580145, 'portfolio_heat_after': 1.5211903200000099, 'atr_pct': 0.0031013922791447547, 'entry_bar_index': 5399, 'actual_exit_plan': {'stop_loss': 0.311, 'take_profit': 0.316, 'risk_distance': 0.002025160000000026, 'reward_distance': 0.0029748399999999786, 'risk_reward': 1.4689407256710287}, 'position_side': 'LONG', 'exit_plan': {'stop_loss': 0.311, 'take_profit': 0.316, 'risk_distance': 0.002025160000000026, 'reward_distance': 0.0029748399999999786, 'risk_reward': 1.4689407256710287}, 'source_entry_order': '926e161e-7d6b-4301-917a-252aa41b71c8', 'exit_reason': 'take_profit_1'}",1.3527208526729935
a49801c0-506e-4e74-acf3-59147486618f,SAGAUSDT,LONG,2025-07-11 04:25:00+00:00,2025-07-11 21:35:00+00:00,0.31572624,0.29122516,207.1,-5.074173668000002,0.069134799217,0.06235366800000189,-5.143308467217002,5.037964304,stop_loss,206,"{'strategy': 'live_indicator_adapter', 'signal_reason': 'signal_confirmed', 'signal_details': {'ma7': 0.30250000000000005, 'ma14': 0.29762142857142854, 'ma28': 0.2914607142857143, 'mavol_fast': 300817.61111111124, 'mavol_slow': 191696.46111111104, 'volume': 1258300.1, 'volume_ratio': 1.5692392513013134, 'volume_spike_ratio': 6.564023627283681, 'adx': 57.23091486428418, 'di_plus': 55.261101791404506, 'di_minus': 4.21121043814441, 'close': 0.3156, 'signal': 'LONG'}, 'htf_reason': 'htf_trend_confirmed', 'htf_details': {'ma7': 0.2815857142857143, 'ma14': 0.2673214285714286, 'ma28': 0.2513285714285714, 'adx': 65.70749285927963, 'di_plus': 46.57553418182185, 'di_minus': 3.8524223387295535, 'open': 0.2857, 'close': 0.2985, 'trend': 'LONG'}, 'score_details': {'score': 89.48091486428419, 'adx': 57.23091486428418, 'volume_ratio': 6.564023627283681, 'ma_separation_pct': 3.7875724491171443, 'rr_ratio': 1.45, 'adx_points': 37.23091486428418, 'volume_points': 30.0, 'ma_points': 20.0, 'rr_points': 2.25}, 'signal_row': {'open': 0.3081, 'high': 0.3171, 'low': 0.307, 'close': 0.3156, 'volume': 1258300.1, 'turnover': 393669.40886, 'ma7': 0.30250000000000005, 'ma14': 0.29762142857142854, 'ma28': 0.2914607142857143, 'mavol_fast': 300817.61111111124, 'mavol_slow': 191696.46111111104, 'volume_ratio': 1.5692392513013134, 'volume_spike_ratio': 6.564023627283681, 'rsi': 90.98005775118376, 'di_plus': 55.261101791404506, 'di_minus': 4.21121043814441, 'adx': 57.23091486428418, 'atr': 0.003613370228258923, 'atr_pct': 0.011449208581302037}, 'side': 'LONG', 'risk_amount': 5.037964304, 'pretrade_exit_plan': {'stop_loss': 0.2914, 'take_profit': 0.3507, 'risk_distance': 0.0242, 'reward_distance': 0.03510000000000002, 'risk_reward': 1.4504132231404967}, 'entry_price_hint': 0.3156, 'create_bracket': True, 'leverage': 2.0, 'liquidation_price_estimate': 0.159378, 'portfolio_heat_after': 5.017520319999999, 'atr_pct': 0.011449208581302037, 'entry_bar_index': 14089, 'actual_exit_plan': {'stop_loss': 0.2914, 'take_profit': 0.351, 'risk_distance': 0.02432624, 'reward_distance': 0.03527375999999999, 'risk_reward': 1.4500292688060297}, 'position_side': 'LONG', 'exit_plan': {'stop_loss': 0.2914, 'take_profit': 0.351, 'risk_distance': 0.02432624, 'reward_distance': 0.03527375999999999, 'risk_reward': 1.4500292688060297}, 'source_entry_order': 'a7de19fe-2116-4e29-bbf1-c792b13e2dc0', 'exit_reason': 'stop_loss'}",-1.0209100654272922
07e183c6-f330-4bca-9d58-5dc79d595fc8,SAGAUSDT,SHORT,2025-07-12 04:20:00+00:00,2025-07-12 12:45:00+00:00,0.28668528,0.2781,430.2,3.6933874559999884,0.0917603281008,0.04935254400000542,3.6016271278991883,2.544512544000017,take_profit_1,101,"{'strategy': 'live_indicator_adapter', 'signal_reason': 'signal_confirmed', 'signal_details': {'ma7': 0.29128571428571426, 'ma14': 0.2920071428571429, 'ma28': 0.292575, 'mavol_fast': 38720.4444444446, 'mavol_slow': 29402.76111111104, 'volume': 93616.7, 'volume_ratio': 1.3168982429276852, 'volume_spike_ratio': 3.1839424755460497, 'adx': 22.136365740195895, 'di_plus': 16.714331440212813, 'di_minus': 38.73305731173907, 'close': 0.2868, 'signal': 'SHORT'}, 'htf_reason': 'htf_trend_confirmed', 'htf_details': {'ma7': 0.2891714285714286, 'ma14': 0.2964428571428571, 'ma28': 0.30307142857142855, 'adx': 36.91380518806303, 'di_plus': 20.79223517126275, 'di_minus': 21.188003216409783, 'open': 0.2909, 'close': 0.2942, 'trend': 'SHORT'}, 'score_details': {'score': 38.79305022891064, 'adx': 22.136365740195895, 'volume_ratio': 3.1839424755460497, 'ma_separation_pct': 0.44066844887147405, 'rr_ratio': 1.45, 'adx_points': 2.1363657401958953, 'volume_points': 30.0, 'ma_points': 4.40668448871474, 'rr_points': 2.25}, 'signal_row': {'open': 0.2897, 'high': 0.29, 'low': 0.2866, 'close': 0.2868, 'volume': 93616.7, 'turnover': 26958.07962, 'ma7': 0.29128571428571426, 'ma14': 0.2920071428571429, 'ma28': 0.292575, 'mavol_fast': 38720.4444444446, 'mavol_slow': 29402.76111111104, 'volume_ratio': 1.3168982429276852, 'volume_spike_ratio': 3.1839424755460497, 'rsi': 32.60440774963972, 'di_plus': 16.714331440212813, 'di_minus': 38.73305731173907, 'adx': 22.136365740195895, 'atr': 0.0016872628661549203, 'atr_pct': 0.005883064386872107}, 'side': 'SHORT', 'risk_amount': 5.089025088000034, 'pretrade_exit_plan': {'stop_loss': 0.2926, 'take_profit': 0.2783, 'risk_distance': 0.005800000000000027, 'reward_distance': 0.008500000000000008, 'risk_reward': 1.4655172413793047}, 'entry_price_hint': 0.2868, 'create_bracket': True, 'leverage': 2.0, 'liquidation_price_estimate': 0.42876600000000004, 'portfolio_heat_after': 4.993600320000024, 'atr_pct': 0.005883064386872107, 'entry_bar_index': 14376, 'actual_exit_plan': {'stop_loss': 0.2926, 'take_profit': 0.2781, 'risk_distance': 0.00591472000000004, 'reward_distance': 0.008585279999999973, 'risk_reward': 1.4515108069359015}, 'position_side': 'SHORT', 'exit_plan': {'stop_loss': 0.2926, 'take_profit': 0.2781, 'risk_distance': 0.00591472000000004, 'reward_distance': 0.008585279999999973, 'risk_reward': 1.4515108069359015}, 'source_entry_order': 'fff9906f-e932-4e44-9ecb-92303ee0fd3a', 'exit_reason': 'take_profit_1'}",1.415448761057145
aac4e306-dcfc-43c4-88d6-926d612e0040,SAGAUSDT,SHORT,2025-07-12 04:20:00+00:00,2025-07-12 15:30:00+00:00,0.28668528,0.2696,430.2,7.350087455999992,0.0910289881008,0.04935254400000542,7.259058467899192,2.544512544000017,take_profit_2,134,"{'strategy': 'live_indicator_adapter', 'signal_reason': 'signal_confirmed', 'signal_details': {'ma7': 0.29128571428571426, 'ma14': 0.2920071428571429, 'ma28': 0.292575, 'mavol_fast': 38720.4444444446, 'mavol_slow': 29402.76111111104, 'volume': 93616.7, 'volume_ratio': 1.3168982429276852, 'volume_spike_ratio': 3.1839424755460497, 'adx': 22.136365740195895, 'di_plus': 16.714331440212813, 'di_minus': 38.73305731173907, 'close': 0.2868, 'signal': 'SHORT'}, 'htf_reason': 'htf_trend_confirmed', 'htf_details': {'ma7': 0.2891714285714286, 'ma14': 0.2964428571428571, 'ma28': 0.30307142857142855, 'adx': 36.91380518806303, 'di_plus': 20.79223517126275, 'di_minus': 21.188003216409783, 'open': 0.2909, 'close': 0.2942, 'trend': 'SHORT'}, 'score_details': {'score': 38.79305022891064, 'adx': 22.136365740195895, 'volume_ratio': 3.1839424755460497, 'ma_separation_pct': 0.44066844887147405, 'rr_ratio': 1.45, 'adx_points': 2.1363657401958953, 'volume_points': 30.0, 'ma_points': 4.40668448871474, 'rr_points': 2.25}, 'signal_row': {'open': 0.2897, 'high': 0.29, 'low': 0.2866, 'close': 0.2868, 'volume': 93616.7, 'turnover': 26958.07962, 'ma7': 0.29128571428571426, 'ma14': 0.2920071428571429, 'ma28': 0.292575, 'mavol_fast': 38720.4444444446, 'mavol_slow': 29402.76111111104, 'volume_ratio': 1.3168982429276852, 'volume_spike_ratio': 3.1839424755460497, 'rsi': 32.60440774963972, 'di_plus': 16.714331440212813, 'di_minus': 38.73305731173907, 'adx': 22.136365740195895, 'atr': 0.0016872628661549203, 'atr_pct': 0.005883064386872107}, 'side': 'SHORT', 'risk_amount': 5.089025088000034, 'pretrade_exit_plan': {'stop_loss': 0.2926, 'take_profit': 0.2783, 'risk_distance': 0.005800000000000027, 'reward_distance': 0.008500000000000008, 'risk_reward': 1.4655172413793047}, 'entry_price_hint': 0.2868, 'create_bracket': True, 'leverage': 2.0, 'liquidation_price_estimate': 0.42876600000000004, 'portfolio_heat_after': 4.993600320000024, 'atr_pct': 0.005883064386872107, 'entry_bar_index': 14376, 'actual_exit_plan': {'stop_loss': 0.2926, 'take_profit': 0.2781, 'risk_distance': 0.00591472000000004, 'reward_distance': 0.008585279999999973, 'risk_reward': 1.4515108069359015}, 'position_side': 'SHORT', 'exit_plan': {'stop_loss': 0.2926, 'take_profit': 0.2781, 'risk_distance': 0.00591472000000004, 'reward_distance': 0.008585279999999973, 'risk_reward': 1.4515108069359015}, 'source_entry_order': 'fff9906f-e932-4e44-9ecb-92303ee0fd3a', 'exit_reason': 'take_profit_2'}",2.852828721562452
9aa5c9f5-34a0-48ad-9178-0294f9abe3ef,SAGAUSDT,SHORT,2025-07-12 15:35:00+00:00,2025-07-12 16:40:00+00:00,0.27082438507992895,0.27796667999999997,379.0,-2.706929774706914,0.11439549751591119,0.1042451261405607,-2.821325272222825,1.4576427705658415,stop_loss,13,"{'strategy': 'live_indicator_adapter', 'signal_reason': 'signal_confirmed', 'signal_details': {'ma7': 0.2725285714285714, 'ma14': 0.27554285714285714, 'ma28': 0.27776428571428574, 'mavol_fast': 150767.38888888905, 'mavol_slow': 87472.46111111104, 'volume': 101644.4, 'volume_ratio': 1.7235983413954505, 'volume_spike_ratio': 1.1620160071966785, 'adx': 51.788479359564846, 'di_plus': 5.434429758742382, 'di_minus': 35.07190174312042, 'close': 0.2714, 'signal': 'SHORT'}, 'htf_reason': 'htf_trend_confirmed', 'htf_details': {'ma7': 0.28464285714285714, 'ma14': 0.2860142857142857, 'ma28': 0.2934571428571428, 'adx': 25.472789118640964, 'di_plus': 15.983399750800393, 'di_minus': 25.130375733141637, 'open': 0.2813, 'close': 0.2766, 'trend': 'SHORT'}, 'score_details': {'score': 55.318206442596875, 'adx': 51.788479359564846, 'volume_ratio': 1.1620160071966785, 'ma_separation_pct': 1.8849486975081855, 'rr_ratio': 1.45, 'adx_points': 31.788479359564846, 'volume_points': 2.430240107950178, 'ma_points': 18.849486975081852, 'rr_points': 2.25}, 'signal_row': {'open': 0.2722, 'high': 0.2732, 'low': 0.2693, 'close': 0.2714, 'volume': 101644.4, 'turnover': 27528.28186, 'ma7': 0.2725285714285714, 'ma14': 0.27554285714285714, 'ma28': 0.27776428571428574, 'mavol_fast': 150767.38888888905, 'mavol_slow': 87472.46111111104, 'volume_ratio': 1.7235983413954505, 'volume_spike_ratio': 1.1620160071966785, 'rsi': 30.045427648512216, 'di_plus': 5.434429758742382, 'di_minus': 35.07190174312042, 'adx': 51.788479359564846, 'atr': 0.0024100976113313848, 'atr_pct': 0.008880241751405251}, 'side': 'SHORT', 'risk_amount': 2.466744239999999, 'pretrade_exit_plan': {'stop_loss': 0.2778, 'take_profit': 0.2621, 'risk_distance': 0.006400000000000017, 'reward_distance': 0.009299999999999975, 'risk_reward': 1.4531249999999922}, 'entry_price_hint': 0.2714, 'create_bracket': True, 'leverage': 2.0, 'liquidation_price_estimate': 0.40574299999999996, 'portfolio_heat_after': 5.047760320000013, 'atr_pct': 0.008880241751405251, 'entry_bar_index': 14511, 'actual_exit_plan': {'stop_loss': 0.2778, 'take_profit': 0.2596, 'risk_distance': 0.007408199999999976, 'reward_distance': 0.010791800000000018, 'risk_reward': 1.4567371291271907}, 'position_side': 'SHORT', 'exit_plan': {'stop_loss': 0.2778, 'take_profit': 0.2618, 'risk_distance': 0.006508559999999997, 'reward_distance': 0.009491440000000018, 'risk_reward': 1.4583010681318176}, 'source_entry_order': 'dc47edb2-fb6f-45de-977d-45b1688051ac', 'exit_reason': 'stop_loss'}",-1.9355395774560158
dded53ac-2eb2-432d-9323-0b81b70ed961,SAGAUSDT,SHORT,2025-07-12 15:35:00+00:00,2025-07-12 16:40:00+00:00,0.27082438507992895,0.27796667999999997,409.2,-2.9226270812930584,0.1235109171068888,0.11255172985941275,-3.046137998399947,1.5737926694341486,stop_loss,13,"{'strategy': 'live_indicator_adapter', 'signal_reason': 'signal_confirmed', 'signal_details': {'ma7': 0.2725285714285714, 'ma14': 0.27554285714285714, 'ma28': 0.27776428571428574, 'mavol_fast': 150767.38888888905, 'mavol_slow': 87472.46111111104, 'volume': 101644.4, 'volume_ratio': 1.7235983413954505, 'volume_spike_ratio': 1.1620160071966785, 'adx': 51.788479359564846, 'di_plus': 5.434429758742382, 'di_minus': 35.07190174312042, 'close': 0.2714, 'signal': 'SHORT'}, 'htf_reason': 'htf_trend_confirmed', 'htf_details': {'ma7': 0.28464285714285714, 'ma14': 0.2860142857142857, 'ma28': 0.2934571428571428, 'adx': 25.472789118640964, 'di_plus': 15.983399750800393, 'di_minus': 25.130375733141637, 'open': 0.2813, 'close': 0.2766, 'trend': 'SHORT'}, 'score_details': {'score': 55.318206442596875, 'adx': 51.788479359564846, 'volume_ratio': 1.1620160071966785, 'ma_separation_pct': 1.8849486975081855, 'rr_ratio': 1.45, 'adx_points': 31.788479359564846, 'volume_points': 2.430240107950178, 'ma_points': 18.849486975081852, 'rr_points': 2.25}, 'signal_row': {'open': 0.2722, 'high': 0.2732, 'low': 0.2693, 'close': 0.2714, 'volume': 101644.4, 'turnover': 27528.28186, 'ma7': 0.2725285714285714, 'ma14': 0.27554285714285714, 'ma28': 0.27776428571428574, 'mavol_fast': 150767.38888888905, 'mavol_slow': 87472.46111111104, 'volume_ratio': 1.7235983413954505, 'volume_spike_ratio': 1.1620160071966785, 'rsi': 30.045427648512216, 'di_plus': 5.434429758742382, 'di_minus': 35.07190174312042, 'adx': 51.788479359564846, 'atr': 0.0024100976113313848, 'atr_pct': 0.008880241751405251}, 'side': 'SHORT', 'risk_amount': 3.0314354399999903, 'pretrade_exit_plan': {'stop_loss': 0.2778, 'take_profit': 0.2621, 'risk_distance': 0.006400000000000017, 'reward_distance': 0.009299999999999975, 'risk_reward': 1.4531249999999922}, 'entry_price_hint': 0.2714, 'create_bracket': True, 'leverage': 2.0, 'liquidation_price_estimate': 0.40574299999999996, 'portfolio_heat_after': 5.047760320000013, 'atr_pct': 0.008880241751405251, 'entry_bar_index': 14511, 'actual_exit_plan': {'stop_loss': 0.2778, 'take_profit': 0.2596, 'risk_distance': 0.007408199999999976, 'reward_distance': 0.010791800000000018, 'risk_reward': 1.4567371291271907}, 'position_side': 'SHORT', 'exit_plan': {'stop_loss': 0.2778, 'take_profit': 0.2596, 'risk_distance': 0.007408199999999976, 'reward_distance': 0.010791800000000018, 'risk_reward': 1.4567371291271907}, 'source_entry_order': 'dc47edb2-fb6f-45de-977d-45b1688051ac', 'exit_reason': 'stop_loss'}",-1.9355395774560158
6ea9d32c-446d-4b10-9ff1-1a99ca5577fc,BUSDT,SHORT,2025-07-13 23:00:00+00:00,2025-07-14 03:00:00+00:00,0.482916756,0.4917949,517.2,-4.591776076799988,0.27726647766576007,0.25246807679998357,-4.869042554465747,4.439253796799995,stop_loss,48,"{'strategy': 'live_indicator_adapter', 'signal_reason': 'signal_confirmed', 'signal_details': {'ma7': 0.4853942857142857, 'ma14': 0.4888535714285714, 'ma28': 0.49146535714285716, 'mavol_fast': 43900.444444444445, 'mavol_slow': 31688.0, 'volume': 125195.0, 'volume_ratio': 1.3853965048107941, 'volume_spike_ratio': 3.950864680636203, 'adx': 30.370115427160616, 'di_plus': 10.286104003130722, 'di_minus': 31.800522370771994, 'close': 0.48311, 'signal': 'SHORT'}, 'htf_reason': 'htf_trend_confirmed', 'htf_details': {'ma7': 0.49698571428571425, 'ma14': 0.5118185714285715, 'ma28': 0.5229728571428571, 'adx': 22.28930743240203, 'di_plus': 12.79076396317612, 'di_minus': 24.419054605127204, 'open': 0.49355, 'close': 0.48311, 'trend': 'SHORT'}, 'score_details': {'score': 54.973115166279, 'adx': 30.370115427160616, 'volume_ratio': 3.950864680636203, 'ma_separation_pct': 1.2352999739118389, 'rr_ratio': 1.45, 'adx_points': 10.370115427160616, 'volume_points': 30.0, 'ma_points': 12.352999739118388, 'rr_points': 2.25}, 'signal_row': {'open': 0.48216, 'high': 0.48534, 'low': 0.48041, 'close': 0.48311, 'volume': 125195.0, 'turnover': 60386.6281, 'ma7': 0.4853942857142857, 'ma14': 0.4888535714285714, 'ma28': 0.49146535714285716, 'mavol_fast': 43900.444444444445, 'mavol_slow': 31688.0, 'volume_ratio': 1.3853965048107941, 'volume_spike_ratio': 3.950864680636203, 'rsi': 30.50441737060588, 'di_plus': 10.286104003130722, 'di_minus': 31.800522370771994, 'adx': 30.370115427160616, 'atr': 0.003272450685040114, 'atr_pct': 0.006773717548881444}, 'side': 'SHORT', 'risk_amount': 4.440112121199994, 'pretrade_exit_plan': {'stop_loss': 0.4915, 'take_profit': 0.4709, 'risk_distance': 0.008390000000000009, 'reward_distance': 0.012209999999999999, 'risk_reward': 1.455303933253872}, 'entry_price_hint': 0.48311, 'create_bracket': True, 'leverage': 2.0, 'liquidation_price_estimate': 0.7222494500000001, 'portfolio_heat_after': 4.3442663200000045, 'atr_pct': 0.006773717548881444, 'entry_bar_index': 14888, 'actual_exit_plan': {'stop_loss': 0.4915, 'take_profit': 0.4704, 'risk_distance': 0.00858324399999999, 'reward_distance': 0.012516756000000018, 'risk_reward': 1.4582780123692198}, 'position_side': 'SHORT', 'exit_plan': {'stop_loss': 0.4915, 'take_profit': 0.4704, 'risk_distance': 0.00858324399999999, 'reward_distance': 0.012516756000000018, 'risk_reward': 1.4582780123692198}, 'source_entry_order': 'f3d94525-f962-4061-bc9d-efe0dfaf3f75', 'exit_reason': 'stop_loss'}",-1.0968155409306768
159135ae-4195-4a39-8001-95d1232076d4,BUSDT,SHORT,2025-07-13 23:00:00+00:00,2025-07-14 10:00:00+00:00,0.482916756,0.4704,0.09999999999990905,0.0012516755999988634,3.5968421579965624e-05,1.9324399999978703e-05,0.0012157071784188978,0.0008583243999993329,take_profit_1,132,"{'strategy': 'live_indicator_adapter', 'signal_reason': 'signal_confirmed', 'signal_details': {'ma7': 0.4853942857142857, 'ma14': 0.4888535714285714, 'ma28': 0.49146535714285716, 'mavol_fast': 43900.444444444445, 'mavol_slow': 31688.0, 'volume': 125195.0, 'volume_ratio': 1.3853965048107941, 'volume_spike_ratio': 3.950864680636203, 'adx': 30.370115427160616, 'di_plus': 10.286104003130722, 'di_minus': 31.800522370771994, 'close': 0.48311, 'signal': 'SHORT'}, 'htf_reason': 'htf_trend_confirmed', 'htf_details': {'ma7': 0.49698571428571425, 'ma14': 0.5118185714285715, 'ma28': 0.5229728571428571, 'adx': 22.28930743240203, 'di_plus': 12.79076396317612, 'di_minus': 24.419054605127204, 'open': 0.49355, 'close': 0.48311, 'trend': 'SHORT'}, 'score_details': {'score': 54.973115166279, 'adx': 30.370115427160616, 'volume_ratio': 3.950864680636203, 'ma_separation_pct': 1.2352999739118389, 'rr_ratio': 1.45, 'adx_points': 10.370115427160616, 'volume_points': 30.0, 'ma_points': 12.352999739118388, 'rr_points': 2.25}, 'signal_row': {'open': 0.48216, 'high': 0.48534, 'low': 0.48041, 'close': 0.48311, 'volume': 125195.0, 'turnover': 60386.6281, 'ma7': 0.4853942857142857, 'ma14': 0.4888535714285714, 'ma28': 0.49146535714285716, 'mavol_fast': 43900.444444444445, 'mavol_slow': 31688.0, 'volume_ratio': 1.3853965048107941, 'volume_spike_ratio': 3.950864680636203, 'rsi': 30.50441737060588, 'di_plus': 10.286104003130722, 'di_minus': 31.800522370771994, 'adx': 30.370115427160616, 'atr': 0.003272450685040114, 'atr_pct': 0.006773717548881444}, 'side': 'SHORT', 'risk_amount': 4.440112121199994, 'pretrade_exit_plan': {'stop_loss': 0.4915, 'take_profit': 0.4709, 'risk_distance': 0.008390000000000009, 'reward_distance': 0.012209999999999999, 'risk_reward': 1.455303933253872}, 'entry_price_hint': 0.48311, 'create_bracket': True, 'leverage': 2.0, 'liquidation_price_estimate': 0.7222494500000001, 'portfolio_heat_after': 4.3442663200000045, 'atr_pct': 0.006773717548881444, 'entry_bar_index': 14888, 'actual_exit_plan': {'stop_loss': 0.4915, 'take_profit': 0.4704, 'risk_distance': 0.00858324399999999, 'reward_distance': 0.012516756000000018, 'risk_reward': 1.4582780123692198}, 'position_side': 'SHORT', 'exit_plan': {'stop_loss': 0.4915, 'take_profit': 0.4704, 'risk_distance': 0.00858324399999999, 'reward_distance': 0.012516756000000018, 'risk_reward': 1.4582780123692198}, 'source_entry_order': 'f3d94525-f962-4061-bc9d-efe0dfaf3f75', 'exit_reason': 'take_profit_1'}",1.416372619046881
0d5c8a3c-6afd-43ed-9ac5-9fed61cff755,SAGAUSDT,SHORT,2025-07-15 01:05:00+00:00,2025-07-15 01:45:00+00:00,0.27199116,0.2761656,918.7,-3.8350580280000015,0.2769753884766,0.252128027999988,-4.112033416476602,3.6829213080000125,stop_loss,8,"{'strategy': 'live_indicator_adapter', 'signal_reason': 'signal_confirmed', 'signal_details': {'ma7': 0.2745285714285714, 'ma14': 0.2755142857142857, 'ma28': 0.27596785714285715, 'mavol_fast': 28005.877777777936, 'mavol_slow': 22448.194444444365, 'volume': 67622.8, 'volume_ratio': 1.2475781892876923, 'volume_spike_ratio': 3.012393721346073, 'adx': 35.825413587004036, 'di_plus': 15.536739210327745, 'di_minus': 40.13323789930816, 'close': 0.2721, 'signal': 'SHORT'}, 'htf_reason': 'htf_trend_confirmed', 'htf_details': {'ma7': 0.27834285714285717, 'ma14': 0.2833642857142857, 'ma28': 0.28683928571428574, 'adx': 23.512833218911336, 'di_plus': 11.405255625425735, 'di_minus': 26.634507202816938, 'open': 0.2756, 'close': 0.2735, 'trend': 'SHORT'}, 'score_details': {'score': 53.29082428441977, 'adx': 35.825413587004036, 'volume_ratio': 3.012393721346073, 'ma_separation_pct': 0.5215410697415733, 'rr_ratio': 1.45, 'adx_points': 15.825413587004036, 'volume_points': 30.0, 'ma_points': 5.2154106974157335, 'rr_points': 2.25}, 'signal_row': {'open': 0.2735, 'high': 0.2742, 'low': 0.2714, 'close': 0.2721, 'volume': 67622.8, 'turnover': 18442.45507, 'ma7': 0.2745285714285714, 'ma14': 0.2755142857142857, 'ma28': 0.27596785714285715, 'mavol_fast': 28005.877777777936, 'mavol_slow': 22448.194444444365, 'volume_ratio': 1.2475781892876923, 'volume_spike_ratio': 3.012393721346073, 'rsi': 34.42005341787704, 'di_plus': 15.536739210327745, 'di_minus': 40.13323789930816, 'adx': 35.825413587004036, 'atr': 0.0017064077510519566, 'atr_pct': 0.006271252300815717}, 'side': 'SHORT', 'risk_amount': 3.6829213080000125, 'pretrade_exit_plan': {'stop_loss': 0.276, 'take_profit': 0.2664, 'risk_distance': 0.0039000000000000146, 'reward_distance': 0.005699999999999983, 'risk_reward': 1.4615384615384517}, 'entry_price_hint': 0.2721, 'create_bracket': True, 'leverage': 2.0, 'liquidation_price_estimate': 0.4067895, 'portfolio_heat_after': 3.5862103200000135, 'atr_pct': 0.006271252300815717, 'entry_bar_index': 15201, 'actual_exit_plan': {'stop_loss': 0.276, 'take_profit': 0.2661, 'risk_distance': 0.0040088400000000135, 'reward_distance': 0.005891160000000006, 'risk_reward': 1.4695423114916002}, 'position_side': 'SHORT', 'exit_plan': {'stop_loss': 0.276, 'take_profit': 0.2661, 'risk_distance': 0.0040088400000000135, 'reward_distance': 0.005891160000000006, 'risk_reward': 1.4695423114916002}, 'source_entry_order': '367b4d07-d7ce-4ea2-a64a-8fc8e718d80d', 'exit_reason': 'stop_loss'}",-1.1165140584308646
f05a182d-cead-410b-8160-a7d964dce412,SAGAUSDT,SHORT,2025-07-15 02:30:00+00:00,2025-07-15 03:10:00+00:00,0.27079164,0.2658,461.3,2.302643532000009,0.09322660894260001,0.04998646799998802,2.209416923057409,1.5722764679999996,take_profit_1,8,"{'strategy': 'live_indicator_adapter', 'signal_reason': 'signal_confirmed', 'signal_details': {'ma7': 0.27325714285714287, 'ma14': 0.2736142857142857, 'ma28': 0.27419642857142856, 'mavol_fast': 36555.87777777793, 'mavol_slow': 34803.349999999926, 'volume': 47658.0, 'volume_ratio': 1.0503551462079947, 'volume_spike_ratio': 1.3693509389182392, 'adx': 24.35714501771263, 'di_plus': 16.726337946245536, 'di_minus': 31.709826061441955, 'close': 0.2709, 'signal': 'SHORT'}, 'htf_reason': 'htf_trend_confirmed', 'htf_details': {'ma7': 0.27747142857142854, 'ma14': 0.28215, 'ma28': 0.28667500000000007, 'adx': 24.94518046122594, 'di_plus': 10.581142851604266, 'di_minus': 26.91783149999973, 'open': 0.2735, 'close': 0.2736, 'trend': 'SHORT'}, 'score_details': {'score': 15.57300337045392, 'adx': 24.35714501771263, 'volume_ratio': 1.3693509389182392, 'ma_separation_pct': 0.3425594268967704, 'rr_ratio': 1.4499999999999997, 'adx_points': 4.357145017712629, 'volume_points': 5.540264083773589, 'ma_points': 3.425594268967704, 'rr_points': 2.2499999999999987}, 'signal_row': {'open': 0.2725, 'high': 0.2725, 'low': 0.2703, 'close': 0.2709, 'volume': 47658.0, 'turnover': 12915.51151, 'ma7': 0.27325714285714287, 'ma14': 0.2736142857142857, 'ma28': 0.27419642857142856, 'mavol_fast': 36555.87777777793, 'mavol_slow': 34803.349999999926, 'volume_ratio': 1.0503551462079947, 'volume_spike_ratio': 1.3693509389182392, 'rsi': 38.31078333199525, 'di_plus': 16.726337946245536, 'di_minus': 31.709826061441955, 'adx': 24.35714501771263, 'atr': 0.0020498964406597256, 'atr_pct': 0.0075669857536350155}, 'side': 'SHORT', 'risk_amount': 3.144893771999999, 'pretrade_exit_plan': {'stop_loss': 0.2742, 'take_profit': 0.2661, 'risk_distance': 0.003300000000000025, 'reward_distance': 0.004799999999999971, 'risk_reward': 1.4545454545454346}, 'entry_price_hint': 0.2709, 'create_bracket': True, 'leverage': 2.0, 'liquidation_price_estimate': 0.4049955, 'portfolio_heat_after': 3.048520320000023, 'atr_pct': 0.0075669857536350155, 'entry_bar_index': 15218, 'actual_exit_plan': {'stop_loss': 0.2742, 'take_profit': 0.2658, 'risk_distance': 0.003408359999999999, 'reward_distance': 0.004991640000000019, 'risk_reward': 1.46452839488787}, 'position_side': 'SHORT', 'exit_plan': {'stop_loss': 0.2742, 'take_profit': 0.2658, 'risk_distance': 0.003408359999999999, 'reward_distance': 0.004991640000000019, 'risk_reward': 1.46452839488787}, 'source_entry_order': '84a2bddf-1711-499c-956b-21042f28fc7c', 'exit_reason': 'take_profit_1'}",1.405234364327718
3d34d548-35ef-4cf7-a983-4acb7bc735d2,SAGAUSDT,SHORT,2025-07-15 02:30:00+00:00,2025-07-15 07:00:00+00:00,0.27079164,0.27436452,461.40000000000003,-1.6485268320000004,0.13834427872320004,0.12590683199998864,-1.7868711107232005,1.5726173039999995,stop_loss,54,"{'strategy': 'live_indicator_adapter', 'signal_reason': 'signal_confirmed', 'signal_details': {'ma7': 0.27325714285714287, 'ma14': 0.2736142857142857, 'ma28': 0.27419642857142856, 'mavol_fast': 36555.87777777793, 'mavol_slow': 34803.349999999926, 'volume': 47658.0, 'volume_ratio': 1.0503551462079947, 'volume_spike_ratio': 1.3693509389182392, 'adx': 24.35714501771263, 'di_plus': 16.726337946245536, 'di_minus': 31.709826061441955, 'close': 0.2709, 'signal': 'SHORT'}, 'htf_reason': 'htf_trend_confirmed', 'htf_details': {'ma7': 0.27747142857142854, 'ma14': 0.28215, 'ma28': 0.28667500000000007, 'adx': 24.94518046122594, 'di_plus': 10.581142851604266, 'di_minus': 26.91783149999973, 'open': 0.2735, 'close': 0.2736, 'trend': 'SHORT'}, 'score_details': {'score': 15.57300337045392, 'adx': 24.35714501771263, 'volume_ratio': 1.3693509389182392, 'ma_separation_pct': 0.3425594268967704, 'rr_ratio': 1.4499999999999997, 'adx_points': 4.357145017712629, 'volume_points': 5.540264083773589, 'ma_points': 3.425594268967704, 'rr_points': 2.2499999999999987}, 'signal_row': {'open': 0.2725, 'high': 0.2725, 'low': 0.2703, 'close': 0.2709, 'volume': 47658.0, 'turnover': 12915.51151, 'ma7': 0.27325714285714287, 'ma14': 0.2736142857142857, 'ma28': 0.27419642857142856, 'mavol_fast': 36555.87777777793, 'mavol_slow': 34803.349999999926, 'volume_ratio': 1.0503551462079947, 'volume_spike_ratio': 1.3693509389182392, 'rsi': 38.31078333199525, 'di_plus': 16.726337946245536, 'di_minus': 31.709826061441955, 'adx': 24.35714501771263, 'atr': 0.0020498964406597256, 'atr_pct': 0.0075669857536350155}, 'side': 'SHORT', 'risk_amount': 3.144893771999999, 'pretrade_exit_plan': {'stop_loss': 0.2742, 'take_profit': 0.2661, 'risk_distance': 0.003300000000000025, 'reward_distance': 0.004799999999999971, 'risk_reward': 1.4545454545454346}, 'entry_price_hint': 0.2709, 'create_bracket': True, 'leverage': 2.0, 'liquidation_price_estimate': 0.4049955, 'portfolio_heat_after': 3.048520320000023, 'atr_pct': 0.0075669857536350155, 'entry_bar_index': 15218, 'actual_exit_plan': {'stop_loss': 0.2742, 'take_profit': 0.2658, 'risk_distance': 0.003408359999999999, 'reward_distance': 0.004991640000000019, 'risk_reward': 1.46452839488787}, 'position_side': 'SHORT', 'exit_plan': {'stop_loss': 0.2742, 'take_profit': 0.2658, 'risk_distance': 0.003408359999999999, 'reward_distance': 0.004991640000000019, 'risk_reward': 1.46452839488787}, 'source_entry_order': '84a2bddf-1711-499c-956b-21042f28fc7c', 'exit_reason': 'stop_loss'}",-1.1362402703939731
30ed3af6-c89e-4d0e-b2ca-af1c95970c65,SAGAUSDT,LONG,2025-07-15 23:20:00+00:00,2025-07-16 02:15:00+00:00,0.30072023999999997,0.29612222,831.6,-3.823713431999984,0.27298380435479996,0.24783343200000826,-4.0966972363547836,3.6758715839999705,stop_loss,35,"{'strategy': 'live_indicator_adapter', 'signal_reason': 'signal_confirmed', 'signal_details': {'ma7': 0.29804285714285716, 'ma14': 0.2968, 'ma28': 0.29636071428571426, 'mavol_fast': 33882.7444444446, 'mavol_slow': 23365.499999999924, 'volume': 36545.9, 'volume_ratio': 1.4501185270781585, 'volume_spike_ratio': 1.564096638205907, 'adx': 23.60628942852997, 'di_plus': 33.48970921578248, 'di_minus': 12.553026766355039, 'close': 0.3006, 'signal': 'LONG'}, 'htf_reason': 'htf_trend_confirmed', 'htf_details': {'ma7': 0.29231428571428575, 'ma14': 0.2845857142857143, 'ma28': 0.27943214285714285, 'adx': 26.142371518413736, 'di_plus': 23.94365771053583, 'di_minus': 11.872839498658237, 'open': 0.2979, 'close': 0.2967, 'trend': 'LONG'}, 'score_details': {'score': 19.99373712167033, 'adx': 23.60628942852997, 'volume_ratio': 1.564096638205907, 'ma_separation_pct': 0.5675998120051756, 'rr_ratio': 1.45, 'adx_points': 3.606289428529969, 'volume_points': 8.461449573088604, 'ma_points': 5.675998120051756, 'rr_points': 2.25}, 'signal_row': {'open': 0.2993, 'high': 0.3012, 'low': 0.2993, 'close': 0.3006, 'volume': 36545.9, 'turnover': 10972.38742, 'ma7': 0.29804285714285716, 'ma14': 0.2968, 'ma28': 0.29636071428571426, 'mavol_fast': 33882.7444444446, 'mavol_slow': 23365.499999999924, 'volume_ratio': 1.4501185270781585, 'volume_spike_ratio': 1.564096638205907, 'rsi': 66.6103975073805, 'di_plus': 33.48970921578248, 'di_minus': 12.553026766355039, 'adx': 23.60628942852997, 'atr': 0.0016561395867312981, 'atr_pct': 0.005509446396311704}, 'side': 'LONG', 'risk_amount': 3.6758715839999705, 'pretrade_exit_plan': {'stop_loss': 0.2963, 'take_profit': 0.3069, 'risk_distance': 0.0042999999999999705, 'reward_distance': 0.006300000000000028, 'risk_reward': 1.465116279069784}, 'entry_price_hint': 0.3006, 'create_bracket': True, 'leverage': 2.0, 'liquidation_price_estimate': 0.151803, 'portfolio_heat_after': 3.5791603199999757, 'atr_pct': 0.005509446396311704, 'entry_bar_index': 15468, 'actual_exit_plan': {'stop_loss': 0.2963, 'take_profit': 0.3072, 'risk_distance': 0.004420239999999964, 'reward_distance': 0.006479760000000001, 'risk_reward': 1.4659294517944848}, 'position_side': 'LONG', 'exit_plan': {'stop_loss': 0.2963, 'take_profit': 0.3072, 'risk_distance': 0.004420239999999964, 'reward_distance': 0.006479760000000001, 'risk_reward': 1.4659294517944848}, 'source_entry_order': '7d7037f3-0a0a-4f9e-8826-a6f0d29d3ff0', 'exit_reason': 'stop_loss'}",-1.1144832300961078
893dc148-43f1-4916-a39f-13924d00066d,BUSDT,LONG,2025-07-16 03:40:00+00:00,2025-07-16 03:55:00+00:00,0.524579748,0.51579034,476.7,-4.189910793599973,0.27276943152227995,0.24760179359997303,-4.462680225122252,4.042295871599978,stop_loss,3,"{'strategy': 'live_indicator_adapter', 'signal_reason': 'signal_confirmed', 'signal_details': {'ma7': 0.51952, 'ma14': 0.5180207142857143, 'ma28': 0.5161325, 'mavol_fast': 9756.444444444445, 'mavol_slow': 8753.944444444445, 'volume': 12855.0, 'volume_ratio': 1.1145198037709985, 'volume_spike_ratio': 1.4684808752879652, 'adx': 31.367803413087973, 'di_plus': 34.86548525110623, 'di_minus': 10.454169725095392, 'close': 0.52437, 'signal': 'LONG'}, 'htf_reason': 'htf_trend_confirmed', 'htf_details': {'ma7': 0.5048471428571428, 'ma14': 0.5028357142857143, 'ma28': 0.5020321428571429, 'adx': 23.172903652877483, 'di_plus': 25.511221062790018, 'di_minus': 12.348904315531742, 'open': 0.51221, 'close': 0.51681, 'trend': 'LONG'}, 'score_details': {'score': 27.208253695657802, 'adx': 31.367803413087973, 'volume_ratio': 1.4684808752879652, 'ma_separation_pct': 0.6563237153250353, 'rr_ratio': 1.45, 'adx_points': 11.367803413087973, 'volume_points': 7.027213129319478, 'ma_points': 6.563237153250353, 'rr_points': 2.25}, 'signal_row': {'open': 0.52324, 'high': 0.5247, 'low': 0.52323, 'close': 0.52437, 'volume': 12855.0, 'turnover': 6737.28375, 'ma7': 0.51952, 'ma14': 0.5180207142857143, 'ma28': 0.5161325, 'mavol_fast': 9756.444444444445, 'mavol_slow': 8753.944444444445, 'volume_ratio': 1.1145198037709985, 'volume_spike_ratio': 1.4684808752879652, 'rsi': 74.95221523319154, 'di_plus': 34.86548525110623, 'di_minus': 10.454169725095392, 'adx': 31.367803413087973, 'atr': 0.002412376252654227, 'atr_pct': 0.004600523013624401}, 'side': 'LONG', 'risk_amount': 4.042295871599978, 'pretrade_exit_plan': {'stop_loss': 0.5161, 'take_profit': 0.5364, 'risk_distance': 0.00827, 'reward_distance': 0.012029999999999985, 'risk_reward': 1.4546553808947988}, 'entry_price_hint': 0.52437, 'create_bracket': True, 'leverage': 2.0, 'liquidation_price_estimate': 0.26480685, 'portfolio_heat_after': 3.94558932, 'atr_pct': 0.004600523013624401, 'entry_bar_index': 15520, 'actual_exit_plan': {'stop_loss': 0.5161, 'take_profit': 0.5369, 'risk_distance': 0.008479747999999954, 'reward_distance': 0.012320252000000087, 'risk_reward': 1.4529030815538568}, 'position_side': 'LONG', 'exit_plan': {'stop_loss': 0.5161, 'take_profit': 0.5369, 'risk_distance': 0.008479747999999954, 'reward_distance': 0.012320252000000087, 'risk_reward': 1.4529030815538568}, 'source_entry_order': 'ed01e003-b020-470d-b5fa-41c7fcb2e4b8', 'exit_reason': 'stop_loss'}",-1.1039964334317474
7203e65b-de23-46c6-9262-1824417fb28d,NEARUSDT,SHORT,2025-05-30 00:05:00+00:00,2025-07-16 18:35:00+00:00,2.7568968000000003,2.7913738199999996,0.09999999999999432,-0.0034477019999997346,0.00030515488409998514,0.0002777019999999313,-0.00375285688409972,0.003280319999999781,stop_loss,13758,"{'strategy': 'live_indicator_adapter', 'signal_reason': 'signal_confirmed', 'signal_details': {'ma7': 2.759285714285714, 'ma14': 2.7703571428571427, 'ma28': 2.789678571428571, 'mavol_fast': 151121.93333333405, 'mavol_slow': 99645.84444444434, 'volume': 160279.2, 'volume_ratio': 1.5165904225698967, 'volume_spike_ratio': 1.6084885515658474, 'adx': 30.948751246746376, 'di_plus': 14.028120453307759, 'di_minus': 30.094020149198634, 'close': 2.758, 'signal': 'SHORT'}, 'htf_reason': 'htf_trend_confirmed', 'htf_details': {'ma7': 2.790857142857143, 'ma14': 2.8345714285714285, 'ma28': 2.86825, 'adx': 22.376788236481847, 'di_plus': 13.45044451444988, 'di_minus': 26.36288979212425, 'open': 2.783, 'close': 2.752, 'trend': 'SHORT'}, 'score_details': {'score': 33.220831859853334, 'adx': 30.948751246746376, 'volume_ratio': 1.6084885515658474, 'ma_separation_pct': 1.089475233961925, 'rr_ratio': 1.45, 'adx_points': 10.948751246746376, 'volume_points': 9.127328273487711, 'ma_points': 10.894752339619249, 'rr_points': 2.25}, 'signal_row': {'open': 2.752, 'high': 2.762, 'low': 2.747, 'close': 2.758, 'volume': 160279.2, 'turnover': 441665.9796, 'ma7': 2.759285714285714, 'ma14': 2.7703571428571427, 'ma28': 2.789678571428571, 'mavol_fast': 151121.93333333405, 'mavol_slow': 99645.84444444434, 'volume_ratio': 1.5165904225698967, 'volume_spike_ratio': 1.6084885515658474, 'rsi': 36.88402717621882, 'di_plus': 14.028120453307759, 'di_minus': 30.094020149198634, 'adx': 30.948751246746376, 'atr': 0.010451561395425715, 'atr_pct': 0.0037895436531637833}, 'side': 'SHORT', 'risk_amount': 2.968689599999963, 'pretrade_exit_plan': {'stop_loss': 2.7897, 'take_profit': 2.712, 'risk_distance': 0.03169999999999984, 'reward_distance': 0.04599999999999982, 'risk_reward': 1.4511041009463739}, 'entry_price_hint': 2.758, 'create_bracket': True, 'leverage': 2.0, 'liquidation_price_estimate': 4.12321, 'portfolio_heat_after': 2.8720199999999854, 'atr_pct': 0.0037895436531637833, 'entry_bar_index': 1941, 'actual_exit_plan': {'stop_loss': 2.7897, 'take_profit': 2.7093, 'risk_distance': 0.03280319999999959, 'reward_distance': 0.04759680000000044, 'risk_reward': 1.4509803921568942}, 'position_side': 'SHORT', 'exit_plan': {'stop_loss': 2.7897, 'take_profit': 2.7093, 'risk_distance': 0.03280319999999959, 'reward_distance': 0.04759680000000044, 'risk_reward': 1.4509803921568942}, 'source_entry_order': '769b9c6e-1e8c-488c-882d-318a6129a03e', 'exit_reason': 'stop_loss'}",-1.144052069340787
574dd1ea-c013-49a6-a1a3-0ba6bff18c49,NEARUSDT,LONG,2025-07-17 00:50:00+00:00,2025-07-17 00:55:00+00:00,2.7671064,2.74835,41.3,-0.7746393200000002,0.125283592126,0.11383931999999966,-0.8999229121260003,0.706494319999994,stop_loss,1,"{'strategy': 'live_indicator_adapter', 'signal_reason': 'signal_confirmed', 'signal_details': {'ma7': 2.763714285714286, 'ma14': 2.750357142857143, 'ma28': 2.7500714285714283, 'mavol_fast': 85914.8222222229, 'mavol_slow': 80932.29999999987, 'volume': 123249.8, 'volume_ratio': 1.0615640754337023, 'volume_spike_ratio': 1.5228752920650988, 'adx': 25.078604153946383, 'di_plus': 24.947353665775495, 'di_minus': 17.673538644729604, 'close': 2.766, 'signal': 'LONG'}, 'htf_reason': 'htf_trend_confirmed', 'htf_details': {'ma7': 2.764, 'ma14': 2.7245, 'ma28': 2.6911428571428573, 'adx': 29.526667650657142, 'di_plus': 26.68575185888056, 'di_minus': 16.549323125344483, 'open': 2.757, 'close': 2.731, 'trend': 'LONG'}, 'score_details': {'score': 20.132643641154004, 'adx': 25.078604153946383, 'volume_ratio': 1.5228752920650988, 'ma_separation_pct': 0.49609101062311417, 'rr_ratio': 1.45, 'adx_points': 5.078604153946383, 'volume_points': 7.843129380976482, 'ma_points': 4.960910106231141, 'rr_points': 2.25}, 'signal_row': {'open': 2.77, 'high': 2.775, 'low': 2.766, 'close': 2.766, 'volume': 123249.8, 'turnover': 341525.0113, 'ma7': 2.763714285714286, 'ma14': 2.750357142857143, 'ma28': 2.7500714285714283, 'mavol_fast': 85914.8222222229, 'mavol_slow': 80932.29999999987, 'volume_ratio': 1.0615640754337023, 'volume_spike_ratio': 1.5228752920650988, 'rsi': 54.79439398996452, 'di_plus': 24.947353665775495, 'di_minus': 17.673538644729604, 'adx': 25.078604153946383, 'atr': 0.013649852006973334, 'atr_pct': 0.0049348705737430705}, 'side': 'LONG', 'risk_amount': 0.708204959999994, 'pretrade_exit_plan': {'stop_loss': 2.75, 'take_profit': 2.7892, 'risk_distance': 0.016000000000000014, 'reward_distance': 0.02320000000000011, 'risk_reward': 1.4500000000000055}, 'entry_price_hint': 2.766, 'create_bracket': True, 'leverage': 2.0, 'liquidation_price_estimate': 1.39683, 'portfolio_heat_after': 1.4448000000000012, 'atr_pct': 0.0049348705737430705, 'entry_bar_index': 15774, 'actual_exit_plan': {'stop_loss': 2.75, 'take_profit': 2.792, 'risk_distance': 0.017106399999999855, 'reward_distance': 0.02489359999999996, 'risk_reward': 1.4552214375906194}, 'position_side': 'LONG', 'exit_plan': {'stop_loss': 2.75, 'take_profit': 2.792, 'risk_distance': 0.017106399999999855, 'reward_distance': 0.02489359999999996, 'risk_reward': 1.4552214375906194}, 'source_entry_order': '91d16069-041c-4be7-887a-e6f031b1cd0b', 'exit_reason': 'stop_loss'}",-1.2737864787448085
1ffa5d2d-e6b4-422a-94f9-47c28a96f3c6,NEARUSDT,LONG,2025-07-17 00:50:00+00:00,2025-07-17 01:00:00+00:00,2.760117920654397,2.7403548,48.8,-0.9644402879345683,0.147632687822364,0.13414171942740263,-1.1120729757569323,0.4920473861758632,stop_loss,2,"{'strategy': 'live_indicator_adapter', 'signal_reason': 'signal_confirmed', 'signal_details': {'ma7': 2.763714285714286, 'ma14': 2.750357142857143, 'ma28': 2.7500714285714283, 'mavol_fast': 85914.8222222229, 'mavol_slow': 80932.29999999987, 'volume': 123249.8, 'volume_ratio': 1.0615640754337023, 'volume_spike_ratio': 1.5228752920650988, 'adx': 25.078604153946383, 'di_plus': 24.947353665775495, 'di_minus': 17.673538644729604, 'close': 2.766, 'signal': 'LONG'}, 'htf_reason': 'htf_trend_confirmed', 'htf_details': {'ma7': 2.764, 'ma14': 2.7245, 'ma28': 2.6911428571428573, 'adx': 29.526667650657142, 'di_plus': 26.68575185888056, 'di_minus': 16.549323125344483, 'open': 2.757, 'close': 2.731, 'trend': 'LONG'}, 'score_details': {'score': 20.132643641154004, 'adx': 25.078604153946383, 'volume_ratio': 1.5228752920650988, 'ma_separation_pct': 0.49609101062311417, 'rr_ratio': 1.45, 'adx_points': 5.078604153946383, 'volume_points': 7.843129380976482, 'ma_points': 4.960910106231141, 'rr_points': 2.25}, 'signal_row': {'open': 2.77, 'high': 2.775, 'low': 2.766, 'close': 2.766, 'volume': 123249.8, 'turnover': 341525.0113, 'ma7': 2.763714285714286, 'ma14': 2.750357142857143, 'ma28': 2.7500714285714283, 'mavol_fast': 85914.8222222229, 'mavol_slow': 80932.29999999987, 'volume_ratio': 1.0615640754337023, 'volume_spike_ratio': 1.5228752920650988, 'rsi': 54.79439398996452, 'di_plus': 24.947353665775495, 'di_minus': 17.673538644729604, 'adx': 25.078604153946383, 'atr': 0.013649852006973334, 'atr_pct': 0.0049348705737430705}, 'side': 'LONG', 'risk_amount': 0.49305567999999417, 'pretrade_exit_plan': {'stop_loss': 2.75, 'take_profit': 2.7892, 'risk_distance': 0.016000000000000014, 'reward_distance': 0.02320000000000011, 'risk_reward': 1.4500000000000055}, 'entry_price_hint': 2.766, 'create_bracket': True, 'leverage': 2.0, 'liquidation_price_estimate': 1.39683, 'portfolio_heat_after': 1.4448000000000012, 'atr_pct': 0.0049348705737430705, 'entry_bar_index': 15774, 'actual_exit_plan': {'stop_loss': 2.75, 'take_profit': 2.7748, 'risk_distance': 0.01010359999999988, 'reward_distance': 0.014696400000000054, 'risk_reward': 1.4545706480858536}, 'position_side': 'LONG', 'exit_plan': {'stop_loss': 2.75, 'take_profit': 2.7748, 'risk_distance': 0.01010359999999988, 'reward_distance': 0.014696400000000054, 'risk_reward': 1.4545706480858536}, 'source_entry_order': '91d16069-041c-4be7-887a-e6f031b1cd0b', 'exit_reason': 'stop_loss'}",-2.260093249147888
fa0394ad-2b78-4d11-9ef9-d30087cc6bf4,NEARUSDT,LONG,2025-07-17 00:50:00+00:00,2025-07-17 09:05:00+00:00,2.760117920654397,2.7748,0.10000000000000853,0.0014682079345604312,0.0002073024856360127,0.0001103605725971471,0.0012609054489244186,0.0010082938241309791,take_profit_1,99,"{'strategy': 'live_indicator_adapter', 'signal_reason': 'signal_confirmed', 'signal_details': {'ma7': 2.763714285714286, 'ma14': 2.750357142857143, 'ma28': 2.7500714285714283, 'mavol_fast': 85914.8222222229, 'mavol_slow': 80932.29999999987, 'volume': 123249.8, 'volume_ratio': 1.0615640754337023, 'volume_spike_ratio': 1.5228752920650988, 'adx': 25.078604153946383, 'di_plus': 24.947353665775495, 'di_minus': 17.673538644729604, 'close': 2.766, 'signal': 'LONG'}, 'htf_reason': 'htf_trend_confirmed', 'htf_details': {'ma7': 2.764, 'ma14': 2.7245, 'ma28': 2.6911428571428573, 'adx': 29.526667650657142, 'di_plus': 26.68575185888056, 'di_minus': 16.549323125344483, 'open': 2.757, 'close': 2.731, 'trend': 'LONG'}, 'score_details': {'score': 20.132643641154004, 'adx': 25.078604153946383, 'volume_ratio': 1.5228752920650988, 'ma_separation_pct': 0.49609101062311417, 'rr_ratio': 1.45, 'adx_points': 5.078604153946383, 'volume_points': 7.843129380976482, 'ma_points': 4.960910106231141, 'rr_points': 2.25}, 'signal_row': {'open': 2.77, 'high': 2.775, 'low': 2.766, 'close': 2.766, 'volume': 123249.8, 'turnover': 341525.0113, 'ma7': 2.763714285714286, 'ma14': 2.750357142857143, 'ma28': 2.7500714285714283, 'mavol_fast': 85914.8222222229, 'mavol_slow': 80932.29999999987, 'volume_ratio': 1.0615640754337023, 'volume_spike_ratio': 1.5228752920650988, 'rsi': 54.79439398996452, 'di_plus': 24.947353665775495, 'di_minus': 17.673538644729604, 'adx': 25.078604153946383, 'atr': 0.013649852006973334, 'atr_pct': 0.0049348705737430705}, 'side': 'LONG', 'risk_amount': 0.49305567999999417, 'pretrade_exit_plan': {'stop_loss': 2.75, 'take_profit': 2.7892, 'risk_distance': 0.016000000000000014, 'reward_distance': 0.02320000000000011, 'risk_reward': 1.4500000000000055}, 'entry_price_hint': 2.766, 'create_bracket': True, 'leverage': 2.0, 'liquidation_price_estimate': 1.39683, 'portfolio_heat_after': 1.4448000000000012, 'atr_pct': 0.0049348705737430705, 'entry_bar_index': 15774, 'actual_exit_plan': {'stop_loss': 2.75, 'take_profit': 2.7748, 'risk_distance': 0.01010359999999988, 'reward_distance': 0.014696400000000054, 'risk_reward': 1.4545706480858536}, 'position_side': 'LONG', 'exit_plan': {'stop_loss': 2.75, 'take_profit': 2.7748, 'risk_distance': 0.01010359999999988, 'reward_distance': 0.014696400000000054, 'risk_reward': 1.4545706480858536}, 'source_entry_order': '91d16069-041c-4be7-887a-e6f031b1cd0b', 'exit_reason': 'take_profit_1'}",1.2505337419984284
9fea4afe-d841-4b8b-8d32-5414c849dc86,BUSDT,SHORT,2025-07-18 00:00:00+00:00,2025-07-18 04:25:00+00:00,0.485575692,0.49369603999999995,514.6,-4.178731080799971,0.27716327830796,0.252333080799958,-4.455894359107931,4.026388896800001,stop_loss,53,"{'strategy': 'live_indicator_adapter', 'signal_reason': 'signal_confirmed', 'signal_details': {'ma7': 0.4894142857142857, 'ma14': 0.4913885714285714, 'ma28': 0.4933967857142857, 'mavol_fast': 5012.333333333333, 'mavol_slow': 4287.777777777777, 'volume': 14947.0, 'volume_ratio': 1.1689816014511532, 'volume_spike_ratio': 3.485954910598601, 'adx': 27.298923304834492, 'di_plus': 11.178378248462963, 'di_minus': 40.724442495076545, 'close': 0.48577, 'signal': 'SHORT'}, 'htf_reason': 'htf_trend_confirmed', 'htf_details': {'ma7': 0.4891571428571429, 'ma14': 0.49014785714285714, 'ma28': 0.49308357142857145, 'adx': 23.42981899671266, 'di_plus': 15.852094610917558, 'di_minus': 29.672965794313907, 'open': 0.49558, 'close': 0.48577, 'trend': 'SHORT'}, 'score_details': {'score': 47.62052027366065, 'adx': 27.298923304834492, 'volume_ratio': 3.485954910598601, 'ma_separation_pct': 0.8071596968826162, 'rr_ratio': 1.45, 'adx_points': 7.298923304834492, 'volume_points': 30.0, 'ma_points': 8.071596968826162, 'rr_points': 2.25}, 'signal_row': {'open': 0.48826, 'high': 0.4885, 'low': 0.48565, 'close': 0.48577, 'volume': 14947.0, 'turnover': 7276.35535, 'ma7': 0.4894142857142857, 'ma14': 0.4913885714285714, 'ma28': 0.4933967857142857, 'mavol_fast': 5012.333333333333, 'mavol_slow': 4287.777777777777, 'volume_ratio': 1.1689816014511532, 'volume_spike_ratio': 3.485954910598601, 'rsi': 29.756275465675174, 'di_plus': 11.178378248462963, 'di_minus': 40.724442495076545, 'adx': 27.298923304834492, 'atr': 0.0017979095337974998, 'atr_pct': 0.0037011539078113096}, 'side': 'SHORT', 'risk_amount': 4.026388896800001, 'pretrade_exit_plan': {'stop_loss': 0.4934, 'take_profit': 0.4747, 'risk_distance': 0.007630000000000026, 'reward_distance': 0.011069999999999969, 'risk_reward': 1.450851900393176}, 'entry_price_hint': 0.48577, 'create_bracket': True, 'leverage': 2.0, 'liquidation_price_estimate': 0.72622615, 'portfolio_heat_after': 3.926398000000013, 'atr_pct': 0.0037011539078113096, 'entry_bar_index': 16052, 'actual_exit_plan': {'stop_loss': 0.4934, 'take_profit': 0.4742, 'risk_distance': 0.007824308000000002, 'reward_distance': 0.011375691999999993, 'risk_reward': 1.45389113005265}, 'position_side': 'SHORT', 'exit_plan': {'stop_loss': 0.4934, 'take_profit': 0.4742, 'risk_distance': 0.007824308000000002, 'reward_distance': 0.011375691999999993, 'risk_reward': 1.45389113005265}, 'source_entry_order': 'c9cb26ee-8b38-4feb-8b0c-f907a311b033', 'exit_reason': 'stop_loss'}",-1.1066726223711976
3f1ac315-357f-4c73-9220-76bda9165863,NEARUSDT,LONG,2025-07-18 05:00:00+00:00,2025-07-18 11:15:00+00:00,3.0062019999999996,2.91844788,57.7,-5.063412723999977,0.1880187639418,0.17045272399997785,-5.251431487941777,4.962315399999983,stop_loss,75,"{'strategy': 'live_indicator_adapter', 'signal_reason': 'signal_confirmed', 'signal_details': {'ma7': 2.9652857142857143, 'ma14': 2.941357142857143, 'ma28': 2.9202857142857144, 'mavol_fast': 315278.0777777785, 'mavol_slow': 214245.30555555545, 'volume': 490395.7, 'volume_ratio': 1.4715751972265478, 'volume_spike_ratio': 2.288944902332232, 'adx': 30.818816892272654, 'di_plus': 42.51381111475933, 'di_minus': 7.180976684593679, 'close': 3.005, 'signal': 'LONG'}, 'htf_reason': 'htf_trend_confirmed', 'htf_details': {'ma7': 2.8918571428571425, 'ma14': 2.8362142857142856, 'ma28': 2.7993928571428577, 'adx': 23.124559707245204, 'di_plus': 34.263864012546634, 'di_minus': 12.013054385433637, 'open': 2.915, 'close': 3.005, 'trend': 'LONG'}, 'score_details': {'score': 47.812441557282526, 'adx': 30.818816892272654, 'volume_ratio': 2.288944902332232, 'ma_separation_pct': 1.5409451130026393, 'rr_ratio': 1.45, 'adx_points': 10.818816892272654, 'volume_points': 19.334173534983478, 'ma_points': 15.409451130026392, 'rr_points': 2.25}, 'signal_row': {'open': 2.987, 'high': 3.009, 'low': 2.984, 'close': 3.005, 'volume': 490395.7, 'turnover': 1469792.5395, 'ma7': 2.9652857142857143, 'ma14': 2.941357142857143, 'ma28': 2.9202857142857144, 'mavol_fast': 315278.0777777785, 'mavol_slow': 214245.30555555545, 'volume_ratio': 1.4715751972265478, 'volume_spike_ratio': 2.288944902332232, 'rsi': 76.0215609183165, 'di_plus': 42.51381111475933, 'di_minus': 7.180976684593679, 'adx': 30.818816892272654, 'atr': 0.01633128116849922, 'atr_pct': 0.005434702551913219}, 'side': 'LONG', 'risk_amount': 4.962315399999983, 'pretrade_exit_plan': {'stop_loss': 2.9202, 'take_profit': 3.128, 'risk_distance': 0.08479999999999999, 'reward_distance': 0.12300000000000022, 'risk_reward': 1.4504716981132104}, 'entry_price_hint': 3.005, 'create_bracket': True, 'leverage': 2.0, 'liquidation_price_estimate': 1.517525, 'portfolio_heat_after': 4.8929599999999995, 'atr_pct': 0.005434702551913219, 'entry_bar_index': 16112, 'actual_exit_plan': {'stop_loss': 2.9202, 'take_profit': 3.131, 'risk_distance': 0.08600199999999969, 'reward_distance': 0.12479800000000019, 'risk_reward': 1.4511057882374903}, 'position_side': 'LONG', 'exit_plan': {'stop_loss': 2.9202, 'take_profit': 3.131, 'risk_distance': 0.08600199999999969, 'reward_distance': 0.12479800000000019, 'risk_reward': 1.4511057882374903}, 'source_entry_order': 'b3c2e094-340c-4958-a1a1-c6696000aecc', 'exit_reason': 'stop_loss'}",-1.0582623361549721
d1f7c01d-344a-4c1e-a28c-faa966c3b14c,SAGAUSDT,SHORT,2025-07-18 23:05:00+00:00,2025-07-19 03:35:00+00:00,0.28178724,0.28927346,676.5,-5.064427829999992,0.2124774099525,0.19362782999996495,-5.276905239952492,4.94708214000002,stop_loss,54,"{'strategy': 'live_indicator_adapter', 'signal_reason': 'signal_confirmed', 'signal_details': {'ma7': 0.2857857142857143, 'ma14': 0.2874, 'ma28': 0.28905000000000003, 'mavol_fast': 48915.4444444446, 'mavol_slow': 38321.46666666659, 'volume': 81315.2, 'volume_ratio': 1.276450217052706, 'volume_spike_ratio': 2.1219229604990804, 'adx': 24.504907553968167, 'di_plus': 13.841366460259437, 'di_minus': 39.33359850528788, 'close': 0.2819, 'signal': 'SHORT'}, 'htf_reason': 'htf_trend_confirmed', 'htf_details': {'ma7': 0.2913, 'ma14': 0.2991142857142857, 'ma28': 0.3011, 'adx': 24.332350594902486, 'di_plus': 10.564702073675678, 'di_minus': 28.952818404522493, 'open': 0.2913, 'close': 0.284, 'trend': 'SHORT'}, 'score_details': {'score': 34.87690440665665, 'adx': 24.504907553968167, 'volume_ratio': 2.1219229604990804, 'ma_separation_pct': 1.1293152445202281, 'rr_ratio': 1.45, 'adx_points': 4.504907553968167, 'volume_points': 16.828844407486205, 'ma_points': 11.29315244520228, 'rr_points': 2.25}, 'signal_row': {'open': 0.284, 'high': 0.2847, 'low': 0.2818, 'close': 0.2819, 'volume': 81315.2, 'turnover': 23002.22155, 'ma7': 0.2857857142857143, 'ma14': 0.2874, 'ma28': 0.28905000000000003, 'mavol_fast': 48915.4444444446, 'mavol_slow': 38321.46666666659, 'volume_ratio': 1.276450217052706, 'volume_spike_ratio': 2.1219229604990804, 'rsi': 29.743472280248156, 'di_plus': 13.841366460259437, 'di_minus': 39.33359850528788, 'adx': 24.504907553968167, 'atr': 0.001876955192078479, 'atr_pct': 0.006658230550118762}, 'side': 'SHORT', 'risk_amount': 4.94708214000002, 'pretrade_exit_plan': {'stop_loss': 0.2891, 'take_profit': 0.2714, 'risk_distance': 0.00720000000000004, 'reward_distance': 0.01050000000000001, 'risk_reward': 1.4583333333333266}, 'entry_price_hint': 0.2819, 'create_bracket': True, 'leverage': 2.0, 'liquidation_price_estimate': 0.4214405, 'portfolio_heat_after': 4.870800000000027, 'atr_pct': 0.006658230550118762, 'entry_bar_index': 16329, 'actual_exit_plan': {'stop_loss': 0.2891, 'take_profit': 0.2711, 'risk_distance': 0.007312760000000029, 'reward_distance': 0.010687239999999987, 'risk_reward': 1.4614509432826928}, 'position_side': 'SHORT', 'exit_plan': {'stop_loss': 0.2891, 'take_profit': 0.2711, 'risk_distance': 0.007312760000000029, 'reward_distance': 0.010687239999999987, 'risk_reward': 1.4614509432826928}, 'source_entry_order': '3f5f569f-d932-4d8c-8d81-3399961d4c42', 'exit_reason': 'stop_loss'}",-1.066670229161077
2a7233c9-e4d4-4a9c-b92f-ac00fee2e7b8,SAGAUSDT,SHORT,2025-07-19 15:05:00+00:00,2025-07-19 15:20:00+00:00,0.2818872,0.28627166,886.5,-3.886823789999981,0.2770200561645,0.2521737899999387,-4.163843846164481,3.7346472000000146,stop_loss,3,"{'strategy': 'live_indicator_adapter', 'signal_reason': 'signal_confirmed', 'signal_details': {'ma7': 0.2827, 'ma14': 0.28424285714285713, 'ma28': 0.2860142857142857, 'mavol_fast': 22098.600000000155, 'mavol_slow': 15345.799999999923, 'volume': 19635.8, 'volume_ratio': 1.4400422265375716, 'volume_spike_ratio': 1.2795553180674906, 'adx': 22.165714596589766, 'di_plus': 12.890306828718048, 'di_minus': 30.325463942345106, 'close': 0.282, 'signal': 'SHORT'}, 'htf_reason': 'htf_trend_confirmed', 'htf_details': {'ma7': 0.28581428571428574, 'ma14': 0.28722142857142857, 'ma28': 0.29117499999999996, 'adx': 29.135078166205066, 'di_plus': 12.209376210765694, 'di_minus': 27.075921724247976, 'open': 0.2868, 'close': 0.2809, 'trend': 'SHORT'}, 'score_details': {'score': 20.196877143187756, 'adx': 22.165714596589766, 'volume_ratio': 1.2795553180674906, 'ma_separation_pct': 1.1587832775585634, 'rr_ratio': 1.45, 'adx_points': 2.1657145965897655, 'volume_points': 4.193329771012358, 'ma_points': 11.587832775585634, 'rr_points': 2.25}, 'signal_row': {'open': 0.2809, 'high': 0.2823, 'low': 0.2809, 'close': 0.282, 'volume': 19635.8, 'turnover': 5527.10264, 'ma7': 0.2827, 'ma14': 0.28424285714285713, 'ma28': 0.2860142857142857, 'mavol_fast': 22098.600000000155, 'mavol_slow': 15345.799999999923, 'volume_ratio': 1.4400422265375716, 'volume_spike_ratio': 1.2795553180674906, 'rsi': 36.12702368481235, 'di_plus': 12.890306828718048, 'di_minus': 30.325463942345106, 'adx': 22.165714596589766, 'atr': 0.0015679690261069085, 'atr_pct': 0.005560173851442939}, 'side': 'SHORT', 'risk_amount': 3.7346472000000146, 'pretrade_exit_plan': {'stop_loss': 0.2861, 'take_profit': 0.276, 'risk_distance': 0.004100000000000048, 'reward_distance': 0.00599999999999995, 'risk_reward': 1.4634146341463121}, 'entry_price_hint': 0.282, 'create_bracket': True, 'leverage': 2.0, 'liquidation_price_estimate': 0.42158999999999996, 'portfolio_heat_after': 3.634650000000043, 'atr_pct': 0.005560173851442939, 'entry_bar_index': 16521, 'actual_exit_plan': {'stop_loss': 0.2861, 'take_profit': 0.2757, 'risk_distance': 0.0042128000000000165, 'reward_distance': 0.006187200000000004, 'risk_reward': 1.468666919863269}, 'position_side': 'SHORT', 'exit_plan': {'stop_loss': 0.2861, 'take_profit': 0.2757, 'risk_distance': 0.0042128000000000165, 'reward_distance': 0.006187200000000004, 'risk_reward': 1.468666919863269}, 'source_entry_order': '0f77c488-28b2-4130-b70c-1d018abaab31', 'exit_reason': 'stop_loss'}",-1.1149229426984333
b4de0448-71a7-420c-9bc9-1c82ad80a239,SAGAUSDT,LONG,2025-07-20 08:55:00+00:00,2025-07-20 11:05:00+00:00,0.31032407999999995,0.3159,402.8,2.245980576000027,0.09419810068319998,0.049979423999988275,2.151782475316827,1.5403394239999806,take_profit_1,26,"{'strategy': 'live_indicator_adapter', 'signal_reason': 'signal_confirmed', 'signal_details': {'ma7': 0.30960000000000004, 'ma14': 0.3073928571428572, 'ma28': 0.3065428571428571, 'mavol_fast': 25068.066666666822, 'mavol_slow': 22990.81666666659, 'volume': 26374.9, 'volume_ratio': 1.0903512924363383, 'volume_spike_ratio': 1.147192828440925, 'adx': 23.312520366735935, 'di_plus': 37.75487822094017, 'di_minus': 16.590741568609143, 'close': 0.3102, 'signal': 'LONG'}, 'htf_reason': 'htf_trend_confirmed', 'htf_details': {'ma7': 0.3022571428571429, 'ma14': 0.2986285714285714, 'ma28': 0.2928571428571428, 'adx': 22.02330748101215, 'di_plus': 27.056611155134032, 'di_minus': 11.812307415166464, 'open': 0.3042, 'close': 0.3041, 'trend': 'LONG'}, 'score_details': {'score': 17.74338324725999, 'adx': 23.312520366735935, 'volume_ratio': 1.147192828440925, 'ma_separation_pct': 0.9972970453910185, 'rr_ratio': 1.45, 'adx_points': 3.312520366735935, 'volume_points': 2.207892426613874, 'ma_points': 9.972970453910184, 'rr_points': 2.25}, 'signal_row': {'open': 0.3101, 'high': 0.3109, 'low': 0.3101, 'close': 0.3102, 'volume': 26374.9, 'turnover': 8190.66446, 'ma7': 0.30960000000000004, 'ma14': 0.3073928571428572, 'ma28': 0.3065428571428571, 'mavol_fast': 25068.066666666822, 'mavol_slow': 22990.81666666659, 'volume_ratio': 1.0903512924363383, 'volume_spike_ratio': 1.147192828440925, 'rsi': 63.04812880808315, 'di_plus': 37.75487822094017, 'di_minus': 16.590741568609143, 'adx': 23.312520366735935, 'atr': 0.0014234585062627744, 'atr_pct': 0.004588841090466714}, 'side': 'LONG', 'risk_amount': 3.081443663999961, 'pretrade_exit_plan': {'stop_loss': 0.3065, 'take_profit': 0.3156, 'risk_distance': 0.003699999999999981, 'reward_distance': 0.005400000000000016, 'risk_reward': 1.4594594594594712}, 'entry_price_hint': 0.3102, 'create_bracket': True, 'leverage': 2.0, 'liquidation_price_estimate': 0.15665099999999998, 'portfolio_heat_after': 2.981829999999985, 'atr_pct': 0.004588841090466714, 'entry_bar_index': 16735, 'actual_exit_plan': {'stop_loss': 0.3065, 'take_profit': 0.3159, 'risk_distance': 0.003824079999999952, 'reward_distance': 0.0055759200000000675, 'risk_reward': 1.4581075709713545}, 'position_side': 'LONG', 'exit_plan': {'stop_loss': 0.3065, 'take_profit': 0.3159, 'risk_distance': 0.003824079999999952, 'reward_distance': 0.0055759200000000675, 'risk_reward': 1.4581075709713545}, 'source_entry_order': '26ec2890-b3c2-4511-80ef-43cf7b2baf4f', 'exit_reason': 'take_profit_1'}",1.3969534518106668
a1d68be7-d8c7-4592-8d7f-b9ad2de82eab,SAGAUSDT,LONG,2025-07-20 08:55:00+00:00,2025-07-20 11:30:00+00:00,0.31032407999999995,0.3214,402.8,4.461380576000029,0.0946411806832,0.049979423999988275,4.366739395316829,1.5403394239999806,take_profit_2,31,"{'strategy': 'live_indicator_adapter', 'signal_reason': 'signal_confirmed', 'signal_details': {'ma7': 0.30960000000000004, 'ma14': 0.3073928571428572, 'ma28': 0.3065428571428571, 'mavol_fast': 25068.066666666822, 'mavol_slow': 22990.81666666659, 'volume': 26374.9, 'volume_ratio': 1.0903512924363383, 'volume_spike_ratio': 1.147192828440925, 'adx': 23.312520366735935, 'di_plus': 37.75487822094017, 'di_minus': 16.590741568609143, 'close': 0.3102, 'signal': 'LONG'}, 'htf_reason': 'htf_trend_confirmed', 'htf_details': {'ma7': 0.3022571428571429, 'ma14': 0.2986285714285714, 'ma28': 0.2928571428571428, 'adx': 22.02330748101215, 'di_plus': 27.056611155134032, 'di_minus': 11.812307415166464, 'open': 0.3042, 'close': 0.3041, 'trend': 'LONG'}, 'score_details': {'score': 17.74338324725999, 'adx': 23.312520366735935, 'volume_ratio': 1.147192828440925, 'ma_separation_pct': 0.9972970453910185, 'rr_ratio': 1.45, 'adx_points': 3.312520366735935, 'volume_points': 2.207892426613874, 'ma_points': 9.972970453910184, 'rr_points': 2.25}, 'signal_row': {'open': 0.3101, 'high': 0.3109, 'low': 0.3101, 'close': 0.3102, 'volume': 26374.9, 'turnover': 8190.66446, 'ma7': 0.30960000000000004, 'ma14': 0.3073928571428572, 'ma28': 0.3065428571428571, 'mavol_fast': 25068.066666666822, 'mavol_slow': 22990.81666666659, 'volume_ratio': 1.0903512924363383, 'volume_spike_ratio': 1.147192828440925, 'rsi': 63.04812880808315, 'di_plus': 37.75487822094017, 'di_minus': 16.590741568609143, 'adx': 23.312520366735935, 'atr': 0.0014234585062627744, 'atr_pct': 0.004588841090466714}, 'side': 'LONG', 'risk_amount': 3.081443663999961, 'pretrade_exit_plan': {'stop_loss': 0.3065, 'take_profit': 0.3156, 'risk_distance': 0.003699999999999981, 'reward_distance': 0.005400000000000016, 'risk_reward': 1.4594594594594712}, 'entry_price_hint': 0.3102, 'create_bracket': True, 'leverage': 2.0, 'liquidation_price_estimate': 0.15665099999999998, 'portfolio_heat_after': 2.981829999999985, 'atr_pct': 0.004588841090466714, 'entry_bar_index': 16735, 'actual_exit_plan': {'stop_loss': 0.3065, 'take_profit': 0.3159, 'risk_distance': 0.003824079999999952, 'reward_distance': 0.0055759200000000675, 'risk_reward': 1.4581075709713545}, 'position_side': 'LONG', 'exit_plan': {'stop_loss': 0.3065, 'take_profit': 0.3159, 'risk_distance': 0.003824079999999952, 'reward_distance': 0.0055759200000000675, 'risk_reward': 1.4581075709713545}, 'source_entry_order': '26ec2890-b3c2-4511-80ef-43cf7b2baf4f', 'exit_reason': 'take_profit_2'}",2.834920230748365
10c184c7-b11d-4b28-b4be-03dc7458fd8d,NEARUSDT,LONG,2025-07-20 14:00:00+00:00,2025-07-20 14:05:00+00:00,3.0172064,2.99290318,56.8,-1.3804228960000102,0.18775582327919998,0.17058289600000476,-1.5681787192792103,1.2783635200000083,stop_loss,1,"{'strategy': 'live_indicator_adapter', 'signal_reason': 'signal_confirmed', 'signal_details': {'ma7': 3.0067142857142852, 'ma14': 2.999142857142857, 'ma28': 2.9947142857142857, 'mavol_fast': 61288.48888888955, 'mavol_slow': 54140.77222222209, 'volume': 177355.5, 'volume_ratio': 1.1320209589425412, 'volume_spike_ratio': 3.2758213952331547, 'adx': 30.160279751069087, 'di_plus': 31.127525888747613, 'di_minus': 8.904528248096101, 'close': 3.016, 'signal': 'LONG'}, 'htf_reason': 'htf_trend_confirmed', 'htf_details': {'ma7': 2.9832857142857145, 'ma14': 2.9480714285714287, 'ma28': 2.9041071428571428, 'adx': 24.93985039139493, 'di_plus': 24.34338235543372, 'di_minus': 8.7324417745216, 'open': 2.997, 'close': 3.016, 'trend': 'LONG'}, 'score_details': {'score': 46.417339809266714, 'adx': 30.160279751069087, 'volume_ratio': 3.2758213952331547, 'ma_separation_pct': 0.40070600581976323, 'rr_ratio': 1.45, 'adx_points': 10.160279751069087, 'volume_points': 30.0, 'ma_points': 4.007060058197633, 'rr_points': 2.25}, 'signal_row': {'open': 3.017, 'high': 3.022, 'low': 3.014, 'close': 3.016, 'volume': 177355.5, 'turnover': 535172.8914, 'ma7': 3.0067142857142852, 'ma14': 2.999142857142857, 'ma28': 2.9947142857142857, 'mavol_fast': 61288.48888888955, 'mavol_slow': 54140.77222222209, 'volume_ratio': 1.1320209589425412, 'volume_spike_ratio': 3.2758213952331547, 'rsi': 64.45407134775051, 'di_plus': 31.127525888747613, 'di_minus': 8.904528248096101, 'adx': 30.160279751069087, 'atr': 0.010140482914839367, 'atr_pct': 0.003362229083169551}, 'side': 'LONG', 'risk_amount': 1.8612792800000124, 'pretrade_exit_plan': {'stop_loss': 2.9947, 'take_profit': 3.0469, 'risk_distance': 0.021300000000000097, 'reward_distance': 0.030899999999999928, 'risk_reward': 1.4507042253521027}, 'entry_price_hint': 3.016, 'create_bracket': True, 'leverage': 2.0, 'liquidation_price_estimate': 1.52308, 'portfolio_heat_after': 1.7644048160000076, 'atr_pct': 0.003362229083169551, 'entry_bar_index': 16796, 'actual_exit_plan': {'stop_loss': 2.9947, 'take_profit': 3.0499, 'risk_distance': 0.02250640000000015, 'reward_distance': 0.03269359999999999, 'risk_reward': 1.4526356947357095}, 'position_side': 'LONG', 'exit_plan': {'stop_loss': 2.9947, 'take_profit': 3.0499, 'risk_distance': 0.02250640000000015, 'reward_distance': 0.03269359999999999, 'risk_reward': 1.4526356947357095}, 'source_entry_order': 'd48f2058-0587-45ab-acd9-0f50724d3b16', 'exit_reason': 'stop_loss'}",-1.2267079705772581
77028c82-e277-4de1-9d84-2803133125bf,NEARUSDT,LONG,2025-07-20 14:00:00+00:00,2025-07-20 14:10:00+00:00,3.0172064,2.9842084,25.900000000000006,-0.8546482000000023,0.08549015382600003,0.07764820000000723,-0.9401383538260023,0.5829157600000041,stop_loss,2,"{'strategy': 'live_indicator_adapter', 'signal_reason': 'signal_confirmed', 'signal_details': {'ma7': 3.0067142857142852, 'ma14': 2.999142857142857, 'ma28': 2.9947142857142857, 'mavol_fast': 61288.48888888955, 'mavol_slow': 54140.77222222209, 'volume': 177355.5, 'volume_ratio': 1.1320209589425412, 'volume_spike_ratio': 3.2758213952331547, 'adx': 30.160279751069087, 'di_plus': 31.127525888747613, 'di_minus': 8.904528248096101, 'close': 3.016, 'signal': 'LONG'}, 'htf_reason': 'htf_trend_confirmed', 'htf_details': {'ma7': 2.9832857142857145, 'ma14': 2.9480714285714287, 'ma28': 2.9041071428571428, 'adx': 24.93985039139493, 'di_plus': 24.34338235543372, 'di_minus': 8.7324417745216, 'open': 2.997, 'close': 3.016, 'trend': 'LONG'}, 'score_details': {'score': 46.417339809266714, 'adx': 30.160279751069087, 'volume_ratio': 3.2758213952331547, 'ma_separation_pct': 0.40070600581976323, 'rr_ratio': 1.45, 'adx_points': 10.160279751069087, 'volume_points': 30.0, 'ma_points': 4.007060058197633, 'rr_points': 2.25}, 'signal_row': {'open': 3.017, 'high': 3.022, 'low': 3.014, 'close': 3.016, 'volume': 177355.5, 'turnover': 535172.8914, 'ma7': 3.0067142857142852, 'ma14': 2.999142857142857, 'ma28': 2.9947142857142857, 'mavol_fast': 61288.48888888955, 'mavol_slow': 54140.77222222209, 'volume_ratio': 1.1320209589425412, 'volume_spike_ratio': 3.2758213952331547, 'rsi': 64.45407134775051, 'di_plus': 31.127525888747613, 'di_minus': 8.904528248096101, 'adx': 30.160279751069087, 'atr': 0.010140482914839367, 'atr_pct': 0.003362229083169551}, 'side': 'LONG', 'risk_amount': 1.8612792800000124, 'pretrade_exit_plan': {'stop_loss': 2.9947, 'take_profit': 3.0469, 'risk_distance': 0.021300000000000097, 'reward_distance': 0.030899999999999928, 'risk_reward': 1.4507042253521027}, 'entry_price_hint': 3.016, 'create_bracket': True, 'leverage': 2.0, 'liquidation_price_estimate': 1.52308, 'portfolio_heat_after': 1.7644048160000076, 'atr_pct': 0.003362229083169551, 'entry_bar_index': 16796, 'actual_exit_plan': {'stop_loss': 2.9947, 'take_profit': 3.0499, 'risk_distance': 0.02250640000000015, 'reward_distance': 0.03269359999999999, 'risk_reward': 1.4526356947357095}, 'position_side': 'LONG', 'exit_plan': {'stop_loss': 2.9947, 'take_profit': 3.0499, 'risk_distance': 0.02250640000000015, 'reward_distance': 0.03269359999999999, 'risk_reward': 1.4526356947357095}, 'source_entry_order': 'd48f2058-0587-45ab-acd9-0f50724d3b16', 'exit_reason': 'stop_loss'}",-1.612820270678555
d311686c-f4e6-4332-8faa-90dc03586984,NEARUSDT,LONG,2025-07-20 16:05:00+00:00,2025-07-20 17:55:00+00:00,3.0602236,3.0141904,81.7,-3.7609124400000087,0.27295379309,0.24781243999999658,-4.033866233090008,3.6130681200000025,stop_loss,22,"{'strategy': 'live_indicator_adapter', 'signal_reason': 'signal_confirmed', 'signal_details': {'ma7': 3.047571428571428, 'ma14': 3.029785714285714, 'ma28': 3.0160000000000005, 'mavol_fast': 160612.48888888955, 'mavol_slow': 114934.48888888877, 'volume': 307756.3, 'volume_ratio': 1.3974263986518383, 'volume_spike_ratio': 2.677667103888363, 'adx': 34.96893985852382, 'di_plus': 37.651857489326375, 'di_minus': 7.736522594630728, 'close': 3.059, 'signal': 'LONG'}, 'htf_reason': 'htf_trend_confirmed', 'htf_details': {'ma7': 3.003142857142857, 'ma14': 2.967142857142857, 'ma28': 2.9177142857142857, 'adx': 27.394400031811177, 'di_plus': 25.739735075872378, 'di_minus': 9.097863353146693, 'open': 3.009, 'close': 3.05, 'trend': 'LONG'}, 'score_details': {'score': 52.85192671241546, 'adx': 34.96893985852382, 'volume_ratio': 2.677667103888363, 'ma_separation_pct': 1.046798029556621, 'rr_ratio': 1.45, 'adx_points': 14.968939858523818, 'volume_points': 25.16500655832544, 'ma_points': 10.46798029556621, 'rr_points': 2.25}, 'signal_row': {'open': 3.05, 'high': 3.067, 'low': 3.048, 'close': 3.059, 'volume': 307756.3, 'turnover': 941120.3415, 'ma7': 3.047571428571428, 'ma14': 3.029785714285714, 'ma28': 3.0160000000000005, 'mavol_fast': 160612.48888888955, 'mavol_slow': 114934.48888888877, 'volume_ratio': 1.3974263986518383, 'volume_spike_ratio': 2.677667103888363, 'rsi': 72.68677059191009, 'di_plus': 37.651857489326375, 'di_minus': 7.736522594630728, 'adx': 34.96893985852382, 'atr': 0.01247152336249467, 'atr_pct': 0.004076993580416695}, 'side': 'LONG', 'risk_amount': 3.6130681200000025, 'pretrade_exit_plan': {'stop_loss': 3.016, 'take_profit': 3.1214, 'risk_distance': 0.04300000000000015, 'reward_distance': 0.06239999999999979, 'risk_reward': 1.4511627906976645}, 'entry_price_hint': 3.059, 'create_bracket': True, 'leverage': 2.0, 'liquidation_price_estimate': 1.5447950000000001, 'portfolio_heat_after': 3.513864816000012, 'atr_pct': 0.004076993580416695, 'entry_bar_index': 16821, 'actual_exit_plan': {'stop_loss': 3.016, 'take_profit': 3.1244, 'risk_distance': 0.04422360000000003, 'reward_distance': 0.06417640000000002, 'risk_reward': 1.451179912987635}, 'position_side': 'LONG', 'exit_plan': {'stop_loss': 3.016, 'take_profit': 3.1244, 'risk_distance': 0.04422360000000003, 'reward_distance': 0.06417640000000002, 'risk_reward': 1.451179912987635}, 'source_entry_order': '5a85efd8-a89e-43a2-b78d-e416da197325', 'exit_reason': 'stop_loss'}",-1.1164655907705403
0a510986-8f74-4c0e-8b76-f7718033f3ab,SAGAUSDT,LONG,2025-07-20 08:55:00+00:00,2025-07-22 04:55:00+00:00,0.31032407999999995,0.3063161,0.1999999999999318,-0.00080159599999972,6.783041979997905e-05,6.159599999997345e-05,-0.000869426419799699,0.0007648159999997795,stop_loss,528,"{'strategy': 'live_indicator_adapter', 'signal_reason': 'signal_confirmed', 'signal_details': {'ma7': 0.30960000000000004, 'ma14': 0.3073928571428572, 'ma28': 0.3065428571428571, 'mavol_fast': 25068.066666666822, 'mavol_slow': 22990.81666666659, 'volume': 26374.9, 'volume_ratio': 1.0903512924363383, 'volume_spike_ratio': 1.147192828440925, 'adx': 23.312520366735935, 'di_plus': 37.75487822094017, 'di_minus': 16.590741568609143, 'close': 0.3102, 'signal': 'LONG'}, 'htf_reason': 'htf_trend_confirmed', 'htf_details': {'ma7': 0.3022571428571429, 'ma14': 0.2986285714285714, 'ma28': 0.2928571428571428, 'adx': 22.02330748101215, 'di_plus': 27.056611155134032, 'di_minus': 11.812307415166464, 'open': 0.3042, 'close': 0.3041, 'trend': 'LONG'}, 'score_details': {'score': 17.74338324725999, 'adx': 23.312520366735935, 'volume_ratio': 1.147192828440925, 'ma_separation_pct': 0.9972970453910185, 'rr_ratio': 1.45, 'adx_points': 3.312520366735935, 'volume_points': 2.207892426613874, 'ma_points': 9.972970453910184, 'rr_points': 2.25}, 'signal_row': {'open': 0.3101, 'high': 0.3109, 'low': 0.3101, 'close': 0.3102, 'volume': 26374.9, 'turnover': 8190.66446, 'ma7': 0.30960000000000004, 'ma14': 0.3073928571428572, 'ma28': 0.3065428571428571, 'mavol_fast': 25068.066666666822, 'mavol_slow': 22990.81666666659, 'volume_ratio': 1.0903512924363383, 'volume_spike_ratio': 1.147192828440925, 'rsi': 63.04812880808315, 'di_plus': 37.75487822094017, 'di_minus': 16.590741568609143, 'adx': 23.312520366735935, 'atr': 0.0014234585062627744, 'atr_pct': 0.004588841090466714}, 'side': 'LONG', 'risk_amount': 3.081443663999961, 'pretrade_exit_plan': {'stop_loss': 0.3065, 'take_profit': 0.3156, 'risk_distance': 0.003699999999999981, 'reward_distance': 0.005400000000000016, 'risk_reward': 1.4594594594594712}, 'entry_price_hint': 0.3102, 'create_bracket': True, 'leverage': 2.0, 'liquidation_price_estimate': 0.15665099999999998, 'portfolio_heat_after': 2.981829999999985, 'atr_pct': 0.004588841090466714, 'entry_bar_index': 16735, 'actual_exit_plan': {'stop_loss': 0.3065, 'take_profit': 0.3159, 'risk_distance': 0.003824079999999952, 'reward_distance': 0.0055759200000000675, 'risk_reward': 1.4581075709713545}, 'position_side': 'LONG', 'exit_plan': {'stop_loss': 0.3065, 'take_profit': 0.3159, 'risk_distance': 0.003824079999999952, 'reward_distance': 0.0055759200000000675, 'risk_reward': 1.4581075709713545}, 'source_entry_order': '26ec2890-b3c2-4511-80ef-43cf7b2baf4f', 'exit_reason': 'stop_loss'}",-1.1367785451663532
29ad47a5-0ad5-45e2-8b93-d066369dec29,BUSDT,LONG,2025-07-22 12:15:00+00:00,2025-07-22 13:10:00+00:00,0.5473988719999999,0.5391762999999999,456.8,-3.7560708895999926,0.27299114621328,0.2478468895999833,-4.029062035813272,3.6082047295999753,stop_loss,11,"{'strategy': 'live_indicator_adapter', 'signal_reason': 'signal_confirmed', 'signal_details': {'ma7': 0.5423971428571429, 'ma14': 0.5410507142857143, 'ma28': 0.5395371428571428, 'mavol_fast': 14453.555555555555, 'mavol_slow': 9903.944444444445, 'volume': 21040.0, 'volume_ratio': 1.4593736502291452, 'volume_spike_ratio': 2.124406100824026, 'adx': 24.477823351240364, 'di_plus': 37.81804752021091, 'di_minus': 13.292757088586988, 'close': 0.54718, 'signal': 'LONG'}, 'htf_reason': 'htf_trend_confirmed', 'htf_details': {'ma7': 0.5335257142857143, 'ma14': 0.5306814285714285, 'ma28': 0.5242924999999999, 'adx': 23.159361763829228, 'di_plus': 24.75366507143044, 'di_minus': 12.924227158826973, 'open': 0.53785, 'close': 0.53917, 'trend': 'LONG'}, 'score_details': {'score': 28.89475473693149, 'adx': 24.477823351240364, 'volume_ratio': 2.124406100824026, 'ma_separation_pct': 0.5300839873330737, 'rr_ratio': 1.45, 'adx_points': 4.477823351240364, 'volume_points': 16.86609151236039, 'ma_points': 5.300839873330736, 'rr_points': 2.25}, 'signal_row': {'open': 0.54489, 'high': 0.54842, 'low': 0.54484, 'close': 0.54718, 'volume': 21040.0, 'turnover': 11495.88766, 'ma7': 0.5423971428571429, 'ma14': 0.5410507142857143, 'ma28': 0.5395371428571428, 'mavol_fast': 14453.555555555555, 'mavol_slow': 9903.944444444445, 'volume_ratio': 1.4593736502291452, 'volume_spike_ratio': 2.124406100824026, 'rsi': 69.44165584691893, 'di_plus': 37.81804752021091, 'di_minus': 13.292757088586988, 'adx': 24.477823351240364, 'atr': 0.002457245205710433, 'atr_pct': 0.0044907438241719964}, 'side': 'LONG', 'risk_amount': 3.6082047295999753, 'pretrade_exit_plan': {'stop_loss': 0.5395, 'take_profit': 0.5584, 'risk_distance': 0.00768000000000002, 'reward_distance': 0.011220000000000008, 'risk_reward': 1.4609374999999971}, 'entry_price_hint': 0.54718, 'create_bracket': True, 'leverage': 2.0, 'liquidation_price_estimate': 0.2763259, 'portfolio_heat_after': 8.398876451999978, 'atr_pct': 0.0044907438241719964, 'entry_bar_index': 17351, 'actual_exit_plan': {'stop_loss': 0.5395, 'take_profit': 0.5589, 'risk_distance': 0.007898871999999946, 'reward_distance': 0.011501128000000027, 'risk_reward': 1.4560468887203268}, 'position_side': 'LONG', 'exit_plan': {'stop_loss': 0.5395, 'take_profit': 0.5589, 'risk_distance': 0.007898871999999946, 'reward_distance': 0.011501128000000027, 'risk_reward': 1.4560468887203268}, 'source_entry_order': '16975c70-e61d-47cd-8e28-c984609ffcc2', 'exit_reason': 'stop_loss'}",-1.1166389763753664
4a5cfd62-fb1f-40c2-b501-518927cc2b41,SAGAUSDT,SHORT,2025-07-22 05:00:00+00:00,2025-07-22 13:40:00+00:00,0.30717708000000005,0.31628966,548.1,-4.994605097999959,0.1879471661067,0.17132509799997328,-5.1825522641066595,4.89065245199997,stop_loss,104,"{'strategy': 'live_indicator_adapter', 'signal_reason': 'signal_confirmed', 'signal_details': {'ma7': 0.3106857142857143, 'ma14': 0.3131, 'ma28': 0.31607142857142856, 'mavol_fast': 52574.188888889046, 'mavol_slow': 35858.68888888881, 'volume': 63999.7, 'volume_ratio': 1.4661492240219554, 'volume_spike_ratio': 1.784775238110587, 'adx': 28.13049106024019, 'di_plus': 11.25356603907878, 'di_minus': 32.27205111915792, 'close': 0.3073, 'signal': 'SHORT'}, 'htf_reason': 'htf_trend_confirmed', 'htf_details': {'ma7': 0.31977142857142854, 'ma14': 0.32120714285714286, 'ma28': 0.32460000000000006, 'adx': 22.892479793764917, 'di_plus': 13.176212920913303, 'di_minus': 27.71760016953833, 'open': 0.3168, 'close': 0.3073, 'trend': 'SHORT'}, 'score_details': {'score': 39.19166765449782, 'adx': 28.13049106024019, 'volume_ratio': 1.784775238110587, 'ma_separation_pct': 1.7039548022598827, 'rr_ratio': 1.45, 'adx_points': 8.130491060240189, 'volume_points': 11.771628571658805, 'ma_points': 17.039548022598826, 'rr_points': 2.25}, 'signal_row': {'open': 0.3086, 'high': 0.309, 'low': 0.3065, 'close': 0.3073, 'volume': 63999.7, 'turnover': 19686.03849, 'ma7': 0.3106857142857143, 'ma14': 0.3131, 'ma28': 0.31607142857142856, 'mavol_fast': 52574.188888889046, 'mavol_slow': 35858.68888888881, 'volume_ratio': 1.4661492240219554, 'volume_spike_ratio': 1.784775238110587, 'rsi': 28.816113594145932, 'di_plus': 11.25356603907878, 'di_minus': 32.27205111915792, 'adx': 28.13049106024019, 'atr': 0.0026727277630827903, 'atr_pct': 0.008697454484486788}, 'side': 'SHORT', 'risk_amount': 4.89065245199997, 'pretrade_exit_plan': {'stop_loss': 0.3161, 'take_profit': 0.2945, 'risk_distance': 0.008799999999999975, 'reward_distance': 0.012800000000000034, 'risk_reward': 1.4545454545454626}, 'entry_price_hint': 0.3073, 'create_bracket': True, 'leverage': 2.0, 'liquidation_price_estimate': 0.4594135000000001, 'portfolio_heat_after': 4.823279999999986, 'atr_pct': 0.008697454484486788, 'entry_bar_index': 17264, 'actual_exit_plan': {'stop_loss': 0.3161, 'take_profit': 0.2942, 'risk_distance': 0.008922919999999945, 'reward_distance': 0.01297708000000003, 'risk_reward': 1.4543535075961802}, 'position_side': 'SHORT', 'exit_plan': {'stop_loss': 0.3161, 'take_profit': 0.2942, 'risk_distance': 0.008922919999999945, 'reward_distance': 0.01297708000000003, 'risk_reward': 1.4543535075961802}, 'source_entry_order': 'a329e157-5874-4d44-b0dc-f7a1bd15c741', 'exit_reason': 'stop_loss'}",-1.0596852495595595
929211ee-ccbd-430b-80b0-bd375da78a4c,BUSDT,LONG,2025-07-22 19:20:00+00:00,2025-07-22 19:45:00+00:00,0.549099552,0.54257426,455.3,-2.9709654476000327,0.27337149763198,0.24827144760003916,-3.2443369452320128,2.822656025599999,stop_loss,5,"{'strategy': 'live_indicator_adapter', 'signal_reason': 'signal_confirmed', 'signal_details': {'ma7': 0.5464100000000001, 'ma14': 0.5460771428571428, 'ma28': 0.5429678571428572, 'mavol_fast': 6635.333333333333, 'mavol_slow': 5717.055555555556, 'volume': 17541.0, 'volume_ratio': 1.1606207546619762, 'volume_spike_ratio': 3.068187781200501, 'adx': 27.20308247703539, 'di_plus': 34.72046998469416, 'di_minus': 14.63341847769524, 'close': 0.54888, 'signal': 'LONG'}, 'htf_reason': 'htf_trend_confirmed', 'htf_details': {'ma7': 0.5404785714285715, 'ma14': 0.5370021428571429, 'ma28': 0.5331321428571428, 'adx': 23.86081102420182, 'di_plus': 28.645468818321767, 'di_minus': 15.656900996653274, 'open': 0.54189, 'close': 0.54681, 'trend': 'LONG'}, 'score_details': {'score': 45.792579027081075, 'adx': 27.20308247703539, 'volume_ratio': 3.068187781200501, 'ma_separation_pct': 0.6339496550045678, 'rr_ratio': 1.45, 'adx_points': 7.203082477035391, 'volume_points': 30.0, 'ma_points': 6.339496550045678, 'rr_points': 2.25}, 'signal_row': {'open': 0.54712, 'high': 0.54916, 'low': 0.54712, 'close': 0.54888, 'volume': 17541.0, 'turnover': 9621.13961, 'ma7': 0.5464100000000001, 'ma14': 0.5460771428571428, 'ma28': 0.5429678571428572, 'mavol_fast': 6635.333333333333, 'mavol_slow': 5717.055555555556, 'volume_ratio': 1.1606207546619762, 'volume_spike_ratio': 3.068187781200501, 'rsi': 63.07846111566002, 'di_plus': 34.72046998469416, 'di_minus': 14.63341847769524, 'adx': 27.20308247703539, 'atr': 0.002280362169472796, 'atr_pct': 0.00415457325731088}, 'side': 'LONG', 'risk_amount': 2.822656025599999, 'pretrade_exit_plan': {'stop_loss': 0.5429, 'take_profit': 0.5576, 'risk_distance': 0.005979999999999985, 'reward_distance': 0.00871999999999995, 'risk_reward': 1.4581939799331056}, 'entry_price_hint': 0.54888, 'create_bracket': True, 'leverage': 2.0, 'liquidation_price_estimate': 0.2771844, 'portfolio_heat_after': 2.723291999999993, 'atr_pct': 0.00415457325731088, 'entry_bar_index': 17436, 'actual_exit_plan': {'stop_loss': 0.5429, 'take_profit': 0.5581, 'risk_distance': 0.006199551999999997, 'reward_distance': 0.009000447999999994, 'risk_reward': 1.4517900648304907}, 'position_side': 'LONG', 'exit_plan': {'stop_loss': 0.5429, 'take_profit': 0.5581, 'risk_distance': 0.006199551999999997, 'reward_distance': 0.009000447999999994, 'risk_reward': 1.4517900648304907}, 'source_entry_order': '953995bc-4d38-4d4b-96b4-7d92ecc585f2', 'exit_reason': 'stop_loss'}",-1.1493915361303648
c1789329-edd4-4594-8047-c591bc42bca2,BUSDT,LONG,2025-07-22 20:45:00+00:00,2025-07-22 21:25:00+00:00,0.5517039752190602,0.5472714399999999,328.8,-1.4574175800270217,0.19873871408821486,0.18056162238304818,-1.6561562941152366,0.39289253791132106,stop_loss,8,"{'strategy': 'live_indicator_adapter', 'signal_reason': 'signal_confirmed', 'signal_details': {'ma7': 0.5512814285714286, 'ma14': 0.5483442857142857, 'ma28': 0.5476096428571429, 'mavol_fast': 10348.555555555555, 'mavol_slow': 9635.111111111111, 'volume': 11582.0, 'volume_ratio': 1.0740463120992665, 'volume_spike_ratio': 1.2020619032243185, 'adx': 27.11553352472834, 'di_plus': 36.17025782659381, 'di_minus': 16.537851206782843, 'close': 0.55139, 'signal': 'LONG'}, 'htf_reason': 'htf_trend_confirmed', 'htf_details': {'ma7': 0.5407085714285714, 'ma14': 0.5383885714285714, 'ma28': 0.5341446428571428, 'adx': 24.405323243754264, 'di_plus': 28.011363600369553, 'di_minus': 14.596660819677664, 'open': 0.54681, 'close': 0.54386, 'trend': 'LONG'}, 'score_details': {'score': 19.101577226157723, 'adx': 27.11553352472834, 'volume_ratio': 1.2020619032243185, 'ma_separation_pct': 0.6705115153064604, 'rr_ratio': 1.45, 'adx_points': 7.115533524728342, 'volume_points': 3.0309285483647774, 'ma_points': 6.705115153064604, 'rr_points': 2.25}, 'signal_row': {'open': 0.55178, 'high': 0.55265, 'low': 0.55103, 'close': 0.55139, 'volume': 11582.0, 'turnover': 6386.54326, 'ma7': 0.5512814285714286, 'ma14': 0.5483442857142857, 'ma28': 0.5476096428571429, 'mavol_fast': 10348.555555555555, 'mavol_slow': 9635.111111111111, 'volume_ratio': 1.0740463120992665, 'volume_spike_ratio': 1.2020619032243185, 'rsi': 61.22883740167508, 'di_plus': 36.17025782659381, 'di_minus': 16.537851206782843, 'adx': 27.11553352472834, 'atr': 0.0021523002253361783, 'atr_pct': 0.003903408159988716}, 'side': 'LONG', 'risk_amount': 1.3186708127999995, 'pretrade_exit_plan': {'stop_loss': 0.5476, 'take_profit': 0.5569, 'risk_distance': 0.003790000000000071, 'reward_distance': 0.005509999999999904, 'risk_reward': 1.4538258575197363}, 'entry_price_hint': 0.55139, 'create_bracket': True, 'leverage': 2.0, 'liquidation_price_estimate': 0.27845195, 'portfolio_heat_after': 1.7180070000000323, 'atr_pct': 0.003903408159988716, 'entry_bar_index': 17453, 'actual_exit_plan': {'stop_loss': 0.5476, 'take_profit': 0.5583, 'risk_distance': 0.004350692000000045, 'reward_distance': 0.006349307999999998, 'risk_reward': 1.4593788758201989}, 'position_side': 'LONG', 'exit_plan': {'stop_loss': 0.5476, 'take_profit': 0.5575, 'risk_distance': 0.0040105559999999985, 'reward_distance': 0.0058894440000000214, 'risk_reward': 1.4684856663265702}, 'source_entry_order': '61770303-ab67-4c12-a640-2972a86acf3c', 'exit_reason': 'stop_loss'}",-4.215290783886163
8cb90493-ce70-4c65-bc46-fa553700104e,BUSDT,LONG,2025-07-22 20:45:00+00:00,2025-07-22 21:25:00+00:00,0.5517039752190602,0.5472714399999999,124.5,-0.5518506347730054,0.07525234155712515,0.06836959241693887,-0.6271029763301306,0.14876861608868452,stop_loss,8,"{'strategy': 'live_indicator_adapter', 'signal_reason': 'signal_confirmed', 'signal_details': {'ma7': 0.5512814285714286, 'ma14': 0.5483442857142857, 'ma28': 0.5476096428571429, 'mavol_fast': 10348.555555555555, 'mavol_slow': 9635.111111111111, 'volume': 11582.0, 'volume_ratio': 1.0740463120992665, 'volume_spike_ratio': 1.2020619032243185, 'adx': 27.11553352472834, 'di_plus': 36.17025782659381, 'di_minus': 16.537851206782843, 'close': 0.55139, 'signal': 'LONG'}, 'htf_reason': 'htf_trend_confirmed', 'htf_details': {'ma7': 0.5407085714285714, 'ma14': 0.5383885714285714, 'ma28': 0.5341446428571428, 'adx': 24.405323243754264, 'di_plus': 28.011363600369553, 'di_minus': 14.596660819677664, 'open': 0.54681, 'close': 0.54386, 'trend': 'LONG'}, 'score_details': {'score': 19.101577226157723, 'adx': 27.11553352472834, 'volume_ratio': 1.2020619032243185, 'ma_separation_pct': 0.6705115153064604, 'rr_ratio': 1.45, 'adx_points': 7.115533524728342, 'volume_points': 3.0309285483647774, 'ma_points': 6.705115153064604, 'rr_points': 2.25}, 'signal_row': {'open': 0.55178, 'high': 0.55265, 'low': 0.55103, 'close': 0.55139, 'volume': 11582.0, 'turnover': 6386.54326, 'ma7': 0.5512814285714286, 'ma14': 0.5483442857142857, 'ma28': 0.5476096428571429, 'mavol_fast': 10348.555555555555, 'mavol_slow': 9635.111111111111, 'volume_ratio': 1.0740463120992665, 'volume_spike_ratio': 1.2020619032243185, 'rsi': 61.22883740167508, 'di_plus': 36.17025782659381, 'di_minus': 16.537851206782843, 'adx': 27.11553352472834, 'atr': 0.0021523002253361783, 'atr_pct': 0.003903408159988716}, 'side': 'LONG', 'risk_amount': 0.5416611540000056, 'pretrade_exit_plan': {'stop_loss': 0.5476, 'take_profit': 0.5569, 'risk_distance': 0.003790000000000071, 'reward_distance': 0.005509999999999904, 'risk_reward': 1.4538258575197363}, 'entry_price_hint': 0.55139, 'create_bracket': True, 'leverage': 2.0, 'liquidation_price_estimate': 0.27845195, 'portfolio_heat_after': 1.7180070000000323, 'atr_pct': 0.003903408159988716, 'entry_bar_index': 17453, 'actual_exit_plan': {'stop_loss': 0.5476, 'take_profit': 0.5583, 'risk_distance': 0.004350692000000045, 'reward_distance': 0.006349307999999998, 'risk_reward': 1.4593788758201989}, 'position_side': 'LONG', 'exit_plan': {'stop_loss': 0.5476, 'take_profit': 0.5583, 'risk_distance': 0.004350692000000045, 'reward_distance': 0.006349307999999998, 'risk_reward': 1.4593788758201989}, 'source_entry_order': '61770303-ab67-4c12-a640-2972a86acf3c', 'exit_reason': 'stop_loss'}",-4.215290783886163
d572a194-4185-403a-8ee3-b0a7df4a5668,BUSDT,LONG,2025-07-23 00:35:00+00:00,2025-07-23 01:20:00+00:00,0.552330844,0.5607,226.4,1.8947769183999974,0.09416473269488002,0.04999908159999951,1.8006121857051174,1.297463081600003,take_profit_1,9,"{'strategy': 'live_indicator_adapter', 'signal_reason': 'signal_confirmed', 'signal_details': {'ma7': 0.5511185714285715, 'ma14': 0.5470814285714286, 'ma28': 0.5466314285714285, 'mavol_fast': 6777.777777777777, 'mavol_slow': 5733.111111111111, 'volume': 6319.0, 'volume_ratio': 1.1822163649753865, 'volume_spike_ratio': 1.1021938834838558, 'adx': 28.06989967275856, 'di_plus': 29.909475621583518, 'di_minus': 17.71965625304984, 'close': 0.55211, 'signal': 'LONG'}, 'htf_reason': 'htf_trend_confirmed', 'htf_details': {'ma7': 0.5459871428571429, 'ma14': 0.5423985714285714, 'ma28': 0.5365392857142857, 'adx': 25.43516173843117, 'di_plus': 24.22064962815193, 'di_minus': 15.942969265798844, 'open': 0.54319, 'close': 0.54372, 'trend': 'LONG'}, 'score_details': {'score': 20.061525211670862, 'adx': 28.06989967275856, 'volume_ratio': 1.1021938834838558, 'ma_separation_pct': 0.8208717286654467, 'rr_ratio': 1.45, 'adx_points': 8.06989967275856, 'volume_points': 1.5329082522578374, 'ma_points': 8.208717286654467, 'rr_points': 2.25}, 'signal_row': {'open': 0.55278, 'high': 0.55396, 'low': 0.55175, 'close': 0.55211, 'volume': 6319.0, 'turnover': 3497.30427, 'ma7': 0.5511185714285715, 'ma14': 0.5470814285714286, 'ma28': 0.5466314285714285, 'mavol_fast': 6777.777777777777, 'mavol_slow': 5733.111111111111, 'volume_ratio': 1.1822163649753865, 'volume_spike_ratio': 1.1021938834838558, 'rsi': 62.24213274458233, 'di_plus': 29.909475621583518, 'di_minus': 17.71965625304984, 'adx': 28.06989967275856, 'atr': 0.002446804689186989, 'atr_pct': 0.0044317340551466}, 'side': 'LONG', 'risk_amount': 2.594926163200006, 'pretrade_exit_plan': {'stop_loss': 0.5466, 'take_profit': 0.5601, 'risk_distance': 0.005510000000000015, 'reward_distance': 0.007990000000000053, 'risk_reward': 1.450090744101639}, 'entry_price_hint': 0.55211, 'create_bracket': True, 'leverage': 2.0, 'liquidation_price_estimate': 0.27881555, 'portfolio_heat_after': 2.494928000000007, 'atr_pct': 0.0044317340551466, 'entry_bar_index': 17499, 'actual_exit_plan': {'stop_loss': 0.5466, 'take_profit': 0.5607, 'risk_distance': 0.005730844000000013, 'reward_distance': 0.008369155999999989, 'risk_reward': 1.4603705841582793}, 'position_side': 'LONG', 'exit_plan': {'stop_loss': 0.5466, 'take_profit': 0.5607, 'risk_distance': 0.005730844000000013, 'reward_distance': 0.008369155999999989, 'risk_reward': 1.4603705841582793}, 'source_entry_order': 'aa3340ad-fec9-41f6-a0a0-7988bbada2ba', 'exit_reason': 'take_profit_1'}",1.387794544014803
feaafe9c-c219-48a9-a953-f01f23e44f33,BUSDT,LONG,2025-07-23 00:35:00+00:00,2025-07-23 11:35:00+00:00,0.552330844,0.54627204,226.4,-1.3717132256000066,0.13679803111568,0.12424922560000314,-1.5085112567156866,1.297463081600003,stop_loss,132,"{'strategy': 'live_indicator_adapter', 'signal_reason': 'signal_confirmed', 'signal_details': {'ma7': 0.5511185714285715, 'ma14': 0.5470814285714286, 'ma28': 0.5466314285714285, 'mavol_fast': 6777.777777777777, 'mavol_slow': 5733.111111111111, 'volume': 6319.0, 'volume_ratio': 1.1822163649753865, 'volume_spike_ratio': 1.1021938834838558, 'adx': 28.06989967275856, 'di_plus': 29.909475621583518, 'di_minus': 17.71965625304984, 'close': 0.55211, 'signal': 'LONG'}, 'htf_reason': 'htf_trend_confirmed', 'htf_details': {'ma7': 0.5459871428571429, 'ma14': 0.5423985714285714, 'ma28': 0.5365392857142857, 'adx': 25.43516173843117, 'di_plus': 24.22064962815193, 'di_minus': 15.942969265798844, 'open': 0.54319, 'close': 0.54372, 'trend': 'LONG'}, 'score_details': {'score': 20.061525211670862, 'adx': 28.06989967275856, 'volume_ratio': 1.1021938834838558, 'ma_separation_pct': 0.8208717286654467, 'rr_ratio': 1.45, 'adx_points': 8.06989967275856, 'volume_points': 1.5329082522578374, 'ma_points': 8.208717286654467, 'rr_points': 2.25}, 'signal_row': {'open': 0.55278, 'high': 0.55396, 'low': 0.55175, 'close': 0.55211, 'volume': 6319.0, 'turnover': 3497.30427, 'ma7': 0.5511185714285715, 'ma14': 0.5470814285714286, 'ma28': 0.5466314285714285, 'mavol_fast': 6777.777777777777, 'mavol_slow': 5733.111111111111, 'volume_ratio': 1.1822163649753865, 'volume_spike_ratio': 1.1021938834838558, 'rsi': 62.24213274458233, 'di_plus': 29.909475621583518, 'di_minus': 17.71965625304984, 'adx': 28.06989967275856, 'atr': 0.002446804689186989, 'atr_pct': 0.0044317340551466}, 'side': 'LONG', 'risk_amount': 2.594926163200006, 'pretrade_exit_plan': {'stop_loss': 0.5466, 'take_profit': 0.5601, 'risk_distance': 0.005510000000000015, 'reward_distance': 0.007990000000000053, 'risk_reward': 1.450090744101639}, 'entry_price_hint': 0.55211, 'create_bracket': True, 'leverage': 2.0, 'liquidation_price_estimate': 0.27881555, 'portfolio_heat_after': 2.494928000000007, 'atr_pct': 0.0044317340551466, 'entry_bar_index': 17499, 'actual_exit_plan': {'stop_loss': 0.5466, 'take_profit': 0.5607, 'risk_distance': 0.005730844000000013, 'reward_distance': 0.008369155999999989, 'risk_reward': 1.4603705841582793}, 'position_side': 'LONG', 'exit_plan': {'stop_loss': 0.5466, 'take_profit': 0.5607, 'risk_distance': 0.005730844000000013, 'reward_distance': 0.008369155999999989, 'risk_reward': 1.4603705841582793}, 'source_entry_order': 'aa3340ad-fec9-41f6-a0a0-7988bbada2ba', 'exit_reason': 'stop_loss'}",-1.1626621813820117
64568856-807f-4eb0-a619-c66268081610,NEARUSDT,SHORT,2025-07-23 16:40:00+00:00,2025-07-23 17:05:00+00:00,2.7718908000000004,2.7263,45.0,2.051586000000012,0.09314099730000003,0.04991399999998647,1.9584450027000118,1.4134139999999862,take_profit_1,5,"{'strategy': 'live_indicator_adapter', 'signal_reason': 'signal_confirmed', 'signal_details': {'ma7': 2.7892857142857146, 'ma14': 2.8003571428571425, 'ma28': 2.803214285714286, 'mavol_fast': 167512.58888888956, 'mavol_slow': 140590.35555555543, 'volume': 253421.3, 'volume_ratio': 1.1914941691906853, 'volume_spike_ratio': 1.8025510996012701, 'adx': 27.79597908493471, 'di_plus': 13.359772566521434, 'di_minus': 28.79502801710909, 'close': 2.773, 'signal': 'SHORT'}, 'htf_reason': 'htf_trend_confirmed', 'htf_details': {'ma7': 2.861714285714285, 'ma14': 2.9299999999999997, 'ma28': 2.9497142857142857, 'adx': 28.982657362031848, 'di_plus': 7.789431086751942, 'di_minus': 31.693956831100557, 'open': 2.815, 'close': 2.824, 'trend': 'SHORT'}, 'score_details': {'score': 27.05303141154393, 'adx': 27.79597908493471, 'volume_ratio': 1.8025510996012701, 'ma_separation_pct': 0.4968785832590168, 'rr_ratio': 1.45, 'adx_points': 7.795979084934711, 'volume_points': 12.038266494019052, 'ma_points': 4.968785832590167, 'rr_points': 2.25}, 'signal_row': {'open': 2.778, 'high': 2.787, 'low': 2.769, 'close': 2.773, 'volume': 253421.3, 'turnover': 703362.9562, 'ma7': 2.7892857142857146, 'ma14': 2.8003571428571425, 'ma28': 2.803214285714286, 'mavol_fast': 167512.58888888956, 'mavol_slow': 140590.35555555543, 'volume_ratio': 1.1914941691906853, 'volume_spike_ratio': 1.8025510996012701, 'rsi': 37.27567261155445, 'di_plus': 13.359772566521434, 'di_minus': 28.79502801710909, 'adx': 27.79597908493471, 'atr': 0.01715957501959526, 'atr_pct': 0.006188090522753429}, 'side': 'SHORT', 'risk_amount': 2.8268279999999724, 'pretrade_exit_plan': {'stop_loss': 2.8033, 'take_profit': 2.729, 'risk_distance': 0.030299999999999994, 'reward_distance': 0.04400000000000004, 'risk_reward': 1.4521452145214537}, 'entry_price_hint': 2.773, 'create_bracket': True, 'leverage': 2.0, 'liquidation_price_estimate': 4.145635, 'portfolio_heat_after': 7.540954703999973, 'atr_pct': 0.006188090522753429, 'entry_bar_index': 17692, 'actual_exit_plan': {'stop_loss': 2.8033, 'take_profit': 2.7263, 'risk_distance': 0.03140919999999969, 'reward_distance': 0.045590800000000264, 'risk_reward': 1.451511022248281}, 'position_side': 'SHORT', 'exit_plan': {'stop_loss': 2.8033, 'take_profit': 2.7263, 'risk_distance': 0.03140919999999969, 'reward_distance': 0.045590800000000264, 'risk_reward': 1.451511022248281}, 'source_entry_order': '98a4e22e-b95e-4d47-ba8a-7f05e33c5ef4', 'exit_reason': 'take_profit_1'}",1.385613134368296
84c84224-2f4a-40e9-bfd5-bd64e0b05186,SAGAUSDT,SHORT,2025-07-23 13:00:00+00:00,2025-07-23 17:15:00+00:00,0.29508192000000005,0.2815,258.1,3.505493552000021,0.05641938395360001,0.03047644799999094,3.449074168046421,2.4049964479999875,take_profit_1,51,"{'strategy': 'live_indicator_adapter', 'signal_reason': 'signal_confirmed', 'signal_details': {'ma7': 0.3004428571428571, 'ma14': 0.30255000000000004, 'ma28': 0.30430357142857145, 'mavol_fast': 138101.08888888906, 'mavol_slow': 104633.64999999992, 'volume': 451430.3, 'volume_ratio': 1.319853497310752, 'volume_spike_ratio': 4.314389300191672, 'adx': 56.24891029862268, 'di_plus': 3.9862140642951345, 'di_minus': 46.280723008881914, 'close': 0.2952, 'signal': 'SHORT'}, 'htf_reason': 'htf_trend_confirmed', 'htf_details': {'ma7': 0.3081571428571429, 'ma14': 0.31198571428571426, 'ma28': 0.3127535714285714, 'adx': 23.07399348380428, 'di_plus': 9.690610095390008, 'di_minus': 32.02416158947153, 'open': 0.3063, 'close': 0.2952, 'trend': 'SHORT'}, 'score_details': {'score': 81.18595918073069, 'adx': 56.24891029862268, 'volume_ratio': 4.314389300191672, 'ma_separation_pct': 1.2687048882107996, 'rr_ratio': 1.45, 'adx_points': 36.24891029862268, 'volume_points': 30.0, 'ma_points': 12.687048882107996, 'rr_points': 2.25}, 'signal_row': {'open': 0.2994, 'high': 0.2994, 'low': 0.2934, 'close': 0.2952, 'volume': 451430.3, 'turnover': 133376.26105, 'ma7': 0.3004428571428571, 'ma14': 0.30255000000000004, 'ma28': 0.30430357142857145, 'mavol_fast': 138101.08888888906, 'mavol_slow': 104633.64999999992, 'volume_ratio': 1.319853497310752, 'volume_spike_ratio': 4.314389300191672, 'rsi': 27.622838137748744, 'di_plus': 3.9862140642951345, 'di_minus': 46.280723008881914, 'adx': 56.24891029862268, 'atr': 0.0024881252718956487, 'atr_pct': 0.008428608644632955}, 'side': 'SHORT', 'risk_amount': 4.810924703999974, 'pretrade_exit_plan': {'stop_loss': 0.3044, 'take_profit': 0.2818, 'risk_distance': 0.009199999999999986, 'reward_distance': 0.013400000000000023, 'risk_reward': 1.4565217391304395}, 'entry_price_hint': 0.2952, 'create_bracket': True, 'leverage': 2.0, 'liquidation_price_estimate': 0.44132400000000005, 'portfolio_heat_after': 4.750879999999992, 'atr_pct': 0.008428608644632955, 'entry_bar_index': 17648, 'actual_exit_plan': {'stop_loss': 0.3044, 'take_profit': 0.2815, 'risk_distance': 0.00931807999999995, 'reward_distance': 0.01358192000000008, 'risk_reward': 1.4575878292523945}, 'position_side': 'SHORT', 'exit_plan': {'stop_loss': 0.3044, 'take_profit': 0.2815, 'risk_distance': 0.00931807999999995, 'reward_distance': 0.01358192000000008, 'risk_reward': 1.4575878292523945}, 'source_entry_order': 'bec755c3-0cbb-4e42-96dc-5d12f5250502', 'exit_reason': 'take_profit_1'}",1.4341285912977944
3ec2f3be-200a-4942-b03d-155d3eff609d,NEARUSDT,SHORT,2025-07-23 16:40:00+00:00,2025-07-23 20:40:00+00:00,2.7718908000000004,2.6808,45.0,4.099086000000016,0.09273149730000002,0.04991399999998647,4.006354502700016,1.4134139999999862,take_profit_2,48,"{'strategy': 'live_indicator_adapter', 'signal_reason': 'signal_confirmed', 'signal_details': {'ma7': 2.7892857142857146, 'ma14': 2.8003571428571425, 'ma28': 2.803214285714286, 'mavol_fast': 167512.58888888956, 'mavol_slow': 140590.35555555543, 'volume': 253421.3, 'volume_ratio': 1.1914941691906853, 'volume_spike_ratio': 1.8025510996012701, 'adx': 27.79597908493471, 'di_plus': 13.359772566521434, 'di_minus': 28.79502801710909, 'close': 2.773, 'signal': 'SHORT'}, 'htf_reason': 'htf_trend_confirmed', 'htf_details': {'ma7': 2.861714285714285, 'ma14': 2.9299999999999997, 'ma28': 2.9497142857142857, 'adx': 28.982657362031848, 'di_plus': 7.789431086751942, 'di_minus': 31.693956831100557, 'open': 2.815, 'close': 2.824, 'trend': 'SHORT'}, 'score_details': {'score': 27.05303141154393, 'adx': 27.79597908493471, 'volume_ratio': 1.8025510996012701, 'ma_separation_pct': 0.4968785832590168, 'rr_ratio': 1.45, 'adx_points': 7.795979084934711, 'volume_points': 12.038266494019052, 'ma_points': 4.968785832590167, 'rr_points': 2.25}, 'signal_row': {'open': 2.778, 'high': 2.787, 'low': 2.769, 'close': 2.773, 'volume': 253421.3, 'turnover': 703362.9562, 'ma7': 2.7892857142857146, 'ma14': 2.8003571428571425, 'ma28': 2.803214285714286, 'mavol_fast': 167512.58888888956, 'mavol_slow': 140590.35555555543, 'volume_ratio': 1.1914941691906853, 'volume_spike_ratio': 1.8025510996012701, 'rsi': 37.27567261155445, 'di_plus': 13.359772566521434, 'di_minus': 28.79502801710909, 'adx': 27.79597908493471, 'atr': 0.01715957501959526, 'atr_pct': 0.006188090522753429}, 'side': 'SHORT', 'risk_amount': 2.8268279999999724, 'pretrade_exit_plan': {'stop_loss': 2.8033, 'take_profit': 2.729, 'risk_distance': 0.030299999999999994, 'reward_distance': 0.04400000000000004, 'risk_reward': 1.4521452145214537}, 'entry_price_hint': 2.773, 'create_bracket': True, 'leverage': 2.0, 'liquidation_price_estimate': 4.145635, 'portfolio_heat_after': 7.540954703999973, 'atr_pct': 0.006188090522753429, 'entry_bar_index': 17692, 'actual_exit_plan': {'stop_loss': 2.8033, 'take_profit': 2.7263, 'risk_distance': 0.03140919999999969, 'reward_distance': 0.045590800000000264, 'risk_reward': 1.451511022248281}, 'position_side': 'SHORT', 'exit_plan': {'stop_loss': 2.8033, 'take_profit': 2.7263, 'risk_distance': 0.03140919999999969, 'reward_distance': 0.045590800000000264, 'risk_reward': 1.451511022248281}, 'source_entry_order': '98a4e22e-b95e-4d47-ba8a-7f05e33c5ef4', 'exit_reason': 'take_profit_2'}",2.8345230079085497
f711fe95-6de8-4252-94d8-9a725e2f1a63,SAGAUSDT,SHORT,2025-07-23 13:00:00+00:00,2025-07-24 05:50:00+00:00,0.29508192000000005,0.268,258.1,6.989843552000011,0.05572251395360001,0.030476447999990938,6.934121038046411,2.404996447999987,take_profit_2,202,"{'strategy': 'live_indicator_adapter', 'signal_reason': 'signal_confirmed', 'signal_details': {'ma7': 0.3004428571428571, 'ma14': 0.30255000000000004, 'ma28': 0.30430357142857145, 'mavol_fast': 138101.08888888906, 'mavol_slow': 104633.64999999992, 'volume': 451430.3, 'volume_ratio': 1.319853497310752, 'volume_spike_ratio': 4.314389300191672, 'adx': 56.24891029862268, 'di_plus': 3.9862140642951345, 'di_minus': 46.280723008881914, 'close': 0.2952, 'signal': 'SHORT'}, 'htf_reason': 'htf_trend_confirmed', 'htf_details': {'ma7': 0.3081571428571429, 'ma14': 0.31198571428571426, 'ma28': 0.3127535714285714, 'adx': 23.07399348380428, 'di_plus': 9.690610095390008, 'di_minus': 32.02416158947153, 'open': 0.3063, 'close': 0.2952, 'trend': 'SHORT'}, 'score_details': {'score': 81.18595918073069, 'adx': 56.24891029862268, 'volume_ratio': 4.314389300191672, 'ma_separation_pct': 1.2687048882107996, 'rr_ratio': 1.45, 'adx_points': 36.24891029862268, 'volume_points': 30.0, 'ma_points': 12.687048882107996, 'rr_points': 2.25}, 'signal_row': {'open': 0.2994, 'high': 0.2994, 'low': 0.2934, 'close': 0.2952, 'volume': 451430.3, 'turnover': 133376.26105, 'ma7': 0.3004428571428571, 'ma14': 0.30255000000000004, 'ma28': 0.30430357142857145, 'mavol_fast': 138101.08888888906, 'mavol_slow': 104633.64999999992, 'volume_ratio': 1.319853497310752, 'volume_spike_ratio': 4.314389300191672, 'rsi': 27.622838137748744, 'di_plus': 3.9862140642951345, 'di_minus': 46.280723008881914, 'adx': 56.24891029862268, 'atr': 0.0024881252718956487, 'atr_pct': 0.008428608644632955}, 'side': 'SHORT', 'risk_amount': 4.810924703999974, 'pretrade_exit_plan': {'stop_loss': 0.3044, 'take_profit': 0.2818, 'risk_distance': 0.009199999999999986, 'reward_distance': 0.013400000000000023, 'risk_reward': 1.4565217391304395}, 'entry_price_hint': 0.2952, 'create_bracket': True, 'leverage': 2.0, 'liquidation_price_estimate': 0.44132400000000005, 'portfolio_heat_after': 4.750879999999992, 'atr_pct': 0.008428608644632955, 'entry_bar_index': 17648, 'actual_exit_plan': {'stop_loss': 0.3044, 'take_profit': 0.2815, 'risk_distance': 0.00931807999999995, 'reward_distance': 0.01358192000000008, 'risk_reward': 1.4575878292523945}, 'position_side': 'SHORT', 'exit_plan': {'stop_loss': 0.3044, 'take_profit': 0.2815, 'risk_distance': 0.00931807999999995, 'reward_distance': 0.01358192000000008, 'risk_reward': 1.4575878292523945}, 'source_entry_order': 'bec755c3-0cbb-4e42-96dc-5d12f5250502', 'exit_reason': 'take_profit_2'}",2.8832146691164047
1221eec1-12b1-4de5-96b1-b94aed1d9310,BUSDT,LONG,2025-07-25 08:00:00+00:00,2025-07-25 08:35:00+00:00,0.598199184,0.58844672,110.3,-1.0756967792000078,0.07198787376616,0.06534877920000162,-1.147684652966168,1.0367299952000066,stop_loss,7,"{'strategy': 'live_indicator_adapter', 'signal_reason': 'signal_confirmed', 'signal_details': {'ma7': 0.5960585714285714, 'ma14': 0.5942407142857142, 'ma28': 0.5888478571428573, 'mavol_fast': 57387.333333333336, 'mavol_slow': 39014.22222222222, 'volume': 51031.0, 'volume_ratio': 1.4709336766079608, 'volume_spike_ratio': 1.308010184320248, 'adx': 30.16736999096674, 'di_plus': 35.114622470032344, 'di_minus': 16.618892295096813, 'close': 0.59796, 'signal': 'LONG'}, 'htf_reason': 'htf_trend_confirmed', 'htf_details': {'ma7': 0.5809757142857144, 'ma14': 0.5806899999999999, 'ma28': 0.5684914285714286, 'adx': 23.418125749959692, 'di_plus': 27.92969452608612, 'di_minus': 12.0072362768695, 'open': 0.58936, 'close': 0.59796, 'trend': 'LONG'}, 'score_details': {'score': 29.282985141761326, 'adx': 30.16736999096674, 'volume_ratio': 1.308010184320248, 'ma_separation_pct': 1.2245462385990866, 'rr_ratio': 1.45, 'adx_points': 10.16736999096674, 'volume_points': 4.620152764803721, 'ma_points': 12.245462385990866, 'rr_points': 2.25}, 'signal_row': {'open': 0.59544, 'high': 0.59967, 'low': 0.5945, 'close': 0.59796, 'volume': 51031.0, 'turnover': 30494.03397, 'ma7': 0.5960585714285714, 'ma14': 0.5942407142857142, 'ma28': 0.5888478571428573, 'mavol_fast': 57387.333333333336, 'mavol_slow': 39014.22222222222, 'volume_ratio': 1.4709336766079608, 'volume_spike_ratio': 1.308010184320248, 'rsi': 66.63710763389452, 'di_plus': 35.114622470032344, 'di_minus': 16.618892295096813, 'adx': 30.16736999096674, 'atr': 0.003915579584034234, 'atr_pct': 0.006548229955238199}, 'side': 'LONG', 'risk_amount': 3.9288589120000252, 'pretrade_exit_plan': {'stop_loss': 0.5888, 'take_profit': 0.6113, 'risk_distance': 0.009160000000000057, 'reward_distance': 0.013339999999999907, 'risk_reward': 1.4563318777292384}, 'entry_price_hint': 0.59796, 'create_bracket': True, 'leverage': 2.0, 'liquidation_price_estimate': 0.3019698, 'portfolio_heat_after': 3.829811808000023, 'atr_pct': 0.006548229955238199, 'entry_bar_index': 18164, 'actual_exit_plan': {'stop_loss': 0.5888, 'take_profit': 0.6119, 'risk_distance': 0.00939918400000006, 'reward_distance': 0.013700815999999949, 'risk_reward': 1.457660154328276}, 'position_side': 'LONG', 'exit_plan': {'stop_loss': 0.5888, 'take_profit': 0.6119, 'risk_distance': 0.00939918400000006, 'reward_distance': 0.013700815999999949, 'risk_reward': 1.457660154328276}, 'source_entry_order': 'c90ed0ed-0800-46d1-8765-3206d2fc9c30', 'exit_reason': 'stop_loss'}",-1.10702367856614
54865bcc-485e-4e7d-b09a-58b4916bc1eb,BUSDT,LONG,2025-07-25 08:00:00+00:00,2025-07-25 08:40:00+00:00,0.598199184,0.571297016,307.7,-8.2777970936,0.19791968940700003,0.17913309359999818,-8.475716783007,2.8921289168000186,stop_loss,8,"{'strategy': 'live_indicator_adapter', 'signal_reason': 'signal_confirmed', 'signal_details': {'ma7': 0.5960585714285714, 'ma14': 0.5942407142857142, 'ma28': 0.5888478571428573, 'mavol_fast': 57387.333333333336, 'mavol_slow': 39014.22222222222, 'volume': 51031.0, 'volume_ratio': 1.4709336766079608, 'volume_spike_ratio': 1.308010184320248, 'adx': 30.16736999096674, 'di_plus': 35.114622470032344, 'di_minus': 16.618892295096813, 'close': 0.59796, 'signal': 'LONG'}, 'htf_reason': 'htf_trend_confirmed', 'htf_details': {'ma7': 0.5809757142857144, 'ma14': 0.5806899999999999, 'ma28': 0.5684914285714286, 'adx': 23.418125749959692, 'di_plus': 27.92969452608612, 'di_minus': 12.0072362768695, 'open': 0.58936, 'close': 0.59796, 'trend': 'LONG'}, 'score_details': {'score': 29.282985141761326, 'adx': 30.16736999096674, 'volume_ratio': 1.308010184320248, 'ma_separation_pct': 1.2245462385990866, 'rr_ratio': 1.45, 'adx_points': 10.16736999096674, 'volume_points': 4.620152764803721, 'ma_points': 12.245462385990866, 'rr_points': 2.25}, 'signal_row': {'open': 0.59544, 'high': 0.59967, 'low': 0.5945, 'close': 0.59796, 'volume': 51031.0, 'turnover': 30494.03397, 'ma7': 0.5960585714285714, 'ma14': 0.5942407142857142, 'ma28': 0.5888478571428573, 'mavol_fast': 57387.333333333336, 'mavol_slow': 39014.22222222222, 'volume_ratio': 1.4709336766079608, 'volume_spike_ratio': 1.308010184320248, 'rsi': 66.63710763389452, 'di_plus': 35.114622470032344, 'di_minus': 16.618892295096813, 'adx': 30.16736999096674, 'atr': 0.003915579584034234, 'atr_pct': 0.006548229955238199}, 'side': 'LONG', 'risk_amount': 3.9288589120000252, 'pretrade_exit_plan': {'stop_loss': 0.5888, 'take_profit': 0.6113, 'risk_distance': 0.009160000000000057, 'reward_distance': 0.013339999999999907, 'risk_reward': 1.4563318777292384}, 'entry_price_hint': 0.59796, 'create_bracket': True, 'leverage': 2.0, 'liquidation_price_estimate': 0.3019698, 'portfolio_heat_after': 3.829811808000023, 'atr_pct': 0.006548229955238199, 'entry_bar_index': 18164, 'actual_exit_plan': {'stop_loss': 0.5888, 'take_profit': 0.6119, 'risk_distance': 0.00939918400000006, 'reward_distance': 0.013700815999999949, 'risk_reward': 1.457660154328276}, 'position_side': 'LONG', 'exit_plan': {'stop_loss': 0.5888, 'take_profit': 0.6119, 'risk_distance': 0.00939918400000006, 'reward_distance': 0.013700815999999949, 'risk_reward': 1.457660154328276}, 'source_entry_order': 'c90ed0ed-0800-46d1-8765-3206d2fc9c30', 'exit_reason': 'stop_loss'}",-2.9306151374416993
7a21a51f-e9dc-41be-b835-3305d1884fe2,NEARUSDT,LONG,2025-07-26 01:00:00+00:00,2025-07-26 03:25:00+00:00,2.8801516,2.8585838199999998,86.7,-1.8699265260000224,0.27365159850270004,0.2486365260000277,-2.1435781245027226,1.7211337199999974,stop_loss,29,"{'strategy': 'live_indicator_adapter', 'signal_reason': 'signal_confirmed', 'signal_details': {'ma7': 2.872, 'ma14': 2.863642857142857, 'ma28': 2.8603571428571426, 'mavol_fast': 67013.91111111178, 'mavol_slow': 55333.74444444432, 'volume': 93615.7, 'volume_ratio': 1.2110857810895932, 'volume_spike_ratio': 1.691837430123515, 'adx': 31.024879743693322, 'di_plus': 25.364789238812303, 'di_minus': 10.962340359969213, 'close': 2.879, 'signal': 'LONG'}, 'htf_reason': 'htf_trend_confirmed', 'htf_details': {'ma7': 2.8164285714285713, 'ma14': 2.7737857142857143, 'ma28': 2.7364285714285717, 'adx': 25.1065747675961, 'di_plus': 27.638494280170185, 'di_minus': 15.76266963744023, 'open': 2.854, 'close': 2.879, 'trend': 'LONG'}, 'score_details': {'score': 27.722861972172392, 'adx': 31.024879743693322, 'volume_ratio': 1.691837430123515, 'ma_separation_pct': 0.40704207766263467, 'rr_ratio': 1.45, 'adx_points': 11.024879743693322, 'volume_points': 10.377561451852726, 'ma_points': 4.070420776626346, 'rr_points': 2.25}, 'signal_row': {'open': 2.874, 'high': 2.882, 'low': 2.874, 'close': 2.879, 'volume': 93615.7, 'turnover': 269378.2648, 'ma7': 2.872, 'ma14': 2.863642857142857, 'ma28': 2.8603571428571426, 'mavol_fast': 67013.91111111178, 'mavol_slow': 55333.74444444432, 'volume_ratio': 1.2110857810895932, 'volume_spike_ratio': 1.691837430123515, 'rsi': 68.4222995460789, 'di_plus': 25.364789238812303, 'di_minus': 10.962340359969213, 'adx': 31.024879743693322, 'atr': 0.008955635609395805, 'atr_pct': 0.0031106757934684977}, 'side': 'LONG', 'risk_amount': 1.7211337199999974, 'pretrade_exit_plan': {'stop_loss': 2.8603, 'take_profit': 2.9062, 'risk_distance': 0.01869999999999994, 'reward_distance': 0.027200000000000113, 'risk_reward': 1.4545454545454652}, 'entry_price_hint': 2.879, 'create_bracket': True, 'leverage': 2.0, 'liquidation_price_estimate': 1.453895, 'portfolio_heat_after': 1.624091807999994, 'atr_pct': 0.0031106757934684977, 'entry_bar_index': 18368, 'actual_exit_plan': {'stop_loss': 2.8603, 'take_profit': 2.909, 'risk_distance': 0.01985159999999997, 'reward_distance': 0.028848399999999774, 'risk_reward': 1.453202764512675}, 'position_side': 'LONG', 'exit_plan': {'stop_loss': 2.8603, 'take_profit': 2.909, 'risk_distance': 0.01985159999999997, 'reward_distance': 0.028848399999999774, 'risk_reward': 1.453202764512675}, 'source_entry_order': 'fa93b51e-32c6-4c62-996d-4a09240bbdb6', 'exit_reason': 'stop_loss'}",-1.2454454291341905
fcba8198-e769-400e-9346-7bb8f7aecede,NEARUSDT,LONG,2025-07-26 08:40:00+00:00,2025-07-26 09:00:00+00:00,2.8581428,2.8487896999999998,87.5,-0.8183962500000197,0.2746461265625,0.2496462499999852,-1.0930423765625197,0.668745000000015,stop_loss,4,"{'strategy': 'live_indicator_adapter', 'signal_reason': 'signal_confirmed', 'signal_details': {'ma7': 2.8562857142857143, 'ma14': 2.8512857142857144, 'ma28': 2.8505714285714285, 'mavol_fast': 39943.55555555623, 'mavol_slow': 34328.1333333332, 'volume': 45486.0, 'volume_ratio': 1.1635807623938106, 'volume_spike_ratio': 1.325035636465334, 'adx': 23.753181452254033, 'di_plus': 26.33631393159215, 'di_minus': 15.26492053438732, 'close': 2.857, 'signal': 'LONG'}, 'htf_reason': 'htf_trend_confirmed', 'htf_details': {'ma7': 2.8621428571428567, 'ma14': 2.8392857142857144, 'ma28': 2.777107142857143, 'adx': 25.314281137957554, 'di_plus': 23.152495133771705, 'di_minus': 15.456839269135221, 'open': 2.848, 'close': 2.844, 'trend': 'LONG'}, 'score_details': {'score': 12.883326603624164, 'adx': 23.753181452254033, 'volume_ratio': 1.325035636465334, 'ma_separation_pct': 0.20046106043901213, 'rr_ratio': 1.45, 'adx_points': 3.753181452254033, 'volume_points': 4.87553454698001, 'ma_points': 2.0046106043901215, 'rr_points': 2.25}, 'signal_row': {'open': 2.862, 'high': 2.864, 'low': 2.857, 'close': 2.857, 'volume': 45486.0, 'turnover': 130051.3789, 'ma7': 2.8562857142857143, 'ma14': 2.8512857142857144, 'ma28': 2.8505714285714285, 'mavol_fast': 39943.55555555623, 'mavol_slow': 34328.1333333332, 'volume_ratio': 1.1635807623938106, 'volume_spike_ratio': 1.325035636465334, 'rsi': 54.40347923505685, 'di_plus': 26.33631393159215, 'di_minus': 15.26492053438732, 'adx': 23.753181452254033, 'atr': 0.006461731918645721, 'atr_pct': 0.0022617192574888767}, 'side': 'LONG', 'risk_amount': 0.668745000000015, 'pretrade_exit_plan': {'stop_loss': 2.8505, 'take_profit': 2.8665, 'risk_distance': 0.006500000000000394, 'reward_distance': 0.00949999999999962, 'risk_reward': 1.4615384615383145}, 'entry_price_hint': 2.857, 'create_bracket': True, 'leverage': 2.0, 'liquidation_price_estimate': 1.4427850000000002, 'portfolio_heat_after': 0.5696818080000339, 'atr_pct': 0.0022617192574888767, 'entry_bar_index': 18460, 'actual_exit_plan': {'stop_loss': 2.8505, 'take_profit': 2.8693, 'risk_distance': 0.007642800000000172, 'reward_distance': 0.011157199999999978, 'risk_reward': 1.459831475375481}, 'position_side': 'LONG', 'exit_plan': {'stop_loss': 2.8505, 'take_profit': 2.8693, 'risk_distance': 0.007642800000000172, 'reward_distance': 0.011157199999999978, 'risk_reward': 1.459831475375481}, 'source_entry_order': '7814345b-3f02-4caa-b7c4-3423e720c19d', 'exit_reason': 'stop_loss'}",-1.6344681105092302
04bfa84c-b4ac-4544-9853-5c15fc907189,NEARUSDT,LONG,2025-07-26 16:35:00+00:00,2025-07-26 17:05:00+00:00,2.9061619999999997,2.87787224,86.0,-2.4329193599999854,0.273584819552,0.24851935999999686,-2.7065041795519855,2.2843319999999787,stop_loss,6,"{'strategy': 'live_indicator_adapter', 'signal_reason': 'signal_confirmed', 'signal_details': {'ma7': 2.900142857142857, 'ma14': 2.8885, 'ma28': 2.879642857142857, 'mavol_fast': 176458.8000000007, 'mavol_slow': 156284.061111111, 'volume': 244106.2, 'volume_ratio': 1.1290901883752966, 'volume_spike_ratio': 1.5619391911402367, 'adx': 25.37611271432352, 'di_plus': 35.394891479741034, 'di_minus': 12.012702415641412, 'close': 2.905, 'signal': 'LONG'}, 'htf_reason': 'htf_trend_confirmed', 'htf_details': {'ma7': 2.8707142857142856, 'ma14': 2.864785714285714, 'ma28': 2.8228571428571425, 'adx': 25.917988101865053, 'di_plus': 23.86767058293676, 'di_minus': 13.280302657592138, 'open': 2.87, 'close': 2.891, 'trend': 'LONG'}, 'score_details': {'score': 23.174138941838738, 'adx': 25.37611271432352, 'volume_ratio': 1.5619391911402367, 'ma_separation_pct': 0.7118938360411667, 'rr_ratio': 1.45, 'adx_points': 5.376112714323519, 'volume_points': 8.42908786710355, 'ma_points': 7.118938360411668, 'rr_points': 2.25}, 'signal_row': {'open': 2.906, 'high': 2.919, 'low': 2.905, 'close': 2.905, 'volume': 244106.2, 'turnover': 711120.2614, 'ma7': 2.900142857142857, 'ma14': 2.8885, 'ma28': 2.879642857142857, 'mavol_fast': 176458.8000000007, 'mavol_slow': 156284.061111111, 'volume_ratio': 1.1290901883752966, 'volume_spike_ratio': 1.5619391911402367, 'rsi': 64.11421695409109, 'di_plus': 35.394891479741034, 'di_minus': 12.012702415641412, 'adx': 25.37611271432352, 'atr': 0.010945963428425572, 'atr_pct': 0.003767973641454586}, 'side': 'LONG', 'risk_amount': 2.2843319999999787, 'pretrade_exit_plan': {'stop_loss': 2.8796, 'take_profit': 2.9419, 'risk_distance': 0.025399999999999867, 'reward_distance': 0.036900000000000155, 'risk_reward': 1.4527559055118247}, 'entry_price_hint': 2.905, 'create_bracket': True, 'leverage': 2.0, 'liquidation_price_estimate': 1.467025, 'portfolio_heat_after': 2.185331807999988, 'atr_pct': 0.003767973641454586, 'entry_bar_index': 18555, 'actual_exit_plan': {'stop_loss': 2.8796, 'take_profit': 2.9447, 'risk_distance': 0.026561999999999752, 'reward_distance': 0.038538000000000405, 'risk_reward': 1.4508696634289875}, 'position_side': 'LONG', 'exit_plan': {'stop_loss': 2.8796, 'take_profit': 2.9447, 'risk_distance': 0.026561999999999752, 'reward_distance': 0.038538000000000405, 'risk_reward': 1.4508696634289875}, 'source_entry_order': 'aaecf8c3-8233-4e6b-81c0-522995367099', 'exit_reason': 'stop_loss'}",-1.1848120936676503
c2158566-267d-4881-b976-9e0230f6b0d5,NEARUSDT,LONG,2025-07-27 10:55:00+00:00,2025-07-27 11:55:00+00:00,2.9291712,2.8967609,85.2,-2.7613575600000004,0.273003178206,0.2479575599999933,-3.0343607382060003,2.613186240000001,stop_loss,12,"{'strategy': 'live_indicator_adapter', 'signal_reason': 'signal_confirmed', 'signal_details': {'ma7': 2.912142857142857, 'ma14': 2.9010714285714285, 'ma28': 2.898535714285714, 'mavol_fast': 81244.733333334, 'mavol_slow': 63565.461111110984, 'volume': 210092.3, 'volume_ratio': 1.2781270191892427, 'volume_spike_ratio': 3.3051329499956497, 'adx': 22.208582095659438, 'di_plus': 42.708814825526126, 'di_minus': 13.862640821753828, 'close': 2.928, 'signal': 'LONG'}, 'htf_reason': 'htf_trend_confirmed', 'htf_details': {'ma7': 2.906714285714286, 'ma14': 2.9029285714285713, 'ma28': 2.8893214285714284, 'adx': 26.667445150435213, 'di_plus': 21.170225643910065, 'di_minus': 17.014008055744117, 'open': 2.903, 'close': 2.884, 'trend': 'LONG'}, 'score_details': {'score': 39.15307069211826, 'adx': 22.208582095659438, 'volume_ratio': 3.3051329499956497, 'ma_separation_pct': 0.46944885964588284, 'rr_ratio': 1.45, 'adx_points': 2.2085820956594375, 'volume_points': 30.0, 'ma_points': 4.694488596458829, 'rr_points': 2.25}, 'signal_row': {'open': 2.931, 'high': 2.935, 'low': 2.926, 'close': 2.928, 'volume': 210092.3, 'turnover': 615757.6882, 'ma7': 2.912142857142857, 'ma14': 2.9010714285714285, 'ma28': 2.898535714285714, 'mavol_fast': 81244.733333334, 'mavol_slow': 63565.461111110984, 'volume_ratio': 1.2781270191892427, 'volume_spike_ratio': 3.3051329499956497, 'rsi': 71.44096878307703, 'di_plus': 42.708814825526126, 'di_minus': 13.862640821753828, 'adx': 22.208582095659438, 'atr': 0.007864122723262377, 'atr_pct': 0.0026858342634092816}, 'side': 'LONG', 'risk_amount': 2.613186240000001, 'pretrade_exit_plan': {'stop_loss': 2.8985, 'take_profit': 2.9708, 'risk_distance': 0.02950000000000008, 'reward_distance': 0.04280000000000017, 'risk_reward': 1.4508474576271204}, 'entry_price_hint': 2.928, 'create_bracket': True, 'leverage': 2.0, 'liquidation_price_estimate': 1.47864, 'portfolio_heat_after': 2.517281808000006, 'atr_pct': 0.0026858342634092816, 'entry_bar_index': 18775, 'actual_exit_plan': {'stop_loss': 2.8985, 'take_profit': 2.9737, 'risk_distance': 0.03067120000000001, 'reward_distance': 0.044528800000000146, 'risk_reward': 1.4518114713477182}, 'position_side': 'LONG', 'exit_plan': {'stop_loss': 2.8985, 'take_profit': 2.9737, 'risk_distance': 0.03067120000000001, 'reward_distance': 0.044528800000000146, 'risk_reward': 1.4518114713477182}, 'source_entry_order': '6824acd8-4627-4d16-a903-8e86ba3dde56', 'exit_reason': 'stop_loss'}",-1.1611727827734157
4a19511f-6e7f-4bd7-b914-9c49161a61d7,BUSDT,SHORT,2025-07-27 14:45:00+00:00,2025-07-27 15:25:00+00:00,0.472480932,0.48138865999999997,528.7,-4.709515793599973,0.27737096930972005,0.25257479359994695,-4.986886762909693,4.556901251600005,stop_loss,8,"{'strategy': 'live_indicator_adapter', 'signal_reason': 'signal_confirmed', 'signal_details': {'ma7': 0.47740285714285713, 'ma14': 0.48001642857142857, 'ma28': 0.48102071428571425, 'mavol_fast': 34268.0, 'mavol_slow': 24841.5, 'volume': 104877.0, 'volume_ratio': 1.3794658132560433, 'volume_spike_ratio': 4.221846506853451, 'adx': 25.695792625894644, 'di_plus': 15.451363790425344, 'di_minus': 33.31195861968217, 'close': 0.47267, 'signal': 'SHORT'}, 'htf_reason': 'htf_trend_confirmed', 'htf_details': {'ma7': 0.4834557142857143, 'ma14': 0.49743642857142856, 'ma28': 0.5211985714285714, 'adx': 38.41976694031923, 'di_plus': 9.373962457680584, 'di_minus': 31.57521192852849, 'open': 0.4813, 'close': 0.48221, 'trend': 'SHORT'}, 'score_details': {'score': 45.46700124625397, 'adx': 25.695792625894644, 'volume_ratio': 4.221846506853451, 'ma_separation_pct': 0.7521208620359331, 'rr_ratio': 1.45, 'adx_points': 5.695792625894644, 'volume_points': 30.0, 'ma_points': 7.521208620359331, 'rr_points': 2.25}, 'signal_row': {'open': 0.47489, 'high': 0.47609, 'low': 0.47055, 'close': 0.47267, 'volume': 104877.0, 'turnover': 49557.4003, 'ma7': 0.47740285714285713, 'ma14': 0.48001642857142857, 'ma28': 0.48102071428571425, 'mavol_fast': 34268.0, 'mavol_slow': 24841.5, 'volume_ratio': 1.3794658132560433, 'volume_spike_ratio': 4.221846506853451, 'rsi': 24.9499055469703, 'di_plus': 15.451363790425344, 'di_minus': 33.31195861968217, 'adx': 25.695792625894644, 'atr': 0.0025033622928430886, 'atr_pct': 0.005296215737920936}, 'side': 'SHORT', 'risk_amount': 4.557763158400004, 'pretrade_exit_plan': {'stop_loss': 0.4811, 'take_profit': 0.4604, 'risk_distance': 0.008430000000000049, 'reward_distance': 0.012270000000000003, 'risk_reward': 1.4555160142348675}, 'entry_price_hint': 0.47267, 'create_bracket': True, 'leverage': 2.0, 'liquidation_price_estimate': 0.70664165, 'portfolio_heat_after': 4.4595588080000255, 'atr_pct': 0.005296215737920936, 'entry_bar_index': 18821, 'actual_exit_plan': {'stop_loss': 0.4811, 'take_profit': 0.4599, 'risk_distance': 0.008619068000000008, 'reward_distance': 0.012580932000000045, 'risk_reward': 1.4596626920683342}, 'position_side': 'SHORT', 'exit_plan': {'stop_loss': 0.4811, 'take_profit': 0.4599, 'risk_distance': 0.008619068000000008, 'reward_distance': 0.012580932000000045, 'risk_reward': 1.4596626920683342}, 'source_entry_order': 'c3b69611-f049-4ef7-a5ac-7e8bf76d73ae', 'exit_reason': 'stop_loss'}",-1.0943591900655545
9fa04acf-18f2-4fff-b0ba-74a417f5621d,BUSDT,SHORT,2025-07-27 14:45:00+00:00,2025-07-27 18:15:00+00:00,0.472480932,0.4599,0.09999999999990905,0.0012580931999988602,3.518445125997108e-05,1.8906799999968138e-05,0.001222908748738889,0.0008619067999990904,take_profit_1,42,"{'strategy': 'live_indicator_adapter', 'signal_reason': 'signal_confirmed', 'signal_details': {'ma7': 0.47740285714285713, 'ma14': 0.48001642857142857, 'ma28': 0.48102071428571425, 'mavol_fast': 34268.0, 'mavol_slow': 24841.5, 'volume': 104877.0, 'volume_ratio': 1.3794658132560433, 'volume_spike_ratio': 4.221846506853451, 'adx': 25.695792625894644, 'di_plus': 15.451363790425344, 'di_minus': 33.31195861968217, 'close': 0.47267, 'signal': 'SHORT'}, 'htf_reason': 'htf_trend_confirmed', 'htf_details': {'ma7': 0.4834557142857143, 'ma14': 0.49743642857142856, 'ma28': 0.5211985714285714, 'adx': 38.41976694031923, 'di_plus': 9.373962457680584, 'di_minus': 31.57521192852849, 'open': 0.4813, 'close': 0.48221, 'trend': 'SHORT'}, 'score_details': {'score': 45.46700124625397, 'adx': 25.695792625894644, 'volume_ratio': 4.221846506853451, 'ma_separation_pct': 0.7521208620359331, 'rr_ratio': 1.45, 'adx_points': 5.695792625894644, 'volume_points': 30.0, 'ma_points': 7.521208620359331, 'rr_points': 2.25}, 'signal_row': {'open': 0.47489, 'high': 0.47609, 'low': 0.47055, 'close': 0.47267, 'volume': 104877.0, 'turnover': 49557.4003, 'ma7': 0.47740285714285713, 'ma14': 0.48001642857142857, 'ma28': 0.48102071428571425, 'mavol_fast': 34268.0, 'mavol_slow': 24841.5, 'volume_ratio': 1.3794658132560433, 'volume_spike_ratio': 4.221846506853451, 'rsi': 24.9499055469703, 'di_plus': 15.451363790425344, 'di_minus': 33.31195861968217, 'adx': 25.695792625894644, 'atr': 0.0025033622928430886, 'atr_pct': 0.005296215737920936}, 'side': 'SHORT', 'risk_amount': 4.557763158400004, 'pretrade_exit_plan': {'stop_loss': 0.4811, 'take_profit': 0.4604, 'risk_distance': 0.008430000000000049, 'reward_distance': 0.012270000000000003, 'risk_reward': 1.4555160142348675}, 'entry_price_hint': 0.47267, 'create_bracket': True, 'leverage': 2.0, 'liquidation_price_estimate': 0.70664165, 'portfolio_heat_after': 4.4595588080000255, 'atr_pct': 0.005296215737920936, 'entry_bar_index': 18821, 'actual_exit_plan': {'stop_loss': 0.4811, 'take_profit': 0.4599, 'risk_distance': 0.008619068000000008, 'reward_distance': 0.012580932000000045, 'risk_reward': 1.4596626920683342}, 'position_side': 'SHORT', 'exit_plan': {'stop_loss': 0.4811, 'take_profit': 0.4599, 'risk_distance': 0.008619068000000008, 'reward_distance': 0.012580932000000045, 'risk_reward': 1.4596626920683342}, 'source_entry_order': 'c3b69611-f049-4ef7-a5ac-7e8bf76d73ae', 'exit_reason': 'take_profit_1'}",1.4188410495661243
0163ea8e-1427-4cd4-8412-fc230ba8bf17,SAGAUSDT,SHORT,2025-07-23 13:00:00+00:00,2025-07-27 22:20:00+00:00,0.29508192000000005,0.30458263999999996,0.09999999999990905,-0.0009500719999991266,3.2981550799969804e-05,3.00719999999637e-05,-0.0009830535507990964,0.0009318079999993678,stop_loss,1264,"{'strategy': 'live_indicator_adapter', 'signal_reason': 'signal_confirmed', 'signal_details': {'ma7': 0.3004428571428571, 'ma14': 0.30255000000000004, 'ma28': 0.30430357142857145, 'mavol_fast': 138101.08888888906, 'mavol_slow': 104633.64999999992, 'volume': 451430.3, 'volume_ratio': 1.319853497310752, 'volume_spike_ratio': 4.314389300191672, 'adx': 56.24891029862268, 'di_plus': 3.9862140642951345, 'di_minus': 46.280723008881914, 'close': 0.2952, 'signal': 'SHORT'}, 'htf_reason': 'htf_trend_confirmed', 'htf_details': {'ma7': 0.3081571428571429, 'ma14': 0.31198571428571426, 'ma28': 0.3127535714285714, 'adx': 23.07399348380428, 'di_plus': 9.690610095390008, 'di_minus': 32.02416158947153, 'open': 0.3063, 'close': 0.2952, 'trend': 'SHORT'}, 'score_details': {'score': 81.18595918073069, 'adx': 56.24891029862268, 'volume_ratio': 4.314389300191672, 'ma_separation_pct': 1.2687048882107996, 'rr_ratio': 1.45, 'adx_points': 36.24891029862268, 'volume_points': 30.0, 'ma_points': 12.687048882107996, 'rr_points': 2.25}, 'signal_row': {'open': 0.2994, 'high': 0.2994, 'low': 0.2934, 'close': 0.2952, 'volume': 451430.3, 'turnover': 133376.26105, 'ma7': 0.3004428571428571, 'ma14': 0.30255000000000004, 'ma28': 0.30430357142857145, 'mavol_fast': 138101.08888888906, 'mavol_slow': 104633.64999999992, 'volume_ratio': 1.319853497310752, 'volume_spike_ratio': 4.314389300191672, 'rsi': 27.622838137748744, 'di_plus': 3.9862140642951345, 'di_minus': 46.280723008881914, 'adx': 56.24891029862268, 'atr': 0.0024881252718956487, 'atr_pct': 0.008428608644632955}, 'side': 'SHORT', 'risk_amount': 4.810924703999974, 'pretrade_exit_plan': {'stop_loss': 0.3044, 'take_profit': 0.2818, 'risk_distance': 0.009199999999999986, 'reward_distance': 0.013400000000000023, 'risk_reward': 1.4565217391304395}, 'entry_price_hint': 0.2952, 'create_bracket': True, 'leverage': 2.0, 'liquidation_price_estimate': 0.44132400000000005, 'portfolio_heat_after': 4.750879999999992, 'atr_pct': 0.008428608644632955, 'entry_bar_index': 17648, 'actual_exit_plan': {'stop_loss': 0.3044, 'take_profit': 0.2815, 'risk_distance': 0.00931807999999995, 'reward_distance': 0.01358192000000008, 'risk_reward': 1.4575878292523945}, 'position_side': 'SHORT', 'exit_plan': {'stop_loss': 0.3044, 'take_profit': 0.2815, 'risk_distance': 0.00931807999999995, 'reward_distance': 0.01358192000000008, 'risk_reward': 1.4575878292523945}, 'source_entry_order': 'bec755c3-0cbb-4e42-96dc-5d12f5250502', 'exit_reason': 'stop_loss'}",-1.0549958261785297
daa33a15-2e5c-4552-9c8a-df85efdd5981,SAGAUSDT,LONG,2025-07-27 22:35:00+00:00,2025-07-28 00:45:00+00:00,0.30592232,0.315,386.5,3.5085233199999912,0.089380937174,0.04727668000000351,3.4191423828259913,2.4049266800000013,take_profit_1,26,"{'strategy': 'live_indicator_adapter', 'signal_reason': 'signal_confirmed', 'signal_details': {'ma7': 0.3036714285714286, 'ma14': 0.3016857142857143, 'ma28': 0.29979999999999996, 'mavol_fast': 99658.36666666687, 'mavol_slow': 60119.944444444365, 'volume': 567208.1, 'volume_ratio': 1.657658994657907, 'volume_spike_ratio': 9.434607853374608, 'adx': 36.12728040363731, 'di_plus': 45.68852448918519, 'di_minus': 7.028650256077865, 'close': 0.3058, 'signal': 'LONG'}, 'htf_reason': 'htf_trend_confirmed', 'htf_details': {'ma7': 0.2993, 'ma14': 0.29774285714285714, 'ma28': 0.2911107142857143, 'adx': 42.3275605323327, 'di_plus': 29.157012512575164, 'di_minus': 8.79473582074763, 'open': 0.2977, 'close': 0.3011, 'trend': 'LONG'}, 'score_details': {'score': 61.29065122227853, 'adx': 36.12728040363731, 'volume_ratio': 9.434607853374608, 'ma_separation_pct': 1.2913370818641217, 'rr_ratio': 1.45, 'adx_points': 16.127280403637307, 'volume_points': 30.0, 'ma_points': 12.913370818641216, 'rr_points': 2.25}, 'signal_row': {'open': 0.3042, 'high': 0.3071, 'low': 0.3038, 'close': 0.3058, 'volume': 567208.1, 'turnover': 173434.42218, 'ma7': 0.3036714285714286, 'ma14': 0.3016857142857143, 'ma28': 0.29979999999999996, 'mavol_fast': 99658.36666666687, 'mavol_slow': 60119.944444444365, 'volume_ratio': 1.657658994657907, 'volume_spike_ratio': 9.434607853374608, 'rsi': 73.97746487039673, 'di_plus': 45.68852448918519, 'di_minus': 7.028650256077865, 'adx': 36.12728040363731, 'atr': 0.0013163890607890093, 'atr_pct': 0.004304738589892117}, 'side': 'LONG', 'risk_amount': 4.809853360000003, 'pretrade_exit_plan': {'stop_loss': 0.2997, 'take_profit': 0.3147, 'risk_distance': 0.006099999999999994, 'reward_distance': 0.008899999999999963, 'risk_reward': 1.4590163934426184}, 'entry_price_hint': 0.3058, 'create_bracket': True, 'leverage': 2.0, 'liquidation_price_estimate': 0.154429, 'portfolio_heat_after': 4.715299999999996, 'atr_pct': 0.004304738589892117, 'entry_bar_index': 18915, 'actual_exit_plan': {'stop_loss': 0.2997, 'take_profit': 0.315, 'risk_distance': 0.006222320000000003, 'reward_distance': 0.009077679999999977, 'risk_reward': 1.4588899317296398}, 'position_side': 'LONG', 'exit_plan': {'stop_loss': 0.2997, 'take_profit': 0.315, 'risk_distance': 0.006222320000000003, 'reward_distance': 0.009077679999999977, 'risk_reward': 1.4588899317296398}, 'source_entry_order': '75d51f14-6f37-4513-a7c9-5deb5f1ef415', 'exit_reason': 'take_profit_1'}",1.421724167834501
11bef118-7ee9-42d9-99c2-8980dba2f957,NEARUSDT,LONG,2025-07-28 00:25:00+00:00,2025-07-28 00:45:00+00:00,2.9891951999999997,2.95642508,83.5,-2.7363050199999917,0.273052611359,0.24800502000000635,-3.0093576313589914,2.588099199999963,stop_loss,4,"{'strategy': 'live_indicator_adapter', 'signal_reason': 'signal_confirmed', 'signal_details': {'ma7': 2.971857142857143, 'ma14': 2.9595, 'ma28': 2.95825, 'mavol_fast': 107147.08888888957, 'mavol_slow': 89165.24999999987, 'volume': 170414.0, 'volume_ratio': 1.2016686869479951, 'volume_spike_ratio': 1.9112154118336488, 'adx': 29.045793948733465, 'di_plus': 35.17239911225971, 'di_minus': 11.702096302036999, 'close': 2.988, 'signal': 'LONG'}, 'htf_reason': 'htf_trend_confirmed', 'htf_details': {'ma7': 2.9315714285714285, 'ma14': 2.9200000000000004, 'ma28': 2.9114642857142856, 'adx': 22.61142502592652, 'di_plus': 26.595957278125407, 'di_minus': 14.030518322792526, 'open': 2.96, 'close': 2.963, 'trend': 'LONG'}, 'score_details': {'score': 29.563752281530324, 'adx': 29.045793948733465, 'volume_ratio': 1.9112154118336488, 'ma_separation_pct': 0.45997271552921254, 'rr_ratio': 1.45, 'adx_points': 9.045793948733465, 'volume_points': 13.668231177504733, 'ma_points': 4.599727155292125, 'rr_points': 2.25}, 'signal_row': {'open': 2.994, 'high': 2.994, 'low': 2.976, 'close': 2.988, 'volume': 170414.0, 'turnover': 508704.9782, 'ma7': 2.971857142857143, 'ma14': 2.9595, 'ma28': 2.95825, 'mavol_fast': 107147.08888888957, 'mavol_slow': 89165.24999999987, 'volume_ratio': 1.2016686869479951, 'volume_spike_ratio': 1.9112154118336488, 'rsi': 66.5699425365363, 'di_plus': 35.17239911225971, 'di_minus': 11.702096302036999, 'adx': 29.045793948733465, 'atr': 0.012063339087858591, 'atr_pct': 0.0040372620775965835}, 'side': 'LONG', 'risk_amount': 2.588099199999963, 'pretrade_exit_plan': {'stop_loss': 2.9582, 'take_profit': 3.0313, 'risk_distance': 0.029799999999999827, 'reward_distance': 0.043299999999999894, 'risk_reward': 1.4530201342281928}, 'entry_price_hint': 2.988, 'create_bracket': True, 'leverage': 2.0, 'liquidation_price_estimate': 1.50894, 'portfolio_heat_after': 7.301133359999988, 'atr_pct': 0.0040372620775965835, 'entry_bar_index': 18937, 'actual_exit_plan': {'stop_loss': 2.9582, 'take_profit': 3.0342, 'risk_distance': 0.030995199999999556, 'reward_distance': 0.04500480000000007, 'risk_reward': 1.451992566590979}, 'position_side': 'LONG', 'exit_plan': {'stop_loss': 2.9582, 'take_profit': 3.0342, 'risk_distance': 0.030995199999999556, 'reward_distance': 0.04500480000000007, 'risk_reward': 1.451992566590979}, 'source_entry_order': '6141315f-e28f-48f9-a8db-b58c104849cd', 'exit_reason': 'stop_loss'}",-1.1627674979997036
b438fb23-24cc-4b20-b39f-39ee49228d77,SAGAUSDT,LONG,2025-07-27 22:35:00+00:00,2025-07-28 02:05:00+00:00,0.30592232,0.29952018,386.5,-2.47442711,0.12870193943750002,0.11677711000000243,-2.6031290494375003,2.4049266800000013,stop_loss,42,"{'strategy': 'live_indicator_adapter', 'signal_reason': 'signal_confirmed', 'signal_details': {'ma7': 0.3036714285714286, 'ma14': 0.3016857142857143, 'ma28': 0.29979999999999996, 'mavol_fast': 99658.36666666687, 'mavol_slow': 60119.944444444365, 'volume': 567208.1, 'volume_ratio': 1.657658994657907, 'volume_spike_ratio': 9.434607853374608, 'adx': 36.12728040363731, 'di_plus': 45.68852448918519, 'di_minus': 7.028650256077865, 'close': 0.3058, 'signal': 'LONG'}, 'htf_reason': 'htf_trend_confirmed', 'htf_details': {'ma7': 0.2993, 'ma14': 0.29774285714285714, 'ma28': 0.2911107142857143, 'adx': 42.3275605323327, 'di_plus': 29.157012512575164, 'di_minus': 8.79473582074763, 'open': 0.2977, 'close': 0.3011, 'trend': 'LONG'}, 'score_details': {'score': 61.29065122227853, 'adx': 36.12728040363731, 'volume_ratio': 9.434607853374608, 'ma_separation_pct': 1.2913370818641217, 'rr_ratio': 1.45, 'adx_points': 16.127280403637307, 'volume_points': 30.0, 'ma_points': 12.913370818641216, 'rr_points': 2.25}, 'signal_row': {'open': 0.3042, 'high': 0.3071, 'low': 0.3038, 'close': 0.3058, 'volume': 567208.1, 'turnover': 173434.42218, 'ma7': 0.3036714285714286, 'ma14': 0.3016857142857143, 'ma28': 0.29979999999999996, 'mavol_fast': 99658.36666666687, 'mavol_slow': 60119.944444444365, 'volume_ratio': 1.657658994657907, 'volume_spike_ratio': 9.434607853374608, 'rsi': 73.97746487039673, 'di_plus': 45.68852448918519, 'di_minus': 7.028650256077865, 'adx': 36.12728040363731, 'atr': 0.0013163890607890093, 'atr_pct': 0.004304738589892117}, 'side': 'LONG', 'risk_amount': 4.809853360000003, 'pretrade_exit_plan': {'stop_loss': 0.2997, 'take_profit': 0.3147, 'risk_distance': 0.006099999999999994, 'reward_distance': 0.008899999999999963, 'risk_reward': 1.4590163934426184}, 'entry_price_hint': 0.3058, 'create_bracket': True, 'leverage': 2.0, 'liquidation_price_estimate': 0.154429, 'portfolio_heat_after': 4.715299999999996, 'atr_pct': 0.004304738589892117, 'entry_bar_index': 18915, 'actual_exit_plan': {'stop_loss': 0.2997, 'take_profit': 0.315, 'risk_distance': 0.006222320000000003, 'reward_distance': 0.009077679999999977, 'risk_reward': 1.4588899317296398}, 'position_side': 'LONG', 'exit_plan': {'stop_loss': 0.2997, 'take_profit': 0.315, 'risk_distance': 0.006222320000000003, 'reward_distance': 0.009077679999999977, 'risk_reward': 1.4588899317296398}, 'source_entry_order': '75d51f14-6f37-4513-a7c9-5deb5f1ef415', 'exit_reason': 'stop_loss'}",-1.0824151401727968
441b6249-3855-41a0-9836-b9524d3460fd,SAGAUSDT,LONG,2025-07-28 04:45:00+00:00,2025-07-28 07:00:00+00:00,0.31142452,0.30681579999999997,803.0,-3.7008021600000083,0.27304583732800003,0.2479021599999876,-3.9738479973280083,3.55288955999999,stop_loss,27,"{'strategy': 'live_indicator_adapter', 'signal_reason': 'signal_confirmed', 'signal_details': {'ma7': 0.3082, 'ma14': 0.3076, 'ma28': 0.3070535714285714, 'mavol_fast': 22061.766666666874, 'mavol_slow': 16222.038888888805, 'volume': 66746.5, 'volume_ratio': 1.3599872875275842, 'volume_spike_ratio': 4.11455677410055, 'adx': 22.486541534725156, 'di_plus': 41.30938104675302, 'di_minus': 16.322373097428983, 'close': 0.3113, 'signal': 'LONG'}, 'htf_reason': 'htf_trend_confirmed', 'htf_details': {'ma7': 0.3061285714285714, 'ma14': 0.3027714285714286, 'ma28': 0.296275, 'adx': 47.792940412564356, 'di_plus': 31.101572071229274, 'di_minus': 11.162066119051833, 'open': 0.3075, 'close': 0.308, 'trend': 'LONG'}, 'score_details': {'score': 38.470185035742816, 'adx': 22.486541534725156, 'volume_ratio': 4.11455677410055, 'ma_separation_pct': 0.3733643501017662, 'rr_ratio': 1.45, 'adx_points': 2.4865415347251556, 'volume_points': 30.0, 'ma_points': 3.7336435010176623, 'rr_points': 2.25}, 'signal_row': {'open': 0.3098, 'high': 0.3121, 'low': 0.3097, 'close': 0.3113, 'volume': 66746.5, 'turnover': 20758.33468, 'ma7': 0.3082, 'ma14': 0.3076, 'ma28': 0.3070535714285714, 'mavol_fast': 22061.766666666874, 'mavol_slow': 16222.038888888805, 'volume_ratio': 1.3599872875275842, 'volume_spike_ratio': 4.11455677410055, 'rsi': 66.06283278766364, 'di_plus': 41.30938104675302, 'di_minus': 16.322373097428983, 'adx': 22.486541534725156, 'atr': 0.0015533955018999222, 'atr_pct': 0.004990027310953813}, 'side': 'LONG', 'risk_amount': 3.55288955999999, 'pretrade_exit_plan': {'stop_loss': 0.307, 'take_profit': 0.3176, 'risk_distance': 0.004300000000000026, 'reward_distance': 0.006299999999999972, 'risk_reward': 1.465116279069752}, 'entry_price_hint': 0.3113, 'create_bracket': True, 'leverage': 2.0, 'liquidation_price_estimate': 0.1572065, 'portfolio_heat_after': 3.452900000000021, 'atr_pct': 0.004990027310953813, 'entry_bar_index': 18989, 'actual_exit_plan': {'stop_loss': 0.307, 'take_profit': 0.3179, 'risk_distance': 0.004424519999999987, 'reward_distance': 0.006475480000000033, 'risk_reward': 1.4635440680571117}, 'position_side': 'LONG', 'exit_plan': {'stop_loss': 0.307, 'take_profit': 0.3179, 'risk_distance': 0.004424519999999987, 'reward_distance': 0.006475480000000033, 'risk_reward': 1.4635440680571117}, 'source_entry_order': 'b37ce1e9-5649-42b1-ab3d-991cc4961d74', 'exit_reason': 'stop_loss'}",-1.1184834006852775
b51550b6-029d-47b1-a732-2f419fbc1f76,NEARUSDT,LONG,2025-07-28 04:45:00+00:00,2025-07-28 11:20:00+00:00,2.9831928,2.95392658,83.7,-2.4495826139999823,0.2733152906583,0.24827261399998302,-2.722897904658282,2.301147359999971,stop_loss,79,"{'strategy': 'live_indicator_adapter', 'signal_reason': 'signal_confirmed', 'signal_details': {'ma7': 2.958285714285714, 'ma14': 2.9558571428571425, 'ma28': 2.9557857142857142, 'mavol_fast': 98576.91111111178, 'mavol_slow': 70225.04444444431, 'volume': 182902.1, 'volume_ratio': 1.4037287109030867, 'volume_spike_ratio': 2.604513837576786, 'adx': 22.32041459010556, 'di_plus': 39.527724033477746, 'di_minus': 16.64193084861596, 'close': 2.982, 'signal': 'LONG'}, 'htf_reason': 'htf_trend_confirmed', 'htf_details': {'ma7': 2.947571428571429, 'ma14': 2.929071428571429, 'ma28': 2.91825, 'adx': 24.770248839250918, 'di_plus': 29.154667027798205, 'di_minus': 15.213471614207457, 'open': 2.961, 'close': 2.957, 'trend': 'LONG'}, 'score_details': {'score': 29.483920950306473, 'adx': 22.32041459010556, 'volume_ratio': 2.604513837576786, 'ma_separation_pct': 0.08457987965491229, 'rr_ratio': 1.45, 'adx_points': 2.3204145901055604, 'volume_points': 24.06770756365179, 'ma_points': 0.8457987965491229, 'rr_points': 2.25}, 'signal_row': {'open': 2.969, 'high': 2.985, 'low': 2.969, 'close': 2.982, 'volume': 182902.1, 'turnover': 544725.2851, 'ma7': 2.958285714285714, 'ma14': 2.9558571428571425, 'ma28': 2.9557857142857142, 'mavol_fast': 98576.91111111178, 'mavol_slow': 70225.04444444431, 'volume_ratio': 1.4037287109030867, 'volume_spike_ratio': 2.604513837576786, 'rsi': 64.7829765737101, 'di_plus': 39.527724033477746, 'di_minus': 16.64193084861596, 'adx': 22.32041459010556, 'atr': 0.011830815727474743, 'atr_pct': 0.003967409700695756}, 'side': 'LONG', 'risk_amount': 2.301147359999971, 'pretrade_exit_plan': {'stop_loss': 2.9557, 'take_profit': 3.0202, 'risk_distance': 0.02629999999999999, 'reward_distance': 0.03819999999999979, 'risk_reward': 1.4524714828897265}, 'entry_price_hint': 2.982, 'create_bracket': True, 'leverage': 2.0, 'liquidation_price_estimate': 1.50591, 'portfolio_heat_after': 2.203939999999999, 'atr_pct': 0.003967409700695756, 'entry_bar_index': 18989, 'actual_exit_plan': {'stop_loss': 2.9557, 'take_profit': 3.0231, 'risk_distance': 0.02749279999999965, 'reward_distance': 0.03990720000000003, 'risk_reward': 1.4515509515218725}, 'position_side': 'LONG', 'exit_plan': {'stop_loss': 2.9557, 'take_profit': 3.0231, 'risk_distance': 0.02749279999999965, 'reward_distance': 0.03990720000000003, 'risk_reward': 1.4515509515218725}, 'source_entry_order': '16389ba2-65cf-455d-9671-60f1fd201194', 'exit_reason': 'stop_loss'}",-1.1832783732104477
daba0c9c-a152-48d1-95ed-cc22c87385b2,SAGAUSDT,SHORT,2025-07-28 18:05:00+00:00,2025-07-28 20:05:00+00:00,0.28028784,0.274,445.7,2.802490287999995,0.0931327196584,0.04998971199998764,2.7093575683415954,1.921929712000004,take_profit_1,24,"{'strategy': 'live_indicator_adapter', 'signal_reason': 'signal_confirmed', 'signal_details': {'ma7': 0.2826, 'ma14': 0.2834285714285714, 'ma28': 0.284525, 'mavol_fast': 24519.32222222243, 'mavol_slow': 22858.04444444436, 'volume': 79430.2, 'volume_ratio': 1.0726780360330361, 'volume_spike_ratio': 3.474934183151677, 'adx': 39.60985076179067, 'di_plus': 12.051174733684215, 'di_minus': 37.27921972847577, 'close': 0.2804, 'signal': 'SHORT'}, 'htf_reason': 'htf_trend_confirmed', 'htf_details': {'ma7': 0.29161428571428566, 'ma14': 0.30017857142857146, 'ma28': 0.30147500000000005, 'adx': 36.15442229001313, 'di_plus': 13.269383638953157, 'di_minus': 30.33053157734288, 'open': 0.2853, 'close': 0.2822, 'trend': 'SHORT'}, 'score_details': {'score': 58.62551283015006, 'adx': 39.60985076179067, 'volume_ratio': 3.474934183151677, 'ma_separation_pct': 0.6765662068359387, 'rr_ratio': 1.45, 'adx_points': 19.609850761790668, 'volume_points': 30.0, 'ma_points': 6.765662068359387, 'rr_points': 2.25}, 'signal_row': {'open': 0.2822, 'high': 0.2827, 'low': 0.2796, 'close': 0.2804, 'volume': 79430.2, 'turnover': 22329.19616, 'ma7': 0.2826, 'ma14': 0.2834285714285714, 'ma28': 0.284525, 'mavol_fast': 24519.32222222243, 'mavol_slow': 22858.04444444436, 'volume_ratio': 1.0726780360330361, 'volume_spike_ratio': 3.474934183151677, 'rsi': 32.15040298823534, 'di_plus': 12.051174733684215, 'di_minus': 37.27921972847577, 'adx': 39.60985076179067, 'atr': 0.0017051623470650356, 'atr_pct': 0.006081178127906689}, 'side': 'SHORT', 'risk_amount': 3.8442906400000085, 'pretrade_exit_plan': {'stop_loss': 0.2846, 'take_profit': 0.2743, 'risk_distance': 0.004200000000000037, 'reward_distance': 0.006099999999999994, 'risk_reward': 1.4523809523809381}, 'entry_price_hint': 0.2804, 'create_bracket': True, 'leverage': 2.0, 'liquidation_price_estimate': 0.419198, 'portfolio_heat_after': 3.744300000000033, 'atr_pct': 0.006081178127906689, 'entry_bar_index': 19149, 'actual_exit_plan': {'stop_loss': 0.2846, 'take_profit': 0.274, 'risk_distance': 0.004312160000000009, 'reward_distance': 0.006287839999999989, 'risk_reward': 1.458164817631993}, 'position_side': 'SHORT', 'exit_plan': {'stop_loss': 0.2846, 'take_profit': 0.274, 'risk_distance': 0.004312160000000009, 'reward_distance': 0.006287839999999989, 'risk_reward': 1.458164817631993}, 'source_entry_order': '057648da-199c-4247-9cdb-a7d10d42e0b0', 'exit_reason': 'take_profit_1'}",1.409706895848015
2bf9f2e7-2d41-42ca-bc79-792371f7a26a,SAGAUSDT,SHORT,2025-07-28 18:05:00+00:00,2025-07-28 22:40:00+00:00,0.28028784,0.2678,445.8,5.567079072000013,0.09260082348960001,0.05000092799998765,5.474478248510413,1.9223609280000045,take_profit_2,55,"{'strategy': 'live_indicator_adapter', 'signal_reason': 'signal_confirmed', 'signal_details': {'ma7': 0.2826, 'ma14': 0.2834285714285714, 'ma28': 0.284525, 'mavol_fast': 24519.32222222243, 'mavol_slow': 22858.04444444436, 'volume': 79430.2, 'volume_ratio': 1.0726780360330361, 'volume_spike_ratio': 3.474934183151677, 'adx': 39.60985076179067, 'di_plus': 12.051174733684215, 'di_minus': 37.27921972847577, 'close': 0.2804, 'signal': 'SHORT'}, 'htf_reason': 'htf_trend_confirmed', 'htf_details': {'ma7': 0.29161428571428566, 'ma14': 0.30017857142857146, 'ma28': 0.30147500000000005, 'adx': 36.15442229001313, 'di_plus': 13.269383638953157, 'di_minus': 30.33053157734288, 'open': 0.2853, 'close': 0.2822, 'trend': 'SHORT'}, 'score_details': {'score': 58.62551283015006, 'adx': 39.60985076179067, 'volume_ratio': 3.474934183151677, 'ma_separation_pct': 0.6765662068359387, 'rr_ratio': 1.45, 'adx_points': 19.609850761790668, 'volume_points': 30.0, 'ma_points': 6.765662068359387, 'rr_points': 2.25}, 'signal_row': {'open': 0.2822, 'high': 0.2827, 'low': 0.2796, 'close': 0.2804, 'volume': 79430.2, 'turnover': 22329.19616, 'ma7': 0.2826, 'ma14': 0.2834285714285714, 'ma28': 0.284525, 'mavol_fast': 24519.32222222243, 'mavol_slow': 22858.04444444436, 'volume_ratio': 1.0726780360330361, 'volume_spike_ratio': 3.474934183151677, 'rsi': 32.15040298823534, 'di_plus': 12.051174733684215, 'di_minus': 37.27921972847577, 'adx': 39.60985076179067, 'atr': 0.0017051623470650356, 'atr_pct': 0.006081178127906689}, 'side': 'SHORT', 'risk_amount': 3.8442906400000085, 'pretrade_exit_plan': {'stop_loss': 0.2846, 'take_profit': 0.2743, 'risk_distance': 0.004200000000000037, 'reward_distance': 0.006099999999999994, 'risk_reward': 1.4523809523809381}, 'entry_price_hint': 0.2804, 'create_bracket': True, 'leverage': 2.0, 'liquidation_price_estimate': 0.419198, 'portfolio_heat_after': 3.744300000000033, 'atr_pct': 0.006081178127906689, 'entry_bar_index': 19149, 'actual_exit_plan': {'stop_loss': 0.2846, 'take_profit': 0.274, 'risk_distance': 0.004312160000000009, 'reward_distance': 0.006287839999999989, 'risk_reward': 1.458164817631993}, 'position_side': 'SHORT', 'exit_plan': {'stop_loss': 0.2846, 'take_profit': 0.274, 'risk_distance': 0.004312160000000009, 'reward_distance': 0.006287839999999989, 'risk_reward': 1.458164817631993}, 'source_entry_order': '057648da-199c-4247-9cdb-a7d10d42e0b0', 'exit_reason': 'take_profit_2'}",2.847788970724648
c2a133d1-f0fd-48ed-bdc6-c2fe15d4328a,NEARUSDT,SHORT,2025-07-28 22:45:00+00:00,2025-07-29 00:05:00+00:00,2.7299076,2.75425156,91.5,-2.227472339999995,0.275990309727,0.2510723399999686,-2.503462649726995,2.076354599999995,stop_loss,16,"{'strategy': 'live_indicator_adapter', 'signal_reason': 'signal_confirmed', 'signal_details': {'ma7': 2.7442857142857138, 'ma14': 2.7522142857142855, 'ma28': 2.752535714285714, 'mavol_fast': 94022.2111111118, 'mavol_slow': 87660.29444444431, 'volume': 278583.0, 'volume_ratio': 1.0725746668658456, 'volume_spike_ratio': 3.177983849649913, 'adx': 29.83407175593782, 'di_plus': 15.094400100458424, 'di_minus': 39.214336809054544, 'close': 2.731, 'signal': 'SHORT'}, 'htf_reason': 'htf_trend_confirmed', 'htf_details': {'ma7': 2.7887142857142857, 'ma14': 2.8650714285714285, 'ma28': 2.909714285714286, 'adx': 33.392683451514365, 'di_plus': 10.087381356779016, 'di_minus': 31.10802138177371, 'open': 2.755, 'close': 2.752, 'trend': 'SHORT'}, 'score_details': {'score': 45.081308070505024, 'adx': 29.83407175593782, 'volume_ratio': 3.177983849649913, 'ma_separation_pct': 0.2997236314567201, 'rr_ratio': 1.45, 'adx_points': 9.83407175593782, 'volume_points': 30.0, 'ma_points': 2.9972363145672007, 'rr_points': 2.25}, 'signal_row': {'open': 2.738, 'high': 2.738, 'low': 2.718, 'close': 2.731, 'volume': 278583.0, 'turnover': 759750.7199, 'ma7': 2.7442857142857138, 'ma14': 2.7522142857142855, 'ma28': 2.752535714285714, 'mavol_fast': 94022.2111111118, 'mavol_slow': 87660.29444444431, 'volume_ratio': 1.0725746668658456, 'volume_spike_ratio': 3.177983849649913, 'rsi': 35.11938334637861, 'di_plus': 15.094400100458424, 'di_minus': 39.214336809054544, 'adx': 29.83407175593782, 'atr': 0.012858868369288736, 'atr_pct': 0.0047084834746571715}, 'side': 'SHORT', 'risk_amount': 2.076354599999995, 'pretrade_exit_plan': {'stop_loss': 2.7526, 'take_profit': 2.6996, 'risk_distance': 0.021600000000000286, 'reward_distance': 0.03139999999999965, 'risk_reward': 1.4537037037036682}, 'entry_price_hint': 2.731, 'create_bracket': True, 'leverage': 2.0, 'liquidation_price_estimate': 4.082845, 'portfolio_heat_after': 1.9764000000000261, 'atr_pct': 0.0047084834746571715, 'entry_bar_index': 19205, 'actual_exit_plan': {'stop_loss': 2.7526, 'take_profit': 2.697, 'risk_distance': 0.022692399999999946, 'reward_distance': 0.03290760000000015, 'risk_reward': 1.4501595247748245}, 'position_side': 'SHORT', 'exit_plan': {'stop_loss': 2.7526, 'take_profit': 2.697, 'risk_distance': 0.022692399999999946, 'reward_distance': 0.03290760000000015, 'risk_reward': 1.4501595247748245}, 'source_entry_order': '0ade9e2f-c4f5-4085-a0f8-897c049625e0', 'exit_reason': 'stop_loss'}",-1.2057009191623633
a7f17996-c489-4208-8282-8876189100e7,NEARUSDT,SHORT,2025-07-29 02:20:00+00:00,2025-07-29 03:45:00+00:00,2.6829264000000004,2.73073746,68.3,-3.2654953979999632,0.2033642829009,0.18516539799998397,-3.4688596809008634,3.1536568799999647,stop_loss,17,"{'strategy': 'live_indicator_adapter', 'signal_reason': 'signal_confirmed', 'signal_details': {'ma7': 2.7037142857142853, 'ma14': 2.718642857142857, 'ma28': 2.729071428571429, 'mavol_fast': 99066.14444444512, 'mavol_slow': 69586.03333333321, 'volume': 498126.9, 'volume_ratio': 1.423649828836993, 'volume_spike_ratio': 7.158432175805407, 'adx': 33.67647908844554, 'di_plus': 9.781896686327975, 'di_minus': 40.0897903975851, 'close': 2.684, 'signal': 'SHORT'}, 'htf_reason': 'htf_trend_confirmed', 'htf_details': {'ma7': 2.744285714285714, 'ma14': 2.7939285714285718, 'ma28': 2.882857142857143, 'adx': 36.220573908475224, 'di_plus': 11.509725645149699, 'di_minus': 24.617829211538943, 'open': 2.731, 'close': 2.704, 'trend': 'SHORT'}, 'score_details': {'score': 55.2179701764663, 'adx': 33.67647908844554, 'volume_ratio': 7.158432175805407, 'ma_separation_pct': 0.9291491088020764, 'rr_ratio': 1.45, 'adx_points': 13.67647908844554, 'volume_points': 30.0, 'ma_points': 9.291491088020763, 'rr_points': 2.25}, 'signal_row': {'open': 2.705, 'high': 2.705, 'low': 2.678, 'close': 2.684, 'volume': 498126.9, 'turnover': 1338615.4494, 'ma7': 2.7037142857142853, 'ma14': 2.718642857142857, 'ma28': 2.729071428571429, 'mavol_fast': 99066.14444444512, 'mavol_slow': 69586.03333333321, 'volume_ratio': 1.423649828836993, 'volume_spike_ratio': 7.158432175805407, 'rsi': 28.540880268181752, 'di_plus': 9.781896686327975, 'di_minus': 40.0897903975851, 'adx': 33.67647908844554, 'atr': 0.011993825056653293, 'atr_pct': 0.0044686382476353545}, 'side': 'SHORT', 'risk_amount': 4.294144799999952, 'pretrade_exit_plan': {'stop_loss': 2.7291, 'take_profit': 2.6186, 'risk_distance': 0.045099999999999696, 'reward_distance': 0.06540000000000035, 'risk_reward': 1.4501108647450285}, 'entry_price_hint': 2.684, 'create_bracket': True, 'leverage': 2.0, 'liquidation_price_estimate': 4.012580000000001, 'portfolio_heat_after': 8.38948853199999, 'atr_pct': 0.0044686382476353545, 'entry_bar_index': 19248, 'actual_exit_plan': {'stop_loss': 2.7291, 'take_profit': 2.6159, 'risk_distance': 0.04617359999999948, 'reward_distance': 0.06702640000000049, 'risk_reward': 1.4516173744304373}, 'position_side': 'SHORT', 'exit_plan': {'stop_loss': 2.7291, 'take_profit': 2.6159, 'risk_distance': 0.04617359999999948, 'reward_distance': 0.06702640000000049, 'risk_reward': 1.4516173744304373}, 'source_entry_order': '8a8b972e-c025-4e5b-8ccf-82099ee92651', 'exit_reason': 'stop_loss'}",-1.0999483497712985
8408a3e0-cbbb-4191-84e0-58c3cc2391b8,SAGAUSDT,SHORT,2025-07-28 22:45:00+00:00,2025-07-29 03:55:00+00:00,0.26879243999999997,0.27346398,929.7,-4.343130738000028,0.2772746865207,0.2524507380000135,-4.620405424520728,4.19067853200002,stop_loss,62,"{'strategy': 'live_indicator_adapter', 'signal_reason': 'signal_confirmed', 'signal_details': {'ma7': 0.2707857142857143, 'ma14': 0.2725785714285714, 'ma28': 0.2732928571428571, 'mavol_fast': 38574.400000000205, 'mavol_slow': 35782.4888888888, 'volume': 70527.7, 'volume_ratio': 1.0780245085740345, 'volume_spike_ratio': 1.9710115810837379, 'adx': 41.180905427878194, 'di_plus': 13.691102627918232, 'di_minus': 42.916269529513606, 'close': 0.2689, 'signal': 'SHORT'}, 'htf_reason': 'htf_trend_confirmed', 'htf_details': {'ma7': 0.27998571428571434, 'ma14': 0.2905642857142857, 'ma28': 0.298075, 'adx': 39.827817980203555, 'di_plus': 9.533086539242666, 'di_minus': 32.00681416727126, 'open': 0.2745, 'close': 0.2725, 'trend': 'SHORT'}, 'score_details': {'score': 47.169911506069255, 'adx': 41.180905427878194, 'volume_ratio': 1.9710115810837379, 'ma_separation_pct': 0.917383236193499, 'rr_ratio': 1.45, 'adx_points': 21.180905427878194, 'volume_points': 14.565173716256067, 'ma_points': 9.173832361934991, 'rr_points': 2.25}, 'signal_row': {'open': 0.2699, 'high': 0.2699, 'low': 0.2677, 'close': 0.2689, 'volume': 70527.7, 'turnover': 18940.21796, 'ma7': 0.2707857142857143, 'ma14': 0.2725785714285714, 'ma28': 0.2732928571428571, 'mavol_fast': 38574.400000000205, 'mavol_slow': 35782.4888888888, 'volume_ratio': 1.0780245085740345, 'volume_spike_ratio': 1.9710115810837379, 'rsi': 31.545723321572567, 'di_plus': 13.691102627918232, 'di_minus': 42.916269529513606, 'adx': 41.180905427878194, 'atr': 0.0016482309088206258, 'atr_pct': 0.006129531085238476}, 'side': 'SHORT', 'risk_amount': 4.19067853200002, 'pretrade_exit_plan': {'stop_loss': 0.2733, 'take_profit': 0.2625, 'risk_distance': 0.004400000000000015, 'reward_distance': 0.006399999999999961, 'risk_reward': 1.4545454545454408}, 'entry_price_hint': 0.2689, 'create_bracket': True, 'leverage': 2.0, 'liquidation_price_estimate': 0.40200549999999996, 'portfolio_heat_after': 4.090680000000014, 'atr_pct': 0.006129531085238476, 'entry_bar_index': 19205, 'actual_exit_plan': {'stop_loss': 0.2733, 'take_profit': 0.2622, 'risk_distance': 0.0045075600000000215, 'reward_distance': 0.006592439999999977, 'risk_reward': 1.4625296169102453}, 'position_side': 'SHORT', 'exit_plan': {'stop_loss': 0.2733, 'take_profit': 0.2622, 'risk_distance': 0.0045075600000000215, 'reward_distance': 0.006592439999999977, 'risk_reward': 1.4625296169102453}, 'source_entry_order': '1ae827ef-6462-473f-8fd1-4a60fa701eb1', 'exit_reason': 'stop_loss'}",-1.102543511567235
aa35379c-62fe-4882-bf4f-3c6bed91d6e1,NEARUSDT,SHORT,2025-07-29 02:20:00+00:00,2025-07-29 03:55:00+00:00,2.6829264000000004,2.73073746,24.700000000000003,-1.1809331819999869,0.07354462353810001,0.06696318199999421,-1.254477805538087,1.140487919999987,stop_loss,19,"{'strategy': 'live_indicator_adapter', 'signal_reason': 'signal_confirmed', 'signal_details': {'ma7': 2.7037142857142853, 'ma14': 2.718642857142857, 'ma28': 2.729071428571429, 'mavol_fast': 99066.14444444512, 'mavol_slow': 69586.03333333321, 'volume': 498126.9, 'volume_ratio': 1.423649828836993, 'volume_spike_ratio': 7.158432175805407, 'adx': 33.67647908844554, 'di_plus': 9.781896686327975, 'di_minus': 40.0897903975851, 'close': 2.684, 'signal': 'SHORT'}, 'htf_reason': 'htf_trend_confirmed', 'htf_details': {'ma7': 2.744285714285714, 'ma14': 2.7939285714285718, 'ma28': 2.882857142857143, 'adx': 36.220573908475224, 'di_plus': 11.509725645149699, 'di_minus': 24.617829211538943, 'open': 2.731, 'close': 2.704, 'trend': 'SHORT'}, 'score_details': {'score': 55.2179701764663, 'adx': 33.67647908844554, 'volume_ratio': 7.158432175805407, 'ma_separation_pct': 0.9291491088020764, 'rr_ratio': 1.45, 'adx_points': 13.67647908844554, 'volume_points': 30.0, 'ma_points': 9.291491088020763, 'rr_points': 2.25}, 'signal_row': {'open': 2.705, 'high': 2.705, 'low': 2.678, 'close': 2.684, 'volume': 498126.9, 'turnover': 1338615.4494, 'ma7': 2.7037142857142853, 'ma14': 2.718642857142857, 'ma28': 2.729071428571429, 'mavol_fast': 99066.14444444512, 'mavol_slow': 69586.03333333321, 'volume_ratio': 1.423649828836993, 'volume_spike_ratio': 7.158432175805407, 'rsi': 28.540880268181752, 'di_plus': 9.781896686327975, 'di_minus': 40.0897903975851, 'adx': 33.67647908844554, 'atr': 0.011993825056653293, 'atr_pct': 0.0044686382476353545}, 'side': 'SHORT', 'risk_amount': 4.294144799999952, 'pretrade_exit_plan': {'stop_loss': 2.7291, 'take_profit': 2.6186, 'risk_distance': 0.045099999999999696, 'reward_distance': 0.06540000000000035, 'risk_reward': 1.4501108647450285}, 'entry_price_hint': 2.684, 'create_bracket': True, 'leverage': 2.0, 'liquidation_price_estimate': 4.012580000000001, 'portfolio_heat_after': 8.38948853199999, 'atr_pct': 0.0044686382476353545, 'entry_bar_index': 19248, 'actual_exit_plan': {'stop_loss': 2.7291, 'take_profit': 2.6159, 'risk_distance': 0.04617359999999948, 'reward_distance': 0.06702640000000049, 'risk_reward': 1.4516173744304373}, 'position_side': 'SHORT', 'exit_plan': {'stop_loss': 2.7291, 'take_profit': 2.6159, 'risk_distance': 0.04617359999999948, 'reward_distance': 0.06702640000000049, 'risk_reward': 1.4516173744304373}, 'source_entry_order': '8a8b972e-c025-4e5b-8ccf-82099ee92651', 'exit_reason': 'stop_loss'}",-1.099948349771299
7b2fa718-9894-4045-9279-572af46ad69b,BUSDT,LONG,2025-07-29 23:00:00+00:00,2025-07-30 00:20:00+00:00,0.54811916,0.5374773199999999,456.2,-4.854807408000057,0.2723870127968,0.24718740800000713,-5.127194420796857,4.707600792000048,stop_loss,16,"{'strategy': 'live_indicator_adapter', 'signal_reason': 'signal_confirmed', 'signal_details': {'ma7': 0.5413785714285714, 'ma14': 0.5410357142857143, 'ma28': 0.5378214285714286, 'mavol_fast': 51042.555555555555, 'mavol_slow': 43206.944444444445, 'volume': 60479.0, 'volume_ratio': 1.1813507345141276, 'volume_spike_ratio': 1.3997518403034492, 'adx': 22.113285496403797, 'di_plus': 32.16891719160463, 'di_minus': 14.919281092042548, 'close': 0.5479, 'signal': 'LONG'}, 'htf_reason': 'htf_trend_confirmed', 'htf_details': {'ma7': 0.5297242857142858, 'ma14': 0.4985228571428571, 'ma28': 0.48292535714285706, 'adx': 32.94754695597849, 'di_plus': 48.37008421385478, 'di_minus': 7.605269916384498, 'open': 0.53899, 'close': 0.5479, 'trend': 'LONG'}, 'score_details': {'score': 16.973548093318826, 'adx': 22.113285496403797, 'volume_ratio': 1.3997518403034492, 'ma_separation_pct': 0.6613984992363291, 'rr_ratio': 1.45, 'adx_points': 2.1132854964037975, 'volume_points': 5.9962776045517385, 'ma_points': 6.6139849923632905, 'rr_points': 2.25}, 'signal_row': {'open': 0.54657, 'high': 0.54971, 'low': 0.545, 'close': 0.5479, 'volume': 60479.0, 'turnover': 33091.51891, 'ma7': 0.5413785714285714, 'ma14': 0.5410357142857143, 'ma28': 0.5378214285714286, 'mavol_fast': 51042.555555555555, 'mavol_slow': 43206.944444444445, 'volume_ratio': 1.1813507345141276, 'volume_spike_ratio': 1.3997518403034492, 'rsi': 68.59480939786755, 'di_plus': 32.16891719160463, 'di_minus': 14.919281092042548, 'adx': 22.113285496403797, 'atr': 0.004140025171279138, 'atr_pct': 0.007556169321553454}, 'side': 'LONG', 'risk_amount': 4.707600792000048, 'pretrade_exit_plan': {'stop_loss': 0.5378, 'take_profit': 0.5626, 'risk_distance': 0.010100000000000109, 'reward_distance': 0.014699999999999935, 'risk_reward': 1.4554455445544334}, 'entry_price_hint': 0.5479, 'create_bracket': True, 'leverage': 2.0, 'liquidation_price_estimate': 0.27668950000000003, 'portfolio_heat_after': 4.60762000000005, 'atr_pct': 0.007556169321553454, 'entry_bar_index': 19496, 'actual_exit_plan': {'stop_loss': 0.5378, 'take_profit': 0.5631, 'risk_distance': 0.010319160000000105, 'reward_distance': 0.014980839999999995, 'risk_reward': 1.4517499486392151}, 'position_side': 'LONG', 'exit_plan': {'stop_loss': 0.5378, 'take_profit': 0.5631, 'risk_distance': 0.010319160000000105, 'reward_distance': 0.014980839999999995, 'risk_reward': 1.4517499486392151}, 'source_entry_order': '1ce49bc4-d604-4add-9b13-1760337c2368', 'exit_reason': 'stop_loss'}",-1.0891310982676894
be26bb6c-a44d-4183-9c6c-c6c79e962214,NEARUSDT,SHORT,2025-07-30 01:20:00+00:00,2025-07-30 01:35:00+00:00,2.6719308,2.7068231199999997,93.5,-3.2624319199999565,0.276602420336,0.2517319199999557,-3.5390343403359563,3.1106701999999897,stop_loss,3,"{'strategy': 'live_indicator_adapter', 'signal_reason': 'signal_confirmed', 'signal_details': {'ma7': 2.688142857142857, 'ma14': 2.6911428571428573, 'ma28': 2.705142857142857, 'mavol_fast': 69442.91111111178, 'mavol_slow': 58649.62777777765, 'volume': 160627.3, 'volume_ratio': 1.1840298692811775, 'volume_spike_ratio': 2.7387607745545095, 'adx': 25.45401040461954, 'di_plus': 15.512356921662393, 'di_minus': 35.747890121341634, 'close': 2.673, 'signal': 'SHORT'}, 'htf_reason': 'htf_trend_confirmed', 'htf_details': {'ma7': 2.7035714285714287, 'ma14': 2.7185, 'ma28': 2.7350000000000003, 'adx': 22.545883858311296, 'di_plus': 14.517811316103526, 'di_minus': 26.744684063914857, 'open': 2.722, 'close': 2.697, 'trend': 'SHORT'}, 'score_details': {'score': 40.06974817418345, 'adx': 25.45401040461954, 'volume_ratio': 2.7387607745545095, 'ma_separation_pct': 0.6284326151246268, 'rr_ratio': 1.45, 'adx_points': 5.454010404619542, 'volume_points': 26.08141161831764, 'ma_points': 6.284326151246268, 'rr_points': 2.25}, 'signal_row': {'open': 2.691, 'high': 2.693, 'low': 2.667, 'close': 2.673, 'volume': 160627.3, 'turnover': 429583.3592, 'ma7': 2.688142857142857, 'ma14': 2.6911428571428573, 'ma28': 2.705142857142857, 'mavol_fast': 69442.91111111178, 'mavol_slow': 58649.62777777765, 'volume_ratio': 1.1840298692811775, 'volume_spike_ratio': 2.7387607745545095, 'rsi': 35.32178737823092, 'di_plus': 15.512356921662393, 'di_minus': 35.747890121341634, 'adx': 25.45401040461954, 'atr': 0.01154415894510678, 'atr_pct': 0.0043188024485996184}, 'side': 'SHORT', 'risk_amount': 3.1106701999999897, 'pretrade_exit_plan': {'stop_loss': 2.7052, 'take_profit': 2.6263, 'risk_distance': 0.032200000000000006, 'reward_distance': 0.046699999999999964, 'risk_reward': 1.4503105590062098}, 'entry_price_hint': 2.673, 'create_bracket': True, 'leverage': 2.0, 'liquidation_price_estimate': 3.996135, 'portfolio_heat_after': 7.346093087999986, 'atr_pct': 0.0043188024485996184, 'entry_bar_index': 19524, 'actual_exit_plan': {'stop_loss': 2.7052, 'take_profit': 2.6236, 'risk_distance': 0.03326919999999989, 'reward_distance': 0.04833080000000001, 'risk_reward': 1.4527190314164504}, 'position_side': 'SHORT', 'exit_plan': {'stop_loss': 2.7052, 'take_profit': 2.6236, 'risk_distance': 0.03326919999999989, 'reward_distance': 0.04833080000000001, 'risk_reward': 1.4527190314164504}, 'source_entry_order': '58854805-77cb-4e1c-9a97-9a3d5e396b2c', 'exit_reason': 'stop_loss'}",-1.1377079898524658
fbf14be5-85c1-48b6-80b1-8e13f4ca1356,SAGAUSDT,SHORT,2025-07-30 00:45:00+00:00,2025-07-30 01:40:00+00:00,0.26549376,0.27026205999999997,941.2,-4.487923959999951,0.2773393577812,0.2525239599999469,-4.765263317781151,4.335393087999985,stop_loss,11,"{'strategy': 'live_indicator_adapter', 'signal_reason': 'signal_confirmed', 'signal_details': {'ma7': 0.2681, 'ma14': 0.2698642857142857, 'ma28': 0.27002857142857145, 'mavol_fast': 12838.066666666862, 'mavol_slow': 11627.066666666584, 'volume': 14575.0, 'volume_ratio': 1.10415352682823, 'volume_spike_ratio': 1.2535405891999218, 'adx': 24.47303028953178, 'di_plus': 14.604907211479567, 'di_minus': 36.15334589276987, 'close': 0.2656, 'signal': 'SHORT'}, 'htf_reason': 'htf_trend_confirmed', 'htf_details': {'ma7': 0.2694571428571429, 'ma14': 0.2725142857142857, 'ma28': 0.27401785714285715, 'adx': 25.066926170426633, 'di_plus': 16.773033820820995, 'di_minus': 23.95250681923654, 'open': 0.2705, 'close': 0.2722, 'trend': 'SHORT'}, 'score_details': {'score': 17.6682404924656, 'adx': 24.47303028953178, 'volume_ratio': 1.2535405891999218, 'ma_separation_pct': 0.7142101364934992, 'rr_ratio': 1.45, 'adx_points': 4.473030289531781, 'volume_points': 3.8031088379988276, 'ma_points': 7.142101364934992, 'rr_points': 2.25}, 'signal_row': {'open': 0.2668, 'high': 0.2668, 'low': 0.2654, 'close': 0.2656, 'volume': 14575.0, 'turnover': 3872.67339, 'ma7': 0.2681, 'ma14': 0.2698642857142857, 'ma28': 0.27002857142857145, 'mavol_fast': 12838.066666666862, 'mavol_slow': 11627.066666666584, 'volume_ratio': 1.10415352682823, 'volume_spike_ratio': 1.2535405891999218, 'rsi': 30.965141713416386, 'di_plus': 14.604907211479567, 'di_minus': 36.15334589276987, 'adx': 24.47303028953178, 'atr': 0.001374205758020246, 'atr_pct': 0.005173967462425625}, 'side': 'SHORT', 'risk_amount': 4.335393087999985, 'pretrade_exit_plan': {'stop_loss': 0.2701, 'take_profit': 0.259, 'risk_distance': 0.004500000000000004, 'reward_distance': 0.006599999999999995, 'risk_reward': 1.4666666666666641}, 'entry_price_hint': 0.2656, 'create_bracket': True, 'leverage': 2.0, 'liquidation_price_estimate': 0.39707200000000004, 'portfolio_heat_after': 4.235400000000004, 'atr_pct': 0.005173967462425625, 'entry_bar_index': 19517, 'actual_exit_plan': {'stop_loss': 0.2701, 'take_profit': 0.2588, 'risk_distance': 0.004606239999999984, 'reward_distance': 0.0066937600000000486, 'risk_reward': 1.453193928236495}, 'position_side': 'SHORT', 'exit_plan': {'stop_loss': 0.2701, 'take_profit': 0.2588, 'risk_distance': 0.004606239999999984, 'reward_distance': 0.0066937600000000486, 'risk_reward': 1.453193928236495}, 'source_entry_order': 'df00a5a7-e7fe-4b89-9959-8110d0271e76', 'exit_reason': 'stop_loss'}",-1.0991536917312092
ff87afe7-5bb2-4441-8aea-7764ace0232e,SAGAUSDT,SHORT,2025-07-30 11:20:00+00:00,2025-07-30 14:50:00+00:00,0.25969608,0.2661596,739.6,-4.780419392000001,0.21390757351040002,0.19489939199997158,-4.994326965510401,4.6623792320000135,stop_loss,42,"{'strategy': 'live_indicator_adapter', 'signal_reason': 'signal_confirmed', 'signal_details': {'ma7': 0.2631, 'ma14': 0.2650428571428572, 'ma28': 0.26597857142857145, 'mavol_fast': 27245.233333333526, 'mavol_slow': 19351.50555555547, 'volume': 98539.6, 'volume_ratio': 1.407912849732351, 'volume_spike_ratio': 5.092089590502742, 'adx': 26.63992068287349, 'di_plus': 13.003140343664578, 'di_minus': 42.726989135365656, 'close': 0.2598, 'signal': 'SHORT'}, 'htf_reason': 'htf_trend_confirmed', 'htf_details': {'ma7': 0.26794285714285715, 'ma14': 0.26908571428571426, 'ma28': 0.27272857142857143, 'adx': 27.220427040951584, 'di_plus': 12.297270704567078, 'di_minus': 26.045712747467753, 'open': 0.2658, 'close': 0.2626, 'trend': 'SHORT'}, 'score_details': {'score': 49.71248963311125, 'adx': 26.63992068287349, 'volume_ratio': 5.092089590502742, 'ma_separation_pct': 1.0822568950237756, 'rr_ratio': 1.45, 'adx_points': 6.639920682873491, 'volume_points': 30.0, 'ma_points': 10.822568950237756, 'rr_points': 2.25}, 'signal_row': {'open': 0.2633, 'high': 0.2634, 'low': 0.2594, 'close': 0.2598, 'volume': 98539.6, 'turnover': 25711.63644, 'ma7': 0.2631, 'ma14': 0.2650428571428572, 'ma28': 0.26597857142857145, 'mavol_fast': 27245.233333333526, 'mavol_slow': 19351.50555555547, 'volume_ratio': 1.407912849732351, 'volume_spike_ratio': 5.092089590502742, 'rsi': 26.157364234081854, 'di_plus': 13.003140343664578, 'di_minus': 42.726989135365656, 'adx': 26.63992068287349, 'atr': 0.0016549371528702052, 'atr_pct': 0.006370042928676695}, 'side': 'SHORT', 'risk_amount': 4.6623792320000135, 'pretrade_exit_plan': {'stop_loss': 0.266, 'take_profit': 0.2508, 'risk_distance': 0.006200000000000039, 'reward_distance': 0.008999999999999952, 'risk_reward': 1.4516129032257896}, 'entry_price_hint': 0.2598, 'create_bracket': True, 'leverage': 2.0, 'liquidation_price_estimate': 0.388401, 'portfolio_heat_after': 4.585520000000029, 'atr_pct': 0.006370042928676695, 'entry_bar_index': 19644, 'actual_exit_plan': {'stop_loss': 0.266, 'take_profit': 0.2505, 'risk_distance': 0.006303920000000018, 'reward_distance': 0.009196079999999995, 'risk_reward': 1.4587875480653258}, 'position_side': 'SHORT', 'exit_plan': {'stop_loss': 0.266, 'take_profit': 0.2505, 'risk_distance': 0.006303920000000018, 'reward_distance': 0.009196079999999995, 'risk_reward': 1.4587875480653258}, 'source_entry_order': 'f9592a4a-b9f5-4f15-a9ce-c057b13cb200', 'exit_reason': 'stop_loss'}",-1.071197068490714
7ca16eb9-69b7-4fea-8b0c-b2f7bb564819,NEARUSDT,SHORT,2025-07-30 11:20:00+00:00,2025-07-30 14:50:00+00:00,2.6379444,2.6732029600000002,94.7,-3.3389856320000364,0.27663111024560005,0.2517656319999978,-3.6156167422456362,3.187185320000032,stop_loss,42,"{'strategy': 'live_indicator_adapter', 'signal_reason': 'signal_confirmed', 'signal_details': {'ma7': 2.6532857142857145, 'ma14': 2.665785714285714, 'ma28': 2.671535714285714, 'mavol_fast': 139524.58888888956, 'mavol_slow': 92860.61111111098, 'volume': 259722.0, 'volume_ratio': 1.502516376097757, 'volume_spike_ratio': 2.79690168837284, 'adx': 24.699260789614463, 'di_plus': 16.07023401229842, 'di_minus': 37.69167053908434, 'close': 2.639, 'signal': 'SHORT'}, 'htf_reason': 'htf_trend_confirmed', 'htf_details': {'ma7': 2.689571428571429, 'ma14': 2.703071428571428, 'ma28': 2.7207857142857144, 'adx': 30.05651206596732, 'di_plus': 8.513063566377632, 'di_minus': 26.336765486373924, 'open': 2.667, 'close': 2.649, 'trend': 'SHORT'}, 'score_details': {'score': 40.73406293565532, 'adx': 24.699260789614463, 'volume_ratio': 2.79690168837284, 'ma_separation_pct': 0.6831276820448249, 'rr_ratio': 1.45, 'adx_points': 4.699260789614463, 'volume_points': 26.9535253255926, 'ma_points': 6.831276820448249, 'rr_points': 2.25}, 'signal_row': {'open': 2.657, 'high': 2.659, 'low': 2.635, 'close': 2.639, 'volume': 259722.0, 'turnover': 685925.2192, 'ma7': 2.6532857142857145, 'ma14': 2.665785714285714, 'ma28': 2.671535714285714, 'mavol_fast': 139524.58888888956, 'mavol_slow': 92860.61111111098, 'volume_ratio': 1.502516376097757, 'volume_spike_ratio': 2.79690168837284, 'rsi': 30.631276908386326, 'di_plus': 16.07023401229842, 'di_minus': 37.69167053908434, 'adx': 24.699260789614463, 'atr': 0.011387684526260327, 'atr_pct': 0.004315151393050522}, 'side': 'SHORT', 'risk_amount': 3.187185320000032, 'pretrade_exit_plan': {'stop_loss': 2.6716, 'take_profit': 2.5917, 'risk_distance': 0.032600000000000406, 'reward_distance': 0.0472999999999999, 'risk_reward': 1.4509202453987518}, 'entry_price_hint': 2.639, 'create_bracket': True, 'leverage': 2.0, 'liquidation_price_estimate': 3.945305, 'portfolio_heat_after': 3.0872200000000385, 'atr_pct': 0.004315151393050522, 'entry_bar_index': 19644, 'actual_exit_plan': {'stop_loss': 2.6716, 'take_profit': 2.5891, 'risk_distance': 0.03365560000000034, 'reward_distance': 0.04884439999999968, 'risk_reward': 1.4513008236370524}, 'position_side': 'SHORT', 'exit_plan': {'stop_loss': 2.6716, 'take_profit': 2.5891, 'risk_distance': 0.03365560000000034, 'reward_distance': 0.04884439999999968, 'risk_reward': 1.4513008236370524}, 'source_entry_order': 'b82dc446-79fa-4cab-8d30-f649c2581d2e', 'exit_reason': 'stop_loss'}",-1.134423128632382
ba91de56-12cb-4bfa-b3b6-54319e9ebf82,SAGAUSDT,SHORT,2025-07-30 19:00:00+00:00,2025-07-30 19:05:00+00:00,0.25969608,0.2504,361.1,3.3568144879999946,0.06966082796840001,0.03752551199999263,3.2871536600315947,2.3124555120000028,take_profit_1,1,"{'strategy': 'live_indicator_adapter', 'signal_reason': 'signal_confirmed', 'signal_details': {'ma7': 0.26398571428571427, 'ma14': 0.2654642857142857, 'ma28': 0.26609642857142857, 'mavol_fast': 25041.67777777797, 'mavol_slow': 21382.249999999916, 'volume': 33652.0, 'volume_ratio': 1.171143250957129, 'volume_spike_ratio': 1.5738287598358514, 'adx': 24.642569520466008, 'di_plus': 9.107391625607299, 'di_minus': 37.093215712630666, 'close': 0.2598, 'signal': 'SHORT'}, 'htf_reason': 'htf_trend_confirmed', 'htf_details': {'ma7': 0.26368571428571425, 'ma14': 0.26527142857142855, 'ma28': 0.267175, 'adx': 28.14462390697819, 'di_plus': 13.32155308366846, 'di_minus': 25.132510085110287, 'open': 0.2668, 'close': 0.2598, 'trend': 'SHORT'}, 'score_details': {'score': 23.432141522242354, 'adx': 24.642569520466008, 'volume_ratio': 1.5738287598358514, 'ma_separation_pct': 0.7932140604238578, 'rr_ratio': 1.45, 'adx_points': 4.642569520466008, 'volume_points': 8.60743139753777, 'ma_points': 7.932140604238578, 'rr_points': 2.25}, 'signal_row': {'open': 0.2611, 'high': 0.2611, 'low': 0.2594, 'close': 0.2598, 'volume': 33652.0, 'turnover': 8751.83028, 'ma7': 0.26398571428571427, 'ma14': 0.2654642857142857, 'ma28': 0.26609642857142857, 'mavol_fast': 25041.67777777797, 'mavol_slow': 21382.249999999916, 'volume_ratio': 1.171143250957129, 'volume_spike_ratio': 1.5738287598358514, 'rsi': 27.289038330915588, 'di_plus': 9.107391625607299, 'di_minus': 37.093215712630666, 'adx': 24.642569520466008, 'atr': 0.0016625066200506345, 'atr_pct': 0.0063991786760994405}, 'side': 'SHORT', 'risk_amount': 4.6249110240000055, 'pretrade_exit_plan': {'stop_loss': 0.2661, 'take_profit': 0.2506, 'risk_distance': 0.006300000000000028, 'reward_distance': 0.009199999999999986, 'risk_reward': 1.4603174603174516}, 'entry_price_hint': 0.2598, 'create_bracket': True, 'leverage': 2.0, 'liquidation_price_estimate': 0.388401, 'portfolio_heat_after': 9.177822240000035, 'atr_pct': 0.0063991786760994405, 'entry_bar_index': 19736, 'actual_exit_plan': {'stop_loss': 0.2661, 'take_profit': 0.2504, 'risk_distance': 0.006403920000000007, 'reward_distance': 0.009296079999999984, 'risk_reward': 1.4516233806793297}, 'position_side': 'SHORT', 'exit_plan': {'stop_loss': 0.2661, 'take_profit': 0.2504, 'risk_distance': 0.006403920000000007, 'reward_distance': 0.009296079999999984, 'risk_reward': 1.4516233806793297}, 'source_entry_order': '5910e8c9-b935-4335-8421-219cc2bf5191', 'exit_reason': 'take_profit_1'}",1.4214991998650786
3d2b708f-7c52-403d-a48f-3403c26f2d17,NEARUSDT,SHORT,2025-07-30 18:50:00+00:00,2025-07-30 19:05:00+00:00,2.6119548,2.5383,21.4,1.576212719999998,0.041606631995999996,0.0223672800000017,1.534606088003998,1.0859472800000034,take_profit_1,3,"{'strategy': 'live_indicator_adapter', 'signal_reason': 'signal_confirmed', 'signal_details': {'ma7': 2.656714285714286, 'ma14': 2.662642857142857, 'ma28': 2.6626785714285712, 'mavol_fast': 226310.53333333402, 'mavol_slow': 183968.78888888878, 'volume': 974914.1, 'volume_ratio': 1.230157216885405, 'volume_spike_ratio': 5.299345100264897, 'adx': 22.181263274025223, 'di_plus': 9.614653599387148, 'di_minus': 34.066366910728775, 'close': 2.613, 'signal': 'SHORT'}, 'htf_reason': 'htf_trend_confirmed', 'htf_details': {'ma7': 2.6464285714285714, 'ma14': 2.6679999999999997, 'ma28': 2.6885714285714286, 'adx': 34.528518844703186, 'di_plus': 10.976426256841451, 'di_minus': 20.155321040051653, 'open': 2.662, 'close': 2.673, 'trend': 'SHORT'}, 'score_details': {'score': 36.67122035269179, 'adx': 22.181263274025223, 'volume_ratio': 5.299345100264897, 'ma_separation_pct': 0.22399570786665632, 'rr_ratio': 1.45, 'adx_points': 2.1812632740252234, 'volume_points': 30.0, 'ma_points': 2.239957078666563, 'rr_points': 2.25}, 'signal_row': {'open': 2.65, 'high': 2.652, 'low': 2.612, 'close': 2.613, 'volume': 974914.1, 'turnover': 2562429.8299, 'ma7': 2.656714285714286, 'ma14': 2.662642857142857, 'ma28': 2.6626785714285712, 'mavol_fast': 226310.53333333402, 'mavol_slow': 183968.78888888878, 'volume_ratio': 1.230157216885405, 'volume_spike_ratio': 5.299345100264897, 'rsi': 28.630693149203182, 'di_plus': 9.614653599387148, 'di_minus': 34.066366910728775, 'adx': 22.181263274025223, 'atr': 0.016221545212301267, 'atr_pct': 0.006208015772024978}, 'side': 'SHORT', 'risk_amount': 4.627962240000015, 'pretrade_exit_plan': {'stop_loss': 2.6627, 'take_profit': 2.5409, 'risk_distance': 0.04970000000000008, 'reward_distance': 0.07209999999999983, 'risk_reward': 1.450704225352107}, 'entry_price_hint': 2.613, 'create_bracket': True, 'leverage': 2.0, 'liquidation_price_estimate': 3.906435, 'portfolio_heat_after': 4.537610000000007, 'atr_pct': 0.006208015772024978, 'entry_bar_index': 19734, 'actual_exit_plan': {'stop_loss': 2.6627, 'take_profit': 2.5383, 'risk_distance': 0.05074520000000016, 'reward_distance': 0.07365479999999991, 'risk_reward': 1.4514633896407874}, 'position_side': 'SHORT', 'exit_plan': {'stop_loss': 2.6627, 'take_profit': 2.5383, 'risk_distance': 0.05074520000000016, 'reward_distance': 0.07365479999999991, 'risk_reward': 1.4514633896407874}, 'source_entry_order': '977a4ca3-cfe1-4d39-bf7f-556dd818bde6', 'exit_reason': 'take_profit_1'}",1.4131497138645563
dcd0a7e7-6f18-4d67-a933-d7a3358f87e0,NEARUSDT,SHORT,2025-07-30 18:50:00+00:00,2025-07-30 19:10:00+00:00,2.6119548,2.5383,15.7,1.1563803599999984,0.030524491698,0.016409640000001245,1.1258558683019986,0.7966996400000024,take_profit_1,4,"{'strategy': 'live_indicator_adapter', 'signal_reason': 'signal_confirmed', 'signal_details': {'ma7': 2.656714285714286, 'ma14': 2.662642857142857, 'ma28': 2.6626785714285712, 'mavol_fast': 226310.53333333402, 'mavol_slow': 183968.78888888878, 'volume': 974914.1, 'volume_ratio': 1.230157216885405, 'volume_spike_ratio': 5.299345100264897, 'adx': 22.181263274025223, 'di_plus': 9.614653599387148, 'di_minus': 34.066366910728775, 'close': 2.613, 'signal': 'SHORT'}, 'htf_reason': 'htf_trend_confirmed', 'htf_details': {'ma7': 2.6464285714285714, 'ma14': 2.6679999999999997, 'ma28': 2.6885714285714286, 'adx': 34.528518844703186, 'di_plus': 10.976426256841451, 'di_minus': 20.155321040051653, 'open': 2.662, 'close': 2.673, 'trend': 'SHORT'}, 'score_details': {'score': 36.67122035269179, 'adx': 22.181263274025223, 'volume_ratio': 5.299345100264897, 'ma_separation_pct': 0.22399570786665632, 'rr_ratio': 1.45, 'adx_points': 2.1812632740252234, 'volume_points': 30.0, 'ma_points': 2.239957078666563, 'rr_points': 2.25}, 'signal_row': {'open': 2.65, 'high': 2.652, 'low': 2.612, 'close': 2.613, 'volume': 974914.1, 'turnover': 2562429.8299, 'ma7': 2.656714285714286, 'ma14': 2.662642857142857, 'ma28': 2.6626785714285712, 'mavol_fast': 226310.53333333402, 'mavol_slow': 183968.78888888878, 'volume_ratio': 1.230157216885405, 'volume_spike_ratio': 5.299345100264897, 'rsi': 28.630693149203182, 'di_plus': 9.614653599387148, 'di_minus': 34.066366910728775, 'adx': 22.181263274025223, 'atr': 0.016221545212301267, 'atr_pct': 0.006208015772024978}, 'side': 'SHORT', 'risk_amount': 4.627962240000015, 'pretrade_exit_plan': {'stop_loss': 2.6627, 'take_profit': 2.5409, 'risk_distance': 0.04970000000000008, 'reward_distance': 0.07209999999999983, 'risk_reward': 1.450704225352107}, 'entry_price_hint': 2.613, 'create_bracket': True, 'leverage': 2.0, 'liquidation_price_estimate': 3.906435, 'portfolio_heat_after': 4.537610000000007, 'atr_pct': 0.006208015772024978, 'entry_bar_index': 19734, 'actual_exit_plan': {'stop_loss': 2.6627, 'take_profit': 2.5383, 'risk_distance': 0.05074520000000016, 'reward_distance': 0.07365479999999991, 'risk_reward': 1.4514633896407874}, 'position_side': 'SHORT', 'exit_plan': {'stop_loss': 2.6627, 'take_profit': 2.5383, 'risk_distance': 0.05074520000000016, 'reward_distance': 0.07365479999999991, 'risk_reward': 1.4514633896407874}, 'source_entry_order': '977a4ca3-cfe1-4d39-bf7f-556dd818bde6', 'exit_reason': 'take_profit_1'}",1.4131497138645566
491e2e9f-e96c-4bf5-afd9-244d91d76c62,SAGAUSDT,SHORT,2025-07-30 19:00:00+00:00,2025-07-30 20:05:00+00:00,0.25969608,0.26625966,361.1,-2.3701087380000048,0.10445743974270001,0.09517873799999477,-2.474566177742705,2.3124555120000028,stop_loss,13,"{'strategy': 'live_indicator_adapter', 'signal_reason': 'signal_confirmed', 'signal_details': {'ma7': 0.26398571428571427, 'ma14': 0.2654642857142857, 'ma28': 0.26609642857142857, 'mavol_fast': 25041.67777777797, 'mavol_slow': 21382.249999999916, 'volume': 33652.0, 'volume_ratio': 1.171143250957129, 'volume_spike_ratio': 1.5738287598358514, 'adx': 24.642569520466008, 'di_plus': 9.107391625607299, 'di_minus': 37.093215712630666, 'close': 0.2598, 'signal': 'SHORT'}, 'htf_reason': 'htf_trend_confirmed', 'htf_details': {'ma7': 0.26368571428571425, 'ma14': 0.26527142857142855, 'ma28': 0.267175, 'adx': 28.14462390697819, 'di_plus': 13.32155308366846, 'di_minus': 25.132510085110287, 'open': 0.2668, 'close': 0.2598, 'trend': 'SHORT'}, 'score_details': {'score': 23.432141522242354, 'adx': 24.642569520466008, 'volume_ratio': 1.5738287598358514, 'ma_separation_pct': 0.7932140604238578, 'rr_ratio': 1.45, 'adx_points': 4.642569520466008, 'volume_points': 8.60743139753777, 'ma_points': 7.932140604238578, 'rr_points': 2.25}, 'signal_row': {'open': 0.2611, 'high': 0.2611, 'low': 0.2594, 'close': 0.2598, 'volume': 33652.0, 'turnover': 8751.83028, 'ma7': 0.26398571428571427, 'ma14': 0.2654642857142857, 'ma28': 0.26609642857142857, 'mavol_fast': 25041.67777777797, 'mavol_slow': 21382.249999999916, 'volume_ratio': 1.171143250957129, 'volume_spike_ratio': 1.5738287598358514, 'rsi': 27.289038330915588, 'di_plus': 9.107391625607299, 'di_minus': 37.093215712630666, 'adx': 24.642569520466008, 'atr': 0.0016625066200506345, 'atr_pct': 0.0063991786760994405}, 'side': 'SHORT', 'risk_amount': 4.6249110240000055, 'pretrade_exit_plan': {'stop_loss': 0.2661, 'take_profit': 0.2506, 'risk_distance': 0.006300000000000028, 'reward_distance': 0.009199999999999986, 'risk_reward': 1.4603174603174516}, 'entry_price_hint': 0.2598, 'create_bracket': True, 'leverage': 2.0, 'liquidation_price_estimate': 0.388401, 'portfolio_heat_after': 9.177822240000035, 'atr_pct': 0.0063991786760994405, 'entry_bar_index': 19736, 'actual_exit_plan': {'stop_loss': 0.2661, 'take_profit': 0.2504, 'risk_distance': 0.006403920000000007, 'reward_distance': 0.009296079999999984, 'risk_reward': 1.4516233806793297}, 'position_side': 'SHORT', 'exit_plan': {'stop_loss': 0.2661, 'take_profit': 0.2504, 'risk_distance': 0.006403920000000007, 'reward_distance': 0.009296079999999984, 'risk_reward': 1.4516233806793297}, 'source_entry_order': '5910e8c9-b935-4335-8421-219cc2bf5191', 'exit_reason': 'stop_loss'}",-1.0701032581606273
eb42bba0-dfb6-4727-9532-955409463e4d,NEARUSDT,SHORT,2025-07-30 18:50:00+00:00,2025-07-31 00:25:00+00:00,2.6119548,2.6642976199999997,54.10000000000001,-2.831746561999989,0.15699489075710002,0.14297656199998449,-2.9887414527570892,2.7453153200000084,stop_loss,67,"{'strategy': 'live_indicator_adapter', 'signal_reason': 'signal_confirmed', 'signal_details': {'ma7': 2.656714285714286, 'ma14': 2.662642857142857, 'ma28': 2.6626785714285712, 'mavol_fast': 226310.53333333402, 'mavol_slow': 183968.78888888878, 'volume': 974914.1, 'volume_ratio': 1.230157216885405, 'volume_spike_ratio': 5.299345100264897, 'adx': 22.181263274025223, 'di_plus': 9.614653599387148, 'di_minus': 34.066366910728775, 'close': 2.613, 'signal': 'SHORT'}, 'htf_reason': 'htf_trend_confirmed', 'htf_details': {'ma7': 2.6464285714285714, 'ma14': 2.6679999999999997, 'ma28': 2.6885714285714286, 'adx': 34.528518844703186, 'di_plus': 10.976426256841451, 'di_minus': 20.155321040051653, 'open': 2.662, 'close': 2.673, 'trend': 'SHORT'}, 'score_details': {'score': 36.67122035269179, 'adx': 22.181263274025223, 'volume_ratio': 5.299345100264897, 'ma_separation_pct': 0.22399570786665632, 'rr_ratio': 1.45, 'adx_points': 2.1812632740252234, 'volume_points': 30.0, 'ma_points': 2.239957078666563, 'rr_points': 2.25}, 'signal_row': {'open': 2.65, 'high': 2.652, 'low': 2.612, 'close': 2.613, 'volume': 974914.1, 'turnover': 2562429.8299, 'ma7': 2.656714285714286, 'ma14': 2.662642857142857, 'ma28': 2.6626785714285712, 'mavol_fast': 226310.53333333402, 'mavol_slow': 183968.78888888878, 'volume_ratio': 1.230157216885405, 'volume_spike_ratio': 5.299345100264897, 'rsi': 28.630693149203182, 'di_plus': 9.614653599387148, 'di_minus': 34.066366910728775, 'adx': 22.181263274025223, 'atr': 0.016221545212301267, 'atr_pct': 0.006208015772024978}, 'side': 'SHORT', 'risk_amount': 4.627962240000015, 'pretrade_exit_plan': {'stop_loss': 2.6627, 'take_profit': 2.5409, 'risk_distance': 0.04970000000000008, 'reward_distance': 0.07209999999999983, 'risk_reward': 1.450704225352107}, 'entry_price_hint': 2.613, 'create_bracket': True, 'leverage': 2.0, 'liquidation_price_estimate': 3.906435, 'portfolio_heat_after': 4.537610000000007, 'atr_pct': 0.006208015772024978, 'entry_bar_index': 19734, 'actual_exit_plan': {'stop_loss': 2.6627, 'take_profit': 2.5383, 'risk_distance': 0.05074520000000016, 'reward_distance': 0.07365479999999991, 'risk_reward': 1.4514633896407874}, 'position_side': 'SHORT', 'exit_plan': {'stop_loss': 2.6627, 'take_profit': 2.5383, 'risk_distance': 0.05074520000000016, 'reward_distance': 0.07365479999999991, 'risk_reward': 1.4514633896407874}, 'source_entry_order': '977a4ca3-cfe1-4d39-bf7f-556dd818bde6', 'exit_reason': 'stop_loss'}",-1.0886696442422068
4547d99e-5ca7-41f1-acd0-7a3c553ce1ba,SAGAUSDT,SHORT,2025-07-31 20:25:00+00:00,2025-07-31 21:50:00+00:00,0.25579764000000005,0.2514,488.3,2.147367612000018,0.09325001718660003,0.04998238799998439,2.054117594813418,1.466052387999964,take_profit_1,17,"{'strategy': 'live_indicator_adapter', 'signal_reason': 'signal_confirmed', 'signal_details': {'ma7': 0.2569285714285714, 'ma14': 0.25775714285714285, 'ma28': 0.25874642857142854, 'mavol_fast': 14349.16666666686, 'mavol_slow': 13631.405555555473, 'volume': 15183.6, 'volume_ratio': 1.0526549597681705, 'volume_spike_ratio': 1.1138689945155311, 'adx': 24.904275997819234, 'di_plus': 12.32698863793531, 'di_minus': 28.220985864189807, 'close': 0.2559, 'signal': 'SHORT'}, 'htf_reason': 'htf_trend_confirmed', 'htf_details': {'ma7': 0.25965714285714286, 'ma14': 0.2639, 'ma28': 0.2647428571428571, 'adx': 23.458021001785557, 'di_plus': 15.235336889978663, 'di_minus': 23.473928697873795, 'open': 0.2599, 'close': 0.2588, 'trend': 'SHORT'}, 'score_details': {'score': 15.887942739317907, 'adx': 24.904275997819234, 'volume_ratio': 1.1138689945155311, 'ma_separation_pct': 0.7025631823765708, 'rr_ratio': 1.45, 'adx_points': 4.904275997819234, 'volume_points': 1.7080349177329668, 'ma_points': 7.025631823765708, 'rr_points': 2.25}, 'signal_row': {'open': 0.2573, 'high': 0.2576, 'low': 0.2556, 'close': 0.2559, 'volume': 15183.6, 'turnover': 3897.82593, 'ma7': 0.2569285714285714, 'ma14': 0.25775714285714285, 'ma28': 0.25874642857142854, 'mavol_fast': 14349.16666666686, 'mavol_slow': 13631.405555555473, 'volume_ratio': 1.0526549597681705, 'volume_spike_ratio': 1.1138689945155311, 'rsi': 41.21931976321078, 'di_plus': 12.32698863793531, 'di_minus': 28.220985864189807, 'adx': 24.904275997819234, 'atr': 0.001702004600030287, 'atr_pct': 0.006651053536656065}, 'side': 'SHORT', 'risk_amount': 2.9330054839999278, 'pretrade_exit_plan': {'stop_loss': 0.2588, 'take_profit': 0.2516, 'risk_distance': 0.002899999999999958, 'reward_distance': 0.004300000000000026, 'risk_reward': 1.4827586206896854}, 'entry_price_hint': 0.2559, 'create_bracket': True, 'leverage': 2.0, 'liquidation_price_estimate': 0.38257050000000004, 'portfolio_heat_after': 2.833009999999959, 'atr_pct': 0.006651053536656065, 'entry_bar_index': 20041, 'actual_exit_plan': {'stop_loss': 0.2588, 'take_profit': 0.2514, 'risk_distance': 0.003002359999999926, 'reward_distance': 0.004397640000000036, 'risk_reward': 1.4647277475053437}, 'position_side': 'SHORT', 'exit_plan': {'stop_loss': 0.2588, 'take_profit': 0.2514, 'risk_distance': 0.003002359999999926, 'reward_distance': 0.004397640000000036, 'risk_reward': 1.4647277475053437}, 'source_entry_order': '8c5f79a1-dea5-46f2-a35d-3718489bd0cc', 'exit_reason': 'take_profit_1'}",1.401121550380414
4a927e9b-5568-4124-8996-a293b5f321b1,SAGAUSDT,SHORT,2025-07-31 20:25:00+00:00,2025-07-31 22:35:00+00:00,0.25579764000000005,0.2471,488.5,4.24879714000003,0.09286810092700004,0.05000285999998439,4.155929039073031,1.466652859999964,take_profit_2,26,"{'strategy': 'live_indicator_adapter', 'signal_reason': 'signal_confirmed', 'signal_details': {'ma7': 0.2569285714285714, 'ma14': 0.25775714285714285, 'ma28': 0.25874642857142854, 'mavol_fast': 14349.16666666686, 'mavol_slow': 13631.405555555473, 'volume': 15183.6, 'volume_ratio': 1.0526549597681705, 'volume_spike_ratio': 1.1138689945155311, 'adx': 24.904275997819234, 'di_plus': 12.32698863793531, 'di_minus': 28.220985864189807, 'close': 0.2559, 'signal': 'SHORT'}, 'htf_reason': 'htf_trend_confirmed', 'htf_details': {'ma7': 0.25965714285714286, 'ma14': 0.2639, 'ma28': 0.2647428571428571, 'adx': 23.458021001785557, 'di_plus': 15.235336889978663, 'di_minus': 23.473928697873795, 'open': 0.2599, 'close': 0.2588, 'trend': 'SHORT'}, 'score_details': {'score': 15.887942739317907, 'adx': 24.904275997819234, 'volume_ratio': 1.1138689945155311, 'ma_separation_pct': 0.7025631823765708, 'rr_ratio': 1.45, 'adx_points': 4.904275997819234, 'volume_points': 1.7080349177329668, 'ma_points': 7.025631823765708, 'rr_points': 2.25}, 'signal_row': {'open': 0.2573, 'high': 0.2576, 'low': 0.2556, 'close': 0.2559, 'volume': 15183.6, 'turnover': 3897.82593, 'ma7': 0.2569285714285714, 'ma14': 0.25775714285714285, 'ma28': 0.25874642857142854, 'mavol_fast': 14349.16666666686, 'mavol_slow': 13631.405555555473, 'volume_ratio': 1.0526549597681705, 'volume_spike_ratio': 1.1138689945155311, 'rsi': 41.21931976321078, 'di_plus': 12.32698863793531, 'di_minus': 28.220985864189807, 'adx': 24.904275997819234, 'atr': 0.001702004600030287, 'atr_pct': 0.006651053536656065}, 'side': 'SHORT', 'risk_amount': 2.9330054839999278, 'pretrade_exit_plan': {'stop_loss': 0.2588, 'take_profit': 0.2516, 'risk_distance': 0.002899999999999958, 'reward_distance': 0.004300000000000026, 'risk_reward': 1.4827586206896854}, 'entry_price_hint': 0.2559, 'create_bracket': True, 'leverage': 2.0, 'liquidation_price_estimate': 0.38257050000000004, 'portfolio_heat_after': 2.833009999999959, 'atr_pct': 0.006651053536656065, 'entry_bar_index': 20041, 'actual_exit_plan': {'stop_loss': 0.2588, 'take_profit': 0.2514, 'risk_distance': 0.003002359999999926, 'reward_distance': 0.004397640000000036, 'risk_reward': 1.4647277475053437}, 'position_side': 'SHORT', 'exit_plan': {'stop_loss': 0.2588, 'take_profit': 0.2514, 'risk_distance': 0.003002359999999926, 'reward_distance': 0.004397640000000036, 'risk_reward': 1.4647277475053437}, 'source_entry_order': '8c5f79a1-dea5-46f2-a35d-3718489bd0cc', 'exit_reason': 'take_profit_2'}",2.8336146558041913
a96492d0-3af2-45a6-9ad9-d649bbf5dc22,NEARUSDT,SHORT,2025-07-31 22:10:00+00:00,2025-08-01 00:40:00+00:00,2.5499796000000003,2.4941,49.0,2.7381004000000178,0.09316413022,0.04999959999999071,2.644936269780018,1.8874995999999733,take_profit_1,30,"{'strategy': 'live_indicator_adapter', 'signal_reason': 'signal_confirmed', 'signal_details': {'ma7': 2.5781428571428573, 'ma14': 2.583571428571428, 'ma28': 2.5885000000000002, 'mavol_fast': 166608.7444444451, 'mavol_slow': 129496.94444444429, 'volume': 316546.9, 'volume_ratio': 1.286584368142541, 'volume_spike_ratio': 2.444435282685781, 'adx': 22.484738585234748, 'di_plus': 12.099827000300188, 'di_minus': 30.96244277733477, 'close': 2.551, 'signal': 'SHORT'}, 'htf_reason': 'htf_trend_confirmed', 'htf_details': {'ma7': 2.6174285714285714, 'ma14': 2.6489285714285713, 'ma28': 2.65825, 'adx': 26.8894010455599, 'di_plus': 15.082083836096173, 'di_minus': 30.075052875841347, 'open': 2.589, 'close': 2.582, 'trend': 'SHORT'}, 'score_details': {'score': 30.40248198706017, 'adx': 22.484738585234748, 'volume_ratio': 2.444435282685781, 'ma_separation_pct': 0.4001214161538711, 'rr_ratio': 1.45, 'adx_points': 2.484738585234748, 'volume_points': 21.666529240286714, 'ma_points': 4.0012141615387105, 'rr_points': 2.25}, 'signal_row': {'open': 2.566, 'high': 2.566, 'low': 2.549, 'close': 2.551, 'volume': 316546.9, 'turnover': 808906.591, 'ma7': 2.5781428571428573, 'ma14': 2.583571428571428, 'ma28': 2.5885000000000002, 'mavol_fast': 166608.7444444451, 'mavol_slow': 129496.94444444429, 'volume_ratio': 1.286584368142541, 'volume_spike_ratio': 2.444435282685781, 'rsi': 32.17149992399261, 'di_plus': 12.099827000300188, 'di_minus': 30.96244277733477, 'adx': 22.484738585234748, 'atr': 0.014083226182047815, 'atr_pct': 0.0055206688287133725}, 'side': 'SHORT', 'risk_amount': 3.7749991999999466, 'pretrade_exit_plan': {'stop_loss': 2.5885, 'take_profit': 2.4966, 'risk_distance': 0.037499999999999645, 'reward_distance': 0.054400000000000226, 'risk_reward': 1.4506666666666865}, 'entry_price_hint': 2.551, 'create_bracket': True, 'leverage': 2.0, 'liquidation_price_estimate': 3.8137450000000004, 'portfolio_heat_after': 5.141953095999929, 'atr_pct': 0.0055206688287133725, 'entry_bar_index': 20062, 'actual_exit_plan': {'stop_loss': 2.5885, 'take_profit': 2.4941, 'risk_distance': 0.038520399999999455, 'reward_distance': 0.05587960000000036, 'risk_reward': 1.4506495259654923}, 'position_side': 'SHORT', 'exit_plan': {'stop_loss': 2.5885, 'take_profit': 2.4941, 'risk_distance': 0.038520399999999455, 'reward_distance': 0.05587960000000036, 'risk_reward': 1.4506495259654923}, 'source_entry_order': '431c0668-ad15-4cf5-8d83-10216bb824ff', 'exit_reason': 'take_profit_1'}",1.4012910359186594
88c30421-ac46-4c88-b64e-ac6843c1e843,NEARUSDT,SHORT,2025-07-31 22:10:00+00:00,2025-08-01 08:05:00+00:00,2.5499796000000003,2.4383,49.0,5.472300400000021,0.09261729022000001,0.04999959999999071,5.3796831097800215,1.8874995999999733,take_profit_2,119,"{'strategy': 'live_indicator_adapter', 'signal_reason': 'signal_confirmed', 'signal_details': {'ma7': 2.5781428571428573, 'ma14': 2.583571428571428, 'ma28': 2.5885000000000002, 'mavol_fast': 166608.7444444451, 'mavol_slow': 129496.94444444429, 'volume': 316546.9, 'volume_ratio': 1.286584368142541, 'volume_spike_ratio': 2.444435282685781, 'adx': 22.484738585234748, 'di_plus': 12.099827000300188, 'di_minus': 30.96244277733477, 'close': 2.551, 'signal': 'SHORT'}, 'htf_reason': 'htf_trend_confirmed', 'htf_details': {'ma7': 2.6174285714285714, 'ma14': 2.6489285714285713, 'ma28': 2.65825, 'adx': 26.8894010455599, 'di_plus': 15.082083836096173, 'di_minus': 30.075052875841347, 'open': 2.589, 'close': 2.582, 'trend': 'SHORT'}, 'score_details': {'score': 30.40248198706017, 'adx': 22.484738585234748, 'volume_ratio': 2.444435282685781, 'ma_separation_pct': 0.4001214161538711, 'rr_ratio': 1.45, 'adx_points': 2.484738585234748, 'volume_points': 21.666529240286714, 'ma_points': 4.0012141615387105, 'rr_points': 2.25}, 'signal_row': {'open': 2.566, 'high': 2.566, 'low': 2.549, 'close': 2.551, 'volume': 316546.9, 'turnover': 808906.591, 'ma7': 2.5781428571428573, 'ma14': 2.583571428571428, 'ma28': 2.5885000000000002, 'mavol_fast': 166608.7444444451, 'mavol_slow': 129496.94444444429, 'volume_ratio': 1.286584368142541, 'volume_spike_ratio': 2.444435282685781, 'rsi': 32.17149992399261, 'di_plus': 12.099827000300188, 'di_minus': 30.96244277733477, 'adx': 22.484738585234748, 'atr': 0.014083226182047815, 'atr_pct': 0.0055206688287133725}, 'side': 'SHORT', 'risk_amount': 3.7749991999999466, 'pretrade_exit_plan': {'stop_loss': 2.5885, 'take_profit': 2.4966, 'risk_distance': 0.037499999999999645, 'reward_distance': 0.054400000000000226, 'risk_reward': 1.4506666666666865}, 'entry_price_hint': 2.551, 'create_bracket': True, 'leverage': 2.0, 'liquidation_price_estimate': 3.8137450000000004, 'portfolio_heat_after': 5.141953095999929, 'atr_pct': 0.0055206688287133725, 'entry_bar_index': 20062, 'actual_exit_plan': {'stop_loss': 2.5885, 'take_profit': 2.4941, 'risk_distance': 0.038520399999999455, 'reward_distance': 0.05587960000000036, 'risk_reward': 1.4506495259654923}, 'position_side': 'SHORT', 'exit_plan': {'stop_loss': 2.5885, 'take_profit': 2.4941, 'risk_distance': 0.038520399999999455, 'reward_distance': 0.05587960000000036, 'risk_reward': 1.4506495259654923}, 'source_entry_order': '431c0668-ad15-4cf5-8d83-10216bb824ff', 'exit_reason': 'take_profit_2'}",2.850163840977819
7cc42224-8b33-412c-8b9f-f8285e6786d7,NEARUSDT,SHORT,2025-08-01 08:10:00+00:00,2025-08-01 08:50:00+00:00,2.4570168000000003,2.4831890199999997,101.7,-2.6617147739999405,0.27633041254170004,0.2514247739999574,-2.93804518654164,2.510281439999968,stop_loss,8,"{'strategy': 'live_indicator_adapter', 'signal_reason': 'signal_confirmed', 'signal_details': {'ma7': 2.4755714285714285, 'ma14': 2.4806428571428576, 'ma28': 2.481678571428571, 'mavol_fast': 84783.88888888953, 'mavol_slow': 72962.84999999985, 'volume': 399599.0, 'volume_ratio': 1.162014489413307, 'volume_spike_ratio': 5.476746042677895, 'adx': 28.674460744267037, 'di_plus': 9.819990597612428, 'di_minus': 36.81542705757233, 'close': 2.458, 'signal': 'SHORT'}, 'htf_reason': 'htf_trend_confirmed', 'htf_details': {'ma7': 2.5072857142857146, 'ma14': 2.5387857142857144, 'ma28': 2.609892857142857, 'adx': 38.89132813827208, 'di_plus': 10.464273059733175, 'di_minus': 34.43392125723174, 'open': 2.487, 'close': 2.484, 'trend': 'SHORT'}, 'score_details': {'score': 43.38535270967055, 'adx': 28.674460744267037, 'volume_ratio': 5.476746042677895, 'ma_separation_pct': 0.24608919654035152, 'rr_ratio': 1.45, 'adx_points': 8.674460744267037, 'volume_points': 30.0, 'ma_points': 2.460891965403515, 'rr_points': 2.25}, 'signal_row': {'open': 2.463, 'high': 2.465, 'low': 2.428, 'close': 2.458, 'volume': 399599.0, 'turnover': 977512.5843, 'ma7': 2.4755714285714285, 'ma14': 2.4806428571428576, 'ma28': 2.481678571428571, 'mavol_fast': 84783.88888888953, 'mavol_slow': 72962.84999999985, 'volume_ratio': 1.162014489413307, 'volume_spike_ratio': 5.476746042677895, 'rsi': 35.700129487029784, 'di_plus': 9.819990597612428, 'di_minus': 36.81542705757233, 'adx': 28.674460744267037, 'atr': 0.014261921255160237, 'atr_pct': 0.005802246238877232}, 'side': 'SHORT', 'risk_amount': 2.510281439999968, 'pretrade_exit_plan': {'stop_loss': 2.4817, 'take_profit': 2.4236, 'risk_distance': 0.023699999999999832, 'reward_distance': 0.03440000000000021, 'risk_reward': 1.4514767932489643}, 'entry_price_hint': 2.458, 'create_bracket': True, 'leverage': 2.0, 'liquidation_price_estimate': 3.6747100000000006, 'portfolio_heat_after': 2.4105902359999827, 'atr_pct': 0.005802246238877232, 'entry_bar_index': 20182, 'actual_exit_plan': {'stop_loss': 2.4817, 'take_profit': 2.4212, 'risk_distance': 0.024683199999999683, 'reward_distance': 0.03581680000000054, 'risk_reward': 1.4510598301679278}, 'position_side': 'SHORT', 'exit_plan': {'stop_loss': 2.4817, 'take_profit': 2.4212, 'risk_distance': 0.024683199999999683, 'reward_distance': 0.03581680000000054, 'risk_reward': 1.4510598301679278}, 'source_entry_order': '1df31da5-f35a-4c11-ad6c-3356d1ba77b4', 'exit_reason': 'stop_loss'}",-1.170404696352166
1cb1d684-5f04-4c02-9f8f-7d78d246e294,BUSDT,SHORT,2025-08-01 11:25:00+00:00,2025-08-01 11:35:00+00:00,0.49115346000000004,0.4947967,508.8,-1.8536805119999678,0.2759082927744,0.25096051199997477,-2.1295888047743676,1.7027195519999763,stop_loss,2,"{'strategy': 'live_indicator_adapter', 'signal_reason': 'signal_confirmed', 'signal_details': {'ma7': 0.4926142857142857, 'ma14': 0.4937392857142857, 'ma28': 0.4944875, 'mavol_fast': 5090.888888888889, 'mavol_slow': 3786.222222222222, 'volume': 6292.0, 'volume_ratio': 1.3445826974997066, 'volume_spike_ratio': 1.661814766991431, 'adx': 32.76916345240168, 'di_plus': 16.339612559448152, 'di_minus': 32.911709423688315, 'close': 0.49135, 'signal': 'SHORT'}, 'htf_reason': 'htf_trend_confirmed', 'htf_details': {'ma7': 0.49863285714285716, 'ma14': 0.5053657142857143, 'ma28': 0.5137842857142857, 'adx': 23.600936404762166, 'di_plus': 13.879302170520951, 'di_minus': 30.478158065566323, 'open': 0.49499, 'close': 0.49403, 'trend': 'SHORT'}, 'score_details': {'score': 28.73457836097758, 'adx': 32.76916345240168, 'volume_ratio': 1.661814766991431, 'ma_separation_pct': 0.3788193403704436, 'rr_ratio': 1.45, 'adx_points': 12.769163452401678, 'volume_points': 9.927221504871465, 'ma_points': 3.7881934037044362, 'rr_points': 2.25}, 'signal_row': {'open': 0.49125, 'high': 0.49212, 'low': 0.49096, 'close': 0.49135, 'volume': 6292.0, 'turnover': 3092.59392, 'ma7': 0.4926142857142857, 'ma14': 0.4937392857142857, 'ma28': 0.4944875, 'mavol_fast': 5090.888888888889, 'mavol_slow': 3786.222222222222, 'volume_ratio': 1.3445826974997066, 'volume_spike_ratio': 1.661814766991431, 'rsi': 33.08798816053286, 'di_plus': 16.339612559448152, 'di_minus': 32.911709423688315, 'adx': 32.76916345240168, 'atr': 0.0014657900950130972, 'atr_pct': 0.0029831893660590154}, 'side': 'SHORT', 'risk_amount': 1.7027195519999763, 'pretrade_exit_plan': {'stop_loss': 0.4945, 'take_profit': 0.4867, 'risk_distance': 0.003149999999999986, 'reward_distance': 0.0046499999999999875, 'risk_reward': 1.4761904761904787}, 'entry_price_hint': 0.49135, 'create_bracket': True, 'leverage': 2.0, 'liquidation_price_estimate': 0.73456825, 'portfolio_heat_after': 1.6030202359999928, 'atr_pct': 0.0029831893660590154, 'entry_bar_index': 20221, 'actual_exit_plan': {'stop_loss': 0.4945, 'take_profit': 0.4863, 'risk_distance': 0.0033465399999999534, 'reward_distance': 0.004853460000000032, 'risk_reward': 1.4502919433205936}, 'position_side': 'SHORT', 'exit_plan': {'stop_loss': 0.4945, 'take_profit': 0.4863, 'risk_distance': 0.0033465399999999534, 'reward_distance': 0.004853460000000032, 'risk_reward': 1.4502919433205936}, 'source_entry_order': 'e2ee9991-d851-41a5-8298-955062117e94', 'exit_reason': 'stop_loss'}",-1.250698508907706
fc979391-f1b5-4220-bdb3-94561bc03871,NEARUSDT,SHORT,2025-08-01 13:55:00+00:00,2025-08-01 14:15:00+00:00,2.4160331999999998,2.4786863199999996,76.2,-4.774167743999984,0.2051376950832,0.18692774399998122,-4.979305439083183,4.660910160000006,stop_loss,4,"{'strategy': 'live_indicator_adapter', 'signal_reason': 'signal_confirmed', 'signal_details': {'ma7': 2.456285714285714, 'ma14': 2.472785714285714, 'ma28': 2.4771428571428573, 'mavol_fast': 121399.64444444509, 'mavol_slow': 109164.29444444428, 'volume': 241721.4, 'volume_ratio': 1.1120819775574842, 'volume_spike_ratio': 2.214289949201444, 'adx': 25.766384438749373, 'di_plus': 11.985848272171543, 'di_minus': 36.685137854333306, 'close': 2.417, 'signal': 'SHORT'}, 'htf_reason': 'htf_trend_confirmed', 'htf_details': {'ma7': 2.4692857142857143, 'ma14': 2.493785714285714, 'ma28': 2.5649285714285712, 'adx': 41.939077539550745, 'di_plus': 17.611062597291575, 'di_minus': 29.942393246114328, 'open': 2.477, 'close': 2.484, 'trend': 'SHORT'}, 'score_details': {'score': 34.650572200415986, 'adx': 25.766384438749373, 'volume_ratio': 2.214289949201444, 'ma_separation_pct': 0.8419838523644951, 'rr_ratio': 1.45, 'adx_points': 5.766384438749373, 'volume_points': 18.21434923802166, 'ma_points': 8.419838523644952, 'rr_points': 2.25}, 'signal_row': {'open': 2.424, 'high': 2.432, 'low': 2.409, 'close': 2.417, 'volume': 241721.4, 'turnover': 585291.647, 'ma7': 2.456285714285714, 'ma14': 2.472785714285714, 'ma28': 2.4771428571428573, 'mavol_fast': 121399.64444444509, 'mavol_slow': 109164.29444444428, 'volume_ratio': 1.1120819775574842, 'volume_spike_ratio': 2.214289949201444, 'rsi': 26.905116578863797, 'di_plus': 11.985848272171543, 'di_minus': 36.685137854333306, 'adx': 25.766384438749373, 'atr': 0.01620942843865582, 'atr_pct': 0.006706424674661077}, 'side': 'SHORT', 'risk_amount': 4.660910160000006, 'pretrade_exit_plan': {'stop_loss': 2.4772, 'take_profit': 2.3297, 'risk_distance': 0.06020000000000003, 'reward_distance': 0.08729999999999993, 'risk_reward': 1.4501661129568089}, 'entry_price_hint': 2.417, 'create_bracket': True, 'leverage': 2.0, 'liquidation_price_estimate': 3.613415, 'portfolio_heat_after': 4.587540236000002, 'atr_pct': 0.006706424674661077, 'entry_bar_index': 20251, 'actual_exit_plan': {'stop_loss': 2.4772, 'take_profit': 2.3273, 'risk_distance': 0.06116680000000008, 'reward_distance': 0.08873319999999962, 'risk_reward': 1.4506758568373612}, 'position_side': 'SHORT', 'exit_plan': {'stop_loss': 2.4772, 'take_profit': 2.3273, 'risk_distance': 0.06116680000000008, 'reward_distance': 0.08873319999999962, 'risk_reward': 1.4506758568373612}, 'source_entry_order': 'd01f31d1-7470-4bd8-aa66-ff3c9b0b18b0', 'exit_reason': 'stop_loss'}",-1.0683118249769434
4699fc6c-62c5-4c39-85bb-01b9c6590b0f,NEARUSDT,SHORT,2025-08-01 22:25:00+00:00,2025-08-02 00:50:00+00:00,2.3970408,2.4394628,104.2,-4.420372399999973,0.277180021316,0.25237239999996897,-4.697552421315973,4.267948640000009,stop_loss,29,"{'strategy': 'live_indicator_adapter', 'signal_reason': 'signal_confirmed', 'signal_details': {'ma7': 2.4211428571428573, 'ma14': 2.436357142857143, 'ma28': 2.4379999999999997, 'mavol_fast': 121830.13333333397, 'mavol_slow': 102564.72777777762, 'volume': 380010.2, 'volume_ratio': 1.1878365591463163, 'volume_spike_ratio': 3.705076864468953, 'adx': 22.819620775954657, 'di_plus': 9.002291667583766, 'di_minus': 33.87828070981214, 'close': 2.398, 'signal': 'SHORT'}, 'htf_reason': 'htf_trend_confirmed', 'htf_details': {'ma7': 2.447714285714286, 'ma14': 2.4549285714285713, 'ma28': 2.496857142857143, 'adx': 41.17245817072594, 'di_plus': 10.655233229678915, 'di_minus': 25.72790499452845, 'open': 2.451, 'close': 2.44, 'trend': 'SHORT'}, 'score_details': {'score': 41.98395336707134, 'adx': 22.819620775954657, 'volume_ratio': 3.705076864468953, 'ma_separation_pct': 0.6914332591116679, 'rr_ratio': 1.45, 'adx_points': 2.8196207759546574, 'volume_points': 30.0, 'ma_points': 6.914332591116679, 'rr_points': 2.25}, 'signal_row': {'open': 2.415, 'high': 2.418, 'low': 2.384, 'close': 2.398, 'volume': 380010.2, 'turnover': 910306.7853, 'ma7': 2.4211428571428573, 'ma14': 2.436357142857143, 'ma28': 2.4379999999999997, 'mavol_fast': 121830.13333333397, 'mavol_slow': 102564.72777777762, 'volume_ratio': 1.1878365591463163, 'volume_spike_ratio': 3.705076864468953, 'rsi': 34.28529827244007, 'di_plus': 9.002291667583766, 'di_minus': 33.87828070981214, 'adx': 22.819620775954657, 'atr': 0.016190288555562607, 'atr_pct': 0.006751579881385574}, 'side': 'SHORT', 'risk_amount': 4.267948640000009, 'pretrade_exit_plan': {'stop_loss': 2.438, 'take_profit': 2.34, 'risk_distance': 0.040000000000000036, 'reward_distance': 0.058000000000000274, 'risk_reward': 1.4500000000000055}, 'entry_price_hint': 2.398, 'create_bracket': True, 'leverage': 2.0, 'liquidation_price_estimate': 3.5850100000000005, 'portfolio_heat_after': 4.168300236000004, 'atr_pct': 0.006751579881385574, 'entry_bar_index': 20353, 'actual_exit_plan': {'stop_loss': 2.438, 'take_profit': 2.3376, 'risk_distance': 0.040959200000000084, 'reward_distance': 0.05944079999999996, 'risk_reward': 1.4512197503857458}, 'position_side': 'SHORT', 'exit_plan': {'stop_loss': 2.438, 'take_profit': 2.3376, 'risk_distance': 0.040959200000000084, 'reward_distance': 0.05944079999999996, 'risk_reward': 1.4512197503857458}, 'source_entry_order': '2f088339-e499-4246-8547-47a5e9960579', 'exit_reason': 'stop_loss'}",-1.1006581422488635
239b1cc6-2aa4-4472-aa65-e8ad1d4cc26d,NEARUSDT,SHORT,2025-08-02 16:00:00+00:00,2025-08-02 16:45:00+00:00,2.3630543999999998,2.38282884,105.7,-2.0901583080000417,0.27590192215740006,0.25097830800000936,-2.366060230157442,1.939129920000043,stop_loss,9,"{'strategy': 'live_indicator_adapter', 'signal_reason': 'signal_confirmed', 'signal_details': {'ma7': 2.369285714285714, 'ma14': 2.374071428571429, 'ma28': 2.381357142857143, 'mavol_fast': 113325.62222222287, 'mavol_slow': 102198.09444444429, 'volume': 228068.8, 'volume_ratio': 1.1088819496906335, 'volume_spike_ratio': 2.231634564614901, 'adx': 23.32066578525934, 'di_plus': 14.336788130247696, 'di_minus': 33.24132534724324, 'close': 2.364, 'signal': 'SHORT'}, 'htf_reason': 'htf_trend_confirmed', 'htf_details': {'ma7': 2.3882857142857143, 'ma14': 2.4055714285714282, 'ma28': 2.424892857142857, 'adx': 45.734375177728886, 'di_plus': 9.990878560704573, 'di_minus': 25.72722073677705, 'open': 2.369, 'close': 2.364, 'trend': 'SHORT'}, 'score_details': {'score': 29.11432250098102, 'adx': 23.32066578525934, 'volume_ratio': 2.231634564614901, 'ma_separation_pct': 0.5069138246498163, 'rr_ratio': 1.45, 'adx_points': 3.32066578525934, 'volume_points': 18.47451846922352, 'ma_points': 5.069138246498163, 'rr_points': 2.25}, 'signal_row': {'open': 2.362, 'high': 2.366, 'low': 2.355, 'close': 2.364, 'volume': 228068.8, 'turnover': 538668.2272, 'ma7': 2.369285714285714, 'ma14': 2.374071428571429, 'ma28': 2.381357142857143, 'mavol_fast': 113325.62222222287, 'mavol_slow': 102198.09444444429, 'volume_ratio': 1.1088819496906335, 'volume_spike_ratio': 2.231634564614901, 'rsi': 40.61027814460201, 'di_plus': 14.336788130247696, 'di_minus': 33.24132534724324, 'adx': 23.32066578525934, 'atr': 0.011122956362870326, 'atr_pct': 0.004705142285478141}, 'side': 'SHORT', 'risk_amount': 1.939129920000043, 'pretrade_exit_plan': {'stop_loss': 2.3814, 'take_profit': 2.3387, 'risk_distance': 0.017400000000000304, 'reward_distance': 0.0253000000000001, 'risk_reward': 1.4540229885057274}, 'entry_price_hint': 2.364, 'create_bracket': True, 'leverage': 2.0, 'liquidation_price_estimate': 3.53418, 'portfolio_heat_after': 1.839480236000032, 'atr_pct': 0.004705142285478141, 'entry_bar_index': 20564, 'actual_exit_plan': {'stop_loss': 2.3814, 'take_profit': 2.3364, 'risk_distance': 0.018345600000000406, 'reward_distance': 0.026654399999999967, 'risk_reward': 1.4529042386184903}, 'position_side': 'SHORT', 'exit_plan': {'stop_loss': 2.3814, 'take_profit': 2.3364, 'risk_distance': 0.018345600000000406, 'reward_distance': 0.026654399999999967, 'risk_reward': 1.4529042386184903}, 'source_entry_order': '0e8e0a68-128d-40aa-b0a4-4beb0fe5c755', 'exit_reason': 'stop_loss'}",-1.2201659134615332
e2d24009-9e24-4d7f-a8dc-8df432a1b456,NEARUSDT,SHORT,2025-08-02 18:10:00+00:00,2025-08-02 19:30:00+00:00,2.3350656,2.36331714,107.0,-3.0229147799999843,0.276499824249,0.2516147799999806,-3.2994146042489843,2.87128079999998,stop_loss,16,"{'strategy': 'live_indicator_adapter', 'signal_reason': 'signal_confirmed', 'signal_details': {'ma7': 2.3407142857142853, 'ma14': 2.3602142857142856, 'ma28': 2.361892857142857, 'mavol_fast': 166838.83333333398, 'mavol_slow': 123957.47777777763, 'volume': 285007.1, 'volume_ratio': 1.3459360122866575, 'volume_spike_ratio': 2.2992328103911643, 'adx': 23.95540194348879, 'di_plus': 14.643429547961857, 'di_minus': 36.74157259046345, 'close': 2.336, 'signal': 'SHORT'}, 'htf_reason': 'htf_trend_confirmed', 'htf_details': {'ma7': 2.3768571428571432, 'ma14': 2.3934285714285712, 'ma28': 2.4174285714285717, 'adx': 46.43608244027984, 'di_plus': 8.184278042236087, 'di_minus': 26.64266627888445, 'open': 2.368, 'close': 2.333, 'trend': 'SHORT'}, 'score_details': {'score': 34.66067316578303, 'adx': 23.95540194348879, 'volume_ratio': 2.2992328103911643, 'ma_separation_pct': 0.8966779066426773, 'rr_ratio': 1.45, 'adx_points': 3.9554019434887913, 'volume_points': 19.488492155867466, 'ma_points': 8.966779066426774, 'rr_points': 2.25}, 'signal_row': {'open': 2.334, 'high': 2.342, 'low': 2.324, 'close': 2.336, 'volume': 285007.1, 'turnover': 664596.8527, 'ma7': 2.3407142857142853, 'ma14': 2.3602142857142856, 'ma28': 2.361892857142857, 'mavol_fast': 166838.83333333398, 'mavol_slow': 123957.47777777763, 'volume_ratio': 1.3459360122866575, 'volume_spike_ratio': 2.2992328103911643, 'rsi': 36.83400242122222, 'di_plus': 14.643429547961857, 'di_minus': 36.74157259046345, 'adx': 23.95540194348879, 'atr': 0.012895941059871715, 'atr_pct': 0.005520522713986179}, 'side': 'SHORT', 'risk_amount': 2.87128079999998, 'pretrade_exit_plan': {'stop_loss': 2.3619, 'take_profit': 2.2984, 'risk_distance': 0.025900000000000034, 'reward_distance': 0.037599999999999856, 'risk_reward': 1.4517374517374442}, 'entry_price_hint': 2.336, 'create_bracket': True, 'leverage': 2.0, 'liquidation_price_estimate': 3.49232, 'portfolio_heat_after': 2.7716002360000034, 'atr_pct': 0.005520522713986179, 'entry_bar_index': 20590, 'actual_exit_plan': {'stop_loss': 2.3619, 'take_profit': 2.2961, 'risk_distance': 0.026834399999999814, 'reward_distance': 0.038965600000000045, 'risk_reward': 1.4520764391974599}, 'position_side': 'SHORT', 'exit_plan': {'stop_loss': 2.3619, 'take_profit': 2.2961, 'risk_distance': 0.026834399999999814, 'reward_distance': 0.038965600000000045, 'risk_reward': 1.4520764391974599}, 'source_entry_order': '91eee581-9465-422e-b9fe-d3996c5bd9d1', 'exit_reason': 'stop_loss'}",-1.149108998412488
50b60861-3985-4239-a87b-7e5cae7f4a41,BUSDT,SHORT,2025-08-03 00:15:00+00:00,2025-08-03 00:50:00+00:00,0.47275082400000007,0.47978769999999993,528.6,-3.7196926535999255,0.27693152508252006,0.25207665359994924,-3.9966241786824455,3.567614433599954,stop_loss,7,"{'strategy': 'live_indicator_adapter', 'signal_reason': 'signal_confirmed', 'signal_details': {'ma7': 0.4772342857142857, 'ma14': 0.47787142857142856, 'ma28': 0.47948428571428575, 'mavol_fast': 3463.0, 'mavol_slow': 3057.5555555555557, 'volume': 4569.0, 'volume_ratio': 1.1326041136710516, 'volume_spike_ratio': 1.4943309833563485, 'adx': 25.380100268330306, 'di_plus': 12.646131481231375, 'di_minus': 52.67960036794459, 'close': 0.47294, 'signal': 'SHORT'}, 'htf_reason': 'htf_trend_confirmed', 'htf_details': {'ma7': 0.4810814285714286, 'ma14': 0.48492428571428575, 'ma28': 0.49081928571428574, 'adx': 22.316288078335578, 'di_plus': 14.95702400455625, 'di_minus': 27.401699682594177, 'open': 0.48145, 'close': 0.47886, 'trend': 'SHORT'}, 'score_details': {'score': 19.73760670781184, 'adx': 25.380100268330306, 'volume_ratio': 1.4943309833563485, 'ma_separation_pct': 0.4692541689136306, 'rr_ratio': 1.45, 'adx_points': 5.380100268330306, 'volume_points': 7.414964750345227, 'ma_points': 4.692541689136306, 'rr_points': 2.25}, 'signal_row': {'open': 0.47635, 'high': 0.47635, 'low': 0.47294, 'close': 0.47294, 'volume': 4569.0, 'turnover': 2167.81763, 'ma7': 0.4772342857142857, 'ma14': 0.47787142857142856, 'ma28': 0.47948428571428575, 'mavol_fast': 3463.0, 'mavol_slow': 3057.5555555555557, 'volume_ratio': 1.1326041136710516, 'volume_spike_ratio': 1.4943309833563485, 'rsi': 18.792861419936628, 'di_plus': 12.646131481231375, 'di_minus': 52.67960036794459, 'adx': 25.380100268330306, 'atr': 0.0011217986427571795, 'atr_pct': 0.0023719682047557396}, 'side': 'SHORT', 'risk_amount': 3.567614433599954, 'pretrade_exit_plan': {'stop_loss': 0.4795, 'take_profit': 0.4634, 'risk_distance': 0.006559999999999955, 'reward_distance': 0.009540000000000048, 'risk_reward': 1.4542682926829442}, 'entry_price_hint': 0.47294, 'create_bracket': True, 'leverage': 2.0, 'liquidation_price_estimate': 0.7070453000000001, 'portfolio_heat_after': 3.467916235999976, 'atr_pct': 0.0023719682047557396, 'entry_bar_index': 20663, 'actual_exit_plan': {'stop_loss': 0.4795, 'take_profit': 0.4629, 'risk_distance': 0.006749175999999912, 'reward_distance': 0.009850824000000091, 'risk_reward': 1.4595595077088255}, 'position_side': 'SHORT', 'exit_plan': {'stop_loss': 0.4795, 'take_profit': 0.4629, 'risk_distance': 0.006749175999999912, 'reward_distance': 0.009850824000000091, 'risk_reward': 1.4595595077088255}, 'source_entry_order': '7aca0662-727d-46bf-80b0-5c42d6d273ac', 'exit_reason': 'stop_loss'}",-1.1202511518739409
57443c2e-b933-41d6-8a9e-5eeff0b689bd,NEARUSDT,LONG,2025-08-03 10:40:00+00:00,2025-08-03 14:15:00+00:00,2.4269704,2.4099531599999997,103.0,-1.752775720000039,0.274011719674,0.24897572000002155,-2.026787439674039,1.6037512000000098,stop_loss,43,"{'strategy': 'live_indicator_adapter', 'signal_reason': 'signal_confirmed', 'signal_details': {'ma7': 2.4238571428571425, 'ma14': 2.4194285714285715, 'ma28': 2.4114642857142856, 'mavol_fast': 52913.02222222286, 'mavol_slow': 32244.62777777762, 'volume': 50151.2, 'volume_ratio': 1.6409872238838341, 'volume_spike_ratio': 1.5553350575367237, 'adx': 36.681002867463405, 'di_plus': 29.6365732128708, 'di_minus': 13.145969294623512, 'close': 2.426, 'signal': 'LONG'}, 'htf_reason': 'htf_trend_confirmed', 'htf_details': {'ma7': 2.3985714285714286, 'ma14': 2.3792857142857144, 'ma28': 2.3777142857142857, 'adx': 27.783195524661714, 'di_plus': 17.03257408261896, 'di_minus': 15.658051445856177, 'open': 2.408, 'close': 2.418, 'trend': 'LONG'}, 'score_details': {'score': 32.40017062710928, 'adx': 36.681002867463405, 'volume_ratio': 1.5553350575367237, 'ma_separation_pct': 0.5139141896595021, 'rr_ratio': 1.45, 'adx_points': 16.681002867463405, 'volume_points': 8.330025863050857, 'ma_points': 5.139141896595021, 'rr_points': 2.25}, 'signal_row': {'open': 2.423, 'high': 2.426, 'low': 2.421, 'close': 2.426, 'volume': 50151.2, 'turnover': 121562.0705, 'ma7': 2.4238571428571425, 'ma14': 2.4194285714285715, 'ma28': 2.4114642857142856, 'mavol_fast': 52913.02222222286, 'mavol_slow': 32244.62777777762, 'volume_ratio': 1.6409872238838341, 'volume_spike_ratio': 1.5553350575367237, 'rsi': 71.11922705622163, 'di_plus': 29.6365732128708, 'di_minus': 13.145969294623512, 'adx': 36.681002867463405, 'atr': 0.0044709954202171946, 'atr_pct': 0.0018429494724720504}, 'side': 'LONG', 'risk_amount': 1.6037512000000098, 'pretrade_exit_plan': {'stop_loss': 2.4114, 'take_profit': 2.4472, 'risk_distance': 0.014600000000000168, 'reward_distance': 0.021199999999999886, 'risk_reward': 1.4520547945205233}, 'entry_price_hint': 2.426, 'create_bracket': True, 'leverage': 2.0, 'liquidation_price_estimate': 1.22513, 'portfolio_heat_after': 1.504100236000017, 'atr_pct': 0.0018429494724720504, 'entry_bar_index': 20788, 'actual_exit_plan': {'stop_loss': 2.4114, 'take_profit': 2.4496, 'risk_distance': 0.015570400000000095, 'reward_distance': 0.02262960000000014, 'risk_reward': 1.4533730668447824}, 'position_side': 'LONG', 'exit_plan': {'stop_loss': 2.4114, 'take_profit': 2.4496, 'risk_distance': 0.015570400000000095, 'reward_distance': 0.02262960000000014, 'risk_reward': 1.4533730668447824}, 'source_entry_order': 'e75b03cb-2ba4-429a-bb67-eb3481a620a1', 'exit_reason': 'stop_loss'}",-1.263779219416345
977d9c0c-1a30-42e8-a13a-3f079f22766c,NEARUSDT,LONG,2025-08-04 00:45:00+00:00,2025-08-04 13:45:00+00:00,2.4769904,2.5188,50.3,2.1030228800000055,0.093865067416,0.049817120000002914,2.0091578125840055,1.4481571200000052,take_profit_1,156,"{'strategy': 'live_indicator_adapter', 'signal_reason': 'signal_confirmed', 'signal_details': {'ma7': 2.4587142857142856, 'ma14': 2.4502857142857137, 'ma28': 2.4482499999999994, 'mavol_fast': 49198.98888888954, 'mavol_slow': 41081.077777777624, 'volume': 97560.0, 'volume_ratio': 1.1976070626731028, 'volume_spike_ratio': 2.3748159804311184, 'adx': 30.430284234141407, 'di_plus': 38.64811736274767, 'di_minus': 6.572836438260813, 'close': 2.476, 'signal': 'LONG'}, 'htf_reason': 'htf_trend_confirmed', 'htf_details': {'ma7': 2.4391428571428575, 'ma14': 2.433071428571428, 'ma28': 2.4061785714285713, 'adx': 22.600562011726407, 'di_plus': 21.133918599881135, 'di_minus': 10.709652342347448, 'open': 2.443, 'close': 2.443, 'trend': 'LONG'}, 'score_details': {'score': 37.57671395971826, 'adx': 30.430284234141407, 'volume_ratio': 2.3748159804311184, 'ma_separation_pct': 0.4274190019110083, 'rr_ratio': 1.45, 'adx_points': 10.430284234141407, 'volume_points': 20.622239706466775, 'ma_points': 4.274190019110083, 'rr_points': 2.25}, 'signal_row': {'open': 2.465, 'high': 2.478, 'low': 2.464, 'close': 2.476, 'volume': 97560.0, 'turnover': 241229.261, 'ma7': 2.4587142857142856, 'ma14': 2.4502857142857137, 'ma28': 2.4482499999999994, 'mavol_fast': 49198.98888888954, 'mavol_slow': 41081.077777777624, 'volume_ratio': 1.1976070626731028, 'volume_spike_ratio': 2.3748159804311184, 'rsi': 75.8852400300031, 'di_plus': 38.64811736274767, 'di_minus': 6.572836438260813, 'adx': 30.430284234141407, 'atr': 0.00668548066036183, 'atr_pct': 0.002700113352327072}, 'side': 'LONG', 'risk_amount': 2.9049513600000108, 'pretrade_exit_plan': {'stop_loss': 2.4482, 'take_profit': 2.5164, 'risk_distance': 0.027800000000000047, 'reward_distance': 0.04039999999999999, 'risk_reward': 1.4532374100719396}, 'entry_price_hint': 2.476, 'create_bracket': True, 'leverage': 2.0, 'liquidation_price_estimate': 1.25038, 'portfolio_heat_after': 2.8053202360000045, 'atr_pct': 0.002700113352327072, 'entry_bar_index': 20957, 'actual_exit_plan': {'stop_loss': 2.4482, 'take_profit': 2.5188, 'risk_distance': 0.028790400000000105, 'reward_distance': 0.04180960000000011, 'risk_reward': 1.4522062909858828}, 'position_side': 'LONG', 'exit_plan': {'stop_loss': 2.4482, 'take_profit': 2.5188, 'risk_distance': 0.028790400000000105, 'reward_distance': 0.04180960000000011, 'risk_reward': 1.4522062909858828}, 'source_entry_order': 'fc041b64-58bc-4154-ad03-5ba5d37105e8', 'exit_reason': 'take_profit_1'}",1.3873893825719672
2212b28f-f040-4f4a-8186-a0632b8d6fb6,NEARUSDT,LONG,2025-08-04 00:45:00+00:00,2025-08-04 17:10:00+00:00,2.4769904,2.5606,50.5,4.222284799999997,0.09466046836,0.050015200000002924,4.127624331639997,1.4539152000000053,take_profit_2,197,"{'strategy': 'live_indicator_adapter', 'signal_reason': 'signal_confirmed', 'signal_details': {'ma7': 2.4587142857142856, 'ma14': 2.4502857142857137, 'ma28': 2.4482499999999994, 'mavol_fast': 49198.98888888954, 'mavol_slow': 41081.077777777624, 'volume': 97560.0, 'volume_ratio': 1.1976070626731028, 'volume_spike_ratio': 2.3748159804311184, 'adx': 30.430284234141407, 'di_plus': 38.64811736274767, 'di_minus': 6.572836438260813, 'close': 2.476, 'signal': 'LONG'}, 'htf_reason': 'htf_trend_confirmed', 'htf_details': {'ma7': 2.4391428571428575, 'ma14': 2.433071428571428, 'ma28': 2.4061785714285713, 'adx': 22.600562011726407, 'di_plus': 21.133918599881135, 'di_minus': 10.709652342347448, 'open': 2.443, 'close': 2.443, 'trend': 'LONG'}, 'score_details': {'score': 37.57671395971826, 'adx': 30.430284234141407, 'volume_ratio': 2.3748159804311184, 'ma_separation_pct': 0.4274190019110083, 'rr_ratio': 1.45, 'adx_points': 10.430284234141407, 'volume_points': 20.622239706466775, 'ma_points': 4.274190019110083, 'rr_points': 2.25}, 'signal_row': {'open': 2.465, 'high': 2.478, 'low': 2.464, 'close': 2.476, 'volume': 97560.0, 'turnover': 241229.261, 'ma7': 2.4587142857142856, 'ma14': 2.4502857142857137, 'ma28': 2.4482499999999994, 'mavol_fast': 49198.98888888954, 'mavol_slow': 41081.077777777624, 'volume_ratio': 1.1976070626731028, 'volume_spike_ratio': 2.3748159804311184, 'rsi': 75.8852400300031, 'di_plus': 38.64811736274767, 'di_minus': 6.572836438260813, 'adx': 30.430284234141407, 'atr': 0.00668548066036183, 'atr_pct': 0.002700113352327072}, 'side': 'LONG', 'risk_amount': 2.9049513600000108, 'pretrade_exit_plan': {'stop_loss': 2.4482, 'take_profit': 2.5164, 'risk_distance': 0.027800000000000047, 'reward_distance': 0.04039999999999999, 'risk_reward': 1.4532374100719396}, 'entry_price_hint': 2.476, 'create_bracket': True, 'leverage': 2.0, 'liquidation_price_estimate': 1.25038, 'portfolio_heat_after': 2.8053202360000045, 'atr_pct': 0.002700113352327072, 'entry_bar_index': 20957, 'actual_exit_plan': {'stop_loss': 2.4482, 'take_profit': 2.5188, 'risk_distance': 0.028790400000000105, 'reward_distance': 0.04180960000000011, 'risk_reward': 1.4522062909858828}, 'position_side': 'LONG', 'exit_plan': {'stop_loss': 2.4482, 'take_profit': 2.5188, 'risk_distance': 0.028790400000000105, 'reward_distance': 0.04180960000000011, 'risk_reward': 1.4522062909858828}, 'source_entry_order': 'fc041b64-58bc-4154-ad03-5ba5d37105e8', 'exit_reason': 'take_profit_2'}",2.8389718545070455
bd4ff94b-a917-407a-ab67-f710ab21f9e8,NEARUSDT,LONG,2025-08-04 00:45:00+00:00,2025-08-05 07:30:00+00:00,2.4769904,2.4467310799999997,0.10000000000000853,-0.003025932000000289,0.00027080468140003284,0.0002459320000000487,-0.0032967366814003218,0.002879040000000277,stop_loss,369,"{'strategy': 'live_indicator_adapter', 'signal_reason': 'signal_confirmed', 'signal_details': {'ma7': 2.4587142857142856, 'ma14': 2.4502857142857137, 'ma28': 2.4482499999999994, 'mavol_fast': 49198.98888888954, 'mavol_slow': 41081.077777777624, 'volume': 97560.0, 'volume_ratio': 1.1976070626731028, 'volume_spike_ratio': 2.3748159804311184, 'adx': 30.430284234141407, 'di_plus': 38.64811736274767, 'di_minus': 6.572836438260813, 'close': 2.476, 'signal': 'LONG'}, 'htf_reason': 'htf_trend_confirmed', 'htf_details': {'ma7': 2.4391428571428575, 'ma14': 2.433071428571428, 'ma28': 2.4061785714285713, 'adx': 22.600562011726407, 'di_plus': 21.133918599881135, 'di_minus': 10.709652342347448, 'open': 2.443, 'close': 2.443, 'trend': 'LONG'}, 'score_details': {'score': 37.57671395971826, 'adx': 30.430284234141407, 'volume_ratio': 2.3748159804311184, 'ma_separation_pct': 0.4274190019110083, 'rr_ratio': 1.45, 'adx_points': 10.430284234141407, 'volume_points': 20.622239706466775, 'ma_points': 4.274190019110083, 'rr_points': 2.25}, 'signal_row': {'open': 2.465, 'high': 2.478, 'low': 2.464, 'close': 2.476, 'volume': 97560.0, 'turnover': 241229.261, 'ma7': 2.4587142857142856, 'ma14': 2.4502857142857137, 'ma28': 2.4482499999999994, 'mavol_fast': 49198.98888888954, 'mavol_slow': 41081.077777777624, 'volume_ratio': 1.1976070626731028, 'volume_spike_ratio': 2.3748159804311184, 'rsi': 75.8852400300031, 'di_plus': 38.64811736274767, 'di_minus': 6.572836438260813, 'adx': 30.430284234141407, 'atr': 0.00668548066036183, 'atr_pct': 0.002700113352327072}, 'side': 'LONG', 'risk_amount': 2.9049513600000108, 'pretrade_exit_plan': {'stop_loss': 2.4482, 'take_profit': 2.5164, 'risk_distance': 0.027800000000000047, 'reward_distance': 0.04039999999999999, 'risk_reward': 1.4532374100719396}, 'entry_price_hint': 2.476, 'create_bracket': True, 'leverage': 2.0, 'liquidation_price_estimate': 1.25038, 'portfolio_heat_after': 2.8053202360000045, 'atr_pct': 0.002700113352327072, 'entry_bar_index': 20957, 'actual_exit_plan': {'stop_loss': 2.4482, 'take_profit': 2.5188, 'risk_distance': 0.028790400000000105, 'reward_distance': 0.04180960000000011, 'risk_reward': 1.4522062909858828}, 'position_side': 'LONG', 'exit_plan': {'stop_loss': 2.4482, 'take_profit': 2.5188, 'risk_distance': 0.028790400000000105, 'reward_distance': 0.04180960000000011, 'risk_reward': 1.4522062909858828}, 'source_entry_order': 'fc041b64-58bc-4154-ad03-5ba5d37105e8', 'exit_reason': 'stop_loss'}",-1.1450819305740818
ed2c6caf-0b72-430e-936f-acda1110bfd7,BUSDT,SHORT,2025-08-05 12:25:00+00:00,2025-08-06 16:45:00+00:00,0.476099484,0.48569123999999997,495.5,-4.7527150979999755,0.2621120170581,0.23871009799997242,-5.014827115058075,4.608405677999991,stop_loss,340,"{'strategy': 'live_indicator_adapter', 'signal_reason': 'signal_confirmed', 'signal_details': {'ma7': 0.48084857142857146, 'ma14': 0.48344714285714285, 'ma28': 0.48536250000000003, 'mavol_fast': 9447.444444444445, 'mavol_slow': 5684.666666666667, 'volume': 16900.0, 'volume_ratio': 1.6619170478089207, 'volume_spike_ratio': 2.972909581329893, 'adx': 22.87032369520433, 'di_plus': 12.26282931584888, 'di_minus': 45.96313419513145, 'close': 0.47629, 'signal': 'SHORT'}, 'htf_reason': 'htf_trend_confirmed', 'htf_details': {'ma7': 0.49015285714285717, 'ma14': 0.49583714285714287, 'ma28': 0.4994053571428571, 'adx': 27.387342834217133, 'di_plus': 7.717188715331149, 'di_minus': 31.012552174590855, 'open': 0.48835, 'close': 0.48396, 'trend': 'SHORT'}, 'score_details': {'score': 44.01408551539444, 'adx': 22.87032369520433, 'volume_ratio': 2.972909581329893, 'ma_separation_pct': 0.9300118100241719, 'rr_ratio': 1.45, 'adx_points': 2.8703236952043305, 'volume_points': 29.593643719948396, 'ma_points': 9.300118100241718, 'rr_points': 2.25}, 'signal_row': {'open': 0.48062, 'high': 0.48075, 'low': 0.47548, 'close': 0.47629, 'volume': 16900.0, 'turnover': 8065.46343, 'ma7': 0.48084857142857146, 'ma14': 0.48344714285714285, 'ma28': 0.48536250000000003, 'mavol_fast': 9447.444444444445, 'mavol_slow': 5684.666666666667, 'volume_ratio': 1.6619170478089207, 'volume_spike_ratio': 2.972909581329893, 'rsi': 21.83170845189258, 'di_plus': 12.26282931584888, 'di_minus': 45.96313419513145, 'adx': 22.87032369520433, 'atr': 0.0018425145716732128, 'atr_pct': 0.0038684720898469692}, 'side': 'SHORT', 'risk_amount': 4.608405677999991, 'pretrade_exit_plan': {'stop_loss': 0.4854, 'take_profit': 0.463, 'risk_distance': 0.009110000000000007, 'reward_distance': 0.013289999999999969, 'risk_reward': 1.458836443468711}, 'entry_price_hint': 0.47629, 'create_bracket': True, 'leverage': 2.0, 'liquidation_price_estimate': 0.71205355, 'portfolio_heat_after': 4.514305236000004, 'atr_pct': 0.0038684720898469692, 'entry_bar_index': 21385, 'actual_exit_plan': {'stop_loss': 0.4854, 'take_profit': 0.4626, 'risk_distance': 0.009300515999999981, 'reward_distance': 0.013499484000000006, 'risk_reward': 1.451476885798598}, 'position_side': 'SHORT', 'exit_plan': {'stop_loss': 0.4854, 'take_profit': 0.4626, 'risk_distance': 0.009300515999999981, 'reward_distance': 0.013499484000000006, 'risk_reward': 1.451476885798598}, 'source_entry_order': 'c0e61d3a-6b1a-497b-9c0e-7c37f189f4e6', 'exit_reason': 'stop_loss'}",-1.0881913324163919
d49b11aa-2304-4dfb-9357-887b1af3ec90,BUSDT,LONG,2025-08-07 18:15:00+00:00,2025-08-07 18:30:00+00:00,0.547548932,0.5371775,456.7,-4.736632994400006,0.27246700882192,0.2472719944000038,-5.009100003221926,4.589347244400004,stop_loss,3,"{'strategy': 'live_indicator_adapter', 'signal_reason': 'signal_confirmed', 'signal_details': {'ma7': 0.5445071428571429, 'ma14': 0.5403857142857142, 'ma28': 0.5375889285714286, 'mavol_fast': 27744.555555555555, 'mavol_slow': 23688.11111111111, 'volume': 36653.0, 'volume_ratio': 1.1712438963755847, 'volume_spike_ratio': 1.5473162814914188, 'adx': 24.182447813523684, 'di_plus': 40.031092483158915, 'di_minus': 14.508293543123573, 'close': 0.54733, 'signal': 'LONG'}, 'htf_reason': 'htf_trend_confirmed', 'htf_details': {'ma7': 0.53328, 'ma14': 0.5119214285714285, 'ma28': 0.4968721428571428, 'adx': 42.20154410881786, 'di_plus': 48.48774753626013, 'di_minus': 5.5724822108954095, 'open': 0.53514, 'close': 0.54353, 'trend': 'LONG'}, 'score_details': {'score': 27.511159230026927, 'adx': 24.182447813523684, 'volume_ratio': 1.5473162814914188, 'ma_separation_pct': 1.286896719413196, 'rr_ratio': 1.45, 'adx_points': 4.182447813523684, 'volume_points': 8.209744222371281, 'ma_points': 12.86896719413196, 'rr_points': 2.25}, 'signal_row': {'open': 0.54568, 'high': 0.54832, 'low': 0.54451, 'close': 0.54733, 'volume': 36653.0, 'turnover': 20027.14028, 'ma7': 0.5445071428571429, 'ma14': 0.5403857142857142, 'ma28': 0.5375889285714286, 'mavol_fast': 27744.555555555555, 'mavol_slow': 23688.11111111111, 'volume_ratio': 1.1712438963755847, 'volume_spike_ratio': 1.5473162814914188, 'rsi': 71.91918055630238, 'di_plus': 40.031092483158915, 'di_minus': 14.508293543123573, 'adx': 24.182447813523684, 'atr': 0.0026727302716757703, 'atr_pct': 0.004883215375871541}, 'side': 'LONG', 'risk_amount': 4.589347244400004, 'pretrade_exit_plan': {'stop_loss': 0.5375, 'take_profit': 0.5616, 'risk_distance': 0.009830000000000005, 'reward_distance': 0.014270000000000005, 'risk_reward': 1.4516785350966426}, 'entry_price_hint': 0.54733, 'create_bracket': True, 'leverage': 2.0, 'liquidation_price_estimate': 0.27640165, 'portfolio_heat_after': 4.489661236000002, 'atr_pct': 0.004883215375871541, 'entry_bar_index': 22031, 'actual_exit_plan': {'stop_loss': 0.5375, 'take_profit': 0.5622, 'risk_distance': 0.01004893200000001, 'reward_distance': 0.014651068000000045, 'risk_reward': 1.4579726482376465}, 'position_side': 'LONG', 'exit_plan': {'stop_loss': 0.5375, 'take_profit': 0.5622, 'risk_distance': 0.01004893200000001, 'reward_distance': 0.014651068000000045, 'risk_reward': 1.4579726482376465}, 'source_entry_order': '83e11b78-efee-436f-98c8-f1dc97dc3e3f', 'exit_reason': 'stop_loss'}",-1.0914624098958976
1e3c480c-40a1-4ee6-b3b5-6873cfae2bae,NEARUSDT,LONG,2025-08-07 19:40:00+00:00,2025-08-07 20:00:00+00:00,2.581032,2.6103,48.2,1.4107176000000035,0.09358645032000001,0.04974239999999623,1.3171311496800036,0.9703623999999912,take_profit_1,4,"{'strategy': 'live_indicator_adapter', 'signal_reason': 'signal_confirmed', 'signal_details': {'ma7': 2.5675714285714286, 'ma14': 2.5614285714285714, 'ma28': 2.5609642857142854, 'mavol_fast': 35091.24444444509, 'mavol_slow': 33200.26666666652, 'volume': 73705.1, 'volume_ratio': 1.0569567044977122, 'volume_spike_ratio': 2.2200153010819292, 'adx': 27.17296300521532, 'di_plus': 27.415280949390286, 'di_minus': 16.751304155297397, 'close': 2.58, 'signal': 'LONG'}, 'htf_reason': 'htf_trend_confirmed', 'htf_details': {'ma7': 2.576571428571429, 'ma14': 2.551714285714286, 'ma28': 2.5229999999999997, 'adx': 23.853303384991403, 'di_plus': 23.4765438978909, 'di_minus': 20.70646090902057, 'open': 2.564, 'close': 2.561, 'trend': 'LONG'}, 'score_details': {'score': 30.303135902146437, 'adx': 27.17296300521532, 'volume_ratio': 2.2200153010819292, 'ma_separation_pct': 0.25799433807021793, 'rr_ratio': 1.45, 'adx_points': 7.172963005215319, 'volume_points': 18.30022951622894, 'ma_points': 2.579943380702179, 'rr_points': 2.25}, 'signal_row': {'open': 2.572, 'high': 2.581, 'low': 2.572, 'close': 2.58, 'volume': 73705.1, 'turnover': 190039.7347, 'ma7': 2.5675714285714286, 'ma14': 2.5614285714285714, 'ma28': 2.5609642857142854, 'mavol_fast': 35091.24444444509, 'mavol_slow': 33200.26666666652, 'volume_ratio': 1.0569567044977122, 'volume_spike_ratio': 2.2200153010819292, 'rsi': 67.33235972510832, 'di_plus': 27.415280949390286, 'di_minus': 16.751304155297397, 'adx': 27.17296300521532, 'atr': 0.007131953642005377, 'atr_pct': 0.0027643231170563476}, 'side': 'LONG', 'risk_amount': 1.9467643999999824, 'pretrade_exit_plan': {'stop_loss': 2.5609, 'take_profit': 2.6077, 'risk_distance': 0.019099999999999895, 'reward_distance': 0.027699999999999836, 'risk_reward': 1.4502617801047115}, 'entry_price_hint': 2.58, 'create_bracket': True, 'leverage': 2.0, 'liquidation_price_estimate': 1.3029, 'portfolio_heat_after': 1.8491802359999896, 'atr_pct': 0.0027643231170563476, 'entry_bar_index': 22048, 'actual_exit_plan': {'stop_loss': 2.5609, 'take_profit': 2.6103, 'risk_distance': 0.020131999999999817, 'reward_distance': 0.029268000000000072, 'risk_reward': 1.4538048877409269}, 'position_side': 'LONG', 'exit_plan': {'stop_loss': 2.5609, 'take_profit': 2.6103, 'risk_distance': 0.020131999999999817, 'reward_distance': 0.029268000000000072, 'risk_reward': 1.4538048877409269}, 'source_entry_order': '8de6b606-c8dd-47e7-a665-54338c9eab06', 'exit_reason': 'take_profit_1'}",1.35736004371152
e7eb8b53-0d90-43f2-a779-2dc160aa7c0e,SAGAUSDT,SHORT,2025-07-31 20:25:00+00:00,2025-08-07 20:30:00+00:00,0.25579764000000005,0.25895527999999995,0.0999999999999659,-0.0003157639999998829,2.8311410599982624e-05,2.5763999999982557e-05,-0.0003440754105998655,0.0003002359999997317,stop_loss,2017,"{'strategy': 'live_indicator_adapter', 'signal_reason': 'signal_confirmed', 'signal_details': {'ma7': 0.2569285714285714, 'ma14': 0.25775714285714285, 'ma28': 0.25874642857142854, 'mavol_fast': 14349.16666666686, 'mavol_slow': 13631.405555555473, 'volume': 15183.6, 'volume_ratio': 1.0526549597681705, 'volume_spike_ratio': 1.1138689945155311, 'adx': 24.904275997819234, 'di_plus': 12.32698863793531, 'di_minus': 28.220985864189807, 'close': 0.2559, 'signal': 'SHORT'}, 'htf_reason': 'htf_trend_confirmed', 'htf_details': {'ma7': 0.25965714285714286, 'ma14': 0.2639, 'ma28': 0.2647428571428571, 'adx': 23.458021001785557, 'di_plus': 15.235336889978663, 'di_minus': 23.473928697873795, 'open': 0.2599, 'close': 0.2588, 'trend': 'SHORT'}, 'score_details': {'score': 15.887942739317907, 'adx': 24.904275997819234, 'volume_ratio': 1.1138689945155311, 'ma_separation_pct': 0.7025631823765708, 'rr_ratio': 1.45, 'adx_points': 4.904275997819234, 'volume_points': 1.7080349177329668, 'ma_points': 7.025631823765708, 'rr_points': 2.25}, 'signal_row': {'open': 0.2573, 'high': 0.2576, 'low': 0.2556, 'close': 0.2559, 'volume': 15183.6, 'turnover': 3897.82593, 'ma7': 0.2569285714285714, 'ma14': 0.25775714285714285, 'ma28': 0.25874642857142854, 'mavol_fast': 14349.16666666686, 'mavol_slow': 13631.405555555473, 'volume_ratio': 1.0526549597681705, 'volume_spike_ratio': 1.1138689945155311, 'rsi': 41.21931976321078, 'di_plus': 12.32698863793531, 'di_minus': 28.220985864189807, 'adx': 24.904275997819234, 'atr': 0.001702004600030287, 'atr_pct': 0.006651053536656065}, 'side': 'SHORT', 'risk_amount': 2.9330054839999278, 'pretrade_exit_plan': {'stop_loss': 0.2588, 'take_profit': 0.2516, 'risk_distance': 0.002899999999999958, 'reward_distance': 0.004300000000000026, 'risk_reward': 1.4827586206896854}, 'entry_price_hint': 0.2559, 'create_bracket': True, 'leverage': 2.0, 'liquidation_price_estimate': 0.38257050000000004, 'portfolio_heat_after': 2.833009999999959, 'atr_pct': 0.006651053536656065, 'entry_bar_index': 20041, 'actual_exit_plan': {'stop_loss': 0.2588, 'take_profit': 0.2514, 'risk_distance': 0.003002359999999926, 'reward_distance': 0.004397640000000036, 'risk_reward': 1.4647277475053437}, 'position_side': 'SHORT', 'exit_plan': {'stop_loss': 0.2588, 'take_profit': 0.2514, 'risk_distance': 0.003002359999999926, 'reward_distance': 0.004397640000000036, 'risk_reward': 1.4647277475053437}, 'source_entry_order': '8c5f79a1-dea5-46f2-a35d-3718489bd0cc', 'exit_reason': 'stop_loss'}",-1.1460165023520597
df0eb661-92a6-4051-97a0-647a25eeeaaa,NEARUSDT,LONG,2025-08-07 19:40:00+00:00,2025-08-07 21:30:00+00:00,2.581032,2.6395,48.3,2.824004399999998,0.09406268507999999,0.04984559999999622,2.7299417149199976,0.9723755999999911,take_profit_2,22,"{'strategy': 'live_indicator_adapter', 'signal_reason': 'signal_confirmed', 'signal_details': {'ma7': 2.5675714285714286, 'ma14': 2.5614285714285714, 'ma28': 2.5609642857142854, 'mavol_fast': 35091.24444444509, 'mavol_slow': 33200.26666666652, 'volume': 73705.1, 'volume_ratio': 1.0569567044977122, 'volume_spike_ratio': 2.2200153010819292, 'adx': 27.17296300521532, 'di_plus': 27.415280949390286, 'di_minus': 16.751304155297397, 'close': 2.58, 'signal': 'LONG'}, 'htf_reason': 'htf_trend_confirmed', 'htf_details': {'ma7': 2.576571428571429, 'ma14': 2.551714285714286, 'ma28': 2.5229999999999997, 'adx': 23.853303384991403, 'di_plus': 23.4765438978909, 'di_minus': 20.70646090902057, 'open': 2.564, 'close': 2.561, 'trend': 'LONG'}, 'score_details': {'score': 30.303135902146437, 'adx': 27.17296300521532, 'volume_ratio': 2.2200153010819292, 'ma_separation_pct': 0.25799433807021793, 'rr_ratio': 1.45, 'adx_points': 7.172963005215319, 'volume_points': 18.30022951622894, 'ma_points': 2.579943380702179, 'rr_points': 2.25}, 'signal_row': {'open': 2.572, 'high': 2.581, 'low': 2.572, 'close': 2.58, 'volume': 73705.1, 'turnover': 190039.7347, 'ma7': 2.5675714285714286, 'ma14': 2.5614285714285714, 'ma28': 2.5609642857142854, 'mavol_fast': 35091.24444444509, 'mavol_slow': 33200.26666666652, 'volume_ratio': 1.0569567044977122, 'volume_spike_ratio': 2.2200153010819292, 'rsi': 67.33235972510832, 'di_plus': 27.415280949390286, 'di_minus': 16.751304155297397, 'adx': 27.17296300521532, 'atr': 0.007131953642005377, 'atr_pct': 0.0027643231170563476}, 'side': 'LONG', 'risk_amount': 1.9467643999999824, 'pretrade_exit_plan': {'stop_loss': 2.5609, 'take_profit': 2.6077, 'risk_distance': 0.019099999999999895, 'reward_distance': 0.027699999999999836, 'risk_reward': 1.4502617801047115}, 'entry_price_hint': 2.58, 'create_bracket': True, 'leverage': 2.0, 'liquidation_price_estimate': 1.3029, 'portfolio_heat_after': 1.8491802359999896, 'atr_pct': 0.0027643231170563476, 'entry_bar_index': 22048, 'actual_exit_plan': {'stop_loss': 2.5609, 'take_profit': 2.6103, 'risk_distance': 0.020131999999999817, 'reward_distance': 0.029268000000000072, 'risk_reward': 1.4538048877409269}, 'position_side': 'LONG', 'exit_plan': {'stop_loss': 2.5609, 'take_profit': 2.6103, 'risk_distance': 0.020131999999999817, 'reward_distance': 0.029268000000000072, 'risk_reward': 1.4538048877409269}, 'source_entry_order': '8de6b606-c8dd-47e7-a665-54338c9eab06', 'exit_reason': 'take_profit_2'}",2.807497138883393
7eb39518-db75-430d-b13f-c084635aaa7b,SAGAUSDT,LONG,2025-08-07 20:35:00+00:00,2025-08-08 03:25:00+00:00,0.25930368,0.2678,207.0,1.7587382400000005,0.040608643968,0.021461759999998945,1.7181295960320004,1.2013617599999955,take_profit_1,82,"{'strategy': 'live_indicator_adapter', 'signal_reason': 'signal_confirmed', 'signal_details': {'ma7': 0.25788571428571433, 'ma14': 0.25605, 'ma28': 0.2535678571428571, 'mavol_fast': 14608.200000000194, 'mavol_slow': 12985.899999999916, 'volume': 20796.8, 'volume_ratio': 1.1249278063130232, 'volume_spike_ratio': 1.6014908477656637, 'adx': 43.47282249116963, 'di_plus': 44.122533356094785, 'di_minus': 7.260783957510286, 'close': 0.2592, 'signal': 'LONG'}, 'htf_reason': 'htf_trend_confirmed', 'htf_details': {'ma7': 0.2538285714285714, 'ma14': 0.2527142857142857, 'ma28': 0.248225, 'adx': 29.014701265864776, 'di_plus': 28.85313026772034, 'di_minus': 18.425261461790733, 'open': 0.252, 'close': 0.2564, 'trend': 'LONG'}, 'score_details': {'score': 51.773594058483724, 'adx': 43.47282249116963, 'volume_ratio': 1.6014908477656637, 'ma_separation_pct': 1.7028408850829138, 'rr_ratio': 1.4499999999999997, 'adx_points': 23.47282249116963, 'volume_points': 9.022362716484956, 'ma_points': 17.028408850829138, 'rr_points': 2.2499999999999987}, 'signal_row': {'open': 0.2585, 'high': 0.2592, 'low': 0.2585, 'close': 0.2592, 'volume': 20796.8, 'turnover': 5384.83957, 'ma7': 0.25788571428571433, 'ma14': 0.25605, 'ma28': 0.2535678571428571, 'mavol_fast': 14608.200000000194, 'mavol_slow': 12985.899999999916, 'volume_ratio': 1.1249278063130232, 'volume_spike_ratio': 1.6014908477656637, 'rsi': 81.5445953662253, 'di_plus': 44.122533356094785, 'di_minus': 7.260783957510286, 'adx': 43.47282249116963, 'atr': 0.000836197917592035, 'atr_pct': 0.003226072212932234}, 'side': 'LONG', 'risk_amount': 4.559951375999983, 'pretrade_exit_plan': {'stop_loss': 0.2535, 'take_profit': 0.2675, 'risk_distance': 0.005699999999999983, 'reward_distance': 0.00830000000000003, 'risk_reward': 1.4561403508772026}, 'entry_price_hint': 0.2592, 'create_bracket': True, 'leverage': 2.0, 'liquidation_price_estimate': 0.13089599999999998, 'portfolio_heat_after': 5.454891999999978, 'atr_pct': 0.003226072212932234, 'entry_bar_index': 22059, 'actual_exit_plan': {'stop_loss': 0.2535, 'take_profit': 0.2678, 'risk_distance': 0.005803679999999978, 'reward_distance': 0.008496320000000002, 'risk_reward': 1.4639539051084889}, 'position_side': 'LONG', 'exit_plan': {'stop_loss': 0.2535, 'take_profit': 0.2678, 'risk_distance': 0.005803679999999978, 'reward_distance': 0.008496320000000002, 'risk_reward': 1.4639539051084889}, 'source_entry_order': '31067907-4e70-4683-81cb-05c84c20bfee', 'exit_reason': 'take_profit_1'}",1.430151727180002
6c1671dc-ca6c-4e3b-a82d-03327c962d34,SAGAUSDT,LONG,2025-08-07 20:35:00+00:00,2025-08-08 03:30:00+00:00,0.25930368,0.2678,77.2,0.6559159040000001,0.015144866252800003,0.008004095999999607,0.6407710377472001,0.44804409599999834,take_profit_1,83,"{'strategy': 'live_indicator_adapter', 'signal_reason': 'signal_confirmed', 'signal_details': {'ma7': 0.25788571428571433, 'ma14': 0.25605, 'ma28': 0.2535678571428571, 'mavol_fast': 14608.200000000194, 'mavol_slow': 12985.899999999916, 'volume': 20796.8, 'volume_ratio': 1.1249278063130232, 'volume_spike_ratio': 1.6014908477656637, 'adx': 43.47282249116963, 'di_plus': 44.122533356094785, 'di_minus': 7.260783957510286, 'close': 0.2592, 'signal': 'LONG'}, 'htf_reason': 'htf_trend_confirmed', 'htf_details': {'ma7': 0.2538285714285714, 'ma14': 0.2527142857142857, 'ma28': 0.248225, 'adx': 29.014701265864776, 'di_plus': 28.85313026772034, 'di_minus': 18.425261461790733, 'open': 0.252, 'close': 0.2564, 'trend': 'LONG'}, 'score_details': {'score': 51.773594058483724, 'adx': 43.47282249116963, 'volume_ratio': 1.6014908477656637, 'ma_separation_pct': 1.7028408850829138, 'rr_ratio': 1.4499999999999997, 'adx_points': 23.47282249116963, 'volume_points': 9.022362716484956, 'ma_points': 17.028408850829138, 'rr_points': 2.2499999999999987}, 'signal_row': {'open': 0.2585, 'high': 0.2592, 'low': 0.2585, 'close': 0.2592, 'volume': 20796.8, 'turnover': 5384.83957, 'ma7': 0.25788571428571433, 'ma14': 0.25605, 'ma28': 0.2535678571428571, 'mavol_fast': 14608.200000000194, 'mavol_slow': 12985.899999999916, 'volume_ratio': 1.1249278063130232, 'volume_spike_ratio': 1.6014908477656637, 'rsi': 81.5445953662253, 'di_plus': 44.122533356094785, 'di_minus': 7.260783957510286, 'adx': 43.47282249116963, 'atr': 0.000836197917592035, 'atr_pct': 0.003226072212932234}, 'side': 'LONG', 'risk_amount': 4.559951375999983, 'pretrade_exit_plan': {'stop_loss': 0.2535, 'take_profit': 0.2675, 'risk_distance': 0.005699999999999983, 'reward_distance': 0.00830000000000003, 'risk_reward': 1.4561403508772026}, 'entry_price_hint': 0.2592, 'create_bracket': True, 'leverage': 2.0, 'liquidation_price_estimate': 0.13089599999999998, 'portfolio_heat_after': 5.454891999999978, 'atr_pct': 0.003226072212932234, 'entry_bar_index': 22059, 'actual_exit_plan': {'stop_loss': 0.2535, 'take_profit': 0.2678, 'risk_distance': 0.005803679999999978, 'reward_distance': 0.008496320000000002, 'risk_reward': 1.4639539051084889}, 'position_side': 'LONG', 'exit_plan': {'stop_loss': 0.2535, 'take_profit': 0.2678, 'risk_distance': 0.005803679999999978, 'reward_distance': 0.008496320000000002, 'risk_reward': 1.4639539051084889}, 'source_entry_order': '31067907-4e70-4683-81cb-05c84c20bfee', 'exit_reason': 'take_profit_1'}",1.4301517271800017
902508d3-ff9c-4a8d-bc27-d52d7b62be9c,SAGAUSDT,LONG,2025-08-07 20:35:00+00:00,2025-08-08 08:10:00+00:00,0.25930368,0.2678,108.60000000000002,0.9227003520000003,0.021304824806400002,0.011259647999999447,0.9013955271936003,0.6302796479999976,take_profit_1,139,"{'strategy': 'live_indicator_adapter', 'signal_reason': 'signal_confirmed', 'signal_details': {'ma7': 0.25788571428571433, 'ma14': 0.25605, 'ma28': 0.2535678571428571, 'mavol_fast': 14608.200000000194, 'mavol_slow': 12985.899999999916, 'volume': 20796.8, 'volume_ratio': 1.1249278063130232, 'volume_spike_ratio': 1.6014908477656637, 'adx': 43.47282249116963, 'di_plus': 44.122533356094785, 'di_minus': 7.260783957510286, 'close': 0.2592, 'signal': 'LONG'}, 'htf_reason': 'htf_trend_confirmed', 'htf_details': {'ma7': 0.2538285714285714, 'ma14': 0.2527142857142857, 'ma28': 0.248225, 'adx': 29.014701265864776, 'di_plus': 28.85313026772034, 'di_minus': 18.425261461790733, 'open': 0.252, 'close': 0.2564, 'trend': 'LONG'}, 'score_details': {'score': 51.773594058483724, 'adx': 43.47282249116963, 'volume_ratio': 1.6014908477656637, 'ma_separation_pct': 1.7028408850829138, 'rr_ratio': 1.4499999999999997, 'adx_points': 23.47282249116963, 'volume_points': 9.022362716484956, 'ma_points': 17.028408850829138, 'rr_points': 2.2499999999999987}, 'signal_row': {'open': 0.2585, 'high': 0.2592, 'low': 0.2585, 'close': 0.2592, 'volume': 20796.8, 'turnover': 5384.83957, 'ma7': 0.25788571428571433, 'ma14': 0.25605, 'ma28': 0.2535678571428571, 'mavol_fast': 14608.200000000194, 'mavol_slow': 12985.899999999916, 'volume_ratio': 1.1249278063130232, 'volume_spike_ratio': 1.6014908477656637, 'rsi': 81.5445953662253, 'di_plus': 44.122533356094785, 'di_minus': 7.260783957510286, 'adx': 43.47282249116963, 'atr': 0.000836197917592035, 'atr_pct': 0.003226072212932234}, 'side': 'LONG', 'risk_amount': 4.559951375999983, 'pretrade_exit_plan': {'stop_loss': 0.2535, 'take_profit': 0.2675, 'risk_distance': 0.005699999999999983, 'reward_distance': 0.00830000000000003, 'risk_reward': 1.4561403508772026}, 'entry_price_hint': 0.2592, 'create_bracket': True, 'leverage': 2.0, 'liquidation_price_estimate': 0.13089599999999998, 'portfolio_heat_after': 5.454891999999978, 'atr_pct': 0.003226072212932234, 'entry_bar_index': 22059, 'actual_exit_plan': {'stop_loss': 0.2535, 'take_profit': 0.2678, 'risk_distance': 0.005803679999999978, 'reward_distance': 0.008496320000000002, 'risk_reward': 1.4639539051084889}, 'position_side': 'LONG', 'exit_plan': {'stop_loss': 0.2535, 'take_profit': 0.2678, 'risk_distance': 0.005803679999999978, 'reward_distance': 0.008496320000000002, 'risk_reward': 1.4639539051084889}, 'source_entry_order': '31067907-4e70-4683-81cb-05c84c20bfee', 'exit_reason': 'take_profit_1'}",1.4301517271800022
5e92ced5-5a13-4594-9a6b-8ad7253a8122,SAGAUSDT,LONG,2025-08-07 20:35:00+00:00,2025-08-08 12:45:00+00:00,0.25930368,0.2533479,392.90000000000003,-2.340025961999987,0.11078144318010001,0.10049596199999342,-2.450807405180087,2.2802658719999913,stop_loss,194,"{'strategy': 'live_indicator_adapter', 'signal_reason': 'signal_confirmed', 'signal_details': {'ma7': 0.25788571428571433, 'ma14': 0.25605, 'ma28': 0.2535678571428571, 'mavol_fast': 14608.200000000194, 'mavol_slow': 12985.899999999916, 'volume': 20796.8, 'volume_ratio': 1.1249278063130232, 'volume_spike_ratio': 1.6014908477656637, 'adx': 43.47282249116963, 'di_plus': 44.122533356094785, 'di_minus': 7.260783957510286, 'close': 0.2592, 'signal': 'LONG'}, 'htf_reason': 'htf_trend_confirmed', 'htf_details': {'ma7': 0.2538285714285714, 'ma14': 0.2527142857142857, 'ma28': 0.248225, 'adx': 29.014701265864776, 'di_plus': 28.85313026772034, 'di_minus': 18.425261461790733, 'open': 0.252, 'close': 0.2564, 'trend': 'LONG'}, 'score_details': {'score': 51.773594058483724, 'adx': 43.47282249116963, 'volume_ratio': 1.6014908477656637, 'ma_separation_pct': 1.7028408850829138, 'rr_ratio': 1.4499999999999997, 'adx_points': 23.47282249116963, 'volume_points': 9.022362716484956, 'ma_points': 17.028408850829138, 'rr_points': 2.2499999999999987}, 'signal_row': {'open': 0.2585, 'high': 0.2592, 'low': 0.2585, 'close': 0.2592, 'volume': 20796.8, 'turnover': 5384.83957, 'ma7': 0.25788571428571433, 'ma14': 0.25605, 'ma28': 0.2535678571428571, 'mavol_fast': 14608.200000000194, 'mavol_slow': 12985.899999999916, 'volume_ratio': 1.1249278063130232, 'volume_spike_ratio': 1.6014908477656637, 'rsi': 81.5445953662253, 'di_plus': 44.122533356094785, 'di_minus': 7.260783957510286, 'adx': 43.47282249116963, 'atr': 0.000836197917592035, 'atr_pct': 0.003226072212932234}, 'side': 'LONG', 'risk_amount': 4.559951375999983, 'pretrade_exit_plan': {'stop_loss': 0.2535, 'take_profit': 0.2675, 'risk_distance': 0.005699999999999983, 'reward_distance': 0.00830000000000003, 'risk_reward': 1.4561403508772026}, 'entry_price_hint': 0.2592, 'create_bracket': True, 'leverage': 2.0, 'liquidation_price_estimate': 0.13089599999999998, 'portfolio_heat_after': 5.454891999999978, 'atr_pct': 0.003226072212932234, 'entry_bar_index': 22059, 'actual_exit_plan': {'stop_loss': 0.2535, 'take_profit': 0.2678, 'risk_distance': 0.005803679999999978, 'reward_distance': 0.008496320000000002, 'risk_reward': 1.4639539051084889}, 'position_side': 'LONG', 'exit_plan': {'stop_loss': 0.2535, 'take_profit': 0.2678, 'risk_distance': 0.005803679999999978, 'reward_distance': 0.008496320000000002, 'risk_reward': 1.4639539051084889}, 'source_entry_order': '31067907-4e70-4683-81cb-05c84c20bfee', 'exit_reason': 'stop_loss'}",-1.074790196737241
75b45608-002a-497e-8757-aa68df630039,BUSDT,LONG,2025-08-08 14:25:00+00:00,2025-08-08 21:05:00+00:00,0.5711183559999999,0.5786,218.9,1.6377318716000142,0.09409090247062,0.04998712839998459,1.5436409691293942,1.120408128399998,take_profit_1,80,"{'strategy': 'live_indicator_adapter', 'signal_reason': 'signal_confirmed', 'signal_details': {'ma7': 0.5705257142857143, 'ma14': 0.5687642857142857, 'ma28': 0.5660789285714286, 'mavol_fast': 14743.777777777777, 'mavol_slow': 12945.888888888889, 'volume': 18122.0, 'volume_ratio': 1.1388772068352888, 'volume_spike_ratio': 1.399826628788204, 'adx': 25.088331068574576, 'di_plus': 30.255552636874718, 'di_minus': 14.41695961029238, 'close': 0.57089, 'signal': 'LONG'}, 'htf_reason': 'htf_trend_confirmed', 'htf_details': {'ma7': 0.5743671428571429, 'ma14': 0.571235, 'ma28': 0.5546364285714286, 'adx': 62.02224147882818, 'di_plus': 24.544141988419618, 'di_minus': 10.483381083548938, 'open': 0.56457, 'close': 0.56999, 'trend': 'LONG'}, 'score_details': {'score': 21.19114692705693, 'adx': 25.088331068574576, 'volume_ratio': 1.399826628788204, 'ma_separation_pct': 0.7855416426659297, 'rr_ratio': 1.45, 'adx_points': 5.0883310685745755, 'volume_points': 5.99739943182306, 'ma_points': 7.855416426659296, 'rr_points': 2.25}, 'signal_row': {'open': 0.56872, 'high': 0.57153, 'low': 0.56872, 'close': 0.57089, 'volume': 18122.0, 'turnover': 10319.84323, 'ma7': 0.5705257142857143, 'ma14': 0.5687642857142857, 'ma28': 0.5660789285714286, 'mavol_fast': 14743.777777777777, 'mavol_slow': 12945.888888888889, 'volume_ratio': 1.1388772068352888, 'volume_spike_ratio': 1.399826628788204, 'rsi': 58.73170400260999, 'di_plus': 30.255552636874718, 'di_minus': 14.41695961029238, 'adx': 25.088331068574576, 'atr': 0.002817382078725179, 'atr_pct': 0.004935069941188633}, 'side': 'LONG', 'risk_amount': 2.240816256799996, 'pretrade_exit_plan': {'stop_loss': 0.566, 'take_profit': 0.578, 'risk_distance': 0.004890000000000061, 'reward_distance': 0.00710999999999995, 'risk_reward': 1.4539877300613213}, 'entry_price_hint': 0.57089, 'create_bracket': True, 'leverage': 2.0, 'liquidation_price_estimate': 0.28829945, 'portfolio_heat_after': 2.1453574000000266, 'atr_pct': 0.004935069941188633, 'entry_bar_index': 22273, 'actual_exit_plan': {'stop_loss': 0.566, 'take_profit': 0.5786, 'risk_distance': 0.005118355999999991, 'reward_distance': 0.007481644000000065, 'risk_reward': 1.461727945457502}, 'position_side': 'LONG', 'exit_plan': {'stop_loss': 0.566, 'take_profit': 0.5786, 'risk_distance': 0.005118355999999991, 'reward_distance': 0.007481644000000065, 'risk_reward': 1.461727945457502}, 'source_entry_order': '1757c265-2a0e-4896-a4a2-92ae16d19c6d', 'exit_reason': 'take_profit_1'}",1.377748813134545
39695886-b6e9-4501-9404-6b989286e370,BUSDT,LONG,2025-08-08 14:25:00+00:00,2025-08-09 05:45:00+00:00,0.5711183559999999,0.586,218.9,3.257591871600006,0.09441487447062,0.04998712839998459,3.163176997129386,1.120408128399998,take_profit_2,184,"{'strategy': 'live_indicator_adapter', 'signal_reason': 'signal_confirmed', 'signal_details': {'ma7': 0.5705257142857143, 'ma14': 0.5687642857142857, 'ma28': 0.5660789285714286, 'mavol_fast': 14743.777777777777, 'mavol_slow': 12945.888888888889, 'volume': 18122.0, 'volume_ratio': 1.1388772068352888, 'volume_spike_ratio': 1.399826628788204, 'adx': 25.088331068574576, 'di_plus': 30.255552636874718, 'di_minus': 14.41695961029238, 'close': 0.57089, 'signal': 'LONG'}, 'htf_reason': 'htf_trend_confirmed', 'htf_details': {'ma7': 0.5743671428571429, 'ma14': 0.571235, 'ma28': 0.5546364285714286, 'adx': 62.02224147882818, 'di_plus': 24.544141988419618, 'di_minus': 10.483381083548938, 'open': 0.56457, 'close': 0.56999, 'trend': 'LONG'}, 'score_details': {'score': 21.19114692705693, 'adx': 25.088331068574576, 'volume_ratio': 1.399826628788204, 'ma_separation_pct': 0.7855416426659297, 'rr_ratio': 1.45, 'adx_points': 5.0883310685745755, 'volume_points': 5.99739943182306, 'ma_points': 7.855416426659296, 'rr_points': 2.25}, 'signal_row': {'open': 0.56872, 'high': 0.57153, 'low': 0.56872, 'close': 0.57089, 'volume': 18122.0, 'turnover': 10319.84323, 'ma7': 0.5705257142857143, 'ma14': 0.5687642857142857, 'ma28': 0.5660789285714286, 'mavol_fast': 14743.777777777777, 'mavol_slow': 12945.888888888889, 'volume_ratio': 1.1388772068352888, 'volume_spike_ratio': 1.399826628788204, 'rsi': 58.73170400260999, 'di_plus': 30.255552636874718, 'di_minus': 14.41695961029238, 'adx': 25.088331068574576, 'atr': 0.002817382078725179, 'atr_pct': 0.004935069941188633}, 'side': 'LONG', 'risk_amount': 2.240816256799996, 'pretrade_exit_plan': {'stop_loss': 0.566, 'take_profit': 0.578, 'risk_distance': 0.004890000000000061, 'reward_distance': 0.00710999999999995, 'risk_reward': 1.4539877300613213}, 'entry_price_hint': 0.57089, 'create_bracket': True, 'leverage': 2.0, 'liquidation_price_estimate': 0.28829945, 'portfolio_heat_after': 2.1453574000000266, 'atr_pct': 0.004935069941188633, 'entry_bar_index': 22273, 'actual_exit_plan': {'stop_loss': 0.566, 'take_profit': 0.5786, 'risk_distance': 0.005118355999999991, 'reward_distance': 0.007481644000000065, 'risk_reward': 1.461727945457502}, 'position_side': 'LONG', 'exit_plan': {'stop_loss': 0.566, 'take_profit': 0.5786, 'risk_distance': 0.005118355999999991, 'reward_distance': 0.007481644000000065, 'risk_reward': 1.461727945457502}, 'source_entry_order': '1757c265-2a0e-4896-a4a2-92ae16d19c6d', 'exit_reason': 'take_profit_2'}",2.8232363876604234
4315d081-14eb-4959-a805-02104be1d5e4,BUSDT,LONG,2025-08-09 11:35:00+00:00,2025-08-09 13:50:00+00:00,0.5837334,0.57885248,428.3,-2.090498035999981,0.2738645428222,0.24880803599999352,-2.364362578822181,1.9416552199999615,stop_loss,27,"{'strategy': 'live_indicator_adapter', 'signal_reason': 'signal_confirmed', 'signal_details': {'ma7': 0.5815328571428572, 'ma14': 0.5803885714285714, 'ma28': 0.5792703571428571, 'mavol_fast': 13257.444444444445, 'mavol_slow': 11888.666666666666, 'volume': 23542.0, 'volume_ratio': 1.1151329931400589, 'volume_spike_ratio': 1.9802052374810746, 'adx': 23.056382932524905, 'di_plus': 40.15575281997466, 'di_minus': 15.270809259809162, 'close': 0.5835, 'signal': 'LONG'}, 'htf_reason': 'htf_trend_confirmed', 'htf_details': {'ma7': 0.5808928571428572, 'ma14': 0.5785385714285713, 'ma28': 0.5756325, 'adx': 44.36705302363627, 'di_plus': 23.94644525284739, 'di_minus': 15.135343230233515, 'open': 0.57766, 'close': 0.58007, 'trend': 'LONG'}, 'score_details': {'score': 23.91523704859366, 'adx': 23.056382932524905, 'volume_ratio': 1.9802052374810746, 'ma_separation_pct': 0.39057755538526345, 'rr_ratio': 1.45, 'adx_points': 3.0563829325249046, 'volume_points': 14.703078562216119, 'ma_points': 3.9057755538526346, 'rr_points': 2.25}, 'signal_row': {'open': 0.58193, 'high': 0.5835, 'low': 0.58183, 'close': 0.5835, 'volume': 23542.0, 'turnover': 13698.74232, 'ma7': 0.5815328571428572, 'ma14': 0.5803885714285714, 'ma28': 0.5792703571428571, 'mavol_fast': 13257.444444444445, 'mavol_slow': 11888.666666666666, 'volume_ratio': 1.1151329931400589, 'volume_spike_ratio': 1.9802052374810746, 'rsi': 67.97208749072225, 'di_plus': 40.15575281997466, 'di_minus': 15.270809259809162, 'adx': 23.056382932524905, 'atr': 0.0011675746702083315, 'atr_pct': 0.002000984867537843}, 'side': 'LONG', 'risk_amount': 1.9416552199999615, 'pretrade_exit_plan': {'stop_loss': 0.5792, 'take_profit': 0.5898, 'risk_distance': 0.0042999999999999705, 'reward_distance': 0.006299999999999972, 'risk_reward': 1.4651162790697712}, 'entry_price_hint': 0.5835, 'create_bracket': True, 'leverage': 2.0, 'liquidation_price_estimate': 0.2946675, 'portfolio_heat_after': 1.8461463999999874, 'atr_pct': 0.002000984867537843, 'entry_bar_index': 22527, 'actual_exit_plan': {'stop_loss': 0.5792, 'take_profit': 0.5904, 'risk_distance': 0.00453339999999991, 'reward_distance': 0.006666600000000078, 'risk_reward': 1.4705519036485222}, 'position_side': 'LONG', 'exit_plan': {'stop_loss': 0.5792, 'take_profit': 0.5904, 'risk_distance': 0.00453339999999991, 'reward_distance': 0.006666600000000078, 'risk_reward': 1.4705519036485222}, 'source_entry_order': '9d77ecbb-2167-44d9-9527-3685a1c534b3', 'exit_reason': 'stop_loss'}",-1.2177046441964232
8dd28230-4ea4-4d34-9d48-6d4a380b4957,BUSDT,LONG,2025-08-09 14:50:00+00:00,2025-08-09 15:20:00+00:00,0.58958574,0.58285008,424.1,-2.8565934059999667,0.27347651719410004,0.24837840599997132,-3.1300699231940667,2.7081923339999654,stop_loss,6,"{'strategy': 'live_indicator_adapter', 'signal_reason': 'signal_confirmed', 'signal_details': {'ma7': 0.58716, 'ma14': 0.5841678571428571, 'ma28': 0.58322, 'mavol_fast': 12435.111111111111, 'mavol_slow': 8775.722222222223, 'volume': 18204.0, 'volume_ratio': 1.416990054633047, 'volume_spike_ratio': 2.0743591853788543, 'adx': 24.366787085597956, 'di_plus': 40.33825819999364, 'di_minus': 13.721045336714175, 'close': 0.58935, 'signal': 'LONG'}, 'htf_reason': 'htf_trend_confirmed', 'htf_details': {'ma7': 0.5807171428571428, 'ma14': 0.5800528571428571, 'ma28': 0.5751367857142856, 'adx': 41.5268675705045, 'di_plus': 25.266620016978962, 'di_minus': 14.452940057234652, 'open': 0.58193, 'close': 0.58176, 'trend': 'LONG'}, 'score_details': {'score': 29.48777309679422, 'adx': 24.366787085597956, 'volume_ratio': 2.0743591853788543, 'ma_separation_pct': 0.6755598230513451, 'rr_ratio': 1.45, 'adx_points': 4.366787085597956, 'volume_points': 16.115387780682816, 'ma_points': 6.755598230513451, 'rr_points': 2.25}, 'signal_row': {'open': 0.58896, 'high': 0.59032, 'low': 0.58878, 'close': 0.58935, 'volume': 18204.0, 'turnover': 10729.84097, 'ma7': 0.58716, 'ma14': 0.5841678571428571, 'ma28': 0.58322, 'mavol_fast': 12435.111111111111, 'mavol_slow': 8775.722222222223, 'volume_ratio': 1.416990054633047, 'volume_spike_ratio': 2.0743591853788543, 'rsi': 71.00146861478535, 'di_plus': 40.33825819999364, 'di_minus': 13.721045336714175, 'adx': 24.366787085597956, 'atr': 0.0016428063631681634, 'atr_pct': 0.0027874885266279178}, 'side': 'LONG', 'risk_amount': 2.7081923339999654, 'pretrade_exit_plan': {'stop_loss': 0.5832, 'take_profit': 0.5983, 'risk_distance': 0.006149999999999989, 'reward_distance': 0.008950000000000014, 'risk_reward': 1.4552845528455334}, 'entry_price_hint': 0.58935, 'create_bracket': True, 'leverage': 2.0, 'liquidation_price_estimate': 0.29762175, 'portfolio_heat_after': 2.612241399999996, 'atr_pct': 0.0027874885266279178, 'entry_bar_index': 22566, 'actual_exit_plan': {'stop_loss': 0.5832, 'take_profit': 0.5989, 'risk_distance': 0.006385739999999918, 'reward_distance': 0.009314260000000019, 'risk_reward': 1.4586030749764536}, 'position_side': 'LONG', 'exit_plan': {'stop_loss': 0.5832, 'take_profit': 0.5989, 'risk_distance': 0.006385739999999918, 'reward_distance': 0.009314260000000019, 'risk_reward': 1.4586030749764536}, 'source_entry_order': '91790fbe-aebe-4080-ae97-7a8996e0a9ba', 'exit_reason': 'stop_loss'}",-1.1557782967988073
e1458f3e-b12d-4628-a336-c0c5e33c4481,SAGAUSDT,LONG,2025-08-09 17:55:00+00:00,2025-08-09 20:25:00+00:00,0.28231288,0.2859,442.8,1.5883767359999996,0.0940737827952,0.04998326399999198,1.4943029532047998,1.0684232640000029,take_profit_1,30,"{'strategy': 'live_indicator_adapter', 'signal_reason': 'signal_confirmed', 'signal_details': {'ma7': 0.2811857142857143, 'ma14': 0.2801357142857143, 'ma28': 0.27998214285714285, 'mavol_fast': 9866.911111111265, 'mavol_slow': 8173.783333333243, 'volume': 11541.3, 'volume_ratio': 1.2071412598953208, 'volume_spike_ratio': 1.4119899597697672, 'adx': 22.078003789581025, 'di_plus': 36.62790440761451, 'di_minus': 14.297226582379528, 'close': 0.2822, 'signal': 'LONG'}, 'htf_reason': 'htf_trend_confirmed', 'htf_details': {'ma7': 0.27912857142857145, 'ma14': 0.2771357142857143, 'ma28': 0.27208214285714283, 'adx': 24.391509489773934, 'di_plus': 28.09994264073437, 'di_minus': 16.439091122591698, 'open': 0.2795, 'close': 0.2783, 'trend': 'LONG'}, 'score_details': {'score': 14.806596728445433, 'adx': 22.078003789581025, 'volume_ratio': 1.4119899597697672, 'ma_separation_pct': 0.42987435423179, 'rr_ratio': 1.45, 'adx_points': 2.0780037895810253, 'volume_points': 6.179849396546508, 'ma_points': 4.298743542317899, 'rr_points': 2.25}, 'signal_row': {'open': 0.2812, 'high': 0.2822, 'low': 0.2812, 'close': 0.2822, 'volume': 11541.3, 'turnover': 3255.26772, 'ma7': 0.2811857142857143, 'ma14': 0.2801357142857143, 'ma28': 0.27998214285714285, 'mavol_fast': 9866.911111111265, 'mavol_slow': 8173.783333333243, 'volume_ratio': 1.2071412598953208, 'volume_spike_ratio': 1.4119899597697672, 'rsi': 65.45365410061396, 'di_plus': 36.62790440761451, 'di_minus': 14.297226582379528, 'adx': 22.078003789581025, 'atr': 0.0008998196100890612, 'atr_pct': 0.003188588271045575}, 'side': 'LONG', 'risk_amount': 2.1370878160000055, 'pretrade_exit_plan': {'stop_loss': 0.2799, 'take_profit': 0.2856, 'risk_distance': 0.0023000000000000242, 'reward_distance': 0.003400000000000014, 'risk_reward': 1.478260869565208}, 'entry_price_hint': 0.2822, 'create_bracket': True, 'leverage': 2.0, 'liquidation_price_estimate': 0.142511, 'portfolio_heat_after': 2.0413664000000216, 'atr_pct': 0.003188588271045575, 'entry_bar_index': 22603, 'actual_exit_plan': {'stop_loss': 0.2799, 'take_profit': 0.2859, 'risk_distance': 0.002412880000000006, 'reward_distance': 0.003587119999999999, 'risk_reward': 1.4866549517588898}, 'position_side': 'LONG', 'exit_plan': {'stop_loss': 0.2799, 'take_profit': 0.2859, 'risk_distance': 0.002412880000000006, 'reward_distance': 0.003587119999999999, 'risk_reward': 1.4866549517588898}, 'source_entry_order': '229ad352-139d-4d4a-adb4-e70fb2be8d66', 'exit_reason': 'take_profit_1'}",1.3986057806438739
e189b945-c8f5-4de1-b7fe-84f8b542fb55,SAGAUSDT,LONG,2025-08-09 17:55:00+00:00,2025-08-09 20:45:00+00:00,0.28231288,0.2894,442.8,3.138176736000001,0.0943837427952,0.04998326399999197,3.043792993204801,1.0684232640000026,take_profit_2,34,"{'strategy': 'live_indicator_adapter', 'signal_reason': 'signal_confirmed', 'signal_details': {'ma7': 0.2811857142857143, 'ma14': 0.2801357142857143, 'ma28': 0.27998214285714285, 'mavol_fast': 9866.911111111265, 'mavol_slow': 8173.783333333243, 'volume': 11541.3, 'volume_ratio': 1.2071412598953208, 'volume_spike_ratio': 1.4119899597697672, 'adx': 22.078003789581025, 'di_plus': 36.62790440761451, 'di_minus': 14.297226582379528, 'close': 0.2822, 'signal': 'LONG'}, 'htf_reason': 'htf_trend_confirmed', 'htf_details': {'ma7': 0.27912857142857145, 'ma14': 0.2771357142857143, 'ma28': 0.27208214285714283, 'adx': 24.391509489773934, 'di_plus': 28.09994264073437, 'di_minus': 16.439091122591698, 'open': 0.2795, 'close': 0.2783, 'trend': 'LONG'}, 'score_details': {'score': 14.806596728445433, 'adx': 22.078003789581025, 'volume_ratio': 1.4119899597697672, 'ma_separation_pct': 0.42987435423179, 'rr_ratio': 1.45, 'adx_points': 2.0780037895810253, 'volume_points': 6.179849396546508, 'ma_points': 4.298743542317899, 'rr_points': 2.25}, 'signal_row': {'open': 0.2812, 'high': 0.2822, 'low': 0.2812, 'close': 0.2822, 'volume': 11541.3, 'turnover': 3255.26772, 'ma7': 0.2811857142857143, 'ma14': 0.2801357142857143, 'ma28': 0.27998214285714285, 'mavol_fast': 9866.911111111265, 'mavol_slow': 8173.783333333243, 'volume_ratio': 1.2071412598953208, 'volume_spike_ratio': 1.4119899597697672, 'rsi': 65.45365410061396, 'di_plus': 36.62790440761451, 'di_minus': 14.297226582379528, 'adx': 22.078003789581025, 'atr': 0.0008998196100890612, 'atr_pct': 0.003188588271045575}, 'side': 'LONG', 'risk_amount': 2.1370878160000055, 'pretrade_exit_plan': {'stop_loss': 0.2799, 'take_profit': 0.2856, 'risk_distance': 0.0023000000000000242, 'reward_distance': 0.003400000000000014, 'risk_reward': 1.478260869565208}, 'entry_price_hint': 0.2822, 'create_bracket': True, 'leverage': 2.0, 'liquidation_price_estimate': 0.142511, 'portfolio_heat_after': 2.0413664000000216, 'atr_pct': 0.003188588271045575, 'entry_bar_index': 22603, 'actual_exit_plan': {'stop_loss': 0.2799, 'take_profit': 0.2859, 'risk_distance': 0.002412880000000006, 'reward_distance': 0.003587119999999999, 'risk_reward': 1.4866549517588898}, 'position_side': 'LONG', 'exit_plan': {'stop_loss': 0.2799, 'take_profit': 0.2859, 'risk_distance': 0.002412880000000006, 'reward_distance': 0.003587119999999999, 'risk_reward': 1.4866549517588898}, 'source_entry_order': '229ad352-139d-4d4a-adb4-e70fb2be8d66', 'exit_reason': 'take_profit_2'}",2.8488643927588546
af3321a4-a3a1-4c2b-a1f8-2e9d768bcf84,SAGAUSDT,LONG,2025-08-09 17:55:00+00:00,2025-08-10 01:20:00+00:00,0.28231288,0.27973205999999995,0.10000000000002274,-0.0002580820000000626,3.091247170001037e-05,2.808200000001225e-05,-0.000288994471700073,0.00024128800000000616,stop_loss,89,"{'strategy': 'live_indicator_adapter', 'signal_reason': 'signal_confirmed', 'signal_details': {'ma7': 0.2811857142857143, 'ma14': 0.2801357142857143, 'ma28': 0.27998214285714285, 'mavol_fast': 9866.911111111265, 'mavol_slow': 8173.783333333243, 'volume': 11541.3, 'volume_ratio': 1.2071412598953208, 'volume_spike_ratio': 1.4119899597697672, 'adx': 22.078003789581025, 'di_plus': 36.62790440761451, 'di_minus': 14.297226582379528, 'close': 0.2822, 'signal': 'LONG'}, 'htf_reason': 'htf_trend_confirmed', 'htf_details': {'ma7': 0.27912857142857145, 'ma14': 0.2771357142857143, 'ma28': 0.27208214285714283, 'adx': 24.391509489773934, 'di_plus': 28.09994264073437, 'di_minus': 16.439091122591698, 'open': 0.2795, 'close': 0.2783, 'trend': 'LONG'}, 'score_details': {'score': 14.806596728445433, 'adx': 22.078003789581025, 'volume_ratio': 1.4119899597697672, 'ma_separation_pct': 0.42987435423179, 'rr_ratio': 1.45, 'adx_points': 2.0780037895810253, 'volume_points': 6.179849396546508, 'ma_points': 4.298743542317899, 'rr_points': 2.25}, 'signal_row': {'open': 0.2812, 'high': 0.2822, 'low': 0.2812, 'close': 0.2822, 'volume': 11541.3, 'turnover': 3255.26772, 'ma7': 0.2811857142857143, 'ma14': 0.2801357142857143, 'ma28': 0.27998214285714285, 'mavol_fast': 9866.911111111265, 'mavol_slow': 8173.783333333243, 'volume_ratio': 1.2071412598953208, 'volume_spike_ratio': 1.4119899597697672, 'rsi': 65.45365410061396, 'di_plus': 36.62790440761451, 'di_minus': 14.297226582379528, 'adx': 22.078003789581025, 'atr': 0.0008998196100890612, 'atr_pct': 0.003188588271045575}, 'side': 'LONG', 'risk_amount': 2.1370878160000055, 'pretrade_exit_plan': {'stop_loss': 0.2799, 'take_profit': 0.2856, 'risk_distance': 0.0023000000000000242, 'reward_distance': 0.003400000000000014, 'risk_reward': 1.478260869565208}, 'entry_price_hint': 0.2822, 'create_bracket': True, 'leverage': 2.0, 'liquidation_price_estimate': 0.142511, 'portfolio_heat_after': 2.0413664000000216, 'atr_pct': 0.003188588271045575, 'entry_bar_index': 22603, 'actual_exit_plan': {'stop_loss': 0.2799, 'take_profit': 0.2859, 'risk_distance': 0.002412880000000006, 'reward_distance': 0.003587119999999999, 'risk_reward': 1.4866549517588898}, 'position_side': 'LONG', 'exit_plan': {'stop_loss': 0.2799, 'take_profit': 0.2859, 'risk_distance': 0.002412880000000006, 'reward_distance': 0.003587119999999999, 'risk_reward': 1.4866549517588898}, 'source_entry_order': '229ad352-139d-4d4a-adb4-e70fb2be8d66', 'exit_reason': 'stop_loss'}",-1.1977158901398561
f90b0ba2-5e4a-4d7c-803a-097c10a65105,SAGAUSDT,LONG,2025-08-10 01:25:00+00:00,2025-08-10 01:45:00+00:00,0.28571424,0.29,437.6,1.8754485759999877,0.09414650328320001,0.049991423999994615,1.7813020727167876,1.2752714240000054,take_profit_1,4,"{'strategy': 'live_indicator_adapter', 'signal_reason': 'signal_confirmed', 'signal_details': {'ma7': 0.28494285714285716, 'ma14': 0.28386428571428574, 'ma28': 0.282875, 'mavol_fast': 679465.3222222223, 'mavol_slow': 344828.8944444444, 'volume': 2269783.2, 'volume_ratio': 1.9704419588065913, 'volume_spike_ratio': 6.582346307309483, 'adx': 23.285543250958288, 'di_plus': 52.9657816595975, 'di_minus': 21.29888227478923, 'close': 0.2856, 'signal': 'LONG'}, 'htf_reason': 'htf_trend_confirmed', 'htf_details': {'ma7': 0.28359999999999996, 'ma14': 0.2814642857142857, 'ma28': 0.27696785714285715, 'adx': 30.514176738612722, 'di_plus': 28.522148017084852, 'di_minus': 11.156442700945552, 'open': 0.2823, 'close': 0.2842, 'trend': 'LONG'}, 'score_details': {'score': 42.84568781253911, 'adx': 23.285543250958288, 'volume_ratio': 6.582346307309483, 'ma_separation_pct': 0.7310144561580829, 'rr_ratio': 1.45, 'adx_points': 3.2855432509582876, 'volume_points': 30.0, 'ma_points': 7.310144561580829, 'rr_points': 2.25}, 'signal_row': {'open': 0.2865, 'high': 0.2924, 'low': 0.2731, 'close': 0.2856, 'volume': 2269783.2, 'turnover': 642843.14952, 'ma7': 0.28494285714285716, 'ma14': 0.28386428571428574, 'ma28': 0.282875, 'mavol_fast': 679465.3222222223, 'mavol_slow': 344828.8944444444, 'volume_ratio': 1.9704419588065913, 'volume_spike_ratio': 6.582346307309483, 'rsi': 59.49173544520028, 'di_plus': 52.9657816595975, 'di_minus': 21.29888227478923, 'adx': 23.285543250958288, 'atr': 0.0043906941809814535, 'atr_pct': 0.015373579065061111}, 'side': 'LONG', 'risk_amount': 2.5505428480000107, 'pretrade_exit_plan': {'stop_loss': 0.2828, 'take_profit': 0.2897, 'risk_distance': 0.0028000000000000247, 'reward_distance': 0.0040999999999999925, 'risk_reward': 1.4642857142856986}, 'entry_price_hint': 0.2856, 'create_bracket': True, 'leverage': 2.0, 'liquidation_price_estimate': 0.14422800000000002, 'portfolio_heat_after': 2.4548664000000215, 'atr_pct': 0.015373579065061111, 'entry_bar_index': 22693, 'actual_exit_plan': {'stop_loss': 0.2828, 'take_profit': 0.29, 'risk_distance': 0.0029142400000000124, 'reward_distance': 0.004285759999999972, 'risk_reward': 1.4706269902272817}, 'position_side': 'LONG', 'exit_plan': {'stop_loss': 0.2828, 'take_profit': 0.29, 'risk_distance': 0.0029142400000000124, 'reward_distance': 0.004285759999999972, 'risk_reward': 1.4706269902272817}, 'source_entry_order': 'f23f15ae-a184-4136-93a6-8801c42f3570', 'exit_reason': 'take_profit_1'}",1.3968023114087909
7822d7da-db92-4434-91bf-6d1ab081bb9a,SAGAUSDT,LONG,2025-08-10 01:25:00+00:00,2025-08-10 02:05:00+00:00,0.28571424,0.2942,437.6,3.713368576000004,0.09451408728320002,0.049991423999994615,3.618854488716804,1.2752714240000054,take_profit_2,8,"{'strategy': 'live_indicator_adapter', 'signal_reason': 'signal_confirmed', 'signal_details': {'ma7': 0.28494285714285716, 'ma14': 0.28386428571428574, 'ma28': 0.282875, 'mavol_fast': 679465.3222222223, 'mavol_slow': 344828.8944444444, 'volume': 2269783.2, 'volume_ratio': 1.9704419588065913, 'volume_spike_ratio': 6.582346307309483, 'adx': 23.285543250958288, 'di_plus': 52.9657816595975, 'di_minus': 21.29888227478923, 'close': 0.2856, 'signal': 'LONG'}, 'htf_reason': 'htf_trend_confirmed', 'htf_details': {'ma7': 0.28359999999999996, 'ma14': 0.2814642857142857, 'ma28': 0.27696785714285715, 'adx': 30.514176738612722, 'di_plus': 28.522148017084852, 'di_minus': 11.156442700945552, 'open': 0.2823, 'close': 0.2842, 'trend': 'LONG'}, 'score_details': {'score': 42.84568781253911, 'adx': 23.285543250958288, 'volume_ratio': 6.582346307309483, 'ma_separation_pct': 0.7310144561580829, 'rr_ratio': 1.45, 'adx_points': 3.2855432509582876, 'volume_points': 30.0, 'ma_points': 7.310144561580829, 'rr_points': 2.25}, 'signal_row': {'open': 0.2865, 'high': 0.2924, 'low': 0.2731, 'close': 0.2856, 'volume': 2269783.2, 'turnover': 642843.14952, 'ma7': 0.28494285714285716, 'ma14': 0.28386428571428574, 'ma28': 0.282875, 'mavol_fast': 679465.3222222223, 'mavol_slow': 344828.8944444444, 'volume_ratio': 1.9704419588065913, 'volume_spike_ratio': 6.582346307309483, 'rsi': 59.49173544520028, 'di_plus': 52.9657816595975, 'di_minus': 21.29888227478923, 'adx': 23.285543250958288, 'atr': 0.0043906941809814535, 'atr_pct': 0.015373579065061111}, 'side': 'LONG', 'risk_amount': 2.5505428480000107, 'pretrade_exit_plan': {'stop_loss': 0.2828, 'take_profit': 0.2897, 'risk_distance': 0.0028000000000000247, 'reward_distance': 0.0040999999999999925, 'risk_reward': 1.4642857142856986}, 'entry_price_hint': 0.2856, 'create_bracket': True, 'leverage': 2.0, 'liquidation_price_estimate': 0.14422800000000002, 'portfolio_heat_after': 2.4548664000000215, 'atr_pct': 0.015373579065061111, 'entry_bar_index': 22693, 'actual_exit_plan': {'stop_loss': 0.2828, 'take_profit': 0.29, 'risk_distance': 0.0029142400000000124, 'reward_distance': 0.004285759999999972, 'risk_reward': 1.4706269902272817}, 'position_side': 'LONG', 'exit_plan': {'stop_loss': 0.2828, 'take_profit': 0.29, 'risk_distance': 0.0029142400000000124, 'reward_distance': 0.004285759999999972, 'risk_reward': 1.4706269902272817}, 'source_entry_order': 'f23f15ae-a184-4136-93a6-8801c42f3570', 'exit_reason': 'take_profit_2'}",2.8377131492258614
c6674437-41c3-42e3-b3c2-744c422507cb,BUSDT,LONG,2025-08-10 04:00:00+00:00,2025-08-10 04:35:00+00:00,0.601130356,0.6092,208.0,1.6784859519999973,0.09411203272640001,0.049994047999987856,1.5843739192735973,1.1503140479999914,take_profit_1,7,"{'strategy': 'live_indicator_adapter', 'signal_reason': 'signal_confirmed', 'signal_details': {'ma7': 0.6003857142857143, 'ma14': 0.5981185714285714, 'ma28': 0.5956275, 'mavol_fast': 19635.444444444445, 'mavol_slow': 10912.833333333334, 'volume': 48355.0, 'volume_ratio': 1.7992984814005937, 'volume_spike_ratio': 4.431021580096828, 'adx': 28.651645190498186, 'di_plus': 33.42174680361445, 'di_minus': 13.849410343836038, 'close': 0.60089, 'signal': 'LONG'}, 'htf_reason': 'htf_trend_confirmed', 'htf_details': {'ma7': 0.5944900000000001, 'ma14': 0.5908921428571429, 'ma28': 0.5854725, 'adx': 34.41489221675493, 'di_plus': 34.42072151847425, 'di_minus': 13.862796993247162, 'open': 0.59477, 'close': 0.60089, 'trend': 'LONG'}, 'score_details': {'score': 48.890219065469246, 'adx': 28.651645190498186, 'volume_ratio': 4.431021580096828, 'ma_separation_pct': 0.7988573874971058, 'rr_ratio': 1.45, 'adx_points': 8.651645190498186, 'volume_points': 30.0, 'ma_points': 7.988573874971058, 'rr_points': 2.25}, 'signal_row': {'open': 0.60247, 'high': 0.60351, 'low': 0.60089, 'close': 0.60089, 'volume': 48355.0, 'turnover': 29064.96125, 'ma7': 0.6003857142857143, 'ma14': 0.5981185714285714, 'ma28': 0.5956275, 'mavol_fast': 19635.444444444445, 'mavol_slow': 10912.833333333334, 'volume_ratio': 1.7992984814005937, 'volume_spike_ratio': 4.431021580096828, 'rsi': 63.0258587810942, 'di_plus': 33.42174680361445, 'di_minus': 13.849410343836038, 'adx': 28.651645190498186, 'atr': 0.0018983348234923815, 'atr_pct': 0.003159205218080483}, 'side': 'LONG', 'risk_amount': 2.3006280959999827, 'pretrade_exit_plan': {'stop_loss': 0.5956, 'take_profit': 0.6086, 'risk_distance': 0.005290000000000017, 'reward_distance': 0.007709999999999995, 'risk_reward': 1.4574669187145501}, 'entry_price_hint': 0.60089, 'create_bracket': True, 'leverage': 2.0, 'liquidation_price_estimate': 0.30344945, 'portfolio_heat_after': 2.204666400000007, 'atr_pct': 0.003159205218080483, 'entry_bar_index': 22724, 'actual_exit_plan': {'stop_loss': 0.5956, 'take_profit': 0.6092, 'risk_distance': 0.0055303559999999585, 'reward_distance': 0.008069643999999987, 'risk_reward': 1.459154528207596}, 'position_side': 'LONG', 'exit_plan': {'stop_loss': 0.5956, 'take_profit': 0.6092, 'risk_distance': 0.0055303559999999585, 'reward_distance': 0.008069643999999987, 'risk_reward': 1.459154528207596}, 'source_entry_order': '248f0577-9803-4940-bd3f-382fd3aa5037', 'exit_reason': 'take_profit_1'}",1.3773403202614884
1496c2d8-6bac-4d9f-b98a-e1358bedc6db,BUSDT,LONG,2025-08-10 04:00:00+00:00,2025-08-10 06:25:00+00:00,0.601130356,0.6172,208.0,3.3424859519999988,0.0944448327264,0.049994047999987856,3.2480411192735987,1.1503140479999914,take_profit_2,29,"{'strategy': 'live_indicator_adapter', 'signal_reason': 'signal_confirmed', 'signal_details': {'ma7': 0.6003857142857143, 'ma14': 0.5981185714285714, 'ma28': 0.5956275, 'mavol_fast': 19635.444444444445, 'mavol_slow': 10912.833333333334, 'volume': 48355.0, 'volume_ratio': 1.7992984814005937, 'volume_spike_ratio': 4.431021580096828, 'adx': 28.651645190498186, 'di_plus': 33.42174680361445, 'di_minus': 13.849410343836038, 'close': 0.60089, 'signal': 'LONG'}, 'htf_reason': 'htf_trend_confirmed', 'htf_details': {'ma7': 0.5944900000000001, 'ma14': 0.5908921428571429, 'ma28': 0.5854725, 'adx': 34.41489221675493, 'di_plus': 34.42072151847425, 'di_minus': 13.862796993247162, 'open': 0.59477, 'close': 0.60089, 'trend': 'LONG'}, 'score_details': {'score': 48.890219065469246, 'adx': 28.651645190498186, 'volume_ratio': 4.431021580096828, 'ma_separation_pct': 0.7988573874971058, 'rr_ratio': 1.45, 'adx_points': 8.651645190498186, 'volume_points': 30.0, 'ma_points': 7.988573874971058, 'rr_points': 2.25}, 'signal_row': {'open': 0.60247, 'high': 0.60351, 'low': 0.60089, 'close': 0.60089, 'volume': 48355.0, 'turnover': 29064.96125, 'ma7': 0.6003857142857143, 'ma14': 0.5981185714285714, 'ma28': 0.5956275, 'mavol_fast': 19635.444444444445, 'mavol_slow': 10912.833333333334, 'volume_ratio': 1.7992984814005937, 'volume_spike_ratio': 4.431021580096828, 'rsi': 63.0258587810942, 'di_plus': 33.42174680361445, 'di_minus': 13.849410343836038, 'adx': 28.651645190498186, 'atr': 0.0018983348234923815, 'atr_pct': 0.003159205218080483}, 'side': 'LONG', 'risk_amount': 2.3006280959999827, 'pretrade_exit_plan': {'stop_loss': 0.5956, 'take_profit': 0.6086, 'risk_distance': 0.005290000000000017, 'reward_distance': 0.007709999999999995, 'risk_reward': 1.4574669187145501}, 'entry_price_hint': 0.60089, 'create_bracket': True, 'leverage': 2.0, 'liquidation_price_estimate': 0.30344945, 'portfolio_heat_after': 2.204666400000007, 'atr_pct': 0.003159205218080483, 'entry_bar_index': 22724, 'actual_exit_plan': {'stop_loss': 0.5956, 'take_profit': 0.6092, 'risk_distance': 0.0055303559999999585, 'reward_distance': 0.008069643999999987, 'risk_reward': 1.459154528207596}, 'position_side': 'LONG', 'exit_plan': {'stop_loss': 0.5956, 'take_profit': 0.6092, 'risk_distance': 0.0055303559999999585, 'reward_distance': 0.008069643999999987, 'risk_reward': 1.459154528207596}, 'source_entry_order': '248f0577-9803-4940-bd3f-382fd3aa5037', 'exit_reason': 'take_profit_2'}",2.823612495144998
ebd5fd0e-36de-4be4-945f-0143f1e29ca8,BUSDT,LONG,2025-08-10 06:50:00+00:00,2025-08-10 07:10:00+00:00,0.615656164,0.6242,203.0,1.7343987079999943,0.09408053071060002,0.04997129199999862,1.6403181772893944,1.1888012919999995,take_profit_1,4,"{'strategy': 'live_indicator_adapter', 'signal_reason': 'signal_confirmed', 'signal_details': {'ma7': 0.6142714285714286, 'ma14': 0.6108835714285714, 'ma28': 0.6098453571428571, 'mavol_fast': 34904.11111111111, 'mavol_slow': 24495.277777777777, 'volume': 29905.0, 'volume_ratio': 1.4249322431761224, 'volume_spike_ratio': 1.220847555651316, 'adx': 23.286859726771183, 'di_plus': 25.07955676825889, 'di_minus': 19.328984456989254, 'close': 0.61541, 'signal': 'LONG'}, 'htf_reason': 'htf_trend_confirmed', 'htf_details': {'ma7': 0.5992685714285714, 'ma14': 0.5945678571428571, 'ma28': 0.5876703571428571, 'adx': 35.76720027681622, 'di_plus': 32.958960156648025, 'di_minus': 14.87409826816426, 'open': 0.6103, 'close': 0.60827, 'trend': 'LONG'}, 'score_details': {'score': 16.107267781572414, 'adx': 23.286859726771183, 'volume_ratio': 1.220847555651316, 'ma_separation_pct': 0.7257694720031489, 'rr_ratio': 1.4499999999999997, 'adx_points': 3.2868597267711834, 'volume_points': 3.3127133347697413, 'ma_points': 7.257694720031489, 'rr_points': 2.2499999999999987}, 'signal_row': {'open': 0.61482, 'high': 0.61801, 'low': 0.61482, 'close': 0.61541, 'volume': 29905.0, 'turnover': 18424.39848, 'ma7': 0.6142714285714286, 'ma14': 0.6108835714285714, 'ma28': 0.6098453571428571, 'mavol_fast': 34904.11111111111, 'mavol_slow': 24495.277777777777, 'volume_ratio': 1.4249322431761224, 'volume_spike_ratio': 1.220847555651316, 'rsi': 60.80959862454807, 'di_plus': 25.07955676825889, 'di_minus': 19.328984456989254, 'adx': 23.286859726771183, 'atr': 0.003874451559063668, 'atr_pct': 0.006295724084859959}, 'side': 'LONG', 'risk_amount': 2.378188200399999, 'pretrade_exit_plan': {'stop_loss': 0.6098, 'take_profit': 0.6236, 'risk_distance': 0.005610000000000004, 'reward_distance': 0.00819000000000003, 'risk_reward': 1.4598930481283467}, 'entry_price_hint': 0.61541, 'create_bracket': True, 'leverage': 2.0, 'liquidation_price_estimate': 0.31078205000000003, 'portfolio_heat_after': 2.2828084000000013, 'atr_pct': 0.006295724084859959, 'entry_bar_index': 22758, 'actual_exit_plan': {'stop_loss': 0.6098, 'take_profit': 0.6242, 'risk_distance': 0.005856163999999997, 'reward_distance': 0.008543835999999971, 'risk_reward': 1.4589475294749217}, 'position_side': 'LONG', 'exit_plan': {'stop_loss': 0.6098, 'take_profit': 0.6242, 'risk_distance': 0.005856163999999997, 'reward_distance': 0.008543835999999971, 'risk_reward': 1.4589475294749217}, 'source_entry_order': '2b4d7402-a9e7-4ca1-9bfc-4cd6a04d486d', 'exit_reason': 'take_profit_1'}",1.3798085418714325
fd3a90f3-ec1d-4182-84c3-ab9e6c01276b,BUSDT,LONG,2025-08-10 06:50:00+00:00,2025-08-10 08:55:00+00:00,0.615656164,0.6327,203.0,3.459898708000007,0.09442563071060002,0.04997129199999861,3.365473077289407,1.1888012919999993,take_profit_2,25,"{'strategy': 'live_indicator_adapter', 'signal_reason': 'signal_confirmed', 'signal_details': {'ma7': 0.6142714285714286, 'ma14': 0.6108835714285714, 'ma28': 0.6098453571428571, 'mavol_fast': 34904.11111111111, 'mavol_slow': 24495.277777777777, 'volume': 29905.0, 'volume_ratio': 1.4249322431761224, 'volume_spike_ratio': 1.220847555651316, 'adx': 23.286859726771183, 'di_plus': 25.07955676825889, 'di_minus': 19.328984456989254, 'close': 0.61541, 'signal': 'LONG'}, 'htf_reason': 'htf_trend_confirmed', 'htf_details': {'ma7': 0.5992685714285714, 'ma14': 0.5945678571428571, 'ma28': 0.5876703571428571, 'adx': 35.76720027681622, 'di_plus': 32.958960156648025, 'di_minus': 14.87409826816426, 'open': 0.6103, 'close': 0.60827, 'trend': 'LONG'}, 'score_details': {'score': 16.107267781572414, 'adx': 23.286859726771183, 'volume_ratio': 1.220847555651316, 'ma_separation_pct': 0.7257694720031489, 'rr_ratio': 1.4499999999999997, 'adx_points': 3.2868597267711834, 'volume_points': 3.3127133347697413, 'ma_points': 7.257694720031489, 'rr_points': 2.2499999999999987}, 'signal_row': {'open': 0.61482, 'high': 0.61801, 'low': 0.61482, 'close': 0.61541, 'volume': 29905.0, 'turnover': 18424.39848, 'ma7': 0.6142714285714286, 'ma14': 0.6108835714285714, 'ma28': 0.6098453571428571, 'mavol_fast': 34904.11111111111, 'mavol_slow': 24495.277777777777, 'volume_ratio': 1.4249322431761224, 'volume_spike_ratio': 1.220847555651316, 'rsi': 60.80959862454807, 'di_plus': 25.07955676825889, 'di_minus': 19.328984456989254, 'adx': 23.286859726771183, 'atr': 0.003874451559063668, 'atr_pct': 0.006295724084859959}, 'side': 'LONG', 'risk_amount': 2.378188200399999, 'pretrade_exit_plan': {'stop_loss': 0.6098, 'take_profit': 0.6236, 'risk_distance': 0.005610000000000004, 'reward_distance': 0.00819000000000003, 'risk_reward': 1.4598930481283467}, 'entry_price_hint': 0.61541, 'create_bracket': True, 'leverage': 2.0, 'liquidation_price_estimate': 0.31078205000000003, 'portfolio_heat_after': 2.2828084000000013, 'atr_pct': 0.006295724084859959, 'entry_bar_index': 22758, 'actual_exit_plan': {'stop_loss': 0.6098, 'take_profit': 0.6242, 'risk_distance': 0.005856163999999997, 'reward_distance': 0.008543835999999971, 'risk_reward': 1.4589475294749217}, 'position_side': 'LONG', 'exit_plan': {'stop_loss': 0.6098, 'take_profit': 0.6242, 'risk_distance': 0.005856163999999997, 'reward_distance': 0.008543835999999971, 'risk_reward': 1.4589475294749217}, 'source_entry_order': '2b4d7402-a9e7-4ca1-9bfc-4cd6a04d486d', 'exit_reason': 'take_profit_2'}",2.830980332825386
3f39346c-1165-4ea2-b275-28bdf12ef2dd,BUSDT,LONG,2025-08-10 06:50:00+00:00,2025-08-12 19:55:00+00:00,0.615656164,0.60943412,0.10000000000002274,-0.0006222044000001452,6.737996562001736e-05,6.120440000001586e-05,-0.0006895843656201625,0.0005856164000002106,stop_loss,733,"{'strategy': 'live_indicator_adapter', 'signal_reason': 'signal_confirmed', 'signal_details': {'ma7': 0.6142714285714286, 'ma14': 0.6108835714285714, 'ma28': 0.6098453571428571, 'mavol_fast': 34904.11111111111, 'mavol_slow': 24495.277777777777, 'volume': 29905.0, 'volume_ratio': 1.4249322431761224, 'volume_spike_ratio': 1.220847555651316, 'adx': 23.286859726771183, 'di_plus': 25.07955676825889, 'di_minus': 19.328984456989254, 'close': 0.61541, 'signal': 'LONG'}, 'htf_reason': 'htf_trend_confirmed', 'htf_details': {'ma7': 0.5992685714285714, 'ma14': 0.5945678571428571, 'ma28': 0.5876703571428571, 'adx': 35.76720027681622, 'di_plus': 32.958960156648025, 'di_minus': 14.87409826816426, 'open': 0.6103, 'close': 0.60827, 'trend': 'LONG'}, 'score_details': {'score': 16.107267781572414, 'adx': 23.286859726771183, 'volume_ratio': 1.220847555651316, 'ma_separation_pct': 0.7257694720031489, 'rr_ratio': 1.4499999999999997, 'adx_points': 3.2868597267711834, 'volume_points': 3.3127133347697413, 'ma_points': 7.257694720031489, 'rr_points': 2.2499999999999987}, 'signal_row': {'open': 0.61482, 'high': 0.61801, 'low': 0.61482, 'close': 0.61541, 'volume': 29905.0, 'turnover': 18424.39848, 'ma7': 0.6142714285714286, 'ma14': 0.6108835714285714, 'ma28': 0.6098453571428571, 'mavol_fast': 34904.11111111111, 'mavol_slow': 24495.277777777777, 'volume_ratio': 1.4249322431761224, 'volume_spike_ratio': 1.220847555651316, 'rsi': 60.80959862454807, 'di_plus': 25.07955676825889, 'di_minus': 19.328984456989254, 'adx': 23.286859726771183, 'atr': 0.003874451559063668, 'atr_pct': 0.006295724084859959}, 'side': 'LONG', 'risk_amount': 2.378188200399999, 'pretrade_exit_plan': {'stop_loss': 0.6098, 'take_profit': 0.6236, 'risk_distance': 0.005610000000000004, 'reward_distance': 0.00819000000000003, 'risk_reward': 1.4598930481283467}, 'entry_price_hint': 0.61541, 'create_bracket': True, 'leverage': 2.0, 'liquidation_price_estimate': 0.31078205000000003, 'portfolio_heat_after': 2.2828084000000013, 'atr_pct': 0.006295724084859959, 'entry_bar_index': 22758, 'actual_exit_plan': {'stop_loss': 0.6098, 'take_profit': 0.6242, 'risk_distance': 0.005856163999999997, 'reward_distance': 0.008543835999999971, 'risk_reward': 1.4589475294749217}, 'position_side': 'LONG', 'exit_plan': {'stop_loss': 0.6098, 'take_profit': 0.6242, 'risk_distance': 0.005856163999999997, 'reward_distance': 0.008543835999999971, 'risk_reward': 1.4589475294749217}, 'source_entry_order': '2b4d7402-a9e7-4ca1-9bfc-4cd6a04d486d', 'exit_reason': 'stop_loss'}",-1.1775359529205713
a420274d-bb92-433e-8307-4041fc4494b3,BUSDT,SHORT,2025-08-12 20:00:00+00:00,2025-08-12 20:10:00+00:00,0.61055568,0.61707002,409.1,-2.6650164939999805,0.27622192062850004,0.25132649399997364,-2.9412384146284807,2.5136413119999923,stop_loss,2,"{'strategy': 'live_indicator_adapter', 'signal_reason': 'signal_confirmed', 'signal_details': {'ma7': 0.6120157142857143, 'ma14': 0.6127914285714285, 'ma28': 0.6166882142857143, 'mavol_fast': 23094.333333333332, 'mavol_slow': 21621.11111111111, 'volume': 68736.0, 'volume_ratio': 1.0681381365948919, 'volume_spike_ratio': 3.1791150624389743, 'adx': 34.949436015589335, 'di_plus': 9.337210147924512, 'di_minus': 30.944610808926686, 'close': 0.6108, 'signal': 'SHORT'}, 'htf_reason': 'htf_trend_confirmed', 'htf_details': {'ma7': 0.6213114285714286, 'ma14': 0.6320492857142856, 'ma28': 0.6498217857142857, 'adx': 23.976389158949253, 'di_plus': 15.378917154899803, 'di_minus': 29.840250608016486, 'open': 0.61345, 'close': 0.6108, 'trend': 'SHORT'}, 'score_details': {'score': 54.776198294745164, 'adx': 34.949436015589335, 'volume_ratio': 3.1791150624389743, 'ma_separation_pct': 0.7576762279155831, 'rr_ratio': 1.45, 'adx_points': 14.949436015589335, 'volume_points': 30.0, 'ma_points': 7.576762279155831, 'rr_points': 2.25}, 'signal_row': {'open': 0.61045, 'high': 0.61091, 'low': 0.60833, 'close': 0.6108, 'volume': 68736.0, 'turnover': 41911.21466, 'ma7': 0.6120157142857143, 'ma14': 0.6127914285714285, 'ma28': 0.6166882142857143, 'mavol_fast': 23094.333333333332, 'mavol_slow': 21621.11111111111, 'volume_ratio': 1.0681381365948919, 'volume_spike_ratio': 3.1791150624389743, 'rsi': 31.09603912632987, 'di_plus': 9.337210147924512, 'di_minus': 30.944610808926686, 'adx': 34.949436015589335, 'atr': 0.0022662893784334698, 'atr_pct': 0.003710362440133382}, 'side': 'SHORT', 'risk_amount': 2.5136413119999923, 'pretrade_exit_plan': {'stop_loss': 0.6167, 'take_profit': 0.6022, 'risk_distance': 0.005900000000000016, 'reward_distance': 0.008600000000000052, 'risk_reward': 1.4576271186440726}, 'entry_price_hint': 0.6108, 'create_bracket': True, 'leverage': 2.0, 'liquidation_price_estimate': 0.9131460000000001, 'portfolio_heat_after': 2.4183064000000067, 'atr_pct': 0.003710362440133382, 'entry_bar_index': 23492, 'actual_exit_plan': {'stop_loss': 0.6167, 'take_profit': 0.6016, 'risk_distance': 0.006144319999999981, 'reward_distance': 0.008955680000000021, 'risk_reward': 1.457554294047193}, 'position_side': 'SHORT', 'exit_plan': {'stop_loss': 0.6167, 'take_profit': 0.6016, 'risk_distance': 0.006144319999999981, 'reward_distance': 0.008955680000000021, 'risk_reward': 1.457554294047193}, 'source_entry_order': '3b9fe5d8-211b-4712-aa41-6e347af94a1c', 'exit_reason': 'stop_loss'}",-1.1701106281899338
235c2640-5193-47ba-9fd7-04aa565b9579,SAGAUSDT,LONG,2025-08-13 03:40:00+00:00,2025-08-13 05:45:00+00:00,0.28191272,0.27713361999999997,887.1,-4.239539610000032,0.2727615045177,0.2475896100000285,-4.512301114517733,4.091943912000013,stop_loss,25,"{'strategy': 'live_indicator_adapter', 'signal_reason': 'signal_confirmed', 'signal_details': {'ma7': 0.28004285714285715, 'ma14': 0.2790642857142857, 'ma28': 0.2773785714285714, 'mavol_fast': 35358.97777777793, 'mavol_slow': 23783.744444444368, 'volume': 217217.2, 'volume_ratio': 1.4866867519692601, 'volume_spike_ratio': 9.13301101546017, 'adx': 27.307588515716507, 'di_plus': 34.26205203620098, 'di_minus': 15.748813506762502, 'close': 0.2818, 'signal': 'LONG'}, 'htf_reason': 'htf_trend_confirmed', 'htf_details': {'ma7': 0.27892857142857147, 'ma14': 0.27676428571428574, 'ma28': 0.2687607142857143, 'adx': 24.09173829047606, 'di_plus': 23.685735427247728, 'di_minus': 16.69209245548332, 'open': 0.2761, 'close': 0.2803, 'trend': 'LONG'}, 'score_details': {'score': 49.16282117865787, 'adx': 27.307588515716507, 'volume_ratio': 9.13301101546017, 'ma_separation_pct': 0.960523266294137, 'rr_ratio': 1.45, 'adx_points': 7.307588515716507, 'volume_points': 30.0, 'ma_points': 9.60523266294137, 'rr_points': 2.25}, 'signal_row': {'open': 0.281, 'high': 0.282, 'low': 0.2796, 'close': 0.2818, 'volume': 217217.2, 'turnover': 61023.6343, 'ma7': 0.28004285714285715, 'ma14': 0.2790642857142857, 'ma28': 0.2773785714285714, 'mavol_fast': 35358.97777777793, 'mavol_slow': 23783.744444444368, 'volume_ratio': 1.4866867519692601, 'volume_spike_ratio': 9.13301101546017, 'rsi': 64.26432064521333, 'di_plus': 34.26205203620098, 'di_minus': 15.748813506762502, 'adx': 27.307588515716507, 'atr': 0.0014288672792044429, 'atr_pct': 0.005070501345650969}, 'side': 'LONG', 'risk_amount': 4.091943912000013, 'pretrade_exit_plan': {'stop_loss': 0.2773, 'take_profit': 0.2884, 'risk_distance': 0.004500000000000004, 'reward_distance': 0.006599999999999995, 'risk_reward': 1.4666666666666641}, 'entry_price_hint': 0.2818, 'create_bracket': True, 'leverage': 2.0, 'liquidation_price_estimate': 0.142309, 'portfolio_heat_after': 3.9959764000000035, 'atr_pct': 0.005070501345650969, 'entry_bar_index': 23584, 'actual_exit_plan': {'stop_loss': 0.2773, 'take_profit': 0.2887, 'risk_distance': 0.004612720000000015, 'reward_distance': 0.006787280000000007, 'risk_reward': 1.4714268370939456}, 'position_side': 'LONG', 'exit_plan': {'stop_loss': 0.2773, 'take_profit': 0.2887, 'risk_distance': 0.004612720000000015, 'reward_distance': 0.006787280000000007, 'risk_reward': 1.4714268370939456}, 'source_entry_order': 'df18a788-157d-4bbe-9ff7-8f80826d68df', 'exit_reason': 'stop_loss'}",-1.102727997147024
a8546c3c-d54b-4ae1-9697-a621388cb4f8,BUSDT,SHORT,2025-08-14 12:35:00+00:00,2025-08-14 12:40:00+00:00,0.557097072,0.5630376199999999,168.2,-0.9992001735999796,0.10362366035691999,0.09428417359998965,-1.1028238339568996,0.9424124895999918,stop_loss,1,"{'strategy': 'live_indicator_adapter', 'signal_reason': 'signal_confirmed', 'signal_details': {'ma7': 0.5620485714285715, 'ma14': 0.56216, 'ma28': 0.5626467857142857, 'mavol_fast': 23095.222222222223, 'mavol_slow': 12530.666666666666, 'volume': 77145.0, 'volume_ratio': 1.8430960488047103, 'volume_spike_ratio': 6.156496062992126, 'adx': 22.104655962247115, 'di_plus': 22.55916029215505, 'di_minus': 38.839560414386234, 'close': 0.55732, 'signal': 'SHORT'}, 'htf_reason': 'htf_trend_confirmed', 'htf_details': {'ma7': 0.5680757142857144, 'ma14': 0.5889557142857144, 'ma28': 0.6023821428571428, 'adx': 24.905769068266103, 'di_plus': 10.991045834962131, 'di_minus': 31.249586707514702, 'open': 0.56341, 'close': 0.56078, 'trend': 'SHORT'}, 'score_details': {'score': 35.41787057735388, 'adx': 22.104655962247115, 'volume_ratio': 6.156496062992126, 'ma_separation_pct': 0.10632146151067624, 'rr_ratio': 1.45, 'adx_points': 2.104655962247115, 'volume_points': 30.0, 'ma_points': 1.0632146151067625, 'rr_points': 2.25}, 'signal_row': {'open': 0.56325, 'high': 0.56325, 'low': 0.55684, 'close': 0.55732, 'volume': 77145.0, 'turnover': 43137.81146, 'ma7': 0.5620485714285715, 'ma14': 0.56216, 'ma28': 0.5626467857142857, 'mavol_fast': 23095.222222222223, 'mavol_slow': 12530.666666666666, 'volume_ratio': 1.8430960488047103, 'volume_spike_ratio': 6.156496062992126, 'rsi': 34.695608140917926, 'di_plus': 22.55916029215505, 'di_minus': 38.839560414386234, 'adx': 22.104655962247115, 'atr': 0.0023085378110431656, 'atr_pct': 0.0041422123933165245}, 'side': 'SHORT', 'risk_amount': 2.5129132079999783, 'pretrade_exit_plan': {'stop_loss': 0.5627, 'take_profit': 0.5495, 'risk_distance': 0.00537999999999994, 'reward_distance': 0.00782000000000005, 'risk_reward': 1.4535315985130364}, 'entry_price_hint': 0.55732, 'create_bracket': True, 'leverage': 2.0, 'liquidation_price_estimate': 0.8331934000000001, 'portfolio_heat_after': 2.4169563999999735, 'atr_pct': 0.0041422123933165245, 'entry_bar_index': 23979, 'actual_exit_plan': {'stop_loss': 0.5627, 'take_profit': 0.5489, 'risk_distance': 0.0056029279999999515, 'reward_distance': 0.008197071999999972, 'risk_reward': 1.4629979182313324}, 'position_side': 'SHORT', 'exit_plan': {'stop_loss': 0.5627, 'take_profit': 0.5489, 'risk_distance': 0.0056029279999999515, 'reward_distance': 0.008197071999999972, 'risk_reward': 1.4629979182313324}, 'source_entry_order': '9f0afcff-a7dd-46dd-a20c-854c9c7563ea', 'exit_reason': 'stop_loss'}",-1.1702135170396506
e3d00736-eaeb-4a84-98da-42b47fb050c3,BUSDT,SHORT,2025-08-14 12:35:00+00:00,2025-08-14 12:45:00+00:00,0.557097072,0.565128874,280.3,-2.2513141005999935,0.17300796296509002,0.15747310060000005,-2.4243220635650835,1.5705007183999866,stop_loss,2,"{'strategy': 'live_indicator_adapter', 'signal_reason': 'signal_confirmed', 'signal_details': {'ma7': 0.5620485714285715, 'ma14': 0.56216, 'ma28': 0.5626467857142857, 'mavol_fast': 23095.222222222223, 'mavol_slow': 12530.666666666666, 'volume': 77145.0, 'volume_ratio': 1.8430960488047103, 'volume_spike_ratio': 6.156496062992126, 'adx': 22.104655962247115, 'di_plus': 22.55916029215505, 'di_minus': 38.839560414386234, 'close': 0.55732, 'signal': 'SHORT'}, 'htf_reason': 'htf_trend_confirmed', 'htf_details': {'ma7': 0.5680757142857144, 'ma14': 0.5889557142857144, 'ma28': 0.6023821428571428, 'adx': 24.905769068266103, 'di_plus': 10.991045834962131, 'di_minus': 31.249586707514702, 'open': 0.56341, 'close': 0.56078, 'trend': 'SHORT'}, 'score_details': {'score': 35.41787057735388, 'adx': 22.104655962247115, 'volume_ratio': 6.156496062992126, 'ma_separation_pct': 0.10632146151067624, 'rr_ratio': 1.45, 'adx_points': 2.104655962247115, 'volume_points': 30.0, 'ma_points': 1.0632146151067625, 'rr_points': 2.25}, 'signal_row': {'open': 0.56325, 'high': 0.56325, 'low': 0.55684, 'close': 0.55732, 'volume': 77145.0, 'turnover': 43137.81146, 'ma7': 0.5620485714285715, 'ma14': 0.56216, 'ma28': 0.5626467857142857, 'mavol_fast': 23095.222222222223, 'mavol_slow': 12530.666666666666, 'volume_ratio': 1.8430960488047103, 'volume_spike_ratio': 6.156496062992126, 'rsi': 34.695608140917926, 'di_plus': 22.55916029215505, 'di_minus': 38.839560414386234, 'adx': 22.104655962247115, 'atr': 0.0023085378110431656, 'atr_pct': 0.0041422123933165245}, 'side': 'SHORT', 'risk_amount': 2.5129132079999783, 'pretrade_exit_plan': {'stop_loss': 0.5627, 'take_profit': 0.5495, 'risk_distance': 0.00537999999999994, 'reward_distance': 0.00782000000000005, 'risk_reward': 1.4535315985130364}, 'entry_price_hint': 0.55732, 'create_bracket': True, 'leverage': 2.0, 'liquidation_price_estimate': 0.8331934000000001, 'portfolio_heat_after': 2.4169563999999735, 'atr_pct': 0.0041422123933165245, 'entry_bar_index': 23979, 'actual_exit_plan': {'stop_loss': 0.5627, 'take_profit': 0.5489, 'risk_distance': 0.0056029279999999515, 'reward_distance': 0.008197071999999972, 'risk_reward': 1.4629979182313324}, 'position_side': 'SHORT', 'exit_plan': {'stop_loss': 0.5627, 'take_profit': 0.5489, 'risk_distance': 0.0056029279999999515, 'reward_distance': 0.008197071999999972, 'risk_reward': 1.4629979182313324}, 'source_entry_order': '9f0afcff-a7dd-46dd-a20c-854c9c7563ea', 'exit_reason': 'stop_loss'}",-1.5436618622084828
fab23fe8-1adb-4f49-9920-84b5e504c0c8,BUSDT,SHORT,2025-08-14 13:10:00+00:00,2025-08-14 13:15:00+00:00,0.55717704,0.5618369,448.5,-2.0899472099999823,0.2760327636495,0.25109720999998547,-2.365979973649482,1.9388475599999941,stop_loss,1,"{'strategy': 'live_indicator_adapter', 'signal_reason': 'signal_confirmed', 'signal_details': {'ma7': 0.5577557142857142, 'ma14': 0.5599021428571429, 'ma28': 0.5614328571428572, 'mavol_fast': 34000.666666666664, 'mavol_slow': 24459.444444444445, 'volume': 35058.0, 'volume_ratio': 1.390083357939446, 'volume_spike_ratio': 1.433311377109501, 'adx': 26.49718677174196, 'di_plus': 19.614690060866124, 'di_minus': 32.499239826861015, 'close': 0.5574, 'signal': 'SHORT'}, 'htf_reason': 'htf_trend_confirmed', 'htf_details': {'ma7': 0.5641857142857142, 'ma14': 0.5856435714285714, 'ma28': 0.5995196428571428, 'adx': 27.015923764482306, 'di_plus': 9.979179887362807, 'di_minus': 33.83521073092719, 'open': 0.56078, 'close': 0.55492, 'trend': 'SHORT'}, 'score_details': {'score': 21.796425752290535, 'adx': 26.49718677174196, 'volume_ratio': 1.433311377109501, 'ma_separation_pct': 0.6549568323906061, 'rr_ratio': 1.45, 'adx_points': 6.4971867717419585, 'volume_points': 6.499670656642515, 'ma_points': 6.549568323906061, 'rr_points': 2.25}, 'signal_row': {'open': 0.55008, 'high': 0.55979, 'low': 0.55005, 'close': 0.5574, 'volume': 35058.0, 'turnover': 19375.81111, 'ma7': 0.5577557142857142, 'ma14': 0.5599021428571429, 'ma28': 0.5614328571428572, 'mavol_fast': 34000.666666666664, 'mavol_slow': 24459.444444444445, 'volume_ratio': 1.390083357939446, 'volume_spike_ratio': 1.433311377109501, 'rsi': 45.20546177743598, 'di_plus': 19.614690060866124, 'di_minus': 32.499239826861015, 'adx': 26.49718677174196, 'atr': 0.0041362775524603134, 'atr_pct': 0.007420662993290838}, 'side': 'SHORT', 'risk_amount': 1.9388475599999941, 'pretrade_exit_plan': {'stop_loss': 0.5615, 'take_profit': 0.5514, 'risk_distance': 0.0040999999999999925, 'reward_distance': 0.006000000000000005, 'risk_reward': 1.4634146341463454}, 'entry_price_hint': 0.5574, 'create_bracket': True, 'leverage': 2.0, 'liquidation_price_estimate': 0.8333130000000001, 'portfolio_heat_after': 1.8428763999999969, 'atr_pct': 0.007420662993290838, 'entry_bar_index': 23986, 'actual_exit_plan': {'stop_loss': 0.5615, 'take_profit': 0.5509, 'risk_distance': 0.004322959999999987, 'reward_distance': 0.006277040000000067, 'risk_reward': 1.4520236134500635}, 'position_side': 'SHORT', 'exit_plan': {'stop_loss': 0.5615, 'take_profit': 0.5509, 'risk_distance': 0.004322959999999987, 'reward_distance': 0.006277040000000067, 'risk_reward': 1.4520236134500635}, 'source_entry_order': '616abbb4-44bb-4960-a5b2-ef2f781a3c48', 'exit_reason': 'stop_loss'}",-1.220302215842843
2bb62b8d-93e4-4e2f-a175-945968daeb29,SAGAUSDT,SHORT,2025-08-14 21:45:00+00:00,2025-08-14 23:20:00+00:00,0.25209912,0.2571542,941.0,-4.75683027999999,0.263564055766,0.2400302799999653,-5.02039433576599,4.611728079999996,stop_loss,19,"{'strategy': 'live_indicator_adapter', 'signal_reason': 'signal_confirmed', 'signal_details': {'ma7': 0.2540428571428571, 'ma14': 0.2554571428571429, 'ma28': 0.25693571428571427, 'mavol_fast': 36724.62222222235, 'mavol_slow': 23418.361111111048, 'volume': 29637.1, 'volume_ratio': 1.5681977935167304, 'volume_spike_ratio': 1.265549705181479, 'adx': 22.573429760731184, 'di_plus': 12.139950164805164, 'di_minus': 40.29501166743897, 'close': 0.2522, 'signal': 'SHORT'}, 'htf_reason': 'htf_trend_confirmed', 'htf_details': {'ma7': 0.25907142857142856, 'ma14': 0.2671357142857143, 'ma28': 0.27690714285714285, 'adx': 38.101446712417, 'di_plus': 12.179684593401932, 'di_minus': 33.34868520871445, 'open': 0.2579, 'close': 0.2578, 'trend': 'SHORT'}, 'score_details': {'score': 20.06574514468616, 'adx': 22.573429760731184, 'volume_ratio': 1.265549705181479, 'ma_separation_pct': 1.1259069806232793, 'rr_ratio': 1.45, 'adx_points': 2.573429760731184, 'volume_points': 3.9832455777221853, 'ma_points': 11.259069806232793, 'rr_points': 2.25}, 'signal_row': {'open': 0.2528, 'high': 0.2528, 'low': 0.2516, 'close': 0.2522, 'volume': 29637.1, 'turnover': 7469.48231, 'ma7': 0.2540428571428571, 'ma14': 0.2554571428571429, 'ma28': 0.25693571428571427, 'mavol_fast': 36724.62222222235, 'mavol_slow': 23418.361111111048, 'volume_ratio': 1.5681977935167304, 'volume_spike_ratio': 1.265549705181479, 'rsi': 30.064415182306433, 'di_plus': 12.139950164805164, 'di_minus': 40.29501166743897, 'adx': 22.573429760731184, 'atr': 0.0014416305998392876, 'atr_pct': 0.005716219666293766}, 'side': 'SHORT', 'risk_amount': 4.611728079999996, 'pretrade_exit_plan': {'stop_loss': 0.257, 'take_profit': 0.2452, 'risk_distance': 0.0048000000000000265, 'reward_distance': 0.0069999999999999785, 'risk_reward': 1.4583333333333208}, 'entry_price_hint': 0.2522, 'create_bracket': True, 'leverage': 2.0, 'liquidation_price_estimate': 0.377039, 'portfolio_heat_after': 4.520826400000025, 'atr_pct': 0.005716219666293766, 'entry_bar_index': 24089, 'actual_exit_plan': {'stop_loss': 0.257, 'take_profit': 0.2449, 'risk_distance': 0.004900879999999996, 'reward_distance': 0.007199120000000003, 'risk_reward': 1.4689443528509183}, 'position_side': 'SHORT', 'exit_plan': {'stop_loss': 0.257, 'take_profit': 0.2449, 'risk_distance': 0.004900879999999996, 'reward_distance': 0.007199120000000003, 'risk_reward': 1.4689443528509183}, 'source_entry_order': '7761d1d2-cd3a-40fd-9e6a-b7a320bb9602', 'exit_reason': 'stop_loss'}",-1.0886145602422408
23a78726-cf5f-48bf-b9c4-e7004677af3e,BUSDT,SHORT,2025-08-15 00:00:00+00:00,2025-08-15 03:05:00+00:00,0.547660848,0.5531316799999999,456.3,-2.4963406415999407,0.27626039678951997,0.25134464159997516,-2.772601038389461,2.3449950575999656,stop_loss,37,"{'strategy': 'live_indicator_adapter', 'signal_reason': 'signal_confirmed', 'signal_details': {'ma7': 0.5514757142857143, 'ma14': 0.5525364285714286, 'ma28': 0.5527275, 'mavol_fast': 18747.11111111111, 'mavol_slow': 11501.277777777777, 'volume': 25833.0, 'volume_ratio': 1.6300024634943941, 'volume_spike_ratio': 2.246098259613666, 'adx': 27.436384551493997, 'di_plus': 22.089386634002885, 'di_minus': 42.77470256828931, 'close': 0.54788, 'signal': 'SHORT'}, 'htf_reason': 'htf_trend_confirmed', 'htf_details': {'ma7': 0.5517028571428572, 'ma14': 0.5553807142857142, 'ma28': 0.5749807142857143, 'adx': 38.18611259493655, 'di_plus': 10.105966255585804, 'di_minus': 25.500575652885164, 'open': 0.55311, 'close': 0.54788, 'trend': 'SHORT'}, 'score_details': {'score': 30.642601405449945, 'adx': 27.436384551493997, 'volume_ratio': 2.246098259613666, 'ma_separation_pct': 0.22647429597509564, 'rr_ratio': 1.45, 'adx_points': 7.4363845514939975, 'volume_points': 18.69147389420499, 'ma_points': 2.2647429597509565, 'rr_points': 2.25}, 'signal_row': {'open': 0.549, 'high': 0.549, 'low': 0.5465, 'close': 0.54788, 'volume': 25833.0, 'turnover': 14139.38428, 'ma7': 0.5514757142857143, 'ma14': 0.5525364285714286, 'ma28': 0.5527275, 'mavol_fast': 18747.11111111111, 'mavol_slow': 11501.277777777777, 'volume_ratio': 1.6300024634943941, 'volume_spike_ratio': 2.246098259613666, 'rsi': 36.70957034095673, 'di_plus': 22.089386634002885, 'di_minus': 42.77470256828931, 'adx': 27.436384551493997, 'atr': 0.0017664398120873263, 'atr_pct': 0.003224136329282555}, 'side': 'SHORT', 'risk_amount': 2.3449950575999656, 'pretrade_exit_plan': {'stop_loss': 0.5528, 'take_profit': 0.5407, 'risk_distance': 0.0049199999999999244, 'reward_distance': 0.007180000000000075, 'risk_reward': 1.4593495934959726}, 'entry_price_hint': 0.54788, 'create_bracket': True, 'leverage': 2.0, 'liquidation_price_estimate': 0.8190806000000002, 'portfolio_heat_after': 2.2490223999999657, 'atr_pct': 0.003224136329282555, 'entry_bar_index': 24116, 'actual_exit_plan': {'stop_loss': 0.5528, 'take_profit': 0.5402, 'risk_distance': 0.005139151999999925, 'reward_distance': 0.00746084800000002, 'risk_reward': 1.4517663614542107}, 'position_side': 'SHORT', 'exit_plan': {'stop_loss': 0.5528, 'take_profit': 0.5402, 'risk_distance': 0.005139151999999925, 'reward_distance': 0.00746084800000002, 'risk_reward': 1.4517663614542107}, 'source_entry_order': '2acef20f-0d0c-4309-9967-fe84dbb7eb0f', 'exit_reason': 'stop_loss'}",-1.1823483505449848
a05073b7-4b5d-4656-af26-a8d942dbb243,BUSDT,SHORT,2025-08-15 14:05:00+00:00,2025-08-15 14:55:00+00:00,0.5436624480000001,0.5375,229.8,1.4161305504000226,0.09341699680272002,0.049993449599989484,1.3227135535973025,0.9737894495999949,take_profit_1,10,"{'strategy': 'live_indicator_adapter', 'signal_reason': 'signal_confirmed', 'signal_details': {'ma7': 0.5441771428571428, 'ma14': 0.5455528571428571, 'ma28': 0.5478014285714286, 'mavol_fast': 9309.0, 'mavol_slow': 8234.611111111111, 'volume': 26022.0, 'volume_ratio': 1.1304723288558456, 'volume_spike_ratio': 3.1600763714133433, 'adx': 30.086458863303005, 'di_plus': 16.845098126832074, 'di_minus': 37.53622589403513, 'close': 0.54388, 'signal': 'SHORT'}, 'htf_reason': 'htf_trend_confirmed', 'htf_details': {'ma7': 0.5499842857142857, 'ma14': 0.5502242857142857, 'ma28': 0.5528025, 'adx': 28.925917521526966, 'di_plus': 14.221527658944407, 'di_minus': 25.594109594237185, 'open': 0.54909, 'close': 0.54344, 'trend': 'SHORT'}, 'score_details': {'score': 48.95251629808783, 'adx': 30.086458863303005, 'volume_ratio': 3.1600763714133433, 'ma_separation_pct': 0.6616057434784822, 'rr_ratio': 1.45, 'adx_points': 10.086458863303005, 'volume_points': 30.0, 'ma_points': 6.616057434784821, 'rr_points': 2.25}, 'signal_row': {'open': 0.54344, 'high': 0.54458, 'low': 0.54239, 'close': 0.54388, 'volume': 26022.0, 'turnover': 14135.41447, 'ma7': 0.5441771428571428, 'ma14': 0.5455528571428571, 'ma28': 0.5478014285714286, 'mavol_fast': 9309.0, 'mavol_slow': 8234.611111111111, 'volume_ratio': 1.1304723288558456, 'volume_spike_ratio': 3.1600763714133433, 'rsi': 35.861344240358875, 'di_plus': 16.845098126832074, 'di_minus': 37.53622589403513, 'adx': 30.086458863303005, 'atr': 0.001486945078997039, 'atr_pct': 0.002733958003598292}, 'side': 'SHORT', 'risk_amount': 1.9475788991999898, 'pretrade_exit_plan': {'stop_loss': 0.5479, 'take_profit': 0.538, 'risk_distance': 0.0040200000000000236, 'reward_distance': 0.005879999999999996, 'risk_reward': 1.4626865671641696}, 'entry_price_hint': 0.54388, 'create_bracket': True, 'leverage': 2.0, 'liquidation_price_estimate': 0.8131006000000001, 'portfolio_heat_after': 1.851618400000011, 'atr_pct': 0.002733958003598292, 'entry_bar_index': 24285, 'actual_exit_plan': {'stop_loss': 0.5479, 'take_profit': 0.5375, 'risk_distance': 0.004237551999999978, 'reward_distance': 0.006162448000000098, 'risk_reward': 1.4542471691203154}, 'position_side': 'SHORT', 'exit_plan': {'stop_loss': 0.5479, 'take_profit': 0.5375, 'risk_distance': 0.004237551999999978, 'reward_distance': 0.006162448000000098, 'risk_reward': 1.4542471691203154}, 'source_entry_order': '6b117e4f-9b7e-43f8-a9c9-fb760676f1d4', 'exit_reason': 'take_profit_1'}",1.3583157572107971
8e48595f-e812-4e32-8ba2-a0213f581850,BUSDT,SHORT,2025-08-15 14:05:00+00:00,2025-08-15 15:25:00+00:00,0.5436624480000001,0.5314,229.8,2.8179105504000215,0.09313664080272002,0.049993449599989484,2.7247739095973014,0.9737894495999949,take_profit_2,16,"{'strategy': 'live_indicator_adapter', 'signal_reason': 'signal_confirmed', 'signal_details': {'ma7': 0.5441771428571428, 'ma14': 0.5455528571428571, 'ma28': 0.5478014285714286, 'mavol_fast': 9309.0, 'mavol_slow': 8234.611111111111, 'volume': 26022.0, 'volume_ratio': 1.1304723288558456, 'volume_spike_ratio': 3.1600763714133433, 'adx': 30.086458863303005, 'di_plus': 16.845098126832074, 'di_minus': 37.53622589403513, 'close': 0.54388, 'signal': 'SHORT'}, 'htf_reason': 'htf_trend_confirmed', 'htf_details': {'ma7': 0.5499842857142857, 'ma14': 0.5502242857142857, 'ma28': 0.5528025, 'adx': 28.925917521526966, 'di_plus': 14.221527658944407, 'di_minus': 25.594109594237185, 'open': 0.54909, 'close': 0.54344, 'trend': 'SHORT'}, 'score_details': {'score': 48.95251629808783, 'adx': 30.086458863303005, 'volume_ratio': 3.1600763714133433, 'ma_separation_pct': 0.6616057434784822, 'rr_ratio': 1.45, 'adx_points': 10.086458863303005, 'volume_points': 30.0, 'ma_points': 6.616057434784821, 'rr_points': 2.25}, 'signal_row': {'open': 0.54344, 'high': 0.54458, 'low': 0.54239, 'close': 0.54388, 'volume': 26022.0, 'turnover': 14135.41447, 'ma7': 0.5441771428571428, 'ma14': 0.5455528571428571, 'ma28': 0.5478014285714286, 'mavol_fast': 9309.0, 'mavol_slow': 8234.611111111111, 'volume_ratio': 1.1304723288558456, 'volume_spike_ratio': 3.1600763714133433, 'rsi': 35.861344240358875, 'di_plus': 16.845098126832074, 'di_minus': 37.53622589403513, 'adx': 30.086458863303005, 'atr': 0.001486945078997039, 'atr_pct': 0.002733958003598292}, 'side': 'SHORT', 'risk_amount': 1.9475788991999898, 'pretrade_exit_plan': {'stop_loss': 0.5479, 'take_profit': 0.538, 'risk_distance': 0.0040200000000000236, 'reward_distance': 0.005879999999999996, 'risk_reward': 1.4626865671641696}, 'entry_price_hint': 0.54388, 'create_bracket': True, 'leverage': 2.0, 'liquidation_price_estimate': 0.8131006000000001, 'portfolio_heat_after': 1.851618400000011, 'atr_pct': 0.002733958003598292, 'entry_bar_index': 24285, 'actual_exit_plan': {'stop_loss': 0.5479, 'take_profit': 0.5375, 'risk_distance': 0.004237551999999978, 'reward_distance': 0.006162448000000098, 'risk_reward': 1.4542471691203154}, 'position_side': 'SHORT', 'exit_plan': {'stop_loss': 0.5479, 'take_profit': 0.5375, 'risk_distance': 0.004237551999999978, 'reward_distance': 0.006162448000000098, 'risk_reward': 1.4542471691203154}, 'source_entry_order': '6b117e4f-9b7e-43f8-a9c9-fb760676f1d4', 'exit_reason': 'take_profit_2'}",2.798114018093502
22c7b69b-a884-45de-a9a0-926a4851d743,BUSDT,SHORT,2025-08-15 15:30:00+00:00,2025-08-17 03:10:00+00:00,0.52089156,0.54062418,234.1,-4.619406341999995,0.1366754591037,0.12468634199999618,-4.756081801103695,4.543515803999993,stop_loss,428,"{'strategy': 'live_indicator_adapter', 'signal_reason': 'signal_confirmed', 'signal_details': {'ma7': 0.5335214285714286, 'ma14': 0.5367778571428572, 'ma28': 0.5402971428571429, 'mavol_fast': 22407.666666666668, 'mavol_slow': 16728.777777777777, 'volume': 31783.0, 'volume_ratio': 1.3394682483278981, 'volume_spike_ratio': 1.8998997070915722, 'adx': 46.67777339368633, 'di_plus': 6.366073272473713, 'di_minus': 58.191105398680165, 'close': 0.5211, 'signal': 'SHORT'}, 'htf_reason': 'htf_trend_confirmed', 'htf_details': {'ma7': 0.5478271428571428, 'ma14': 0.5494707142857143, 'ma28': 0.5519196428571428, 'adx': 29.479078927866396, 'di_plus': 13.079747587661183, 'di_minus': 28.22700809706857, 'open': 0.54344, 'close': 0.53869, 'trend': 'SHORT'}, 'score_details': {'score': 54.9669873349445, 'adx': 46.67777339368633, 'volume_ratio': 1.8998997070915722, 'ma_separation_pct': 1.2540718334884586, 'rr_ratio': 1.45, 'adx_points': 26.67777339368633, 'volume_points': 13.498495606373583, 'ma_points': 12.540718334884586, 'rr_points': 2.25}, 'signal_row': {'open': 0.52485, 'high': 0.5255, 'low': 0.51995, 'close': 0.5211, 'volume': 31783.0, 'turnover': 16603.41646, 'ma7': 0.5335214285714286, 'ma14': 0.5367778571428572, 'ma28': 0.5402971428571429, 'mavol_fast': 22407.666666666668, 'mavol_slow': 16728.777777777777, 'volume_ratio': 1.3394682483278981, 'volume_spike_ratio': 1.8998997070915722, 'rsi': 16.946129433208, 'di_plus': 6.366073272473713, 'di_minus': 58.191105398680165, 'adx': 46.67777339368633, 'atr': 0.002864160095210448, 'atr_pct': 0.005496373239705332}, 'side': 'SHORT', 'risk_amount': 4.543515803999993, 'pretrade_exit_plan': {'stop_loss': 0.5403, 'take_profit': 0.4932, 'risk_distance': 0.019199999999999995, 'reward_distance': 0.02789999999999998, 'risk_reward': 1.4531249999999993}, 'entry_price_hint': 0.5211, 'create_bracket': True, 'leverage': 2.0, 'liquidation_price_estimate': 0.7790445, 'portfolio_heat_after': 4.500666399999998, 'atr_pct': 0.005496373239705332, 'entry_bar_index': 24302, 'actual_exit_plan': {'stop_loss': 0.5403, 'take_profit': 0.4927, 'risk_distance': 0.01940843999999997, 'reward_distance': 0.028191560000000004, 'risk_reward': 1.4525412655525145}, 'position_side': 'SHORT', 'exit_plan': {'stop_loss': 0.5403, 'take_profit': 0.4927, 'risk_distance': 0.01940843999999997, 'reward_distance': 0.028191560000000004, 'risk_reward': 1.4525412655525145}, 'source_entry_order': '47c3f09e-ea14-438f-8747-a9df4682e0f5', 'exit_reason': 'stop_loss'}",-1.0467844740226422
449d7f1a-9123-4589-931f-eff285f54807,SAGAUSDT,LONG,2025-08-17 03:25:00+00:00,2025-08-17 03:35:00+00:00,0.26800716,0.2717,466.5,1.7227098599999884,0.094113547077,0.049990139999997685,1.6285963129229886,1.169590140000004,take_profit_1,2,"{'strategy': 'live_indicator_adapter', 'signal_reason': 'signal_confirmed', 'signal_details': {'ma7': 0.26727142857142855, 'ma14': 0.26612142857142856, 'ma28': 0.2655214285714286, 'mavol_fast': 8107.488888889023, 'mavol_slow': 5958.599999999936, 'volume': 10066.2, 'volume_ratio': 1.36063654027609, 'volume_spike_ratio': 1.6893565602658527, 'adx': 22.161956218696158, 'di_plus': 35.33074361818961, 'di_minus': 15.31897467474626, 'close': 0.2679, 'signal': 'LONG'}, 'htf_reason': 'htf_trend_confirmed', 'htf_details': {'ma7': 0.2659285714285714, 'ma14': 0.26426428571428573, 'ma28': 0.2603464285714286, 'adx': 27.883870851889668, 'di_plus': 23.343363718183262, 'di_minus': 10.813273373138435, 'open': 0.265, 'close': 0.267, 'trend': 'LONG'}, 'score_details': {'score': 21.343109776962493, 'adx': 22.161956218696158, 'volume_ratio': 1.6893565602658527, 'ma_separation_pct': 0.6590805154278545, 'rr_ratio': 1.45, 'adx_points': 2.161956218696158, 'volume_points': 10.34034840398779, 'ma_points': 6.590805154278545, 'rr_points': 2.25}, 'signal_row': {'open': 0.2675, 'high': 0.2679, 'low': 0.2674, 'close': 0.2679, 'volume': 10066.2, 'turnover': 2694.55888, 'ma7': 0.26727142857142855, 'ma14': 0.26612142857142856, 'ma28': 0.2655214285714286, 'mavol_fast': 8107.488888889023, 'mavol_slow': 5958.599999999936, 'volume_ratio': 1.36063654027609, 'volume_spike_ratio': 1.6893565602658527, 'rsi': 66.85569971361343, 'di_plus': 35.33074361818961, 'di_minus': 15.31897467474626, 'adx': 22.161956218696158, 'atr': 0.000685963480130815, 'atr_pct': 0.0025605206425189063}, 'side': 'LONG', 'risk_amount': 2.339430996000008, 'pretrade_exit_plan': {'stop_loss': 0.2655, 'take_profit': 0.2714, 'risk_distance': 0.0024000000000000132, 'reward_distance': 0.0034999999999999476, 'risk_reward': 1.4583333333333035}, 'entry_price_hint': 0.2679, 'create_bracket': True, 'leverage': 2.0, 'liquidation_price_estimate': 0.1352895, 'portfolio_heat_after': 2.2434664000000124, 'atr_pct': 0.0025605206425189063, 'entry_bar_index': 24733, 'actual_exit_plan': {'stop_loss': 0.2655, 'take_profit': 0.2717, 'risk_distance': 0.0025071600000000083, 'reward_distance': 0.003692839999999975, 'risk_reward': 1.472917564096413}, 'position_side': 'LONG', 'exit_plan': {'stop_loss': 0.2655, 'take_profit': 0.2717, 'risk_distance': 0.0025071600000000083, 'reward_distance': 0.003692839999999975, 'risk_reward': 1.472917564096413}, 'source_entry_order': '278224ef-c15b-42a6-bf4d-644cb05cd75c', 'exit_reason': 'take_profit_1'}",1.3924504467205778
c85bb764-e0c8-4c08-ac41-c64b60b52561,SAGAUSDT,LONG,2025-08-17 03:25:00+00:00,2025-08-17 16:00:00+00:00,0.26800716,0.2753,466.6,3.402839143999985,0.09446967347080001,0.05000085599999769,3.3083694705291853,1.169840856000004,take_profit_2,151,"{'strategy': 'live_indicator_adapter', 'signal_reason': 'signal_confirmed', 'signal_details': {'ma7': 0.26727142857142855, 'ma14': 0.26612142857142856, 'ma28': 0.2655214285714286, 'mavol_fast': 8107.488888889023, 'mavol_slow': 5958.599999999936, 'volume': 10066.2, 'volume_ratio': 1.36063654027609, 'volume_spike_ratio': 1.6893565602658527, 'adx': 22.161956218696158, 'di_plus': 35.33074361818961, 'di_minus': 15.31897467474626, 'close': 0.2679, 'signal': 'LONG'}, 'htf_reason': 'htf_trend_confirmed', 'htf_details': {'ma7': 0.2659285714285714, 'ma14': 0.26426428571428573, 'ma28': 0.2603464285714286, 'adx': 27.883870851889668, 'di_plus': 23.343363718183262, 'di_minus': 10.813273373138435, 'open': 0.265, 'close': 0.267, 'trend': 'LONG'}, 'score_details': {'score': 21.343109776962493, 'adx': 22.161956218696158, 'volume_ratio': 1.6893565602658527, 'ma_separation_pct': 0.6590805154278545, 'rr_ratio': 1.45, 'adx_points': 2.161956218696158, 'volume_points': 10.34034840398779, 'ma_points': 6.590805154278545, 'rr_points': 2.25}, 'signal_row': {'open': 0.2675, 'high': 0.2679, 'low': 0.2674, 'close': 0.2679, 'volume': 10066.2, 'turnover': 2694.55888, 'ma7': 0.26727142857142855, 'ma14': 0.26612142857142856, 'ma28': 0.2655214285714286, 'mavol_fast': 8107.488888889023, 'mavol_slow': 5958.599999999936, 'volume_ratio': 1.36063654027609, 'volume_spike_ratio': 1.6893565602658527, 'rsi': 66.85569971361343, 'di_plus': 35.33074361818961, 'di_minus': 15.31897467474626, 'adx': 22.161956218696158, 'atr': 0.000685963480130815, 'atr_pct': 0.0025605206425189063}, 'side': 'LONG', 'risk_amount': 2.339430996000008, 'pretrade_exit_plan': {'stop_loss': 0.2655, 'take_profit': 0.2714, 'risk_distance': 0.0024000000000000132, 'reward_distance': 0.0034999999999999476, 'risk_reward': 1.4583333333333035}, 'entry_price_hint': 0.2679, 'create_bracket': True, 'leverage': 2.0, 'liquidation_price_estimate': 0.1352895, 'portfolio_heat_after': 2.2434664000000124, 'atr_pct': 0.0025605206425189063, 'entry_bar_index': 24733, 'actual_exit_plan': {'stop_loss': 0.2655, 'take_profit': 0.2717, 'risk_distance': 0.0025071600000000083, 'reward_distance': 0.003692839999999975, 'risk_reward': 1.472917564096413}, 'position_side': 'LONG', 'exit_plan': {'stop_loss': 0.2655, 'take_profit': 0.2717, 'risk_distance': 0.0025071600000000083, 'reward_distance': 0.003692839999999975, 'risk_reward': 1.472917564096413}, 'source_entry_order': '278224ef-c15b-42a6-bf4d-644cb05cd75c', 'exit_reason': 'take_profit_2'}",2.8280508870594394
cee8e7e7-1ca6-4459-bbb4-6aea3c629537,SAGAUSDT,LONG,2025-08-17 16:05:00+00:00,2025-08-17 16:45:00+00:00,0.27541012,0.27153698,908.1,-3.5171984339999973,0.2731754638305,0.24803843400000458,-3.7903738978304973,3.369159971999985,stop_loss,8,"{'strategy': 'live_indicator_adapter', 'signal_reason': 'signal_confirmed', 'signal_details': {'ma7': 0.27355714285714283, 'ma14': 0.27262857142857144, 'ma28': 0.27177142857142855, 'mavol_fast': 18949.088888889022, 'mavol_slow': 15786.588888888822, 'volume': 38767.7, 'volume_ratio': 1.2003282673830877, 'volume_spike_ratio': 2.4557363387910938, 'adx': 22.176916683037888, 'di_plus': 46.966148244264666, 'di_minus': 13.106998148883944, 'close': 0.2753, 'signal': 'LONG'}, 'htf_reason': 'htf_trend_confirmed', 'htf_details': {'ma7': 0.2715571428571429, 'ma14': 0.27082142857142855, 'ma28': 0.267225, 'adx': 37.704295898717945, 'di_plus': 26.843584324408763, 'di_minus': 10.774466176193975, 'open': 0.2715, 'close': 0.2738, 'trend': 'LONG'}, 'score_details': {'score': 32.83360936793203, 'adx': 22.176916683037888, 'volume_ratio': 2.4557363387910938, 'ma_separation_pct': 0.6570647603027732, 'rr_ratio': 1.45, 'adx_points': 2.176916683037888, 'volume_points': 21.836045081866406, 'ma_points': 6.570647603027732, 'rr_points': 2.25}, 'signal_row': {'open': 0.2738, 'high': 0.2754, 'low': 0.2738, 'close': 0.2753, 'volume': 38767.7, 'turnover': 10664.33261, 'ma7': 0.27355714285714283, 'ma14': 0.27262857142857144, 'ma28': 0.27177142857142855, 'mavol_fast': 18949.088888889022, 'mavol_slow': 15786.588888888822, 'volume_ratio': 1.2003282673830877, 'volume_spike_ratio': 2.4557363387910938, 'rsi': 78.30593446673761, 'di_plus': 46.966148244264666, 'di_minus': 13.106998148883944, 'adx': 22.176916683037888, 'atr': 0.0006465801050037807, 'atr_pct': 0.002348638231034438}, 'side': 'LONG', 'risk_amount': 3.369159971999985, 'pretrade_exit_plan': {'stop_loss': 0.2717, 'take_profit': 0.2806, 'risk_distance': 0.003599999999999992, 'reward_distance': 0.005300000000000027, 'risk_reward': 1.472222222222233}, 'entry_price_hint': 0.2753, 'create_bracket': True, 'leverage': 2.0, 'liquidation_price_estimate': 0.1390265, 'portfolio_heat_after': 3.273186399999993, 'atr_pct': 0.002348638231034438, 'entry_bar_index': 24885, 'actual_exit_plan': {'stop_loss': 0.2717, 'take_profit': 0.2808, 'risk_distance': 0.0037101199999999834, 'reward_distance': 0.0053898800000000135, 'risk_reward': 1.4527508544198133}, 'position_side': 'LONG', 'exit_plan': {'stop_loss': 0.2717, 'take_profit': 0.2808, 'risk_distance': 0.0037101199999999834, 'reward_distance': 0.0053898800000000135, 'risk_reward': 1.4527508544198133}, 'source_entry_order': 'aa1bdc89-d4d7-490f-9e87-73f9c6ad51a6', 'exit_reason': 'stop_loss'}",-1.1250204589069936
f0eea942-869b-47df-952e-7ee79e01054e,NEARUSDT,LONG,2025-08-07 19:40:00+00:00,2025-08-18 03:30:00+00:00,2.581032,2.55936346,0.20000000000000284,-0.004333708000000031,0.000565443500600016,0.000513707999999999,-0.004899151500600047,0.004026400000000097,stop_loss,2974,"{'strategy': 'live_indicator_adapter', 'signal_reason': 'signal_confirmed', 'signal_details': {'ma7': 2.5675714285714286, 'ma14': 2.5614285714285714, 'ma28': 2.5609642857142854, 'mavol_fast': 35091.24444444509, 'mavol_slow': 33200.26666666652, 'volume': 73705.1, 'volume_ratio': 1.0569567044977122, 'volume_spike_ratio': 2.2200153010819292, 'adx': 27.17296300521532, 'di_plus': 27.415280949390286, 'di_minus': 16.751304155297397, 'close': 2.58, 'signal': 'LONG'}, 'htf_reason': 'htf_trend_confirmed', 'htf_details': {'ma7': 2.576571428571429, 'ma14': 2.551714285714286, 'ma28': 2.5229999999999997, 'adx': 23.853303384991403, 'di_plus': 23.4765438978909, 'di_minus': 20.70646090902057, 'open': 2.564, 'close': 2.561, 'trend': 'LONG'}, 'score_details': {'score': 30.303135902146437, 'adx': 27.17296300521532, 'volume_ratio': 2.2200153010819292, 'ma_separation_pct': 0.25799433807021793, 'rr_ratio': 1.45, 'adx_points': 7.172963005215319, 'volume_points': 18.30022951622894, 'ma_points': 2.579943380702179, 'rr_points': 2.25}, 'signal_row': {'open': 2.572, 'high': 2.581, 'low': 2.572, 'close': 2.58, 'volume': 73705.1, 'turnover': 190039.7347, 'ma7': 2.5675714285714286, 'ma14': 2.5614285714285714, 'ma28': 2.5609642857142854, 'mavol_fast': 35091.24444444509, 'mavol_slow': 33200.26666666652, 'volume_ratio': 1.0569567044977122, 'volume_spike_ratio': 2.2200153010819292, 'rsi': 67.33235972510832, 'di_plus': 27.415280949390286, 'di_minus': 16.751304155297397, 'adx': 27.17296300521532, 'atr': 0.007131953642005377, 'atr_pct': 0.0027643231170563476}, 'side': 'LONG', 'risk_amount': 1.9467643999999824, 'pretrade_exit_plan': {'stop_loss': 2.5609, 'take_profit': 2.6077, 'risk_distance': 0.019099999999999895, 'reward_distance': 0.027699999999999836, 'risk_reward': 1.4502617801047115}, 'entry_price_hint': 2.58, 'create_bracket': True, 'leverage': 2.0, 'liquidation_price_estimate': 1.3029, 'portfolio_heat_after': 1.8491802359999896, 'atr_pct': 0.0027643231170563476, 'entry_bar_index': 22048, 'actual_exit_plan': {'stop_loss': 2.5609, 'take_profit': 2.6103, 'risk_distance': 0.020131999999999817, 'reward_distance': 0.029268000000000072, 'risk_reward': 1.4538048877409269}, 'position_side': 'LONG', 'exit_plan': {'stop_loss': 2.5609, 'take_profit': 2.6103, 'risk_distance': 0.020131999999999817, 'reward_distance': 0.029268000000000072, 'risk_reward': 1.4538048877409269}, 'source_entry_order': '8de6b606-c8dd-47e7-a665-54338c9eab06', 'exit_reason': 'stop_loss'}",-1.2167572771209838
fcb9cf90-b746-4ce5-91fb-0c2260d0e7b6,SAGAUSDT,SHORT,2025-08-18 02:05:00+00:00,2025-08-18 03:35:00+00:00,0.25899636,0.2524,482.3,3.1814244279999846,0.0930491734354,0.04998557200000769,3.0883752545645846,2.1721055720000146,take_profit_1,18,"{'strategy': 'live_indicator_adapter', 'signal_reason': 'signal_confirmed', 'signal_details': {'ma7': 0.26024285714285716, 'ma14': 0.2616928571428571, 'ma28': 0.26341071428571433, 'mavol_fast': 26425.266666666797, 'mavol_slow': 18709.838888888826, 'volume': 23217.6, 'volume_ratio': 1.4123727533730885, 'volume_spike_ratio': 1.2409299800966318, 'adx': 47.29083644192762, 'di_plus': 8.283630154846643, 'di_minus': 31.223080417039316, 'close': 0.2591, 'signal': 'SHORT'}, 'htf_reason': 'htf_trend_confirmed', 'htf_details': {'ma7': 0.2659714285714286, 'ma14': 0.26816428571428574, 'ma28': 0.2687785714285714, 'adx': 26.178673763510005, 'di_plus': 16.43786269635757, 'di_minus': 26.48517414698501, 'open': 0.2646, 'close': 0.2601, 'trend': 'SHORT'}, 'score_details': {'score': 45.18108944484827, 'adx': 47.29083644192762, 'volume_ratio': 1.2409299800966318, 'ma_separation_pct': 1.2026303301471175, 'rr_ratio': 1.45, 'adx_points': 27.290836441927617, 'volume_points': 3.613949701449477, 'ma_points': 12.026303301471176, 'rr_points': 2.25}, 'signal_row': {'open': 0.2601, 'high': 0.2603, 'low': 0.2589, 'close': 0.2591, 'volume': 23217.6, 'turnover': 6019.93075, 'ma7': 0.26024285714285716, 'ma14': 0.2616928571428571, 'ma28': 0.26341071428571433, 'mavol_fast': 26425.266666666797, 'mavol_slow': 18709.838888888826, 'volume_ratio': 1.4123727533730885, 'volume_spike_ratio': 1.2409299800966318, 'rsi': 24.087833289046557, 'di_plus': 8.283630154846643, 'di_minus': 31.223080417039316, 'adx': 47.29083644192762, 'atr': 0.0012765399109461156, 'atr_pct': 0.004926823276519165}, 'side': 'SHORT', 'risk_amount': 4.34466150800003, 'pretrade_exit_plan': {'stop_loss': 0.2635, 'take_profit': 0.2527, 'risk_distance': 0.004400000000000015, 'reward_distance': 0.006400000000000017, 'risk_reward': 1.4545454545454535}, 'entry_price_hint': 0.2591, 'create_bracket': True, 'leverage': 2.0, 'liquidation_price_estimate': 0.38735450000000005, 'portfolio_heat_after': 4.249146400000014, 'atr_pct': 0.004926823276519165, 'entry_bar_index': 25005, 'actual_exit_plan': {'stop_loss': 0.2635, 'take_profit': 0.2524, 'risk_distance': 0.004503640000000031, 'reward_distance': 0.006596359999999968, 'risk_reward': 1.46467302004599}, 'position_side': 'SHORT', 'exit_plan': {'stop_loss': 0.2635, 'take_profit': 0.2524, 'risk_distance': 0.004503640000000031, 'reward_distance': 0.006596359999999968, 'risk_reward': 1.46467302004599}, 'source_entry_order': '1c16adf7-2764-49d2-9792-1d9de3b10f33', 'exit_reason': 'take_profit_1'}",1.421834782975532
4181d5ef-fe8f-4547-b0a3-17c89bdcbe76,NEARUSDT,SHORT,2025-08-18 06:15:00+00:00,2025-08-18 06:45:00+00:00,2.5709712000000002,2.5427,48.6,1.3739803200000134,0.09343710417600001,0.049999679999991734,1.2805432158240135,0.9442396799999796,take_profit_1,6,"{'strategy': 'live_indicator_adapter', 'signal_reason': 'signal_confirmed', 'signal_details': {'ma7': 2.584142857142857, 'ma14': 2.5879285714285714, 'ma28': 2.590392857142857, 'mavol_fast': 149173.42222222293, 'mavol_slow': 102066.67222222207, 'volume': 160403.8, 'volume_ratio': 1.4615292041405923, 'volume_spike_ratio': 1.5715590261507193, 'adx': 28.60966535609271, 'di_plus': 16.24289494987467, 'di_minus': 33.80621645090767, 'close': 2.572, 'signal': 'SHORT'}, 'htf_reason': 'htf_trend_confirmed', 'htf_details': {'ma7': 2.626, 'ma14': 2.6815714285714285, 'ma28': 2.7223928571428573, 'adx': 26.988434384045615, 'di_plus': 13.718214882544652, 'di_minus': 30.544895692416105, 'open': 2.599, 'close': 2.596, 'trend': 'SHORT'}, 'score_details': {'score': 21.84581218828956, 'adx': 28.60966535609271, 'volume_ratio': 1.5715590261507193, 'ma_separation_pct': 0.24127614399360617, 'rr_ratio': 1.45, 'adx_points': 8.609665356092709, 'volume_points': 8.57338539226079, 'ma_points': 2.4127614399360615, 'rr_points': 2.25}, 'signal_row': {'open': 2.587, 'high': 2.587, 'low': 2.572, 'close': 2.572, 'volume': 160403.8, 'turnover': 413639.0105, 'ma7': 2.584142857142857, 'ma14': 2.5879285714285714, 'ma28': 2.590392857142857, 'mavol_fast': 149173.42222222293, 'mavol_slow': 102066.67222222207, 'volume_ratio': 1.4615292041405923, 'volume_spike_ratio': 1.5715590261507193, 'rsi': 36.98226024782068, 'di_plus': 16.24289494987467, 'di_minus': 33.80621645090767, 'adx': 28.60966535609271, 'atr': 0.009235522936703112, 'atr_pct': 0.0035907942988736828}, 'side': 'SHORT', 'risk_amount': 1.8884793599999592, 'pretrade_exit_plan': {'stop_loss': 2.5904, 'take_profit': 2.5453, 'risk_distance': 0.01839999999999975, 'reward_distance': 0.026699999999999946, 'risk_reward': 1.451086956521756}, 'entry_price_hint': 2.572, 'create_bracket': True, 'leverage': 2.0, 'liquidation_price_estimate': 3.8451400000000002, 'portfolio_heat_after': 3.961035935999991, 'atr_pct': 0.0035907942988736828, 'entry_bar_index': 25055, 'actual_exit_plan': {'stop_loss': 2.5904, 'take_profit': 2.5427, 'risk_distance': 0.01942879999999958, 'reward_distance': 0.028271200000000274, 'risk_reward': 1.4551181750803388}, 'position_side': 'SHORT', 'exit_plan': {'stop_loss': 2.5904, 'take_profit': 2.5427, 'risk_distance': 0.01942879999999958, 'reward_distance': 0.028271200000000274, 'risk_reward': 1.4551181750803388}, 'source_entry_order': 'c6f85357-396d-4b5e-b019-0a0f977ffad6', 'exit_reason': 'take_profit_1'}",1.3561633163139692
bc32e739-42bf-428b-a2ff-12c798ac7ed9,NEARUSDT,SHORT,2025-08-18 06:15:00+00:00,2025-08-18 12:35:00+00:00,2.5709712000000002,2.5919542399999997,48.6,-1.0197757439999762,0.1380049970112,0.1255357439999883,-1.157780741011176,0.9442396799999796,stop_loss,76,"{'strategy': 'live_indicator_adapter', 'signal_reason': 'signal_confirmed', 'signal_details': {'ma7': 2.584142857142857, 'ma14': 2.5879285714285714, 'ma28': 2.590392857142857, 'mavol_fast': 149173.42222222293, 'mavol_slow': 102066.67222222207, 'volume': 160403.8, 'volume_ratio': 1.4615292041405923, 'volume_spike_ratio': 1.5715590261507193, 'adx': 28.60966535609271, 'di_plus': 16.24289494987467, 'di_minus': 33.80621645090767, 'close': 2.572, 'signal': 'SHORT'}, 'htf_reason': 'htf_trend_confirmed', 'htf_details': {'ma7': 2.626, 'ma14': 2.6815714285714285, 'ma28': 2.7223928571428573, 'adx': 26.988434384045615, 'di_plus': 13.718214882544652, 'di_minus': 30.544895692416105, 'open': 2.599, 'close': 2.596, 'trend': 'SHORT'}, 'score_details': {'score': 21.84581218828956, 'adx': 28.60966535609271, 'volume_ratio': 1.5715590261507193, 'ma_separation_pct': 0.24127614399360617, 'rr_ratio': 1.45, 'adx_points': 8.609665356092709, 'volume_points': 8.57338539226079, 'ma_points': 2.4127614399360615, 'rr_points': 2.25}, 'signal_row': {'open': 2.587, 'high': 2.587, 'low': 2.572, 'close': 2.572, 'volume': 160403.8, 'turnover': 413639.0105, 'ma7': 2.584142857142857, 'ma14': 2.5879285714285714, 'ma28': 2.590392857142857, 'mavol_fast': 149173.42222222293, 'mavol_slow': 102066.67222222207, 'volume_ratio': 1.4615292041405923, 'volume_spike_ratio': 1.5715590261507193, 'rsi': 36.98226024782068, 'di_plus': 16.24289494987467, 'di_minus': 33.80621645090767, 'adx': 28.60966535609271, 'atr': 0.009235522936703112, 'atr_pct': 0.0035907942988736828}, 'side': 'SHORT', 'risk_amount': 1.8884793599999592, 'pretrade_exit_plan': {'stop_loss': 2.5904, 'take_profit': 2.5453, 'risk_distance': 0.01839999999999975, 'reward_distance': 0.026699999999999946, 'risk_reward': 1.451086956521756}, 'entry_price_hint': 2.572, 'create_bracket': True, 'leverage': 2.0, 'liquidation_price_estimate': 3.8451400000000002, 'portfolio_heat_after': 3.961035935999991, 'atr_pct': 0.0035907942988736828, 'entry_bar_index': 25055, 'actual_exit_plan': {'stop_loss': 2.5904, 'take_profit': 2.5427, 'risk_distance': 0.01942879999999958, 'reward_distance': 0.028271200000000274, 'risk_reward': 1.4551181750803388}, 'position_side': 'SHORT', 'exit_plan': {'stop_loss': 2.5904, 'take_profit': 2.5427, 'risk_distance': 0.01942879999999958, 'reward_distance': 0.028271200000000274, 'risk_reward': 1.4551181750803388}, 'source_entry_order': 'c6f85357-396d-4b5e-b019-0a0f977ffad6', 'exit_reason': 'stop_loss'}",-1.2261513316313937
e65a3139-70d5-4c50-a216-224875152999,BUSDT,LONG,2025-08-18 23:00:00+00:00,2025-08-18 23:20:00+00:00,0.5811023479999999,0.57295602,430.3,-3.5053649383999677,0.27312522366271996,0.2479939383999825,-3.778490162062688,3.3573503443999586,stop_loss,4,"{'strategy': 'live_indicator_adapter', 'signal_reason': 'signal_confirmed', 'signal_details': {'ma7': 0.5767028571428572, 'ma14': 0.5744885714285715, 'ma28': 0.5733750000000001, 'mavol_fast': 42437.333333333336, 'mavol_slow': 23700.0, 'volume': 52801.0, 'volume_ratio': 1.790604781997187, 'volume_spike_ratio': 2.22789029535865, 'adx': 24.68536715639032, 'di_plus': 41.01128804763293, 'di_minus': 9.128824514179641, 'close': 0.58087, 'signal': 'LONG'}, 'htf_reason': 'htf_trend_confirmed', 'htf_details': {'ma7': 0.5703014285714286, 'ma14': 0.5606107142857143, 'ma28': 0.5572378571428571, 'adx': 24.6879472971753, 'di_plus': 34.50054710273637, 'di_minus': 11.634347825845637, 'open': 0.57335, 'close': 0.58087, 'trend': 'LONG'}, 'score_details': {'score': 31.157701779239403, 'adx': 24.68536715639032, 'volume_ratio': 2.22789029535865, 'ma_separation_pct': 0.5803980192469333, 'rr_ratio': 1.45, 'adx_points': 4.6853671563903205, 'volume_points': 18.41835443037975, 'ma_points': 5.803980192469334, 'rr_points': 2.25}, 'signal_row': {'open': 0.5851, 'high': 0.5851, 'low': 0.58087, 'close': 0.58087, 'volume': 52801.0, 'turnover': 30735.37828, 'ma7': 0.5767028571428572, 'ma14': 0.5744885714285715, 'ma28': 0.5733750000000001, 'mavol_fast': 42437.333333333336, 'mavol_slow': 23700.0, 'volume_ratio': 1.790604781997187, 'volume_spike_ratio': 2.22789029535865, 'rsi': 65.69116593171125, 'di_plus': 41.01128804763293, 'di_minus': 9.128824514179641, 'adx': 24.68536715639032, 'atr': 0.003062293499920813, 'atr_pct': 0.005271908516399216}, 'side': 'LONG', 'risk_amount': 3.3573503443999586, 'pretrade_exit_plan': {'stop_loss': 0.5733, 'take_profit': 0.5919, 'risk_distance': 0.007569999999999966, 'reward_distance': 0.011029999999999984, 'risk_reward': 1.457067371202118}, 'entry_price_hint': 0.58087, 'create_bracket': True, 'leverage': 2.0, 'liquidation_price_estimate': 0.29333935, 'portfolio_heat_after': 5.429926936000001, 'atr_pct': 0.005271908516399216, 'entry_bar_index': 25256, 'actual_exit_plan': {'stop_loss': 0.5733, 'take_profit': 0.5925, 'risk_distance': 0.0078023479999999035, 'reward_distance': 0.011397652000000091, 'risk_reward': 1.460797698333916}, 'position_side': 'LONG', 'exit_plan': {'stop_loss': 0.5733, 'take_profit': 0.5925, 'risk_distance': 0.0078023479999999035, 'reward_distance': 0.011397652000000091, 'risk_reward': 1.460797698333916}, 'source_entry_order': '95f356a6-a7b5-4b7a-bea6-602ae090fbc8', 'exit_reason': 'stop_loss'}",-1.1254381504644542
be893b02-f2bf-466f-bc4f-735b5d3d444e,BUSDT,LONG,2025-08-19 01:15:00+00:00,2025-08-19 01:20:00+00:00,0.584473696,0.5761541,427.8,-3.5591231687999936,0.27308411412084,0.24795116880000667,-3.832207282920834,3.4111471487999894,stop_loss,1,"{'strategy': 'live_indicator_adapter', 'signal_reason': 'signal_confirmed', 'signal_details': {'ma7': 0.5807014285714285, 'ma14': 0.5777578571428571, 'ma28': 0.5765171428571428, 'mavol_fast': 27449.11111111111, 'mavol_slow': 23760.555555555555, 'volume': 124214.0, 'volume_ratio': 1.1552386074025578, 'volume_spike_ratio': 5.227739718020062, 'adx': 26.224839168528806, 'di_plus': 43.18752917159271, 'di_minus': 9.982862473795853, 'close': 0.58424, 'signal': 'LONG'}, 'htf_reason': 'htf_trend_confirmed', 'htf_details': {'ma7': 0.57309, 'ma14': 0.5640907142857143, 'ma28': 0.5590575, 'adx': 27.983760057200296, 'di_plus': 29.71068980594423, 'di_minus': 10.512179388829818, 'open': 0.57186, 'close': 0.57994, 'trend': 'LONG'}, 'score_details': {'score': 45.73270784793853, 'adx': 26.224839168528806, 'volume_ratio': 5.227739718020062, 'ma_separation_pct': 0.7257868679409727, 'rr_ratio': 1.45, 'adx_points': 6.224839168528806, 'volume_points': 30.0, 'ma_points': 7.257868679409727, 'rr_points': 2.25}, 'signal_row': {'open': 0.58293, 'high': 0.59282, 'low': 0.58216, 'close': 0.58424, 'volume': 124214.0, 'turnover': 72879.41392, 'ma7': 0.5807014285714285, 'ma14': 0.5777578571428571, 'ma28': 0.5765171428571428, 'mavol_fast': 27449.11111111111, 'mavol_slow': 23760.555555555555, 'volume_ratio': 1.1552386074025578, 'volume_spike_ratio': 5.227739718020062, 'rsi': 72.15294528482653, 'di_plus': 43.18752917159271, 'di_minus': 9.982862473795853, 'adx': 26.224839168528806, 'atr': 0.003529570914984172, 'atr_pct': 0.006041303086033432}, 'side': 'LONG', 'risk_amount': 3.4111471487999894, 'pretrade_exit_plan': {'stop_loss': 0.5765, 'take_profit': 0.5955, 'risk_distance': 0.007739999999999969, 'reward_distance': 0.011260000000000048, 'risk_reward': 1.454780361757118}, 'entry_price_hint': 0.58424, 'create_bracket': True, 'leverage': 2.0, 'liquidation_price_estimate': 0.2950412, 'portfolio_heat_after': 5.484501936000002, 'atr_pct': 0.006041303086033432, 'entry_bar_index': 25283, 'actual_exit_plan': {'stop_loss': 0.5765, 'take_profit': 0.5961, 'risk_distance': 0.007973695999999975, 'reward_distance': 0.011626303999999976, 'risk_reward': 1.4580821741887342}, 'position_side': 'LONG', 'exit_plan': {'stop_loss': 0.5765, 'take_profit': 0.5961, 'risk_distance': 0.007973695999999975, 'reward_distance': 0.011626303999999976, 'risk_reward': 1.4580821741887342}, 'source_entry_order': 'd3afe447-e8f3-409e-ab1b-45cd710cf240', 'exit_reason': 'stop_loss'}",-1.1234365202535954
66096d6d-f2ba-459b-8dc6-3db0e2ce00c2,SAGAUSDT,SHORT,2025-08-18 02:05:00+00:00,2025-08-19 03:40:00+00:00,0.25899636,0.2459,482.3,6.316374427999987,0.0924221834354,0.049985572000007694,6.223952244564588,2.172105572000015,take_profit_2,307,"{'strategy': 'live_indicator_adapter', 'signal_reason': 'signal_confirmed', 'signal_details': {'ma7': 0.26024285714285716, 'ma14': 0.2616928571428571, 'ma28': 0.26341071428571433, 'mavol_fast': 26425.266666666797, 'mavol_slow': 18709.838888888826, 'volume': 23217.6, 'volume_ratio': 1.4123727533730885, 'volume_spike_ratio': 1.2409299800966318, 'adx': 47.29083644192762, 'di_plus': 8.283630154846643, 'di_minus': 31.223080417039316, 'close': 0.2591, 'signal': 'SHORT'}, 'htf_reason': 'htf_trend_confirmed', 'htf_details': {'ma7': 0.2659714285714286, 'ma14': 0.26816428571428574, 'ma28': 0.2687785714285714, 'adx': 26.178673763510005, 'di_plus': 16.43786269635757, 'di_minus': 26.48517414698501, 'open': 0.2646, 'close': 0.2601, 'trend': 'SHORT'}, 'score_details': {'score': 45.18108944484827, 'adx': 47.29083644192762, 'volume_ratio': 1.2409299800966318, 'ma_separation_pct': 1.2026303301471175, 'rr_ratio': 1.45, 'adx_points': 27.290836441927617, 'volume_points': 3.613949701449477, 'ma_points': 12.026303301471176, 'rr_points': 2.25}, 'signal_row': {'open': 0.2601, 'high': 0.2603, 'low': 0.2589, 'close': 0.2591, 'volume': 23217.6, 'turnover': 6019.93075, 'ma7': 0.26024285714285716, 'ma14': 0.2616928571428571, 'ma28': 0.26341071428571433, 'mavol_fast': 26425.266666666797, 'mavol_slow': 18709.838888888826, 'volume_ratio': 1.4123727533730885, 'volume_spike_ratio': 1.2409299800966318, 'rsi': 24.087833289046557, 'di_plus': 8.283630154846643, 'di_minus': 31.223080417039316, 'adx': 47.29083644192762, 'atr': 0.0012765399109461156, 'atr_pct': 0.004926823276519165}, 'side': 'SHORT', 'risk_amount': 4.34466150800003, 'pretrade_exit_plan': {'stop_loss': 0.2635, 'take_profit': 0.2527, 'risk_distance': 0.004400000000000015, 'reward_distance': 0.006400000000000017, 'risk_reward': 1.4545454545454535}, 'entry_price_hint': 0.2591, 'create_bracket': True, 'leverage': 2.0, 'liquidation_price_estimate': 0.38735450000000005, 'portfolio_heat_after': 4.249146400000014, 'atr_pct': 0.004926823276519165, 'entry_bar_index': 25005, 'actual_exit_plan': {'stop_loss': 0.2635, 'take_profit': 0.2524, 'risk_distance': 0.004503640000000031, 'reward_distance': 0.006596359999999968, 'risk_reward': 1.46467302004599}, 'position_side': 'SHORT', 'exit_plan': {'stop_loss': 0.2635, 'take_profit': 0.2524, 'risk_distance': 0.004503640000000031, 'reward_distance': 0.006596359999999968, 'risk_reward': 1.46467302004599}, 'source_entry_order': '1c16adf7-2764-49d2-9792-1d9de3b10f33', 'exit_reason': 'take_profit_2'}",2.8654004320949022
1d1b33df-9757-46f1-a97c-f1a4f3e4d8a9,NEARUSDT,SHORT,2025-08-19 13:50:00+00:00,2025-08-19 14:30:00+00:00,2.5009992,2.466,49.8,1.7429601599999838,0.09306372808800001,0.04983983999999565,1.6498964319119838,1.2002198400000126,take_profit_1,8,"{'strategy': 'live_indicator_adapter', 'signal_reason': 'signal_confirmed', 'signal_details': {'ma7': 2.5138571428571423, 'ma14': 2.5183571428571425, 'ma28': 2.5250714285714286, 'mavol_fast': 143827.56666666738, 'mavol_slow': 98313.7833333332, 'volume': 157158.6, 'volume_ratio': 1.4629440734573256, 'volume_spike_ratio': 1.5985408624460447, 'adx': 23.443978780524954, 'di_plus': 12.144868889097278, 'di_minus': 34.35806523617949, 'close': 2.502, 'signal': 'SHORT'}, 'htf_reason': 'htf_trend_confirmed', 'htf_details': {'ma7': 2.521142857142857, 'ma14': 2.5320714285714283, 'ma28': 2.556321428571429, 'adx': 24.471315573988154, 'di_plus': 14.845352380161572, 'di_minus': 25.136351284384876, 'open': 2.542, 'close': 2.528, 'trend': 'SHORT'}, 'score_details': {'score': 19.113267355811647, 'adx': 23.443978780524954, 'volume_ratio': 1.5985408624460447, 'ma_separation_pct': 0.4441175638596024, 'rr_ratio': 1.45, 'adx_points': 3.4439787805249544, 'volume_points': 8.97811293669067, 'ma_points': 4.4411756385960235, 'rr_points': 2.25}, 'signal_row': {'open': 2.497, 'high': 2.502, 'low': 2.491, 'close': 2.502, 'volume': 157158.6, 'turnover': 392501.5236, 'ma7': 2.5138571428571423, 'ma14': 2.5183571428571425, 'ma28': 2.5250714285714286, 'mavol_fast': 143827.56666666738, 'mavol_slow': 98313.7833333332, 'volume_ratio': 1.4629440734573256, 'volume_spike_ratio': 1.5985408624460447, 'rsi': 36.21014063181773, 'di_plus': 12.144868889097278, 'di_minus': 34.35806523617949, 'adx': 23.443978780524954, 'atr': 0.01047808343366012, 'atr_pct': 0.0041878830670104405}, 'side': 'SHORT', 'risk_amount': 2.4076699200000258, 'pretrade_exit_plan': {'stop_loss': 2.5251, 'take_profit': 2.4685, 'risk_distance': 0.023100000000000342, 'reward_distance': 0.03349999999999964, 'risk_reward': 1.4502164502164132}, 'entry_price_hint': 2.502, 'create_bracket': True, 'leverage': 2.0, 'liquidation_price_estimate': 3.74049, 'portfolio_heat_after': 2.3081403640000344, 'atr_pct': 0.0041878830670104405, 'entry_bar_index': 25434, 'actual_exit_plan': {'stop_loss': 2.5251, 'take_profit': 2.466, 'risk_distance': 0.024100800000000255, 'reward_distance': 0.034999199999999675, 'risk_reward': 1.4522007568213215}, 'position_side': 'SHORT', 'exit_plan': {'stop_loss': 2.5251, 'take_profit': 2.466, 'risk_distance': 0.024100800000000255, 'reward_distance': 0.034999199999999675, 'risk_reward': 1.4522007568213215}, 'source_entry_order': 'db69712d-2168-4e0a-a81d-2c082355424a', 'exit_reason': 'take_profit_1'}",1.374661855208098
df2e5f24-c6b0-4407-8c2c-9889190eba4e,NEARUSDT,SHORT,2025-08-19 13:50:00+00:00,2025-08-19 19:00:00+00:00,2.5009992,2.4311,19.1,1.335074720000001,0.035559798596,0.01911527999999834,1.299514921404001,0.460325280000005,take_profit_2,62,"{'strategy': 'live_indicator_adapter', 'signal_reason': 'signal_confirmed', 'signal_details': {'ma7': 2.5138571428571423, 'ma14': 2.5183571428571425, 'ma28': 2.5250714285714286, 'mavol_fast': 143827.56666666738, 'mavol_slow': 98313.7833333332, 'volume': 157158.6, 'volume_ratio': 1.4629440734573256, 'volume_spike_ratio': 1.5985408624460447, 'adx': 23.443978780524954, 'di_plus': 12.144868889097278, 'di_minus': 34.35806523617949, 'close': 2.502, 'signal': 'SHORT'}, 'htf_reason': 'htf_trend_confirmed', 'htf_details': {'ma7': 2.521142857142857, 'ma14': 2.5320714285714283, 'ma28': 2.556321428571429, 'adx': 24.471315573988154, 'di_plus': 14.845352380161572, 'di_minus': 25.136351284384876, 'open': 2.542, 'close': 2.528, 'trend': 'SHORT'}, 'score_details': {'score': 19.113267355811647, 'adx': 23.443978780524954, 'volume_ratio': 1.5985408624460447, 'ma_separation_pct': 0.4441175638596024, 'rr_ratio': 1.45, 'adx_points': 3.4439787805249544, 'volume_points': 8.97811293669067, 'ma_points': 4.4411756385960235, 'rr_points': 2.25}, 'signal_row': {'open': 2.497, 'high': 2.502, 'low': 2.491, 'close': 2.502, 'volume': 157158.6, 'turnover': 392501.5236, 'ma7': 2.5138571428571423, 'ma14': 2.5183571428571425, 'ma28': 2.5250714285714286, 'mavol_fast': 143827.56666666738, 'mavol_slow': 98313.7833333332, 'volume_ratio': 1.4629440734573256, 'volume_spike_ratio': 1.5985408624460447, 'rsi': 36.21014063181773, 'di_plus': 12.144868889097278, 'di_minus': 34.35806523617949, 'adx': 23.443978780524954, 'atr': 0.01047808343366012, 'atr_pct': 0.0041878830670104405}, 'side': 'SHORT', 'risk_amount': 2.4076699200000258, 'pretrade_exit_plan': {'stop_loss': 2.5251, 'take_profit': 2.4685, 'risk_distance': 0.023100000000000342, 'reward_distance': 0.03349999999999964, 'risk_reward': 1.4502164502164132}, 'entry_price_hint': 2.502, 'create_bracket': True, 'leverage': 2.0, 'liquidation_price_estimate': 3.74049, 'portfolio_heat_after': 2.3081403640000344, 'atr_pct': 0.0041878830670104405, 'entry_bar_index': 25434, 'actual_exit_plan': {'stop_loss': 2.5251, 'take_profit': 2.466, 'risk_distance': 0.024100800000000255, 'reward_distance': 0.034999199999999675, 'risk_reward': 1.4522007568213215}, 'position_side': 'SHORT', 'exit_plan': {'stop_loss': 2.5251, 'take_profit': 2.466, 'risk_distance': 0.024100800000000255, 'reward_distance': 0.034999199999999675, 'risk_reward': 1.4522007568213215}, 'source_entry_order': 'db69712d-2168-4e0a-a81d-2c082355424a', 'exit_reason': 'take_profit_2'}",2.82303618303124
9093356b-2bf9-4af8-b135-9aba8b5206bd,NEARUSDT,SHORT,2025-08-19 13:50:00+00:00,2025-08-19 23:20:00+00:00,2.5009992,2.4311,30.9,2.1598852800000015,0.057528679404,0.030924719999997307,2.1023566005960017,0.7447147200000079,take_profit_2,114,"{'strategy': 'live_indicator_adapter', 'signal_reason': 'signal_confirmed', 'signal_details': {'ma7': 2.5138571428571423, 'ma14': 2.5183571428571425, 'ma28': 2.5250714285714286, 'mavol_fast': 143827.56666666738, 'mavol_slow': 98313.7833333332, 'volume': 157158.6, 'volume_ratio': 1.4629440734573256, 'volume_spike_ratio': 1.5985408624460447, 'adx': 23.443978780524954, 'di_plus': 12.144868889097278, 'di_minus': 34.35806523617949, 'close': 2.502, 'signal': 'SHORT'}, 'htf_reason': 'htf_trend_confirmed', 'htf_details': {'ma7': 2.521142857142857, 'ma14': 2.5320714285714283, 'ma28': 2.556321428571429, 'adx': 24.471315573988154, 'di_plus': 14.845352380161572, 'di_minus': 25.136351284384876, 'open': 2.542, 'close': 2.528, 'trend': 'SHORT'}, 'score_details': {'score': 19.113267355811647, 'adx': 23.443978780524954, 'volume_ratio': 1.5985408624460447, 'ma_separation_pct': 0.4441175638596024, 'rr_ratio': 1.45, 'adx_points': 3.4439787805249544, 'volume_points': 8.97811293669067, 'ma_points': 4.4411756385960235, 'rr_points': 2.25}, 'signal_row': {'open': 2.497, 'high': 2.502, 'low': 2.491, 'close': 2.502, 'volume': 157158.6, 'turnover': 392501.5236, 'ma7': 2.5138571428571423, 'ma14': 2.5183571428571425, 'ma28': 2.5250714285714286, 'mavol_fast': 143827.56666666738, 'mavol_slow': 98313.7833333332, 'volume_ratio': 1.4629440734573256, 'volume_spike_ratio': 1.5985408624460447, 'rsi': 36.21014063181773, 'di_plus': 12.144868889097278, 'di_minus': 34.35806523617949, 'adx': 23.443978780524954, 'atr': 0.01047808343366012, 'atr_pct': 0.0041878830670104405}, 'side': 'SHORT', 'risk_amount': 2.4076699200000258, 'pretrade_exit_plan': {'stop_loss': 2.5251, 'take_profit': 2.4685, 'risk_distance': 0.023100000000000342, 'reward_distance': 0.03349999999999964, 'risk_reward': 1.4502164502164132}, 'entry_price_hint': 2.502, 'create_bracket': True, 'leverage': 2.0, 'liquidation_price_estimate': 3.74049, 'portfolio_heat_after': 2.3081403640000344, 'atr_pct': 0.0041878830670104405, 'entry_bar_index': 25434, 'actual_exit_plan': {'stop_loss': 2.5251, 'take_profit': 2.466, 'risk_distance': 0.024100800000000255, 'reward_distance': 0.034999199999999675, 'risk_reward': 1.4522007568213215}, 'position_side': 'SHORT', 'exit_plan': {'stop_loss': 2.5251, 'take_profit': 2.466, 'risk_distance': 0.024100800000000255, 'reward_distance': 0.034999199999999675, 'risk_reward': 1.4522007568213215}, 'source_entry_order': 'db69712d-2168-4e0a-a81d-2c082355424a', 'exit_reason': 'take_profit_2'}",2.823036183031241
aa7d5d95-71cc-439d-a2f4-03df5e8a2b11,NEARUSDT,SHORT,2025-08-19 13:50:00+00:00,2025-08-20 15:20:00+00:00,2.5009992,2.52661506,0.1,-0.002561586000000027,0.00027651878430000164,0.00025158599999999164,-0.0028381047843000287,0.002410079999999998,stop_loss,306,"{'strategy': 'live_indicator_adapter', 'signal_reason': 'signal_confirmed', 'signal_details': {'ma7': 2.5138571428571423, 'ma14': 2.5183571428571425, 'ma28': 2.5250714285714286, 'mavol_fast': 143827.56666666738, 'mavol_slow': 98313.7833333332, 'volume': 157158.6, 'volume_ratio': 1.4629440734573256, 'volume_spike_ratio': 1.5985408624460447, 'adx': 23.443978780524954, 'di_plus': 12.144868889097278, 'di_minus': 34.35806523617949, 'close': 2.502, 'signal': 'SHORT'}, 'htf_reason': 'htf_trend_confirmed', 'htf_details': {'ma7': 2.521142857142857, 'ma14': 2.5320714285714283, 'ma28': 2.556321428571429, 'adx': 24.471315573988154, 'di_plus': 14.845352380161572, 'di_minus': 25.136351284384876, 'open': 2.542, 'close': 2.528, 'trend': 'SHORT'}, 'score_details': {'score': 19.113267355811647, 'adx': 23.443978780524954, 'volume_ratio': 1.5985408624460447, 'ma_separation_pct': 0.4441175638596024, 'rr_ratio': 1.45, 'adx_points': 3.4439787805249544, 'volume_points': 8.97811293669067, 'ma_points': 4.4411756385960235, 'rr_points': 2.25}, 'signal_row': {'open': 2.497, 'high': 2.502, 'low': 2.491, 'close': 2.502, 'volume': 157158.6, 'turnover': 392501.5236, 'ma7': 2.5138571428571423, 'ma14': 2.5183571428571425, 'ma28': 2.5250714285714286, 'mavol_fast': 143827.56666666738, 'mavol_slow': 98313.7833333332, 'volume_ratio': 1.4629440734573256, 'volume_spike_ratio': 1.5985408624460447, 'rsi': 36.21014063181773, 'di_plus': 12.144868889097278, 'di_minus': 34.35806523617949, 'adx': 23.443978780524954, 'atr': 0.01047808343366012, 'atr_pct': 0.0041878830670104405}, 'side': 'SHORT', 'risk_amount': 2.4076699200000258, 'pretrade_exit_plan': {'stop_loss': 2.5251, 'take_profit': 2.4685, 'risk_distance': 0.023100000000000342, 'reward_distance': 0.03349999999999964, 'risk_reward': 1.4502164502164132}, 'entry_price_hint': 2.502, 'create_bracket': True, 'leverage': 2.0, 'liquidation_price_estimate': 3.74049, 'portfolio_heat_after': 2.3081403640000344, 'atr_pct': 0.0041878830670104405, 'entry_bar_index': 25434, 'actual_exit_plan': {'stop_loss': 2.5251, 'take_profit': 2.466, 'risk_distance': 0.024100800000000255, 'reward_distance': 0.034999199999999675, 'risk_reward': 1.4522007568213215}, 'position_side': 'SHORT', 'exit_plan': {'stop_loss': 2.5251, 'take_profit': 2.466, 'risk_distance': 0.024100800000000255, 'reward_distance': 0.034999199999999675, 'risk_reward': 1.4522007568213215}, 'source_entry_order': 'db69712d-2168-4e0a-a81d-2c082355424a', 'exit_reason': 'stop_loss'}",-1.1775977495767904
322be1c2-0655-43d2-970c-7fcde2c5557a,NEARUSDT,SHORT,2025-08-21 16:40:00+00:00,2025-08-21 18:20:00+00:00,2.4460212,2.4674796,102.0,-2.188756799999976,0.27564739488,0.25075679999996314,-2.464404194879976,2.0378376000000076,stop_loss,20,"{'strategy': 'live_indicator_adapter', 'signal_reason': 'signal_confirmed', 'signal_details': {'ma7': 2.456857142857143, 'ma14': 2.4574285714285717, 'ma28': 2.4659285714285715, 'mavol_fast': 110817.92222222293, 'mavol_slow': 103027.61111111096, 'volume': 287562.3, 'volume_ratio': 1.0756138187336057, 'volume_spike_ratio': 2.791118777760227, 'adx': 27.574793471274813, 'di_plus': 17.877894528442486, 'di_minus': 29.606065382653856, 'close': 2.447, 'signal': 'SHORT'}, 'htf_reason': 'htf_trend_confirmed', 'htf_details': {'ma7': 2.476142857142857, 'ma14': 2.5005, 'ma28': 2.5114285714285716, 'adx': 29.830624147145162, 'di_plus': 10.091988501207126, 'di_minus': 22.499313172582497, 'open': 2.47, 'close': 2.454, 'trend': 'SHORT'}, 'score_details': {'score': 40.37028208666876, 'adx': 27.574793471274813, 'volume_ratio': 2.791118777760227, 'ma_separation_pct': 0.3678706948990548, 'rr_ratio': 1.45, 'adx_points': 7.574793471274813, 'volume_points': 26.866781666403405, 'ma_points': 3.678706948990547, 'rr_points': 2.25}, 'signal_row': {'open': 2.453, 'high': 2.454, 'low': 2.444, 'close': 2.447, 'volume': 287562.3, 'turnover': 703657.533, 'ma7': 2.456857142857143, 'ma14': 2.4574285714285717, 'ma28': 2.4659285714285715, 'mavol_fast': 110817.92222222293, 'mavol_slow': 103027.61111111096, 'volume_ratio': 1.0756138187336057, 'volume_spike_ratio': 2.791118777760227, 'rsi': 38.97546999466485, 'di_plus': 17.877894528442486, 'di_minus': 29.606065382653856, 'adx': 27.574793471274813, 'atr': 0.010830923555237073, 'atr_pct': 0.0044262049674037894}, 'side': 'SHORT', 'risk_amount': 2.0378376000000076, 'pretrade_exit_plan': {'stop_loss': 2.466, 'take_profit': 2.4194, 'risk_distance': 0.019000000000000128, 'reward_distance': 0.02760000000000007, 'risk_reward': 1.4526315789473623}, 'entry_price_hint': 2.447, 'create_bracket': True, 'leverage': 2.0, 'liquidation_price_estimate': 3.6582650000000005, 'portfolio_heat_after': 1.9403503640000133, 'atr_pct': 0.0044262049674037894, 'entry_bar_index': 26044, 'actual_exit_plan': {'stop_loss': 2.466, 'take_profit': 2.417, 'risk_distance': 0.019978800000000074, 'reward_distance': 0.029021200000000302, 'risk_reward': 1.4525997557410952}, 'position_side': 'SHORT', 'exit_plan': {'stop_loss': 2.466, 'take_profit': 2.417, 'risk_distance': 0.019978800000000074, 'reward_distance': 0.029021200000000302, 'risk_reward': 1.4525997557410952}, 'source_entry_order': '90e4b69a-ddfe-49b7-958c-70a27770a775', 'exit_reason': 'stop_loss'}",-1.2093231545438003
4059a90b-cdff-47d4-9e7c-1c82bcd5155c,NEARUSDT,SHORT,2025-08-22 10:45:00+00:00,2025-08-22 12:00:00+00:00,2.429028,2.4013,51.4,1.4252192000000101,0.09335398556,0.049960799999998605,1.33186521444001,0.9803007999999989,take_profit_1,15,"{'strategy': 'live_indicator_adapter', 'signal_reason': 'signal_confirmed', 'signal_details': {'ma7': 2.4362857142857144, 'ma14': 2.443214285714286, 'ma28': 2.4480714285714287, 'mavol_fast': 62239.74444444514, 'mavol_slow': 52434.199999999866, 'volume': 95703.0, 'volume_ratio': 1.1870066568088251, 'volume_spike_ratio': 1.8252018720606062, 'adx': 22.152006295606785, 'di_plus': 14.195898841704318, 'di_minus': 34.39641879092479, 'close': 2.43, 'signal': 'SHORT'}, 'htf_reason': 'htf_trend_confirmed', 'htf_details': {'ma7': 2.4475714285714285, 'ma14': 2.4516428571428572, 'ma28': 2.4647499999999996, 'adx': 31.153694124378536, 'di_plus': 12.357483834166704, 'di_minus': 18.751152398703415, 'open': 2.452, 'close': 2.455, 'trend': 'SHORT'}, 'score_details': {'score': 21.594319673980355, 'adx': 22.152006295606785, 'volume_ratio': 1.8252018720606062, 'ma_separation_pct': 0.48142852974644773, 'rr_ratio': 1.45, 'adx_points': 2.1520062956067854, 'volume_points': 12.378028080909093, 'ma_points': 4.814285297464477, 'rr_points': 2.25}, 'signal_row': {'open': 2.43, 'high': 2.431, 'low': 2.427, 'close': 2.43, 'volume': 95703.0, 'turnover': 232537.1879, 'ma7': 2.4362857142857144, 'ma14': 2.443214285714286, 'ma28': 2.4480714285714287, 'mavol_fast': 62239.74444444514, 'mavol_slow': 52434.199999999866, 'volume_ratio': 1.1870066568088251, 'volume_spike_ratio': 1.8252018720606062, 'rsi': 31.400754803585073, 'di_plus': 14.195898841704318, 'di_minus': 34.39641879092479, 'adx': 22.152006295606785, 'atr': 0.006685574161806071, 'atr_pct': 0.002751265087162992}, 'side': 'SHORT', 'risk_amount': 1.9606015999999977, 'pretrade_exit_plan': {'stop_loss': 2.4481, 'take_profit': 2.4037, 'risk_distance': 0.018100000000000005, 'reward_distance': 0.02629999999999999, 'risk_reward': 1.4530386740331482}, 'entry_price_hint': 2.43, 'create_bracket': True, 'leverage': 2.0, 'liquidation_price_estimate': 3.6328500000000004, 'portfolio_heat_after': 1.8611303640000008, 'atr_pct': 0.002751265087162992, 'entry_bar_index': 26261, 'actual_exit_plan': {'stop_loss': 2.4481, 'take_profit': 2.4013, 'risk_distance': 0.019071999999999978, 'reward_distance': 0.027728000000000197, 'risk_reward': 1.4538590604026966}, 'position_side': 'SHORT', 'exit_plan': {'stop_loss': 2.4481, 'take_profit': 2.4013, 'risk_distance': 0.019071999999999978, 'reward_distance': 0.027728000000000197, 'risk_reward': 1.4538590604026966}, 'source_entry_order': 'f06be23d-0eb3-404b-a3a4-09320674b4a8', 'exit_reason': 'take_profit_1'}",1.358629121224844
6c494658-ab66-48ae-896d-c16fe3764381,NEARUSDT,SHORT,2025-08-22 10:45:00+00:00,2025-08-22 12:35:00+00:00,2.429028,2.3736,51.4,2.8489992000000015,0.09306922956000001,0.049960799999998605,2.7559299704400013,0.9803007999999989,take_profit_2,22,"{'strategy': 'live_indicator_adapter', 'signal_reason': 'signal_confirmed', 'signal_details': {'ma7': 2.4362857142857144, 'ma14': 2.443214285714286, 'ma28': 2.4480714285714287, 'mavol_fast': 62239.74444444514, 'mavol_slow': 52434.199999999866, 'volume': 95703.0, 'volume_ratio': 1.1870066568088251, 'volume_spike_ratio': 1.8252018720606062, 'adx': 22.152006295606785, 'di_plus': 14.195898841704318, 'di_minus': 34.39641879092479, 'close': 2.43, 'signal': 'SHORT'}, 'htf_reason': 'htf_trend_confirmed', 'htf_details': {'ma7': 2.4475714285714285, 'ma14': 2.4516428571428572, 'ma28': 2.4647499999999996, 'adx': 31.153694124378536, 'di_plus': 12.357483834166704, 'di_minus': 18.751152398703415, 'open': 2.452, 'close': 2.455, 'trend': 'SHORT'}, 'score_details': {'score': 21.594319673980355, 'adx': 22.152006295606785, 'volume_ratio': 1.8252018720606062, 'ma_separation_pct': 0.48142852974644773, 'rr_ratio': 1.45, 'adx_points': 2.1520062956067854, 'volume_points': 12.378028080909093, 'ma_points': 4.814285297464477, 'rr_points': 2.25}, 'signal_row': {'open': 2.43, 'high': 2.431, 'low': 2.427, 'close': 2.43, 'volume': 95703.0, 'turnover': 232537.1879, 'ma7': 2.4362857142857144, 'ma14': 2.443214285714286, 'ma28': 2.4480714285714287, 'mavol_fast': 62239.74444444514, 'mavol_slow': 52434.199999999866, 'volume_ratio': 1.1870066568088251, 'volume_spike_ratio': 1.8252018720606062, 'rsi': 31.400754803585073, 'di_plus': 14.195898841704318, 'di_minus': 34.39641879092479, 'adx': 22.152006295606785, 'atr': 0.006685574161806071, 'atr_pct': 0.002751265087162992}, 'side': 'SHORT', 'risk_amount': 1.9606015999999977, 'pretrade_exit_plan': {'stop_loss': 2.4481, 'take_profit': 2.4037, 'risk_distance': 0.018100000000000005, 'reward_distance': 0.02629999999999999, 'risk_reward': 1.4530386740331482}, 'entry_price_hint': 2.43, 'create_bracket': True, 'leverage': 2.0, 'liquidation_price_estimate': 3.6328500000000004, 'portfolio_heat_after': 1.8611303640000008, 'atr_pct': 0.002751265087162992, 'entry_bar_index': 26261, 'actual_exit_plan': {'stop_loss': 2.4481, 'take_profit': 2.4013, 'risk_distance': 0.019071999999999978, 'reward_distance': 0.027728000000000197, 'risk_reward': 1.4538590604026966}, 'position_side': 'SHORT', 'exit_plan': {'stop_loss': 2.4481, 'take_profit': 2.4013, 'risk_distance': 0.019071999999999978, 'reward_distance': 0.027728000000000197, 'risk_reward': 1.4538590604026966}, 'source_entry_order': 'f06be23d-0eb3-404b-a3a4-09320674b4a8', 'exit_reason': 'take_profit_2'}",2.811310539010072
35f14dfd-5c6e-4706-bfbb-c6435ed35dbb,NEARUSDT,SHORT,2025-08-22 12:40:00+00:00,2025-08-22 13:40:00+00:00,2.3730504000000003,2.41424768,105.3,-4.338073583999954,0.2772563683032,0.2524335839999826,-4.615329952303155,4.185632879999947,stop_loss,12,"{'strategy': 'live_indicator_adapter', 'signal_reason': 'signal_confirmed', 'signal_details': {'ma7': 2.387571428571429, 'ma14': 2.399642857142857, 'ma28': 2.412714285714286, 'mavol_fast': 253408.50000000073, 'mavol_slow': 166486.91111111097, 'volume': 199383.5, 'volume_ratio': 1.5220926276353313, 'volume_spike_ratio': 1.1975926435858633, 'adx': 49.16098910436653, 'di_plus': 4.5972278175368215, 'di_minus': 36.01375790639412, 'close': 2.374, 'signal': 'SHORT'}, 'htf_reason': 'htf_trend_confirmed', 'htf_details': {'ma7': 2.4412857142857143, 'ma14': 2.4452857142857143, 'ma28': 2.4573571428571426, 'adx': 31.43918963309923, 'di_plus': 10.793066515402671, 'di_minus': 24.11871767978416, 'open': 2.427, 'close': 2.408, 'trend': 'SHORT'}, 'score_details': {'score': 44.79586283062759, 'adx': 49.16098910436653, 'volume_ratio': 1.1975926435858633, 'ma_separation_pct': 1.042098407247311, 'rr_ratio': 1.45, 'adx_points': 29.16098910436653, 'volume_points': 2.963889653787949, 'ma_points': 10.420984072473109, 'rr_points': 2.25}, 'signal_row': {'open': 2.374, 'high': 2.378, 'low': 2.369, 'close': 2.374, 'volume': 199383.5, 'turnover': 473352.9202, 'ma7': 2.387571428571429, 'ma14': 2.399642857142857, 'ma28': 2.412714285714286, 'mavol_fast': 253408.50000000073, 'mavol_slow': 166486.91111111097, 'volume_ratio': 1.5220926276353313, 'volume_spike_ratio': 1.1975926435858633, 'rsi': 18.573496043587, 'di_plus': 4.5972278175368215, 'di_minus': 36.01375790639412, 'adx': 49.16098910436653, 'atr': 0.009065608054669836, 'atr_pct': 0.0038187060044944546}, 'side': 'SHORT', 'risk_amount': 4.185632879999947, 'pretrade_exit_plan': {'stop_loss': 2.4128, 'take_profit': 2.3177, 'risk_distance': 0.038799999999999724, 'reward_distance': 0.05630000000000024, 'risk_reward': 1.451030927835068}, 'entry_price_hint': 2.374, 'create_bracket': True, 'leverage': 2.0, 'liquidation_price_estimate': 3.5491300000000003, 'portfolio_heat_after': 4.08609036399997, 'atr_pct': 0.0038187060044944546, 'entry_bar_index': 26284, 'actual_exit_plan': {'stop_loss': 2.4128, 'take_profit': 2.3154, 'risk_distance': 0.039749599999999496, 'reward_distance': 0.057650400000000435, 'risk_reward': 1.4503391229094422}, 'position_side': 'SHORT', 'exit_plan': {'stop_loss': 2.4128, 'take_profit': 2.3154, 'risk_distance': 0.039749599999999496, 'reward_distance': 0.057650400000000435, 'risk_reward': 1.4503391229094422}, 'source_entry_order': 'c1a65aff-99f2-4600-9118-c549377926a9', 'exit_reason': 'stop_loss'}",-1.102660000201263
08558557-68e5-4898-8ec5-eabcefa64722,SAGAUSDT,SHORT,2025-08-18 02:05:00+00:00,2025-08-22 15:00:00+00:00,0.25899636,0.2636581,0.1,-0.0004661740000000026,2.874599529999736e-05,2.617400000000284e-05,-0.0004949199952999999,0.0004503640000001006,stop_loss,1307,"{'strategy': 'live_indicator_adapter', 'signal_reason': 'signal_confirmed', 'signal_details': {'ma7': 0.26024285714285716, 'ma14': 0.2616928571428571, 'ma28': 0.26341071428571433, 'mavol_fast': 26425.266666666797, 'mavol_slow': 18709.838888888826, 'volume': 23217.6, 'volume_ratio': 1.4123727533730885, 'volume_spike_ratio': 1.2409299800966318, 'adx': 47.29083644192762, 'di_plus': 8.283630154846643, 'di_minus': 31.223080417039316, 'close': 0.2591, 'signal': 'SHORT'}, 'htf_reason': 'htf_trend_confirmed', 'htf_details': {'ma7': 0.2659714285714286, 'ma14': 0.26816428571428574, 'ma28': 0.2687785714285714, 'adx': 26.178673763510005, 'di_plus': 16.43786269635757, 'di_minus': 26.48517414698501, 'open': 0.2646, 'close': 0.2601, 'trend': 'SHORT'}, 'score_details': {'score': 45.18108944484827, 'adx': 47.29083644192762, 'volume_ratio': 1.2409299800966318, 'ma_separation_pct': 1.2026303301471175, 'rr_ratio': 1.45, 'adx_points': 27.290836441927617, 'volume_points': 3.613949701449477, 'ma_points': 12.026303301471176, 'rr_points': 2.25}, 'signal_row': {'open': 0.2601, 'high': 0.2603, 'low': 0.2589, 'close': 0.2591, 'volume': 23217.6, 'turnover': 6019.93075, 'ma7': 0.26024285714285716, 'ma14': 0.2616928571428571, 'ma28': 0.26341071428571433, 'mavol_fast': 26425.266666666797, 'mavol_slow': 18709.838888888826, 'volume_ratio': 1.4123727533730885, 'volume_spike_ratio': 1.2409299800966318, 'rsi': 24.087833289046557, 'di_plus': 8.283630154846643, 'di_minus': 31.223080417039316, 'adx': 47.29083644192762, 'atr': 0.0012765399109461156, 'atr_pct': 0.004926823276519165}, 'side': 'SHORT', 'risk_amount': 4.34466150800003, 'pretrade_exit_plan': {'stop_loss': 0.2635, 'take_profit': 0.2527, 'risk_distance': 0.004400000000000015, 'reward_distance': 0.006400000000000017, 'risk_reward': 1.4545454545454535}, 'entry_price_hint': 0.2591, 'create_bracket': True, 'leverage': 2.0, 'liquidation_price_estimate': 0.38735450000000005, 'portfolio_heat_after': 4.249146400000014, 'atr_pct': 0.004926823276519165, 'entry_bar_index': 25005, 'actual_exit_plan': {'stop_loss': 0.2635, 'take_profit': 0.2524, 'risk_distance': 0.004503640000000031, 'reward_distance': 0.006596359999999968, 'risk_reward': 1.46467302004599}, 'position_side': 'SHORT', 'exit_plan': {'stop_loss': 0.2635, 'take_profit': 0.2524, 'risk_distance': 0.004503640000000031, 'reward_distance': 0.006596359999999968, 'risk_reward': 1.46467302004599}, 'source_entry_order': '1c16adf7-2764-49d2-9792-1d9de3b10f33', 'exit_reason': 'stop_loss'}",-1.0989332968440846
aa12aea7-6225-4e26-a3cc-e631d6b32063,NEARUSDT,LONG,2025-08-22 20:00:00+00:00,2025-08-22 21:25:00+00:00,2.6920764,2.715,46.3,1.061362679999997,0.093694625526,0.049837320000004084,0.9676680544739968,0.7304473200000011,take_profit_1,17,"{'strategy': 'live_indicator_adapter', 'signal_reason': 'signal_confirmed', 'signal_details': {'ma7': 2.6904285714285714, 'ma14': 2.6849999999999996, 'ma28': 2.676321428571429, 'mavol_fast': 111262.24444444517, 'mavol_slow': 100279.70555555535, 'volume': 183451.5, 'volume_ratio': 1.1095190579992822, 'volume_spike_ratio': 1.8293980719595067, 'adx': 29.56503739521557, 'di_plus': 23.61367082652242, 'di_minus': 14.142762443833723, 'close': 2.691, 'signal': 'LONG'}, 'htf_reason': 'htf_trend_confirmed', 'htf_details': {'ma7': 2.604, 'ma14': 2.5185, 'ma28': 2.4853928571428567, 'adx': 36.821023897224755, 'di_plus': 41.73864231215373, 'di_minus': 13.062755310724373, 'open': 2.673, 'close': 2.691, 'trend': 'LONG'}, 'score_details': {'score': 29.52710286055879, 'adx': 29.56503739521557, 'volume_ratio': 1.8293980719595067, 'ma_separation_pct': 0.5271094385950622, 'rr_ratio': 1.45, 'adx_points': 9.565037395215569, 'volume_points': 12.4409710793926, 'ma_points': 5.271094385950622, 'rr_points': 2.25}, 'signal_row': {'open': 2.695, 'high': 2.701, 'low': 2.688, 'close': 2.691, 'volume': 183451.5, 'turnover': 494179.9672, 'ma7': 2.6904285714285714, 'ma14': 2.6849999999999996, 'ma28': 2.676321428571429, 'mavol_fast': 111262.24444444517, 'mavol_slow': 100279.70555555535, 'volume_ratio': 1.1095190579992822, 'volume_spike_ratio': 1.8293980719595067, 'rsi': 63.427483797015654, 'di_plus': 23.61367082652242, 'di_minus': 14.142762443833723, 'adx': 29.56503739521557, 'atr': 0.009611723661020616, 'atr_pct': 0.0035718036644446735}, 'side': 'LONG', 'risk_amount': 1.4656275600000024, 'pretrade_exit_plan': {'stop_loss': 2.6763, 'take_profit': 2.7124, 'risk_distance': 0.014699999999999935, 'reward_distance': 0.021400000000000308, 'risk_reward': 1.4557823129251974}, 'entry_price_hint': 2.691, 'create_bracket': True, 'leverage': 2.0, 'liquidation_price_estimate': 1.358955, 'portfolio_heat_after': 5.717707443999981, 'atr_pct': 0.0035718036644446735, 'entry_bar_index': 26372, 'actual_exit_plan': {'stop_loss': 2.6763, 'take_profit': 2.715, 'risk_distance': 0.015776400000000024, 'reward_distance': 0.022923599999999933, 'risk_reward': 1.453031109758874}, 'position_side': 'LONG', 'exit_plan': {'stop_loss': 2.6763, 'take_profit': 2.715, 'risk_distance': 0.015776400000000024, 'reward_distance': 0.022923599999999933, 'risk_reward': 1.453031109758874}, 'source_entry_order': '1c92a2d8-59e1-4d0c-a6af-a0cd39942dee', 'exit_reason': 'take_profit_1'}",1.324760907431347
c0754c9d-a20b-45f1-85c1-ad07eea6147e,SAGAUSDT,LONG,2025-08-22 18:15:00+00:00,2025-08-23 00:00:00+00:00,0.27641052,0.2834,452.3,3.1613418039999965,0.09439762700780001,0.04998819600000129,3.066944176992197,2.1757981959999935,take_profit_1,69,"{'strategy': 'live_indicator_adapter', 'signal_reason': 'signal_confirmed', 'signal_details': {'ma7': 0.27395714285714284, 'ma14': 0.27390714285714285, 'ma28': 0.2716821428571428, 'mavol_fast': 57109.66666666681, 'mavol_slow': 43124.8666666666, 'volume': 71332.1, 'volume_ratio': 1.3242862200153716, 'volume_spike_ratio': 1.6540827952318333, 'adx': 51.591989572917676, 'di_plus': 37.430740023375165, 'di_minus': 12.079903928238373, 'close': 0.2763, 'signal': 'LONG'}, 'htf_reason': 'htf_trend_confirmed', 'htf_details': {'ma7': 0.25692857142857145, 'ma14': 0.2527714285714286, 'ma28': 0.250975, 'adx': 27.258089078627144, 'di_plus': 40.75979719748526, 'di_minus': 16.954956918881628, 'open': 0.271, 'close': 0.2729, 'trend': 'LONG'}, 'score_details': {'score': 52.02698759767375, 'adx': 51.591989572917676, 'volume_ratio': 1.6540827952318333, 'ma_separation_pct': 0.8373756096278576, 'rr_ratio': 1.45, 'adx_points': 31.591989572917676, 'volume_points': 9.8112419284775, 'ma_points': 8.373756096278576, 'rr_points': 2.25}, 'signal_row': {'open': 0.2763, 'high': 0.2769, 'low': 0.2761, 'close': 0.2763, 'volume': 71332.1, 'turnover': 19723.60562, 'ma7': 0.27395714285714284, 'ma14': 0.27390714285714285, 'ma28': 0.2716821428571428, 'mavol_fast': 57109.66666666681, 'mavol_slow': 43124.8666666666, 'volume_ratio': 1.3242862200153716, 'volume_spike_ratio': 1.6540827952318333, 'rsi': 73.05243246473023, 'di_plus': 37.430740023375165, 'di_minus': 12.079903928238373, 'adx': 51.591989572917676, 'atr': 0.0016771957272788004, 'atr_pct': 0.006070198071946436}, 'side': 'LONG', 'risk_amount': 4.3520774439999865, 'pretrade_exit_plan': {'stop_loss': 0.2716, 'take_profit': 0.2832, 'risk_distance': 0.004699999999999982, 'reward_distance': 0.006900000000000017, 'risk_reward': 1.468085106382988}, 'entry_price_hint': 0.2763, 'create_bracket': True, 'leverage': 2.0, 'liquidation_price_estimate': 0.1395315, 'portfolio_heat_after': 4.252559999999984, 'atr_pct': 0.006070198071946436, 'entry_bar_index': 26351, 'actual_exit_plan': {'stop_loss': 0.2716, 'take_profit': 0.2834, 'risk_distance': 0.004810519999999985, 'reward_distance': 0.006989479999999992, 'risk_reward': 1.4529572686528722}, 'position_side': 'LONG', 'exit_plan': {'stop_loss': 0.2716, 'take_profit': 0.2834, 'risk_distance': 0.004810519999999985, 'reward_distance': 0.006989479999999992, 'risk_reward': 1.4529572686528722}, 'source_entry_order': '279ad78c-c2cf-4f8e-901b-362c0d4b26c6', 'exit_reason': 'take_profit_1'}",1.4095719826546846
ed002f4b-f624-406d-8ff1-e927655192e6,NEARUSDT,LONG,2025-08-22 20:00:00+00:00,2025-08-23 01:15:00+00:00,2.6920764,2.6746942199999997,46.60000000000001,-0.8100095880000117,0.13755033099060002,0.12498958800001454,-0.9475599189906118,0.7351802400000013,stop_loss,63,"{'strategy': 'live_indicator_adapter', 'signal_reason': 'signal_confirmed', 'signal_details': {'ma7': 2.6904285714285714, 'ma14': 2.6849999999999996, 'ma28': 2.676321428571429, 'mavol_fast': 111262.24444444517, 'mavol_slow': 100279.70555555535, 'volume': 183451.5, 'volume_ratio': 1.1095190579992822, 'volume_spike_ratio': 1.8293980719595067, 'adx': 29.56503739521557, 'di_plus': 23.61367082652242, 'di_minus': 14.142762443833723, 'close': 2.691, 'signal': 'LONG'}, 'htf_reason': 'htf_trend_confirmed', 'htf_details': {'ma7': 2.604, 'ma14': 2.5185, 'ma28': 2.4853928571428567, 'adx': 36.821023897224755, 'di_plus': 41.73864231215373, 'di_minus': 13.062755310724373, 'open': 2.673, 'close': 2.691, 'trend': 'LONG'}, 'score_details': {'score': 29.52710286055879, 'adx': 29.56503739521557, 'volume_ratio': 1.8293980719595067, 'ma_separation_pct': 0.5271094385950622, 'rr_ratio': 1.45, 'adx_points': 9.565037395215569, 'volume_points': 12.4409710793926, 'ma_points': 5.271094385950622, 'rr_points': 2.25}, 'signal_row': {'open': 2.695, 'high': 2.701, 'low': 2.688, 'close': 2.691, 'volume': 183451.5, 'turnover': 494179.9672, 'ma7': 2.6904285714285714, 'ma14': 2.6849999999999996, 'ma28': 2.676321428571429, 'mavol_fast': 111262.24444444517, 'mavol_slow': 100279.70555555535, 'volume_ratio': 1.1095190579992822, 'volume_spike_ratio': 1.8293980719595067, 'rsi': 63.427483797015654, 'di_plus': 23.61367082652242, 'di_minus': 14.142762443833723, 'adx': 29.56503739521557, 'atr': 0.009611723661020616, 'atr_pct': 0.0035718036644446735}, 'side': 'LONG', 'risk_amount': 1.4656275600000024, 'pretrade_exit_plan': {'stop_loss': 2.6763, 'take_profit': 2.7124, 'risk_distance': 0.014699999999999935, 'reward_distance': 0.021400000000000308, 'risk_reward': 1.4557823129251974}, 'entry_price_hint': 2.691, 'create_bracket': True, 'leverage': 2.0, 'liquidation_price_estimate': 1.358955, 'portfolio_heat_after': 5.717707443999981, 'atr_pct': 0.0035718036644446735, 'entry_bar_index': 26372, 'actual_exit_plan': {'stop_loss': 2.6763, 'take_profit': 2.715, 'risk_distance': 0.015776400000000024, 'reward_distance': 0.022923599999999933, 'risk_reward': 1.453031109758874}, 'position_side': 'LONG', 'exit_plan': {'stop_loss': 2.6763, 'take_profit': 2.715, 'risk_distance': 0.015776400000000024, 'reward_distance': 0.022923599999999933, 'risk_reward': 1.453031109758874}, 'source_entry_order': '1c92a2d8-59e1-4d0c-a6af-a0cd39942dee', 'exit_reason': 'stop_loss'}",-1.2888811034836982
cc2dc3ba-94ba-48d2-b0a2-16857768f7e3,SAGAUSDT,LONG,2025-08-22 18:15:00+00:00,2025-08-23 02:25:00+00:00,0.27641052,0.27143704,452.40000000000003,-2.2500023519999885,0.13631542987920003,0.12372235199999666,-2.3863177818791885,2.176279247999993,stop_loss,98,"{'strategy': 'live_indicator_adapter', 'signal_reason': 'signal_confirmed', 'signal_details': {'ma7': 0.27395714285714284, 'ma14': 0.27390714285714285, 'ma28': 0.2716821428571428, 'mavol_fast': 57109.66666666681, 'mavol_slow': 43124.8666666666, 'volume': 71332.1, 'volume_ratio': 1.3242862200153716, 'volume_spike_ratio': 1.6540827952318333, 'adx': 51.591989572917676, 'di_plus': 37.430740023375165, 'di_minus': 12.079903928238373, 'close': 0.2763, 'signal': 'LONG'}, 'htf_reason': 'htf_trend_confirmed', 'htf_details': {'ma7': 0.25692857142857145, 'ma14': 0.2527714285714286, 'ma28': 0.250975, 'adx': 27.258089078627144, 'di_plus': 40.75979719748526, 'di_minus': 16.954956918881628, 'open': 0.271, 'close': 0.2729, 'trend': 'LONG'}, 'score_details': {'score': 52.02698759767375, 'adx': 51.591989572917676, 'volume_ratio': 1.6540827952318333, 'ma_separation_pct': 0.8373756096278576, 'rr_ratio': 1.45, 'adx_points': 31.591989572917676, 'volume_points': 9.8112419284775, 'ma_points': 8.373756096278576, 'rr_points': 2.25}, 'signal_row': {'open': 0.2763, 'high': 0.2769, 'low': 0.2761, 'close': 0.2763, 'volume': 71332.1, 'turnover': 19723.60562, 'ma7': 0.27395714285714284, 'ma14': 0.27390714285714285, 'ma28': 0.2716821428571428, 'mavol_fast': 57109.66666666681, 'mavol_slow': 43124.8666666666, 'volume_ratio': 1.3242862200153716, 'volume_spike_ratio': 1.6540827952318333, 'rsi': 73.05243246473023, 'di_plus': 37.430740023375165, 'di_minus': 12.079903928238373, 'adx': 51.591989572917676, 'atr': 0.0016771957272788004, 'atr_pct': 0.006070198071946436}, 'side': 'LONG', 'risk_amount': 4.3520774439999865, 'pretrade_exit_plan': {'stop_loss': 0.2716, 'take_profit': 0.2832, 'risk_distance': 0.004699999999999982, 'reward_distance': 0.006900000000000017, 'risk_reward': 1.468085106382988}, 'entry_price_hint': 0.2763, 'create_bracket': True, 'leverage': 2.0, 'liquidation_price_estimate': 0.1395315, 'portfolio_heat_after': 4.252559999999984, 'atr_pct': 0.006070198071946436, 'entry_bar_index': 26351, 'actual_exit_plan': {'stop_loss': 0.2716, 'take_profit': 0.2834, 'risk_distance': 0.004810519999999985, 'reward_distance': 0.006989479999999992, 'risk_reward': 1.4529572686528722}, 'position_side': 'LONG', 'exit_plan': {'stop_loss': 0.2716, 'take_profit': 0.2834, 'risk_distance': 0.004810519999999985, 'reward_distance': 0.006989479999999992, 'risk_reward': 1.4529572686528722}, 'source_entry_order': '279ad78c-c2cf-4f8e-901b-362c0d4b26c6', 'exit_reason': 'stop_loss'}",-1.0965126759685007
97b3c1cf-2f96-423e-b822-93164fa541d6,BUSDT,LONG,2025-08-23 02:20:00+00:00,2025-08-23 02:40:00+00:00,0.583823436,0.57095722,366.8,-4.719328028799975,0.23296544954144002,0.21135602879996598,-4.952293478341415,4.59359632479998,stop_loss,4,"{'strategy': 'live_indicator_adapter', 'signal_reason': 'signal_confirmed', 'signal_details': {'ma7': 0.5769028571428573, 'ma14': 0.5737635714285715, 'ma28': 0.5713532142857143, 'mavol_fast': 20182.88888888889, 'mavol_slow': 19099.38888888889, 'volume': 56463.0, 'volume_ratio': 1.0567295637731282, 'volume_spike_ratio': 2.956272597436218, 'adx': 40.87153292405208, 'di_plus': 44.57022035871075, 'di_minus': 11.560541417919415, 'close': 0.58359, 'signal': 'LONG'}, 'htf_reason': 'htf_trend_confirmed', 'htf_details': {'ma7': 0.5587728571428572, 'ma14': 0.5564321428571428, 'ma28': 0.5530271428571428, 'adx': 31.27033683951164, 'di_plus': 30.728105533834327, 'di_minus': 13.408943808227058, 'open': 0.56925, 'close': 0.57519, 'trend': 'LONG'}, 'score_details': {'score': 62.178777808032855, 'adx': 40.87153292405208, 'volume_ratio': 2.956272597436218, 'ma_separation_pct': 0.9713155922437502, 'rr_ratio': 1.45, 'adx_points': 20.871532924052083, 'volume_points': 29.34408896154327, 'ma_points': 9.713155922437501, 'rr_points': 2.25}, 'signal_row': {'open': 0.57988, 'high': 0.58431, 'low': 0.5769, 'close': 0.58359, 'volume': 56463.0, 'turnover': 32716.5264, 'ma7': 0.5769028571428573, 'ma14': 0.5737635714285715, 'ma28': 0.5713532142857143, 'mavol_fast': 20182.88888888889, 'mavol_slow': 19099.38888888889, 'volume_ratio': 1.0567295637731282, 'volume_spike_ratio': 2.956272597436218, 'rsi': 74.24970153298395, 'di_plus': 44.57022035871075, 'di_minus': 11.560541417919415, 'adx': 40.87153292405208, 'atr': 0.003464785950589606, 'atr_pct': 0.005937020769015243}, 'side': 'LONG', 'risk_amount': 4.59359632479998, 'pretrade_exit_plan': {'stop_loss': 0.5713, 'take_profit': 0.6015, 'risk_distance': 0.012290000000000023, 'reward_distance': 0.01790999999999998, 'risk_reward': 1.4572823433685882}, 'entry_price_hint': 0.58359, 'create_bracket': True, 'leverage': 2.0, 'liquidation_price_estimate': 0.29471295000000003, 'portfolio_heat_after': 6.684251248000002, 'atr_pct': 0.005937020769015243, 'entry_bar_index': 26448, 'actual_exit_plan': {'stop_loss': 0.5713, 'take_profit': 0.602, 'risk_distance': 0.012523435999999943, 'reward_distance': 0.018176564000000006, 'risk_reward': 1.451403911833788}, 'position_side': 'LONG', 'exit_plan': {'stop_loss': 0.5713, 'take_profit': 0.602, 'risk_distance': 0.012523435999999943, 'reward_distance': 0.018176564000000006, 'risk_reward': 1.451403911833788}, 'source_entry_order': 'cbfcebe4-818e-443e-94a2-f399ae204c2c', 'exit_reason': 'stop_loss'}",-1.078086346334983
2578fd8a-b120-4503-8010-fb09521ea9d6,SAGAUSDT,LONG,2025-08-23 05:55:00+00:00,2025-08-23 07:45:00+00:00,0.28181268,0.27593434,801.7,-4.712665177999986,0.2459301822637,0.22314517799999042,-4.958595360263686,4.579855555999976,stop_loss,22,"{'strategy': 'live_indicator_adapter', 'signal_reason': 'signal_confirmed', 'signal_details': {'ma7': 0.2801142857142857, 'ma14': 0.27900714285714284, 'ma28': 0.2761857142857143, 'mavol_fast': 14948.311111111252, 'mavol_slow': 13829.78888888882, 'volume': 46363.6, 'volume_ratio': 1.0808777510060967, 'volume_spike_ratio': 3.352444521929732, 'adx': 34.193798177292095, 'di_plus': 36.696706295625475, 'di_minus': 11.896983160830612, 'close': 0.2817, 'signal': 'LONG'}, 'htf_reason': 'htf_trend_confirmed', 'htf_details': {'ma7': 0.27640000000000003, 'ma14': 0.27561428571428576, 'ma28': 0.26218214285714286, 'adx': 29.003033276656, 'di_plus': 32.90408301201776, 'di_minus': 22.91928993800704, 'open': 0.2706, 'close': 0.278, 'trend': 'LONG'}, 'score_details': {'score': 60.66818135631229, 'adx': 34.193798177292095, 'volume_ratio': 3.352444521929732, 'ma_separation_pct': 1.4224383179020197, 'rr_ratio': 1.45, 'adx_points': 14.193798177292095, 'volume_points': 30.0, 'ma_points': 14.224383179020197, 'rr_points': 2.25}, 'signal_row': {'open': 0.2805, 'high': 0.2819, 'low': 0.2805, 'close': 0.2817, 'volume': 46363.6, 'turnover': 13051.67731, 'ma7': 0.2801142857142857, 'ma14': 0.27900714285714284, 'ma28': 0.2761857142857143, 'mavol_fast': 14948.311111111252, 'mavol_slow': 13829.78888888882, 'volume_ratio': 1.0808777510060967, 'volume_spike_ratio': 3.352444521929732, 'rsi': 76.68301871842215, 'di_plus': 36.696706295625475, 'di_minus': 11.896983160830612, 'adx': 34.193798177292095, 'atr': 0.0010779119412518566, 'atr_pct': 0.0038264534655727957}, 'side': 'LONG', 'risk_amount': 4.580426823999976, 'pretrade_exit_plan': {'stop_loss': 0.2761, 'take_profit': 0.2899, 'risk_distance': 0.005599999999999994, 'reward_distance': 0.008199999999999985, 'risk_reward': 1.4642857142857133}, 'entry_price_hint': 0.2817, 'create_bracket': True, 'leverage': 2.0, 'liquidation_price_estimate': 0.1422585, 'portfolio_heat_after': 7.3768728000000285, 'atr_pct': 0.0038264534655727957, 'entry_bar_index': 26491, 'actual_exit_plan': {'stop_loss': 0.2761, 'take_profit': 0.2901, 'risk_distance': 0.00571267999999997, 'reward_distance': 0.008287320000000042, 'risk_reward': 1.450688643508841}, 'position_side': 'LONG', 'exit_plan': {'stop_loss': 0.2761, 'take_profit': 0.2901, 'risk_distance': 0.00571267999999997, 'reward_distance': 0.008287320000000042, 'risk_reward': 1.450688643508841}, 'source_entry_order': '48823e53-f8dc-4499-9e39-8a6047e2c8e6', 'exit_reason': 'stop_loss'}",-1.0826968885006714
f118ce0f-b7b2-40b0-af18-43cc97d6a4e5,SAGAUSDT,LONG,2025-08-23 05:55:00+00:00,2025-08-23 19:30:00+00:00,0.28181268,0.2901,0.09999999999990905,0.0008287319999992505,2.1301697399981858e-05,1.1267999999994838e-05,0.0008074303025992686,0.0005712679999998471,take_profit_1,163,"{'strategy': 'live_indicator_adapter', 'signal_reason': 'signal_confirmed', 'signal_details': {'ma7': 0.2801142857142857, 'ma14': 0.27900714285714284, 'ma28': 0.2761857142857143, 'mavol_fast': 14948.311111111252, 'mavol_slow': 13829.78888888882, 'volume': 46363.6, 'volume_ratio': 1.0808777510060967, 'volume_spike_ratio': 3.352444521929732, 'adx': 34.193798177292095, 'di_plus': 36.696706295625475, 'di_minus': 11.896983160830612, 'close': 0.2817, 'signal': 'LONG'}, 'htf_reason': 'htf_trend_confirmed', 'htf_details': {'ma7': 0.27640000000000003, 'ma14': 0.27561428571428576, 'ma28': 0.26218214285714286, 'adx': 29.003033276656, 'di_plus': 32.90408301201776, 'di_minus': 22.91928993800704, 'open': 0.2706, 'close': 0.278, 'trend': 'LONG'}, 'score_details': {'score': 60.66818135631229, 'adx': 34.193798177292095, 'volume_ratio': 3.352444521929732, 'ma_separation_pct': 1.4224383179020197, 'rr_ratio': 1.45, 'adx_points': 14.193798177292095, 'volume_points': 30.0, 'ma_points': 14.224383179020197, 'rr_points': 2.25}, 'signal_row': {'open': 0.2805, 'high': 0.2819, 'low': 0.2805, 'close': 0.2817, 'volume': 46363.6, 'turnover': 13051.67731, 'ma7': 0.2801142857142857, 'ma14': 0.27900714285714284, 'ma28': 0.2761857142857143, 'mavol_fast': 14948.311111111252, 'mavol_slow': 13829.78888888882, 'volume_ratio': 1.0808777510060967, 'volume_spike_ratio': 3.352444521929732, 'rsi': 76.68301871842215, 'di_plus': 36.696706295625475, 'di_minus': 11.896983160830612, 'adx': 34.193798177292095, 'atr': 0.0010779119412518566, 'atr_pct': 0.0038264534655727957}, 'side': 'LONG', 'risk_amount': 4.580426823999976, 'pretrade_exit_plan': {'stop_loss': 0.2761, 'take_profit': 0.2899, 'risk_distance': 0.005599999999999994, 'reward_distance': 0.008199999999999985, 'risk_reward': 1.4642857142857133}, 'entry_price_hint': 0.2817, 'create_bracket': True, 'leverage': 2.0, 'liquidation_price_estimate': 0.1422585, 'portfolio_heat_after': 7.3768728000000285, 'atr_pct': 0.0038264534655727957, 'entry_bar_index': 26491, 'actual_exit_plan': {'stop_loss': 0.2761, 'take_profit': 0.2901, 'risk_distance': 0.00571267999999997, 'reward_distance': 0.008287320000000042, 'risk_reward': 1.450688643508841}, 'position_side': 'LONG', 'exit_plan': {'stop_loss': 0.2761, 'take_profit': 0.2901, 'risk_distance': 0.00571267999999997, 'reward_distance': 0.008287320000000042, 'risk_reward': 1.450688643508841}, 'source_entry_order': '48823e53-f8dc-4499-9e39-8a6047e2c8e6', 'exit_reason': 'take_profit_1'}",1.4134001950038944
ca98e02c-de82-4e27-b766-ea8f9febb5db,NEARUSDT,LONG,2025-08-23 05:10:00+00:00,2025-08-23 20:00:00+00:00,2.6730688000000002,2.7179,46.7,2.093617039999998,0.09404295812800002,0.049912960000004294,1.9995740818719978,1.4415729600000171,take_profit_1,178,"{'strategy': 'live_indicator_adapter', 'signal_reason': 'signal_confirmed', 'signal_details': {'ma7': 2.667857142857143, 'ma14': 2.6530714285714287, 'ma28': 2.6422499999999998, 'mavol_fast': 53820.43333333406, 'mavol_slow': 44407.894444444246, 'volume': 50633.7, 'volume_ratio': 1.21195643267134, 'volume_spike_ratio': 1.140195918618579, 'adx': 23.787307561867248, 'di_plus': 29.735951262603557, 'di_minus': 13.808676420138163, 'close': 2.672, 'signal': 'LONG'}, 'htf_reason': 'htf_trend_confirmed', 'htf_details': {'ma7': 2.6670000000000003, 'ma14': 2.666571428571429, 'ma28': 2.55625, 'adx': 34.8224718587537, 'di_plus': 31.4009984810825, 'di_minus': 21.250509801288914, 'open': 2.629, 'close': 2.671, 'trend': 'LONG'}, 'score_details': {'score': 17.83166193662077, 'adx': 23.787307561867248, 'volume_ratio': 1.140195918618579, 'ma_separation_pct': 0.9691415595474836, 'rr_ratio': 1.45, 'adx_points': 3.787307561867248, 'volume_points': 2.102938779278686, 'ma_points': 9.691415595474837, 'rr_points': 2.25}, 'signal_row': {'open': 2.672, 'high': 2.674, 'low': 2.668, 'close': 2.672, 'volume': 50633.7, 'turnover': 135270.0205, 'ma7': 2.667857142857143, 'ma14': 2.6530714285714287, 'ma28': 2.6422499999999998, 'mavol_fast': 53820.43333333406, 'mavol_slow': 44407.894444444246, 'volume_ratio': 1.21195643267134, 'volume_spike_ratio': 1.140195918618579, 'rsi': 68.22831646067408, 'di_plus': 29.735951262603557, 'di_minus': 13.808676420138163, 'adx': 23.787307561867248, 'atr': 0.008951151698746421, 'atr_pct': 0.0033499819231835406}, 'side': 'LONG', 'risk_amount': 2.886232800000034, 'pretrade_exit_plan': {'stop_loss': 2.6422, 'take_profit': 2.7153, 'risk_distance': 0.02980000000000027, 'reward_distance': 0.043299999999999894, 'risk_reward': 1.4530201342281712}, 'entry_price_hint': 2.672, 'create_bracket': True, 'leverage': 2.0, 'liquidation_price_estimate': 1.3493600000000001, 'portfolio_heat_after': 2.7863000000000255, 'atr_pct': 0.0033499819231835406, 'entry_bar_index': 26482, 'actual_exit_plan': {'stop_loss': 2.6422, 'take_profit': 2.7179, 'risk_distance': 0.030868800000000363, 'reward_distance': 0.04483119999999996, 'risk_reward': 1.4523143108899417}, 'position_side': 'LONG', 'exit_plan': {'stop_loss': 2.6422, 'take_profit': 2.7179, 'risk_distance': 0.030868800000000363, 'reward_distance': 0.04483119999999996, 'risk_reward': 1.4523143108899417}, 'source_entry_order': '1ed3788a-b182-4f51-9c31-75c0e8f25c49', 'exit_reason': 'take_profit_1'}",1.3870779609184498
5cb2aebf-5de5-4fc0-b72d-4a5e974580b6,SAGAUSDT,LONG,2025-08-23 19:35:00+00:00,2025-08-24 03:10:00+00:00,0.2891156,0.28303008,769.7,-4.684024743999966,0.24220929144280004,0.21976474399998738,-4.926234035442766,4.553237319999973,stop_loss,91,"{'strategy': 'live_indicator_adapter', 'signal_reason': 'signal_confirmed', 'signal_details': {'ma7': 0.2870571428571429, 'ma14': 0.2848, 'ma28': 0.28327857142857144, 'mavol_fast': 28056.122222222362, 'mavol_slow': 18780.477777777705, 'volume': 92117.5, 'volume_ratio': 1.4938982146354236, 'volume_spike_ratio': 4.904960411017843, 'adx': 38.719362865154515, 'di_plus': 55.111657005303165, 'di_minus': 6.785599312688678, 'close': 0.289, 'signal': 'LONG'}, 'htf_reason': 'htf_trend_confirmed', 'htf_details': {'ma7': 0.2794857142857143, 'ma14': 0.27869285714285713, 'ma28': 0.27715357142857144, 'adx': 24.699482352141242, 'di_plus': 28.1367975272084, 'di_minus': 14.256802857547687, 'open': 0.2818, 'close': 0.2832, 'trend': 'LONG'}, 'score_details': {'score': 64.30807538942403, 'adx': 38.719362865154515, 'volume_ratio': 4.904960411017843, 'ma_separation_pct': 1.3338712524269523, 'rr_ratio': 1.45, 'adx_points': 18.719362865154515, 'volume_points': 30.0, 'ma_points': 13.338712524269523, 'rr_points': 2.25}, 'signal_row': {'open': 0.2892, 'high': 0.2905, 'low': 0.2889, 'close': 0.289, 'volume': 92117.5, 'turnover': 26694.00976, 'ma7': 0.2870571428571429, 'ma14': 0.2848, 'ma28': 0.28327857142857144, 'mavol_fast': 28056.122222222362, 'mavol_slow': 18780.477777777705, 'volume_ratio': 1.4938982146354236, 'volume_spike_ratio': 4.904960411017843, 'rsi': 80.92449919564038, 'di_plus': 55.111657005303165, 'di_minus': 6.785599312688678, 'adx': 38.719362865154515, 'atr': 0.0009810240323923022, 'atr_pct': 0.003394546824886859}, 'side': 'LONG', 'risk_amount': 4.553828879999973, 'pretrade_exit_plan': {'stop_loss': 0.2832, 'take_profit': 0.2975, 'risk_distance': 0.005799999999999972, 'reward_distance': 0.008500000000000008, 'risk_reward': 1.4655172413793187}, 'entry_price_hint': 0.289, 'create_bracket': True, 'leverage': 2.0, 'liquidation_price_estimate': 0.145945, 'portfolio_heat_after': 7.3516528000000125, 'atr_pct': 0.003394546824886859, 'entry_bar_index': 26655, 'actual_exit_plan': {'stop_loss': 0.2832, 'take_profit': 0.2977, 'risk_distance': 0.005915599999999965, 'reward_distance': 0.008584400000000048, 'risk_reward': 1.4511461221178068}, 'position_side': 'LONG', 'exit_plan': {'stop_loss': 0.2832, 'take_profit': 0.2977, 'risk_distance': 0.005915599999999965, 'reward_distance': 0.008584400000000048, 'risk_reward': 1.4511461221178068}, 'source_entry_order': '4426aedd-8766-428f-9300-5bfc27ff059a', 'exit_reason': 'stop_loss'}",-1.0819190148083024
0d7f659e-9642-4169-8ecd-e5eabdccf422,NEARUSDT,LONG,2025-08-23 05:10:00+00:00,2025-08-24 06:20:00+00:00,2.6730688000000002,2.6406146799999997,30.3,-0.9833598360000178,0.0885525351942,0.08041983600000954,-1.0719123711942178,0.9353246400000109,stop_loss,302,"{'strategy': 'live_indicator_adapter', 'signal_reason': 'signal_confirmed', 'signal_details': {'ma7': 2.667857142857143, 'ma14': 2.6530714285714287, 'ma28': 2.6422499999999998, 'mavol_fast': 53820.43333333406, 'mavol_slow': 44407.894444444246, 'volume': 50633.7, 'volume_ratio': 1.21195643267134, 'volume_spike_ratio': 1.140195918618579, 'adx': 23.787307561867248, 'di_plus': 29.735951262603557, 'di_minus': 13.808676420138163, 'close': 2.672, 'signal': 'LONG'}, 'htf_reason': 'htf_trend_confirmed', 'htf_details': {'ma7': 2.6670000000000003, 'ma14': 2.666571428571429, 'ma28': 2.55625, 'adx': 34.8224718587537, 'di_plus': 31.4009984810825, 'di_minus': 21.250509801288914, 'open': 2.629, 'close': 2.671, 'trend': 'LONG'}, 'score_details': {'score': 17.83166193662077, 'adx': 23.787307561867248, 'volume_ratio': 1.140195918618579, 'ma_separation_pct': 0.9691415595474836, 'rr_ratio': 1.45, 'adx_points': 3.787307561867248, 'volume_points': 2.102938779278686, 'ma_points': 9.691415595474837, 'rr_points': 2.25}, 'signal_row': {'open': 2.672, 'high': 2.674, 'low': 2.668, 'close': 2.672, 'volume': 50633.7, 'turnover': 135270.0205, 'ma7': 2.667857142857143, 'ma14': 2.6530714285714287, 'ma28': 2.6422499999999998, 'mavol_fast': 53820.43333333406, 'mavol_slow': 44407.894444444246, 'volume_ratio': 1.21195643267134, 'volume_spike_ratio': 1.140195918618579, 'rsi': 68.22831646067408, 'di_plus': 29.735951262603557, 'di_minus': 13.808676420138163, 'adx': 23.787307561867248, 'atr': 0.008951151698746421, 'atr_pct': 0.0033499819231835406}, 'side': 'LONG', 'risk_amount': 2.886232800000034, 'pretrade_exit_plan': {'stop_loss': 2.6422, 'take_profit': 2.7153, 'risk_distance': 0.02980000000000027, 'reward_distance': 0.043299999999999894, 'risk_reward': 1.4530201342281712}, 'entry_price_hint': 2.672, 'create_bracket': True, 'leverage': 2.0, 'liquidation_price_estimate': 1.3493600000000001, 'portfolio_heat_after': 2.7863000000000255, 'atr_pct': 0.0033499819231835406, 'entry_bar_index': 26482, 'actual_exit_plan': {'stop_loss': 2.6422, 'take_profit': 2.7179, 'risk_distance': 0.030868800000000363, 'reward_distance': 0.04483119999999996, 'risk_reward': 1.4523143108899417}, 'position_side': 'LONG', 'exit_plan': {'stop_loss': 2.6422, 'take_profit': 2.7179, 'risk_distance': 0.030868800000000363, 'reward_distance': 0.04483119999999996, 'risk_reward': 1.4523143108899417}, 'source_entry_order': '1ed3788a-b182-4f51-9c31-75c0e8f25c49', 'exit_reason': 'stop_loss'}",-1.1460324312574566
a0aba864-4631-4ae2-8d62-033085d18706,NEARUSDT,LONG,2025-08-23 05:10:00+00:00,2025-08-24 06:30:00+00:00,2.6730688000000002,2.6406146799999997,16.499999999999996,-0.5354929800000096,0.04822167758099999,0.04379298000000519,-0.5837146575810096,0.5093352000000059,stop_loss,304,"{'strategy': 'live_indicator_adapter', 'signal_reason': 'signal_confirmed', 'signal_details': {'ma7': 2.667857142857143, 'ma14': 2.6530714285714287, 'ma28': 2.6422499999999998, 'mavol_fast': 53820.43333333406, 'mavol_slow': 44407.894444444246, 'volume': 50633.7, 'volume_ratio': 1.21195643267134, 'volume_spike_ratio': 1.140195918618579, 'adx': 23.787307561867248, 'di_plus': 29.735951262603557, 'di_minus': 13.808676420138163, 'close': 2.672, 'signal': 'LONG'}, 'htf_reason': 'htf_trend_confirmed', 'htf_details': {'ma7': 2.6670000000000003, 'ma14': 2.666571428571429, 'ma28': 2.55625, 'adx': 34.8224718587537, 'di_plus': 31.4009984810825, 'di_minus': 21.250509801288914, 'open': 2.629, 'close': 2.671, 'trend': 'LONG'}, 'score_details': {'score': 17.83166193662077, 'adx': 23.787307561867248, 'volume_ratio': 1.140195918618579, 'ma_separation_pct': 0.9691415595474836, 'rr_ratio': 1.45, 'adx_points': 3.787307561867248, 'volume_points': 2.102938779278686, 'ma_points': 9.691415595474837, 'rr_points': 2.25}, 'signal_row': {'open': 2.672, 'high': 2.674, 'low': 2.668, 'close': 2.672, 'volume': 50633.7, 'turnover': 135270.0205, 'ma7': 2.667857142857143, 'ma14': 2.6530714285714287, 'ma28': 2.6422499999999998, 'mavol_fast': 53820.43333333406, 'mavol_slow': 44407.894444444246, 'volume_ratio': 1.21195643267134, 'volume_spike_ratio': 1.140195918618579, 'rsi': 68.22831646067408, 'di_plus': 29.735951262603557, 'di_minus': 13.808676420138163, 'adx': 23.787307561867248, 'atr': 0.008951151698746421, 'atr_pct': 0.0033499819231835406}, 'side': 'LONG', 'risk_amount': 2.886232800000034, 'pretrade_exit_plan': {'stop_loss': 2.6422, 'take_profit': 2.7153, 'risk_distance': 0.02980000000000027, 'reward_distance': 0.043299999999999894, 'risk_reward': 1.4530201342281712}, 'entry_price_hint': 2.672, 'create_bracket': True, 'leverage': 2.0, 'liquidation_price_estimate': 1.3493600000000001, 'portfolio_heat_after': 2.7863000000000255, 'atr_pct': 0.0033499819231835406, 'entry_bar_index': 26482, 'actual_exit_plan': {'stop_loss': 2.6422, 'take_profit': 2.7179, 'risk_distance': 0.030868800000000363, 'reward_distance': 0.04483119999999996, 'risk_reward': 1.4523143108899417}, 'position_side': 'LONG', 'exit_plan': {'stop_loss': 2.6422, 'take_profit': 2.7179, 'risk_distance': 0.030868800000000363, 'reward_distance': 0.04483119999999996, 'risk_reward': 1.4523143108899417}, 'source_entry_order': '1ed3788a-b182-4f51-9c31-75c0e8f25c49', 'exit_reason': 'stop_loss'}",-1.1460324312574566
785525c6-4009-4a22-9304-86f45d0631e5,NEARUSDT,SHORT,2025-08-25 19:20:00+00:00,2025-08-25 20:10:00+00:00,2.4430224000000003,2.4139,51.1,1.4881546400000167,0.093331202552,0.04995535999998415,1.3948234374480166,1.0259653599999787,take_profit_1,10,"{'strategy': 'live_indicator_adapter', 'signal_reason': 'signal_confirmed', 'signal_details': {'ma7': 2.459285714285714, 'ma14': 2.462, 'ma28': 2.4630714285714284, 'mavol_fast': 186120.8111111118, 'mavol_slow': 122133.84999999979, 'volume': 1179358.0, 'volume_ratio': 1.5239084914715464, 'volume_spike_ratio': 9.656274652768271, 'adx': 25.46811666376168, 'di_plus': 13.707102378427475, 'di_minus': 38.28653597064973, 'close': 2.444, 'signal': 'SHORT'}, 'htf_reason': 'htf_trend_confirmed', 'htf_details': {'ma7': 2.4861428571428577, 'ma14': 2.5085714285714285, 'ma28': 2.5863571428571426, 'adx': 34.63278251166666, 'di_plus': 10.80155037909192, 'di_minus': 34.05019997247318, 'open': 2.466, 'close': 2.462, 'trend': 'SHORT'}, 'score_details': {'score': 39.25510590483699, 'adx': 25.46811666376168, 'volume_ratio': 9.656274652768271, 'ma_separation_pct': 0.15369892410753105, 'rr_ratio': 1.45, 'adx_points': 5.4681166637616805, 'volume_points': 30.0, 'ma_points': 1.5369892410753105, 'rr_points': 2.25}, 'signal_row': {'open': 2.459, 'high': 2.459, 'low': 2.435, 'close': 2.444, 'volume': 1179358.0, 'turnover': 2880182.6653, 'ma7': 2.459285714285714, 'ma14': 2.462, 'ma28': 2.4630714285714284, 'mavol_fast': 186120.8111111118, 'mavol_slow': 122133.84999999979, 'volume_ratio': 1.5239084914715464, 'volume_spike_ratio': 9.656274652768271, 'rsi': 34.91512751858356, 'di_plus': 13.707102378427475, 'di_minus': 38.28653597064973, 'adx': 25.46811666376168, 'atr': 0.009729310924314371, 'atr_pct': 0.003980896450210463}, 'side': 'SHORT', 'risk_amount': 2.0519307199999575, 'pretrade_exit_plan': {'stop_loss': 2.4631, 'take_profit': 2.4163, 'risk_distance': 0.019099999999999895, 'reward_distance': 0.027699999999999836, 'risk_reward': 1.4502617801047115}, 'entry_price_hint': 2.444, 'create_bracket': True, 'leverage': 2.0, 'liquidation_price_estimate': 3.6537800000000002, 'portfolio_heat_after': 1.9526115599999885, 'atr_pct': 0.003980896450210463, 'entry_bar_index': 27228, 'actual_exit_plan': {'stop_loss': 2.4631, 'take_profit': 2.4139, 'risk_distance': 0.020077599999999585, 'reward_distance': 0.029122400000000326, 'risk_reward': 1.4504920906881762}, 'position_side': 'SHORT', 'exit_plan': {'stop_loss': 2.4631, 'take_profit': 2.4139, 'risk_distance': 0.020077599999999585, 'reward_distance': 0.029122400000000326, 'risk_reward': 1.4504920906881762}, 'source_entry_order': 'd90e7e08-30ae-41b7-a484-5375d7020a4f', 'exit_reason': 'take_profit_1'}",1.3595229350121973
e6bdad01-fc3c-4b30-9780-6212c2ec0a6e,NEARUSDT,SHORT,2025-08-25 19:20:00+00:00,2025-08-25 20:30:00+00:00,2.4430224000000003,2.3848,51.1,2.975164640000023,0.093033800552,0.04995535999998415,2.8821308394480227,1.0259653599999787,take_profit_2,14,"{'strategy': 'live_indicator_adapter', 'signal_reason': 'signal_confirmed', 'signal_details': {'ma7': 2.459285714285714, 'ma14': 2.462, 'ma28': 2.4630714285714284, 'mavol_fast': 186120.8111111118, 'mavol_slow': 122133.84999999979, 'volume': 1179358.0, 'volume_ratio': 1.5239084914715464, 'volume_spike_ratio': 9.656274652768271, 'adx': 25.46811666376168, 'di_plus': 13.707102378427475, 'di_minus': 38.28653597064973, 'close': 2.444, 'signal': 'SHORT'}, 'htf_reason': 'htf_trend_confirmed', 'htf_details': {'ma7': 2.4861428571428577, 'ma14': 2.5085714285714285, 'ma28': 2.5863571428571426, 'adx': 34.63278251166666, 'di_plus': 10.80155037909192, 'di_minus': 34.05019997247318, 'open': 2.466, 'close': 2.462, 'trend': 'SHORT'}, 'score_details': {'score': 39.25510590483699, 'adx': 25.46811666376168, 'volume_ratio': 9.656274652768271, 'ma_separation_pct': 0.15369892410753105, 'rr_ratio': 1.45, 'adx_points': 5.4681166637616805, 'volume_points': 30.0, 'ma_points': 1.5369892410753105, 'rr_points': 2.25}, 'signal_row': {'open': 2.459, 'high': 2.459, 'low': 2.435, 'close': 2.444, 'volume': 1179358.0, 'turnover': 2880182.6653, 'ma7': 2.459285714285714, 'ma14': 2.462, 'ma28': 2.4630714285714284, 'mavol_fast': 186120.8111111118, 'mavol_slow': 122133.84999999979, 'volume_ratio': 1.5239084914715464, 'volume_spike_ratio': 9.656274652768271, 'rsi': 34.91512751858356, 'di_plus': 13.707102378427475, 'di_minus': 38.28653597064973, 'adx': 25.46811666376168, 'atr': 0.009729310924314371, 'atr_pct': 0.003980896450210463}, 'side': 'SHORT', 'risk_amount': 2.0519307199999575, 'pretrade_exit_plan': {'stop_loss': 2.4631, 'take_profit': 2.4163, 'risk_distance': 0.019099999999999895, 'reward_distance': 0.027699999999999836, 'risk_reward': 1.4502617801047115}, 'entry_price_hint': 2.444, 'create_bracket': True, 'leverage': 2.0, 'liquidation_price_estimate': 3.6537800000000002, 'portfolio_heat_after': 1.9526115599999885, 'atr_pct': 0.003980896450210463, 'entry_bar_index': 27228, 'actual_exit_plan': {'stop_loss': 2.4631, 'take_profit': 2.4139, 'risk_distance': 0.020077599999999585, 'reward_distance': 0.029122400000000326, 'risk_reward': 1.4504920906881762}, 'position_side': 'SHORT', 'exit_plan': {'stop_loss': 2.4631, 'take_profit': 2.4139, 'risk_distance': 0.020077599999999585, 'reward_distance': 0.029122400000000326, 'risk_reward': 1.4504920906881762}, 'source_entry_order': 'd90e7e08-30ae-41b7-a484-5375d7020a4f', 'exit_reason': 'take_profit_2'}",2.8091892297885015
6430cddb-cc77-4ecd-a9eb-92fc43e69a28,NEARUSDT,SHORT,2025-08-25 20:35:00+00:00,2025-08-26 12:30:00+00:00,2.3810472000000003,2.44466592,72.7,-4.625080943999969,0.19295613910320003,0.17584094399997474,-4.81803708310317,4.518508559999985,stop_loss,191,"{'strategy': 'live_indicator_adapter', 'signal_reason': 'signal_confirmed', 'signal_details': {'ma7': 2.4104285714285716, 'ma14': 2.4253571428571425, 'ma28': 2.443142857142857, 'mavol_fast': 640404.6555555563, 'mavol_slow': 479659.34444444417, 'volume': 1352678.6, 'volume_ratio': 1.3351239019377223, 'volume_spike_ratio': 2.8200818261274843, 'adx': 48.3182367263005, 'di_plus': 8.49957357255393, 'di_minus': 48.691214389639164, 'close': 2.382, 'signal': 'SHORT'}, 'htf_reason': 'htf_trend_confirmed', 'htf_details': {'ma7': 2.4732857142857143, 'ma14': 2.4965714285714284, 'ma28': 2.5790357142857148, 'adx': 36.30116404224797, 'di_plus': 9.822790848005065, 'di_minus': 36.94140733210946, 'open': 2.462, 'close': 2.426, 'trend': 'SHORT'}, 'score_details': {'score': 71.25971087297819, 'adx': 48.3182367263005, 'volume_ratio': 2.8200818261274843, 'ma_separation_pct': 1.3390246754765427, 'rr_ratio': 1.45, 'adx_points': 28.318236726300498, 'volume_points': 27.301227391912263, 'ma_points': 13.390246754765426, 'rr_points': 2.25}, 'signal_row': {'open': 2.408, 'high': 2.409, 'low': 2.369, 'close': 2.382, 'volume': 1352678.6, 'turnover': 3223756.9954, 'ma7': 2.4104285714285716, 'ma14': 2.4253571428571425, 'ma28': 2.443142857142857, 'mavol_fast': 640404.6555555563, 'mavol_slow': 479659.34444444417, 'volume_ratio': 1.3351239019377223, 'volume_spike_ratio': 2.8200818261274843, 'rsi': 23.29989845253803, 'di_plus': 8.49957357255393, 'di_minus': 48.691214389639164, 'adx': 48.3182367263005, 'atr': 0.014553703394772884, 'atr_pct': 0.006109867084287525}, 'side': 'SHORT', 'risk_amount': 4.518508559999985, 'pretrade_exit_plan': {'stop_loss': 2.4432, 'take_profit': 2.2932, 'risk_distance': 0.06119999999999992, 'reward_distance': 0.08879999999999999, 'risk_reward': 1.4509803921568645}, 'entry_price_hint': 2.382, 'create_bracket': True, 'leverage': 2.0, 'liquidation_price_estimate': 3.5610900000000005, 'portfolio_heat_after': 4.449831559999994, 'atr_pct': 0.006109867084287525, 'entry_bar_index': 27243, 'actual_exit_plan': {'stop_loss': 2.4432, 'take_profit': 2.2909, 'risk_distance': 0.062152799999999786, 'reward_distance': 0.0901472000000001, 'risk_reward': 1.4504125316960845}, 'position_side': 'SHORT', 'exit_plan': {'stop_loss': 2.4432, 'take_profit': 2.2909, 'risk_distance': 0.062152799999999786, 'reward_distance': 0.0901472000000001, 'risk_reward': 1.4504125316960845}, 'source_entry_order': '0254b17b-3029-4f3f-b892-bdeb20ea46ab', 'exit_reason': 'stop_loss'}",-1.0662892454724455
632d652c-d36f-420f-aefc-7ad93a10e41f,NEARUSDT,LONG,2025-08-26 17:00:00+00:00,2025-08-26 19:50:00+00:00,2.501,2.5399,50.0,1.9449999999999967,0.0941765,0.04999999999999449,1.8508234999999968,1.3399999999999856,take_profit_1,34,"{'strategy': 'live_indicator_adapter', 'signal_reason': 'signal_confirmed', 'signal_details': {'ma7': 2.487285714285714, 'ma14': 2.4804999999999997, 'ma28': 2.474285714285714, 'mavol_fast': 96504.24444444517, 'mavol_slow': 83351.8499999998, 'volume': 409121.2, 'volume_ratio': 1.1577936715795198, 'volume_spike_ratio': 4.908363761572191, 'adx': 26.194461320540558, 'di_plus': 30.796561823546728, 'di_minus': 9.778148769422094, 'close': 2.5, 'signal': 'LONG'}, 'htf_reason': 'htf_trend_confirmed', 'htf_details': {'ma7': 2.4605714285714284, 'ma14': 2.4355, 'ma28': 2.434, 'adx': 28.514606294743203, 'di_plus': 22.8659391395783, 'di_minus': 12.995442717110818, 'open': 2.465, 'close': 2.5, 'trend': 'LONG'}, 'score_details': {'score': 43.69850289097931, 'adx': 26.194461320540558, 'volume_ratio': 4.908363761572191, 'ma_separation_pct': 0.5254041570438759, 'rr_ratio': 1.45, 'adx_points': 6.194461320540558, 'volume_points': 30.0, 'ma_points': 5.254041570438758, 'rr_points': 2.25}, 'signal_row': {'open': 2.488, 'high': 2.501, 'low': 2.488, 'close': 2.5, 'volume': 409121.2, 'turnover': 1021761.5898, 'ma7': 2.487285714285714, 'ma14': 2.4804999999999997, 'ma28': 2.474285714285714, 'mavol_fast': 96504.24444444517, 'mavol_slow': 83351.8499999998, 'volume_ratio': 1.1577936715795198, 'volume_spike_ratio': 4.908363761572191, 'rsi': 67.79506471733139, 'di_plus': 30.796561823546728, 'di_minus': 9.778148769422094, 'adx': 26.194461320540558, 'atr': 0.010252303434070261, 'atr_pct': 0.004100921373628105}, 'side': 'LONG', 'risk_amount': 2.6799999999999713, 'pretrade_exit_plan': {'stop_loss': 2.4742, 'take_profit': 2.5375, 'risk_distance': 0.025799999999999823, 'reward_distance': 0.03750000000000009, 'risk_reward': 1.4534883720930367}, 'entry_price_hint': 2.5, 'create_bracket': True, 'leverage': 2.0, 'liquidation_price_estimate': 1.2625, 'portfolio_heat_after': 2.5805915599999816, 'atr_pct': 0.004100921373628105, 'entry_bar_index': 27488, 'actual_exit_plan': {'stop_loss': 2.4742, 'take_profit': 2.5399, 'risk_distance': 0.026799999999999713, 'reward_distance': 0.038899999999999935, 'risk_reward': 1.451492537313446}, 'position_side': 'LONG', 'exit_plan': {'stop_loss': 2.4742, 'take_profit': 2.5399, 'risk_distance': 0.026799999999999713, 'reward_distance': 0.038899999999999935, 'risk_reward': 1.451492537313446}, 'source_entry_order': '1ed7ed36-893c-4905-9794-11aa37fea704', 'exit_reason': 'take_profit_1'}",1.3812115671641916
087e534f-547f-43e0-9555-45eeb8a4c29f,NEARUSDT,LONG,2025-08-26 17:00:00+00:00,2025-08-29 07:00:00+00:00,2.501,2.47271548,50.0,-1.414225999999985,0.13677717570000003,0.12422599999999395,-1.5510031756999851,1.3399999999999856,stop_loss,744,"{'strategy': 'live_indicator_adapter', 'signal_reason': 'signal_confirmed', 'signal_details': {'ma7': 2.487285714285714, 'ma14': 2.4804999999999997, 'ma28': 2.474285714285714, 'mavol_fast': 96504.24444444517, 'mavol_slow': 83351.8499999998, 'volume': 409121.2, 'volume_ratio': 1.1577936715795198, 'volume_spike_ratio': 4.908363761572191, 'adx': 26.194461320540558, 'di_plus': 30.796561823546728, 'di_minus': 9.778148769422094, 'close': 2.5, 'signal': 'LONG'}, 'htf_reason': 'htf_trend_confirmed', 'htf_details': {'ma7': 2.4605714285714284, 'ma14': 2.4355, 'ma28': 2.434, 'adx': 28.514606294743203, 'di_plus': 22.8659391395783, 'di_minus': 12.995442717110818, 'open': 2.465, 'close': 2.5, 'trend': 'LONG'}, 'score_details': {'score': 43.69850289097931, 'adx': 26.194461320540558, 'volume_ratio': 4.908363761572191, 'ma_separation_pct': 0.5254041570438759, 'rr_ratio': 1.45, 'adx_points': 6.194461320540558, 'volume_points': 30.0, 'ma_points': 5.254041570438758, 'rr_points': 2.25}, 'signal_row': {'open': 2.488, 'high': 2.501, 'low': 2.488, 'close': 2.5, 'volume': 409121.2, 'turnover': 1021761.5898, 'ma7': 2.487285714285714, 'ma14': 2.4804999999999997, 'ma28': 2.474285714285714, 'mavol_fast': 96504.24444444517, 'mavol_slow': 83351.8499999998, 'volume_ratio': 1.1577936715795198, 'volume_spike_ratio': 4.908363761572191, 'rsi': 67.79506471733139, 'di_plus': 30.796561823546728, 'di_minus': 9.778148769422094, 'adx': 26.194461320540558, 'atr': 0.010252303434070261, 'atr_pct': 0.004100921373628105}, 'side': 'LONG', 'risk_amount': 2.6799999999999713, 'pretrade_exit_plan': {'stop_loss': 2.4742, 'take_profit': 2.5375, 'risk_distance': 0.025799999999999823, 'reward_distance': 0.03750000000000009, 'risk_reward': 1.4534883720930367}, 'entry_price_hint': 2.5, 'create_bracket': True, 'leverage': 2.0, 'liquidation_price_estimate': 1.2625, 'portfolio_heat_after': 2.5805915599999816, 'atr_pct': 0.004100921373628105, 'entry_bar_index': 27488, 'actual_exit_plan': {'stop_loss': 2.4742, 'take_profit': 2.5399, 'risk_distance': 0.026799999999999713, 'reward_distance': 0.038899999999999935, 'risk_reward': 1.451492537313446}, 'position_side': 'LONG', 'exit_plan': {'stop_loss': 2.4742, 'take_profit': 2.5399, 'risk_distance': 0.026799999999999713, 'reward_distance': 0.038899999999999935, 'risk_reward': 1.451492537313446}, 'source_entry_order': '1ed7ed36-893c-4905-9794-11aa37fea704', 'exit_reason': 'stop_loss'}",-1.1574650564925386
c2e927f8-c715-4495-b3c6-836a38f32f32,BUSDT,LONG,2025-08-30 18:45:00+00:00,2025-08-31 01:20:00+00:00,0.697168756,0.6880869,358.6,-3.2567535616,0.27321397303288,0.2480995615999967,-3.5299675346328803,3.1086159015999804,stop_loss,79,"{'strategy': 'live_indicator_adapter', 'signal_reason': 'signal_confirmed', 'signal_details': {'ma7': 0.6950899999999999, 'ma14': 0.6913357142857143, 'ma28': 0.6885664285714286, 'mavol_fast': 5046.111111111111, 'mavol_slow': 3240.3333333333335, 'volume': 4899.0, 'volume_ratio': 1.5572814868154854, 'volume_spike_ratio': 1.5118814936734903, 'adx': 30.14638683889165, 'di_plus': 48.52436811495199, 'di_minus': 14.09898029651078, 'close': 0.69689, 'signal': 'LONG'}, 'htf_reason': 'htf_trend_confirmed', 'htf_details': {'ma7': 0.687337142857143, 'ma14': 0.6814614285714286, 'ma28': 0.6752685714285714, 'adx': 27.62847399989937, 'di_plus': 23.896095237211682, 'di_minus': 13.069847797300307, 'open': 0.68625, 'close': 0.68767, 'trend': 'LONG'}, 'score_details': {'score': 29.54874442962275, 'adx': 30.14638683889165, 'volume_ratio': 1.5118814936734903, 'ma_separation_pct': 0.9474135185628748, 'rr_ratio': 1.45, 'adx_points': 10.146386838891651, 'volume_points': 7.678222405102355, 'ma_points': 9.474135185628748, 'rr_points': 2.25}, 'signal_row': {'open': 0.69704, 'high': 0.69787, 'low': 0.69659, 'close': 0.69689, 'volume': 4899.0, 'turnover': 3415.70323, 'ma7': 0.6950899999999999, 'ma14': 0.6913357142857143, 'ma28': 0.6885664285714286, 'mavol_fast': 5046.111111111111, 'mavol_slow': 3240.3333333333335, 'volume_ratio': 1.5572814868154854, 'volume_spike_ratio': 1.5118814936734903, 'rsi': 71.55183887938003, 'di_plus': 48.52436811495199, 'di_minus': 14.09898029651078, 'adx': 30.14638683889165, 'atr': 0.001717287171419774, 'atr_pct': 0.002464215545379865}, 'side': 'LONG', 'risk_amount': 3.1086159015999804, 'pretrade_exit_plan': {'stop_loss': 0.6885, 'take_profit': 0.7091, 'risk_distance': 0.008390000000000009, 'reward_distance': 0.012209999999999943, 'risk_reward': 1.4553039332538653}, 'entry_price_hint': 0.69689, 'create_bracket': True, 'leverage': 2.0, 'liquidation_price_estimate': 0.35192945000000003, 'portfolio_heat_after': 3.0100845600000024, 'atr_pct': 0.002464215545379865, 'entry_bar_index': 28661, 'actual_exit_plan': {'stop_loss': 0.6885, 'take_profit': 0.7098, 'risk_distance': 0.008668755999999944, 'reward_distance': 0.012631244000000041, 'risk_reward': 1.4570999575948524}, 'position_side': 'LONG', 'exit_plan': {'stop_loss': 0.6885, 'take_profit': 0.7098, 'risk_distance': 0.008668755999999944, 'reward_distance': 0.012631244000000041, 'risk_reward': 1.4570999575948524}, 'source_entry_order': 'cf4be6f4-0a75-4d6d-8f90-3dfd515d0be9', 'exit_reason': 'stop_loss'}",-1.1355431633789281
0b6cdd13-79eb-4c48-a4b1-4a752bc9c8db,BUSDT,LONG,2025-09-01 01:05:00+00:00,2025-09-01 01:10:00+00:00,0.7336533439999999,0.7214668599999999,340.8,-4.153153747199999,0.27274773103776,0.24758574719999038,-4.425901478237759,4.005539635199981,stop_loss,1,"{'strategy': 'live_indicator_adapter', 'signal_reason': 'signal_confirmed', 'signal_details': {'ma7': 0.7243128571428572, 'ma14': 0.7225285714285714, 'ma28': 0.721945, 'mavol_fast': 58816.666666666664, 'mavol_slow': 35156.944444444445, 'volume': 355426.0, 'volume_ratio': 1.6729743610002765, 'volume_spike_ratio': 10.109695413423932, 'adx': 29.728304976882377, 'di_plus': 37.25876832878609, 'di_minus': 11.388285344158593, 'close': 0.73336, 'signal': 'LONG'}, 'htf_reason': 'htf_trend_confirmed', 'htf_details': {'ma7': 0.7237485714285715, 'ma14': 0.7172635714285714, 'ma28': 0.7035910714285715, 'adx': 43.48529659535302, 'di_plus': 31.58885982820414, 'di_minus': 12.978373017500564, 'open': 0.71603, 'close': 0.72113, 'trend': 'LONG'}, 'score_details': {'score': 45.25813535573015, 'adx': 29.728304976882377, 'volume_ratio': 10.109695413423932, 'ma_separation_pct': 0.32798303788477723, 'rr_ratio': 1.4499999999999997, 'adx_points': 9.728304976882377, 'volume_points': 30.0, 'ma_points': 3.2798303788477723, 'rr_points': 2.2499999999999987}, 'signal_row': {'open': 0.72113, 'high': 0.73675, 'low': 0.70924, 'close': 0.73336, 'volume': 355426.0, 'turnover': 256620.52478, 'ma7': 0.7243128571428572, 'ma14': 0.7225285714285714, 'ma28': 0.721945, 'mavol_fast': 58816.666666666664, 'mavol_slow': 35156.944444444445, 'volume_ratio': 1.6729743610002765, 'volume_spike_ratio': 10.109695413423932, 'rsi': 69.06790880254296, 'di_plus': 37.25876832878609, 'di_minus': 11.388285344158593, 'adx': 29.728304976882377, 'atr': 0.0047496277237571655, 'atr_pct': 0.0064765295676845825}, 'side': 'LONG', 'risk_amount': 4.005539635199981, 'pretrade_exit_plan': {'stop_loss': 0.7219, 'take_profit': 0.75, 'risk_distance': 0.011460000000000026, 'reward_distance': 0.016639999999999988, 'risk_reward': 1.452006980802788}, 'entry_price_hint': 0.73336, 'create_bracket': True, 'leverage': 2.0, 'liquidation_price_estimate': 0.37034680000000003, 'portfolio_heat_after': 3.9061595600000083, 'atr_pct': 0.0064765295676845825, 'entry_bar_index': 29025, 'actual_exit_plan': {'stop_loss': 0.7219, 'take_profit': 0.7507, 'risk_distance': 0.011753343999999943, 'reward_distance': 0.017046656000000104, 'risk_reward': 1.450366465918141}, 'position_side': 'LONG', 'exit_plan': {'stop_loss': 0.7219, 'take_profit': 0.7507, 'risk_distance': 0.011753343999999943, 'reward_distance': 0.017046656000000104, 'risk_reward': 1.450366465918141}, 'source_entry_order': '9cdd26fa-8473-4e88-b40e-14239ecb469c', 'exit_reason': 'stop_loss'}",-1.1049451213373878
b117966e-3d02-4f18-9bc5-8fd789b81493,NEARUSDT,SHORT,2025-09-01 02:50:00+00:00,2025-09-01 07:20:00+00:00,2.3270688,2.3511098199999996,107.3,-2.579601445999937,0.27608271125929995,0.25119144599993143,-2.855684157259237,2.428327759999972,stop_loss,54,"{'strategy': 'live_indicator_adapter', 'signal_reason': 'signal_confirmed', 'signal_details': {'ma7': 2.3414285714285716, 'ma14': 2.3473571428571427, 'ma28': 2.349607142857143, 'mavol_fast': 83120.6888888895, 'mavol_slow': 77651.6611111109, 'volume': 228487.0, 'volume_ratio': 1.0704302741180647, 'volume_spike_ratio': 2.942461200837166, 'adx': 30.523191131007618, 'di_plus': 8.717445497905377, 'di_minus': 30.274261173744286, 'close': 2.328, 'signal': 'SHORT'}, 'htf_reason': 'htf_trend_confirmed', 'htf_details': {'ma7': 2.3912857142857145, 'ma14': 2.411857142857143, 'ma28': 2.4315357142857144, 'adx': 25.097417341640533, 'di_plus': 8.348633447230991, 'di_minus': 38.43727207627456, 'open': 2.351, 'close': 2.356, 'trend': 'SHORT'}, 'score_details': {'score': 45.39093420550543, 'adx': 30.523191131007618, 'volume_ratio': 2.942461200837166, 'ma_separation_pct': 0.3480825061940326, 'rr_ratio': 1.45, 'adx_points': 10.523191131007618, 'volume_points': 29.136918012557487, 'ma_points': 3.480825061940326, 'rr_points': 2.25}, 'signal_row': {'open': 2.34, 'high': 2.342, 'low': 2.326, 'close': 2.328, 'volume': 228487.0, 'turnover': 532448.0322, 'ma7': 2.3414285714285716, 'ma14': 2.3473571428571427, 'ma28': 2.349607142857143, 'mavol_fast': 83120.6888888895, 'mavol_slow': 77651.6611111109, 'volume_ratio': 1.0704302741180647, 'volume_spike_ratio': 2.942461200837166, 'rsi': 32.01757009244692, 'di_plus': 8.717445497905377, 'di_minus': 30.274261173744286, 'adx': 30.523191131007618, 'atr': 0.009014460661310012, 'atr_pct': 0.0038721910057173594}, 'side': 'SHORT', 'risk_amount': 2.428327759999972, 'pretrade_exit_plan': {'stop_loss': 2.3497, 'take_profit': 2.2965, 'risk_distance': 0.021700000000000053, 'reward_distance': 0.03149999999999986, 'risk_reward': 1.4516129032257965}, 'entry_price_hint': 2.328, 'create_bracket': True, 'leverage': 2.0, 'liquidation_price_estimate': 3.48036, 'portfolio_heat_after': 2.329001560000005, 'atr_pct': 0.0038721910057173594, 'entry_bar_index': 29046, 'actual_exit_plan': {'stop_loss': 2.3497, 'take_profit': 2.2942, 'risk_distance': 0.02263119999999974, 'reward_distance': 0.03286880000000014, 'risk_reward': 1.4523666442787178}, 'position_side': 'SHORT', 'exit_plan': {'stop_loss': 2.3497, 'take_profit': 2.2942, 'risk_distance': 0.02263119999999974, 'reward_distance': 0.03286880000000014, 'risk_reward': 1.4523666442787178}, 'source_entry_order': '72ef33c9-b5e1-4f17-ab76-8f471d80919f', 'exit_reason': 'stop_loss'}",-1.1759879388189631
a46cd498-bed2-4488-a272-8d5a56718258,BUSDT,SHORT,2025-09-01 16:10:00+00:00,2025-09-01 16:40:00+00:00,0.686985096,0.695417,101.9,-0.8592110175999934,0.07747672547032,0.07050501759999647,-0.9366877430703134,0.8167187175999933,stop_loss,6,"{'strategy': 'live_indicator_adapter', 'signal_reason': 'signal_confirmed', 'signal_details': {'ma7': 0.6910857142857143, 'ma14': 0.6914728571428572, 'ma28': 0.6949032142857143, 'mavol_fast': 22865.88888888889, 'mavol_slow': 17671.055555555555, 'volume': 20102.0, 'volume_ratio': 1.2939741385001842, 'volume_spike_ratio': 1.1375664536168688, 'adx': 27.549294378805392, 'di_plus': 16.856853780124624, 'di_minus': 41.02443101724951, 'close': 0.68726, 'signal': 'SHORT'}, 'htf_reason': 'htf_trend_confirmed', 'htf_details': {'ma7': 0.7048157142857142, 'ma14': 0.7117292857142858, 'ma28': 0.7154996428571428, 'adx': 30.100266951045718, 'di_plus': 18.946249437721118, 'di_minus': 24.549947358797738, 'open': 0.69691, 'close': 0.68999, 'trend': 'SHORT'}, 'score_details': {'score': 17.35636197323531, 'adx': 27.549294378805392, 'volume_ratio': 1.1375664536168688, 'ma_separation_pct': 0.5493570790176885, 'rr_ratio': 1.45, 'adx_points': 7.549294378805392, 'volume_points': 2.063496804253032, 'ma_points': 5.493570790176885, 'rr_points': 2.25}, 'signal_row': {'open': 0.68585, 'high': 0.68777, 'low': 0.68583, 'close': 0.68726, 'volume': 20102.0, 'turnover': 13814.12873, 'ma7': 0.6910857142857143, 'ma14': 0.6914728571428572, 'ma28': 0.6949032142857143, 'mavol_fast': 22865.88888888889, 'mavol_slow': 17671.055555555555, 'volume_ratio': 1.2939741385001842, 'volume_spike_ratio': 1.1375664536168688, 'rsi': 33.06600551258721, 'di_plus': 16.856853780124624, 'di_minus': 41.02443101724951, 'adx': 27.549294378805392, 'atr': 0.0027532107751441276, 'atr_pct': 0.004006068700556016}, 'side': 'SHORT', 'risk_amount': 2.914219094399976, 'pretrade_exit_plan': {'stop_loss': 0.695, 'take_profit': 0.676, 'risk_distance': 0.007739999999999969, 'reward_distance': 0.011259999999999937, 'risk_reward': 1.4547803617571036}, 'entry_price_hint': 0.68726, 'create_bracket': True, 'leverage': 2.0, 'liquidation_price_estimate': 1.0274537000000001, 'portfolio_heat_after': 2.815629559999988, 'atr_pct': 0.004006068700556016, 'entry_bar_index': 29206, 'actual_exit_plan': {'stop_loss': 0.695, 'take_profit': 0.6753, 'risk_distance': 0.008014903999999934, 'reward_distance': 0.011685096000000006, 'risk_reward': 1.457920893375654}, 'position_side': 'SHORT', 'exit_plan': {'stop_loss': 0.695, 'take_profit': 0.6753, 'risk_distance': 0.008014903999999934, 'reward_distance': 0.011685096000000006, 'risk_reward': 1.457920893375654}, 'source_entry_order': '61f6bbfa-8e69-4d5d-9adb-5be8d6d581f8', 'exit_reason': 'stop_loss'}",-1.1468914852629566
60352b1e-8a1e-4452-8308-a68e55e470c7,BUSDT,SHORT,2025-09-01 16:10:00+00:00,2025-09-01 16:45:00+00:00,0.686985096,0.6963575639999999,261.70000000000005,-2.452774875599977,0.1991114257671,0.1812188755999714,-2.6518863013670773,2.0975003767999825,stop_loss,7,"{'strategy': 'live_indicator_adapter', 'signal_reason': 'signal_confirmed', 'signal_details': {'ma7': 0.6910857142857143, 'ma14': 0.6914728571428572, 'ma28': 0.6949032142857143, 'mavol_fast': 22865.88888888889, 'mavol_slow': 17671.055555555555, 'volume': 20102.0, 'volume_ratio': 1.2939741385001842, 'volume_spike_ratio': 1.1375664536168688, 'adx': 27.549294378805392, 'di_plus': 16.856853780124624, 'di_minus': 41.02443101724951, 'close': 0.68726, 'signal': 'SHORT'}, 'htf_reason': 'htf_trend_confirmed', 'htf_details': {'ma7': 0.7048157142857142, 'ma14': 0.7117292857142858, 'ma28': 0.7154996428571428, 'adx': 30.100266951045718, 'di_plus': 18.946249437721118, 'di_minus': 24.549947358797738, 'open': 0.69691, 'close': 0.68999, 'trend': 'SHORT'}, 'score_details': {'score': 17.35636197323531, 'adx': 27.549294378805392, 'volume_ratio': 1.1375664536168688, 'ma_separation_pct': 0.5493570790176885, 'rr_ratio': 1.45, 'adx_points': 7.549294378805392, 'volume_points': 2.063496804253032, 'ma_points': 5.493570790176885, 'rr_points': 2.25}, 'signal_row': {'open': 0.68585, 'high': 0.68777, 'low': 0.68583, 'close': 0.68726, 'volume': 20102.0, 'turnover': 13814.12873, 'ma7': 0.6910857142857143, 'ma14': 0.6914728571428572, 'ma28': 0.6949032142857143, 'mavol_fast': 22865.88888888889, 'mavol_slow': 17671.055555555555, 'volume_ratio': 1.2939741385001842, 'volume_spike_ratio': 1.1375664536168688, 'rsi': 33.06600551258721, 'di_plus': 16.856853780124624, 'di_minus': 41.02443101724951, 'adx': 27.549294378805392, 'atr': 0.0027532107751441276, 'atr_pct': 0.004006068700556016}, 'side': 'SHORT', 'risk_amount': 2.914219094399976, 'pretrade_exit_plan': {'stop_loss': 0.695, 'take_profit': 0.676, 'risk_distance': 0.007739999999999969, 'reward_distance': 0.011259999999999937, 'risk_reward': 1.4547803617571036}, 'entry_price_hint': 0.68726, 'create_bracket': True, 'leverage': 2.0, 'liquidation_price_estimate': 1.0274537000000001, 'portfolio_heat_after': 2.815629559999988, 'atr_pct': 0.004006068700556016, 'entry_bar_index': 29206, 'actual_exit_plan': {'stop_loss': 0.695, 'take_profit': 0.6753, 'risk_distance': 0.008014903999999934, 'reward_distance': 0.011685096000000006, 'risk_reward': 1.457920893375654}, 'position_side': 'SHORT', 'exit_plan': {'stop_loss': 0.695, 'take_profit': 0.6753, 'risk_distance': 0.008014903999999934, 'reward_distance': 0.011685096000000006, 'risk_reward': 1.457920893375654}, 'source_entry_order': '61f6bbfa-8e69-4d5d-9adb-5be8d6d581f8', 'exit_reason': 'stop_loss'}",-1.2643079022531023
e7f26ddd-b3aa-4824-8ce0-9d1a4958a3c1,NEARUSDT,SHORT,2025-09-01 17:15:00+00:00,2025-09-01 18:15:00+00:00,2.344062,2.35461192,106.5,-1.1235664799999872,0.275224824864,0.25026647999998874,-1.398791304863987,0.9731970000000096,stop_loss,12,"{'strategy': 'live_indicator_adapter', 'signal_reason': 'signal_confirmed', 'signal_details': {'ma7': 2.346857142857143, 'ma14': 2.347142857142857, 'ma28': 2.3531785714285713, 'mavol_fast': 66535.02222222283, 'mavol_slow': 62938.244444444244, 'volume': 249574.8, 'volume_ratio': 1.0571477296439922, 'volume_spike_ratio': 3.9653918250023694, 'adx': 26.550406168597437, 'di_plus': 18.835317657347936, 'di_minus': 33.928968405578516, 'close': 2.345, 'signal': 'SHORT'}, 'htf_reason': 'htf_trend_confirmed', 'htf_details': {'ma7': 2.3697142857142857, 'ma14': 2.3722142857142856, 'ma28': 2.3882499999999998, 'adx': 26.495865677983954, 'di_plus': 17.698497479354568, 'di_minus': 30.270252460772337, 'open': 2.352, 'close': 2.346, 'trend': 'SHORT'}, 'score_details': {'score': 41.486742279329036, 'adx': 26.550406168597437, 'volume_ratio': 3.9653918250023694, 'ma_separation_pct': 0.26863361107315986, 'rr_ratio': 1.45, 'adx_points': 6.550406168597437, 'volume_points': 30.0, 'ma_points': 2.686336110731599, 'rr_points': 2.25}, 'signal_row': {'open': 2.349, 'high': 2.349, 'low': 2.336, 'close': 2.345, 'volume': 249574.8, 'turnover': 584307.9779, 'ma7': 2.346857142857143, 'ma14': 2.347142857142857, 'ma28': 2.3531785714285713, 'mavol_fast': 66535.02222222283, 'mavol_slow': 62938.244444444244, 'volume_ratio': 1.0571477296439922, 'volume_spike_ratio': 3.9653918250023694, 'rsi': 40.696752197162915, 'di_plus': 18.835317657347936, 'di_minus': 33.928968405578516, 'adx': 26.550406168597437, 'atr': 0.008410476871770881, 'atr_pct': 0.0035865573013948316}, 'side': 'SHORT', 'risk_amount': 0.9731970000000096, 'pretrade_exit_plan': {'stop_loss': 2.3532, 'take_profit': 2.3331, 'risk_distance': 0.008199999999999985, 'reward_distance': 0.011900000000000244, 'risk_reward': 1.4512195121951543}, 'entry_price_hint': 2.345, 'create_bracket': True, 'leverage': 2.0, 'liquidation_price_estimate': 3.5057750000000008, 'portfolio_heat_after': 0.8747115599999976, 'atr_pct': 0.0035865573013948316, 'entry_bar_index': 29219, 'actual_exit_plan': {'stop_loss': 2.3532, 'take_profit': 2.3308, 'risk_distance': 0.00913800000000009, 'reward_distance': 0.013262000000000107, 'risk_reward': 1.4513022543226062}, 'position_side': 'SHORT', 'exit_plan': {'stop_loss': 2.3532, 'take_profit': 2.3308, 'risk_distance': 0.00913800000000009, 'reward_distance': 0.013262000000000107, 'risk_reward': 1.4513022543226062}, 'source_entry_order': '41842599-e079-423b-82c5-c41fcce56946', 'exit_reason': 'stop_loss'}",-1.437315676953354
0dded382-f71b-4880-991c-9ab5e6beb396,BUSDT,SHORT,2025-09-01 20:15:00+00:00,2025-09-02 02:25:00+00:00,0.6763393560000001,0.68881304,368.8,-4.6002946591999745,0.27690751200464003,0.2521426591999861,-4.8772021712046145,4.447965507199983,stop_loss,74,"{'strategy': 'live_indicator_adapter', 'signal_reason': 'signal_confirmed', 'signal_details': {'ma7': 0.6838171428571428, 'ma14': 0.6848628571428571, 'ma28': 0.6883082142857143, 'mavol_fast': 16406.444444444445, 'mavol_slow': 10410.444444444445, 'volume': 31296.0, 'volume_ratio': 1.575960040130638, 'volume_spike_ratio': 3.0062117104617156, 'adx': 23.41566232162348, 'di_plus': 14.883606684640325, 'di_minus': 44.679539743279484, 'close': 0.67661, 'signal': 'SHORT'}, 'htf_reason': 'htf_trend_confirmed', 'htf_details': {'ma7': 0.6949042857142856, 'ma14': 0.7044400000000001, 'ma28': 0.7127735714285715, 'adx': 24.08514368758484, 'di_plus': 19.379639616161406, 'di_minus': 25.96724853921085, 'open': 0.6909, 'close': 0.68583, 'trend': 'SHORT'}, 'score_details': {'score': 42.19045940432588, 'adx': 23.41566232162348, 'volume_ratio': 3.0062117104617156, 'ma_separation_pct': 0.6524797082702397, 'rr_ratio': 1.45, 'adx_points': 3.415662321623479, 'volume_points': 30.0, 'ma_points': 6.524797082702397, 'rr_points': 2.25}, 'signal_row': {'open': 0.68152, 'high': 0.68194, 'low': 0.67587, 'close': 0.67661, 'volume': 31296.0, 'turnover': 21233.4981, 'ma7': 0.6838171428571428, 'ma14': 0.6848628571428571, 'ma28': 0.6883082142857143, 'mavol_fast': 16406.444444444445, 'mavol_slow': 10410.444444444445, 'volume_ratio': 1.575960040130638, 'volume_spike_ratio': 3.0062117104617156, 'rsi': 27.222452813626163, 'di_plus': 14.883606684640325, 'di_minus': 44.679539743279484, 'adx': 23.41566232162348, 'atr': 0.0027851830658842873, 'atr_pct': 0.004116378808891809}, 'side': 'SHORT', 'risk_amount': 4.447965507199983, 'pretrade_exit_plan': {'stop_loss': 0.6884, 'take_profit': 0.6595, 'risk_distance': 0.011789999999999967, 'reward_distance': 0.01711000000000007, 'risk_reward': 1.4512298558100185}, 'entry_price_hint': 0.67661, 'create_bracket': True, 'leverage': 2.0, 'liquidation_price_estimate': 1.0115319500000002, 'portfolio_heat_after': 4.349922559999987, 'atr_pct': 0.004116378808891809, 'entry_bar_index': 29255, 'actual_exit_plan': {'stop_loss': 0.6884, 'take_profit': 0.6588, 'risk_distance': 0.012060643999999954, 'reward_distance': 0.017539356000000006, 'risk_reward': 1.454263636336507}, 'position_side': 'SHORT', 'exit_plan': {'stop_loss': 0.6884, 'take_profit': 0.6588, 'risk_distance': 0.012060643999999954, 'reward_distance': 0.017539356000000006, 'risk_reward': 1.454263636336507}, 'source_entry_order': '2d1d787c-98ae-42e6-afc8-7ef70cf06fae', 'exit_reason': 'stop_loss'}",-1.096501796902386
7de7124f-adee-4fdb-9d6a-b36bb26af558,NEARUSDT,LONG,2025-09-03 20:05:00+00:00,2025-09-03 22:35:00+00:00,2.4889951999999997,2.47261554,100.4,-1.6445178639999685,0.2739801450628,0.24895786399996606,-1.9184980090627686,1.4954780799999776,stop_loss,30,"{'strategy': 'live_indicator_adapter', 'signal_reason': 'signal_confirmed', 'signal_details': {'ma7': 2.4815714285714283, 'ma14': 2.4762857142857144, 'ma28': 2.474107142857143, 'mavol_fast': 28214.844444445058, 'mavol_slow': 21130.766666666455, 'volume': 39484.7, 'volume_ratio': 1.3352494440702738, 'volume_spike_ratio': 1.8685881408310028, 'adx': 23.075934942564594, 'di_plus': 34.00849940709559, 'di_minus': 11.362197514344759, 'close': 2.488, 'signal': 'LONG'}, 'htf_reason': 'htf_trend_confirmed', 'htf_details': {'ma7': 2.472714285714286, 'ma14': 2.457142857142857, 'ma28': 2.438071428571429, 'adx': 22.079482196965962, 'di_plus': 23.16294913890657, 'di_minus': 12.119393868051226, 'open': 2.469, 'close': 2.488, 'trend': 'LONG'}, 'score_details': {'score': 21.37171844081076, 'adx': 23.075934942564594, 'volume_ratio': 1.8685881408310028, 'ma_separation_pct': 0.3016961385781121, 'rr_ratio': 1.45, 'adx_points': 3.0759349425645937, 'volume_points': 13.028822112465042, 'ma_points': 3.016961385781121, 'rr_points': 2.25}, 'signal_row': {'open': 2.488, 'high': 2.489, 'low': 2.486, 'close': 2.488, 'volume': 39484.7, 'turnover': 98230.6967, 'ma7': 2.4815714285714283, 'ma14': 2.4762857142857144, 'ma28': 2.474107142857143, 'mavol_fast': 28214.844444445058, 'mavol_slow': 21130.766666666455, 'volume_ratio': 1.3352494440702738, 'volume_spike_ratio': 1.8685881408310028, 'rsi': 68.37993187182822, 'di_plus': 34.00849940709559, 'di_minus': 11.362197514344759, 'adx': 23.075934942564594, 'atr': 0.0043617365081283065, 'atr_pct': 0.001753109528990477}, 'side': 'LONG', 'risk_amount': 1.4954780799999776, 'pretrade_exit_plan': {'stop_loss': 2.4741, 'take_profit': 2.5082, 'risk_distance': 0.013900000000000023, 'reward_distance': 0.020199999999999996, 'risk_reward': 1.4532374100719396}, 'entry_price_hint': 2.488, 'create_bracket': True, 'leverage': 2.0, 'liquidation_price_estimate': 1.25644, 'portfolio_heat_after': 1.3961515600000016, 'atr_pct': 0.001753109528990477, 'entry_bar_index': 29829, 'actual_exit_plan': {'stop_loss': 2.4741, 'take_profit': 2.5106, 'risk_distance': 0.014895199999999775, 'reward_distance': 0.021604800000000424, 'risk_reward': 1.4504538374778955}, 'position_side': 'LONG', 'exit_plan': {'stop_loss': 2.4741, 'take_profit': 2.5106, 'risk_distance': 0.014895199999999775, 'reward_distance': 0.021604800000000424, 'risk_reward': 1.4504538374778955}, 'source_entry_order': '72800fc6-da93-47ba-81e8-0f67e52767de', 'exit_reason': 'stop_loss'}",-1.2828660177104014
305c615e-e33c-42db-96c1-07f2f3482a61,NEARUSDT,LONG,2025-09-05 12:15:00+00:00,2025-09-05 12:30:00+00:00,2.4329728,2.4230453,49.2,-0.4884329999999935,0.131403849786,0.11943300000000132,-0.6198368497859935,0.416861759999992,stop_loss,3,"{'strategy': 'live_indicator_adapter', 'signal_reason': 'signal_confirmed', 'signal_details': {'ma7': 2.4317142857142855, 'ma14': 2.427928571428571, 'ma28': 2.4245357142857142, 'mavol_fast': 69988.6000000006, 'mavol_slow': 54045.233333333126, 'volume': 61381.8, 'volume_ratio': 1.2950004224856253, 'volume_spike_ratio': 1.135748635248133, 'adx': 34.33784986793908, 'di_plus': 29.538820034701313, 'di_minus': 15.993475180575576, 'close': 2.432, 'signal': 'LONG'}, 'htf_reason': 'htf_trend_confirmed', 'htf_details': {'ma7': 2.4112857142857145, 'ma14': 2.3985714285714286, 'ma28': 2.394142857142857, 'adx': 22.46007088431028, 'di_plus': 25.977068976896074, 'di_minus': 11.229235717108416, 'open': 2.418, 'close': 2.432, 'trend': 'LONG'}, 'score_details': {'score': 21.584881906714475, 'adx': 34.33784986793908, 'volume_ratio': 1.135748635248133, 'ma_separation_pct': 0.29608025100534, 'rr_ratio': 1.45, 'adx_points': 14.337849867939077, 'volume_points': 2.0362295287219947, 'ma_points': 2.9608025100534, 'rr_points': 2.25}, 'signal_row': {'open': 2.431, 'high': 2.433, 'low': 2.428, 'close': 2.432, 'volume': 61381.8, 'turnover': 149224.6277, 'ma7': 2.4317142857142855, 'ma14': 2.427928571428571, 'ma28': 2.4245357142857142, 'mavol_fast': 69988.6000000006, 'mavol_slow': 54045.233333333126, 'volume_ratio': 1.2950004224856253, 'volume_spike_ratio': 1.135748635248133, 'rsi': 62.065410156825436, 'di_plus': 29.538820034701313, 'di_minus': 15.993475180575576, 'adx': 34.33784986793908, 'atr': 0.004816351806047828, 'atr_pct': 0.0019804078149867716}, 'side': 'LONG', 'risk_amount': 0.8701565599999832, 'pretrade_exit_plan': {'stop_loss': 2.4245, 'take_profit': 2.4429, 'risk_distance': 0.00749999999999984, 'reward_distance': 0.01089999999999991, 'risk_reward': 1.4533333333333522}, 'entry_price_hint': 2.432, 'create_bracket': True, 'leverage': 2.0, 'liquidation_price_estimate': 1.22816, 'portfolio_heat_after': 0.7708415599999828, 'atr_pct': 0.0019804078149867716, 'entry_bar_index': 30311, 'actual_exit_plan': {'stop_loss': 2.4245, 'take_profit': 2.4453, 'risk_distance': 0.008472799999999836, 'reward_distance': 0.012327200000000094, 'risk_reward': 1.454914550089738}, 'position_side': 'LONG', 'exit_plan': {'stop_loss': 2.4245, 'take_profit': 2.4453, 'risk_distance': 0.008472799999999836, 'reward_distance': 0.012327200000000094, 'risk_reward': 1.454914550089738}, 'source_entry_order': '2767230c-fca0-4879-84c4-79a64ee26ca6', 'exit_reason': 'stop_loss'}",-1.4869122314937342
76c587dc-6587-4717-96e1-1d1a60bdd839,NEARUSDT,LONG,2025-09-05 12:15:00+00:00,2025-09-05 12:30:00+00:00,2.4329728,2.4453,51.2,0.6311526400000048,0.09355238604800001,0.04980735999999979,0.5376002539520048,0.43380735999999165,take_profit_1,3,"{'strategy': 'live_indicator_adapter', 'signal_reason': 'signal_confirmed', 'signal_details': {'ma7': 2.4317142857142855, 'ma14': 2.427928571428571, 'ma28': 2.4245357142857142, 'mavol_fast': 69988.6000000006, 'mavol_slow': 54045.233333333126, 'volume': 61381.8, 'volume_ratio': 1.2950004224856253, 'volume_spike_ratio': 1.135748635248133, 'adx': 34.33784986793908, 'di_plus': 29.538820034701313, 'di_minus': 15.993475180575576, 'close': 2.432, 'signal': 'LONG'}, 'htf_reason': 'htf_trend_confirmed', 'htf_details': {'ma7': 2.4112857142857145, 'ma14': 2.3985714285714286, 'ma28': 2.394142857142857, 'adx': 22.46007088431028, 'di_plus': 25.977068976896074, 'di_minus': 11.229235717108416, 'open': 2.418, 'close': 2.432, 'trend': 'LONG'}, 'score_details': {'score': 21.584881906714475, 'adx': 34.33784986793908, 'volume_ratio': 1.135748635248133, 'ma_separation_pct': 0.29608025100534, 'rr_ratio': 1.45, 'adx_points': 14.337849867939077, 'volume_points': 2.0362295287219947, 'ma_points': 2.9608025100534, 'rr_points': 2.25}, 'signal_row': {'open': 2.431, 'high': 2.433, 'low': 2.428, 'close': 2.432, 'volume': 61381.8, 'turnover': 149224.6277, 'ma7': 2.4317142857142855, 'ma14': 2.427928571428571, 'ma28': 2.4245357142857142, 'mavol_fast': 69988.6000000006, 'mavol_slow': 54045.233333333126, 'volume_ratio': 1.2950004224856253, 'volume_spike_ratio': 1.135748635248133, 'rsi': 62.065410156825436, 'di_plus': 29.538820034701313, 'di_minus': 15.993475180575576, 'adx': 34.33784986793908, 'atr': 0.004816351806047828, 'atr_pct': 0.0019804078149867716}, 'side': 'LONG', 'risk_amount': 0.8701565599999832, 'pretrade_exit_plan': {'stop_loss': 2.4245, 'take_profit': 2.4429, 'risk_distance': 0.00749999999999984, 'reward_distance': 0.01089999999999991, 'risk_reward': 1.4533333333333522}, 'entry_price_hint': 2.432, 'create_bracket': True, 'leverage': 2.0, 'liquidation_price_estimate': 1.22816, 'portfolio_heat_after': 0.7708415599999828, 'atr_pct': 0.0019804078149867716, 'entry_bar_index': 30311, 'actual_exit_plan': {'stop_loss': 2.4245, 'take_profit': 2.4453, 'risk_distance': 0.008472799999999836, 'reward_distance': 0.012327200000000094, 'risk_reward': 1.454914550089738}, 'position_side': 'LONG', 'exit_plan': {'stop_loss': 2.4245, 'take_profit': 2.4453, 'risk_distance': 0.008472799999999836, 'reward_distance': 0.012327200000000094, 'risk_reward': 1.454914550089738}, 'source_entry_order': '2767230c-fca0-4879-84c4-79a64ee26ca6', 'exit_reason': 'take_profit_1'}",1.239260334246093
1a29bd78-ec8a-4670-b0b3-b36f15c7937d,NEARUSDT,LONG,2025-09-05 12:15:00+00:00,2025-09-05 12:30:00+00:00,2.4329728,2.4576,2.299999999999997,0.056642559999999585,0.004208206592,0.0022374399999999864,0.05243435340799958,0.01948743999999958,take_profit_2,3,"{'strategy': 'live_indicator_adapter', 'signal_reason': 'signal_confirmed', 'signal_details': {'ma7': 2.4317142857142855, 'ma14': 2.427928571428571, 'ma28': 2.4245357142857142, 'mavol_fast': 69988.6000000006, 'mavol_slow': 54045.233333333126, 'volume': 61381.8, 'volume_ratio': 1.2950004224856253, 'volume_spike_ratio': 1.135748635248133, 'adx': 34.33784986793908, 'di_plus': 29.538820034701313, 'di_minus': 15.993475180575576, 'close': 2.432, 'signal': 'LONG'}, 'htf_reason': 'htf_trend_confirmed', 'htf_details': {'ma7': 2.4112857142857145, 'ma14': 2.3985714285714286, 'ma28': 2.394142857142857, 'adx': 22.46007088431028, 'di_plus': 25.977068976896074, 'di_minus': 11.229235717108416, 'open': 2.418, 'close': 2.432, 'trend': 'LONG'}, 'score_details': {'score': 21.584881906714475, 'adx': 34.33784986793908, 'volume_ratio': 1.135748635248133, 'ma_separation_pct': 0.29608025100534, 'rr_ratio': 1.45, 'adx_points': 14.337849867939077, 'volume_points': 2.0362295287219947, 'ma_points': 2.9608025100534, 'rr_points': 2.25}, 'signal_row': {'open': 2.431, 'high': 2.433, 'low': 2.428, 'close': 2.432, 'volume': 61381.8, 'turnover': 149224.6277, 'ma7': 2.4317142857142855, 'ma14': 2.427928571428571, 'ma28': 2.4245357142857142, 'mavol_fast': 69988.6000000006, 'mavol_slow': 54045.233333333126, 'volume_ratio': 1.2950004224856253, 'volume_spike_ratio': 1.135748635248133, 'rsi': 62.065410156825436, 'di_plus': 29.538820034701313, 'di_minus': 15.993475180575576, 'adx': 34.33784986793908, 'atr': 0.004816351806047828, 'atr_pct': 0.0019804078149867716}, 'side': 'LONG', 'risk_amount': 0.8701565599999832, 'pretrade_exit_plan': {'stop_loss': 2.4245, 'take_profit': 2.4429, 'risk_distance': 0.00749999999999984, 'reward_distance': 0.01089999999999991, 'risk_reward': 1.4533333333333522}, 'entry_price_hint': 2.432, 'create_bracket': True, 'leverage': 2.0, 'liquidation_price_estimate': 1.22816, 'portfolio_heat_after': 0.7708415599999828, 'atr_pct': 0.0019804078149867716, 'entry_bar_index': 30311, 'actual_exit_plan': {'stop_loss': 2.4245, 'take_profit': 2.4453, 'risk_distance': 0.008472799999999836, 'reward_distance': 0.012327200000000094, 'risk_reward': 1.454914550089738}, 'position_side': 'LONG', 'exit_plan': {'stop_loss': 2.4245, 'take_profit': 2.4453, 'risk_distance': 0.008472799999999836, 'reward_distance': 0.012327200000000094, 'risk_reward': 1.454914550089738}, 'source_entry_order': '2767230c-fca0-4879-84c4-79a64ee26ca6', 'exit_reason': 'take_profit_2'}",2.690674270607156
f07efe41-a0ae-415d-bea5-635e7a89a4d6,NEARUSDT,LONG,2025-09-05 12:35:00+00:00,2025-09-05 14:15:00+00:00,2.4549816,2.4261434399999997,101.7,-2.9328408720000283,0.2730257291124,0.24796087200000794,-3.2058666011124286,2.7847087200000007,stop_loss,20,"{'strategy': 'live_indicator_adapter', 'signal_reason': 'signal_confirmed', 'signal_details': {'ma7': 2.4377142857142857, 'ma14': 2.4345714285714286, 'ma28': 2.427678571428572, 'mavol_fast': 506666.15555555624, 'mavol_slow': 289387.9333333332, 'volume': 4135123.7, 'volume_ratio': 1.7508199105591244, 'volume_spike_ratio': 14.289205677546112, 'adx': 38.70981761967634, 'di_plus': 39.41745897227532, 'di_minus': 7.134484178291893, 'close': 2.454, 'signal': 'LONG'}, 'htf_reason': 'htf_trend_confirmed', 'htf_details': {'ma7': 2.4112857142857145, 'ma14': 2.3985714285714286, 'ma28': 2.394142857142857, 'adx': 22.46007088431028, 'di_plus': 25.977068976896074, 'di_minus': 11.229235717108416, 'open': 2.418, 'close': 2.432, 'trend': 'LONG'}, 'score_details': {'score': 55.09369036700977, 'adx': 38.70981761967634, 'volume_ratio': 14.289205677546112, 'ma_separation_pct': 0.41338727473334297, 'rr_ratio': 1.4499999999999997, 'adx_points': 18.709817619676343, 'volume_points': 30.0, 'ma_points': 4.13387274733343, 'rr_points': 2.2499999999999987}, 'signal_row': {'open': 2.444, 'high': 2.464, 'low': 2.422, 'close': 2.454, 'volume': 4135123.7, 'turnover': 10106489.1643, 'ma7': 2.4377142857142857, 'ma14': 2.4345714285714286, 'ma28': 2.427678571428572, 'mavol_fast': 506666.15555555624, 'mavol_slow': 289387.9333333332, 'volume_ratio': 1.7508199105591244, 'volume_spike_ratio': 14.289205677546112, 'rsi': 79.43782710159212, 'di_plus': 39.41745897227532, 'di_minus': 7.134484178291893, 'adx': 38.70981761967634, 'atr': 0.008027119531771416, 'atr_pct': 0.0032710348540225817}, 'side': 'LONG', 'risk_amount': 2.7847087200000007, 'pretrade_exit_plan': {'stop_loss': 2.4276, 'take_profit': 2.4923, 'risk_distance': 0.0264000000000002, 'reward_distance': 0.0383, 'risk_reward': 1.4507575757575648}, 'entry_price_hint': 2.454, 'create_bracket': True, 'leverage': 2.0, 'liquidation_price_estimate': 1.23927, 'portfolio_heat_after': 2.68811156000002, 'atr_pct': 0.0032710348540225817, 'entry_bar_index': 30315, 'actual_exit_plan': {'stop_loss': 2.4276, 'take_profit': 2.4947, 'risk_distance': 0.027381600000000006, 'reward_distance': 0.03971839999999993, 'risk_reward': 1.4505507348000088}, 'position_side': 'LONG', 'exit_plan': {'stop_loss': 2.4276, 'take_profit': 2.4947, 'risk_distance': 0.027381600000000006, 'reward_distance': 0.03971839999999993, 'risk_reward': 1.4505507348000088}, 'source_entry_order': '564aa6b8-2c65-4135-a393-6e496c081297', 'exit_reason': 'stop_loss'}",-1.1512394736611546
3b055eef-8eb0-4a30-aaa8-91a71a77fa10,BUSDT,SHORT,2025-09-05 17:40:00+00:00,2025-09-05 18:35:00+00:00,0.5879747160000001,0.59365598,425.0,-2.4145371999999607,0.27620617519,0.2512871999999444,-2.6907433751899608,2.263245699999994,stop_loss,11,"{'strategy': 'live_indicator_adapter', 'signal_reason': 'signal_confirmed', 'signal_details': {'ma7': 0.58904, 'ma14': 0.5900442857142857, 'ma28': 0.5932925000000001, 'mavol_fast': 3417.1111111111113, 'mavol_slow': 3058.722222222222, 'volume': 5091.0, 'volume_ratio': 1.1171694789036817, 'volume_spike_ratio': 1.6644205096536318, 'adx': 50.084854111912094, 'di_plus': 8.517563503954275, 'di_minus': 27.79708005937175, 'close': 0.58821, 'signal': 'SHORT'}, 'htf_reason': 'htf_trend_confirmed', 'htf_details': {'ma7': 0.6043728571428572, 'ma14': 0.6094464285714285, 'ma28': 0.6115785714285714, 'adx': 26.185329230756224, 'di_plus': 9.050649103223645, 'di_minus': 31.84993863382792, 'open': 0.5933, 'close': 0.59002, 'trend': 'SHORT'}, 'score_details': {'score': 49.4687898659546, 'adx': 50.084854111912094, 'volume_ratio': 1.6644205096536318, 'ma_separation_pct': 0.7167628109238028, 'rr_ratio': 1.45, 'adx_points': 30.084854111912094, 'volume_points': 9.966307644804477, 'ma_points': 7.167628109238028, 'rr_points': 2.25}, 'signal_row': {'open': 0.58868, 'high': 0.58906, 'low': 0.58814, 'close': 0.58821, 'volume': 5091.0, 'turnover': 2997.14957, 'ma7': 0.58904, 'ma14': 0.5900442857142857, 'ma28': 0.5932925000000001, 'mavol_fast': 3417.1111111111113, 'mavol_slow': 3058.722222222222, 'volume_ratio': 1.1171694789036817, 'volume_spike_ratio': 1.6644205096536318, 'rsi': 26.59044429472577, 'di_plus': 8.517563503954275, 'di_minus': 27.79708005937175, 'adx': 50.084854111912094, 'atr': 0.0015107865248945667, 'atr_pct': 0.0025684475355647928}, 'side': 'SHORT', 'risk_amount': 2.263245699999994, 'pretrade_exit_plan': {'stop_loss': 0.5933, 'take_profit': 0.5808, 'risk_distance': 0.005090000000000039, 'reward_distance': 0.007410000000000028, 'risk_reward': 1.4557956777996013}, 'entry_price_hint': 0.58821, 'create_bracket': True, 'leverage': 2.0, 'liquidation_price_estimate': 0.8793739500000001, 'portfolio_heat_after': 2.163841560000016, 'atr_pct': 0.0025684475355647928, 'entry_bar_index': 30376, 'actual_exit_plan': {'stop_loss': 0.5933, 'take_profit': 0.5802, 'risk_distance': 0.005325283999999986, 'reward_distance': 0.007774716000000015, 'risk_reward': 1.4599626987030243}, 'position_side': 'SHORT', 'exit_plan': {'stop_loss': 0.5933, 'take_profit': 0.5802, 'risk_distance': 0.005325283999999986, 'reward_distance': 0.007774716000000015, 'risk_reward': 1.4599626987030243}, 'source_entry_order': '2defca73-1ed8-4e4e-bdf5-94529a3a67da', 'exit_reason': 'stop_loss'}",-1.1888869932195023
2a1da61c-5272-4c8c-a4c2-ed8fa67f36f2,BUSDT,SHORT,2025-09-05 22:55:00+00:00,2025-09-05 23:10:00+00:00,0.590873556,0.59305562,422.8,-0.9225766591999931,0.27531089058704006,0.25032465920000135,-1.1978875497870332,0.7722205231999927,stop_loss,3,"{'strategy': 'live_indicator_adapter', 'signal_reason': 'signal_confirmed', 'signal_details': {'ma7': 0.5924271428571428, 'ma14': 0.59253, 'ma28': 0.5926407142857143, 'mavol_fast': 3474.0, 'mavol_slow': 2583.722222222222, 'volume': 3370.0, 'volume_ratio': 1.3445717848925969, 'volume_spike_ratio': 1.3043197798180919, 'adx': 24.534804520418568, 'di_plus': 23.61958654052512, 'di_minus': 23.735209258765412, 'close': 0.59111, 'signal': 'SHORT'}, 'htf_reason': 'htf_trend_confirmed', 'htf_details': {'ma7': 0.5928457142857143, 'ma14': 0.60173, 'ma28': 0.6078707142857144, 'adx': 26.04082711843873, 'di_plus': 17.66007498610696, 'di_minus': 24.267697216551156, 'open': 0.59448, 'close': 0.59384, 'trend': 'SHORT'}, 'score_details': {'score': 11.709973739225003, 'adx': 24.534804520418568, 'volume_ratio': 1.3043197798180919, 'ma_separation_pct': 0.03603725215350561, 'rr_ratio': 1.45, 'adx_points': 4.534804520418568, 'volume_points': 4.564796697271378, 'ma_points': 0.3603725215350561, 'rr_points': 2.25}, 'signal_row': {'open': 0.59157, 'high': 0.5919, 'low': 0.5909, 'close': 0.59111, 'volume': 3370.0, 'turnover': 1992.53909, 'ma7': 0.5924271428571428, 'ma14': 0.59253, 'ma28': 0.5926407142857143, 'mavol_fast': 3474.0, 'mavol_slow': 2583.722222222222, 'volume_ratio': 1.3445717848925969, 'volume_spike_ratio': 1.3043197798180919, 'rsi': 42.35166472299279, 'di_plus': 23.61958654052512, 'di_minus': 23.735209258765412, 'adx': 24.534804520418568, 'atr': 0.0012981044437617528, 'atr_pct': 0.002196045480133567}, 'side': 'SHORT', 'risk_amount': 0.7722205231999927, 'pretrade_exit_plan': {'stop_loss': 0.5927, 'take_profit': 0.5888, 'risk_distance': 0.0015899999999999803, 'reward_distance': 0.0023100000000000342, 'risk_reward': 1.4528301886792847}, 'entry_price_hint': 0.59111, 'create_bracket': True, 'leverage': 2.0, 'liquidation_price_estimate': 0.8837094500000001, 'portfolio_heat_after': 0.6730025599999909, 'atr_pct': 0.002196045480133567, 'entry_bar_index': 30439, 'actual_exit_plan': {'stop_loss': 0.5927, 'take_profit': 0.5882, 'risk_distance': 0.0018264439999999826, 'reward_distance': 0.002673556000000077, 'risk_reward': 1.4638039819453004}, 'position_side': 'SHORT', 'exit_plan': {'stop_loss': 0.5927, 'take_profit': 0.5882, 'risk_distance': 0.0018264439999999826, 'reward_distance': 0.002673556000000077, 'risk_reward': 1.4638039819453004}, 'source_entry_order': '57bd94d6-babc-4ed2-99e4-7aaa514c7d51', 'exit_reason': 'stop_loss'}",-1.5512247004561928
ff12ed1d-8988-4f8e-9810-63223c2f2c0c,BUSDT,LONG,2025-09-06 21:00:00+00:00,2025-09-06 22:05:00+00:00,0.637384852,0.63321984,392.3,-1.6339342075999874,0.27415202136938,0.249115207600018,-1.9080862289693674,1.4847974395999586,stop_loss,13,"{'strategy': 'live_indicator_adapter', 'signal_reason': 'signal_confirmed', 'signal_details': {'ma7': 0.6360342857142857, 'ma14': 0.6350414285714285, 'ma28': 0.633625, 'mavol_fast': 5067.444444444444, 'mavol_slow': 3179.5, 'volume': 4591.0, 'volume_ratio': 1.593786584193881, 'volume_spike_ratio': 1.4439377260575563, 'adx': 22.17375225208722, 'di_plus': 28.93697420396227, 'di_minus': 16.055941693460884, 'close': 0.63713, 'signal': 'LONG'}, 'htf_reason': 'htf_trend_confirmed', 'htf_details': {'ma7': 0.6332814285714286, 'ma14': 0.6196342857142857, 'ma28': 0.6111075, 'adx': 35.10577572752589, 'di_plus': 32.867802058973275, 'di_minus': 9.081446885792534, 'open': 0.63154, 'close': 0.63713, 'trend': 'LONG'}, 'score_details': {'score': 14.885202383290938, 'adx': 22.17375225208722, 'volume_ratio': 1.4439377260575563, 'ma_separation_pct': 0.38023842403403735, 'rr_ratio': 1.45, 'adx_points': 2.173752252087219, 'volume_points': 6.659065890863345, 'ma_points': 3.8023842403403734, 'rr_points': 2.25}, 'signal_row': {'open': 0.63577, 'high': 0.63748, 'low': 0.63528, 'close': 0.63713, 'volume': 4591.0, 'turnover': 2920.89525, 'ma7': 0.6360342857142857, 'ma14': 0.6350414285714285, 'ma28': 0.633625, 'mavol_fast': 5067.444444444444, 'mavol_slow': 3179.5, 'volume_ratio': 1.593786584193881, 'volume_spike_ratio': 1.4439377260575563, 'rsi': 59.99175642664916, 'di_plus': 28.93697420396227, 'di_minus': 16.055941693460884, 'adx': 22.17375225208722, 'atr': 0.0021418155852113005, 'atr_pct': 0.003361661804045172}, 'side': 'LONG', 'risk_amount': 1.4847974395999586, 'pretrade_exit_plan': {'stop_loss': 0.6336, 'take_profit': 0.6423, 'risk_distance': 0.003529999999999922, 'reward_distance': 0.005170000000000008, 'risk_reward': 1.4645892351275134}, 'entry_price_hint': 0.63713, 'create_bracket': True, 'leverage': 2.0, 'liquidation_price_estimate': 0.32175064999999997, 'portfolio_heat_after': 1.3854105599999686, 'atr_pct': 0.003361661804045172, 'entry_bar_index': 30704, 'actual_exit_plan': {'stop_loss': 0.6336, 'take_profit': 0.6429, 'risk_distance': 0.003784851999999894, 'reward_distance': 0.005515148000000081, 'risk_reward': 1.4571634505127902}, 'position_side': 'LONG', 'exit_plan': {'stop_loss': 0.6336, 'take_profit': 0.6429, 'risk_distance': 0.003784851999999894, 'reward_distance': 0.005515148000000081, 'risk_reward': 1.4571634505127902}, 'source_entry_order': '1e3ee76a-066e-42b0-8fc2-ed7de42d4f77', 'exit_reason': 'stop_loss'}",-1.285081842196235
f62e3aca-df50-4cda-a7f7-174fe8d2eda7,BUSDT,LONG,2025-09-07 06:40:00+00:00,2025-09-07 14:00:00+00:00,0.6486293479999999,0.63851666,385.5,-3.898441223999993,0.2729071323462,0.2477562240000009,-4.1713483563461935,3.7506636539999674,stop_loss,88,"{'strategy': 'live_indicator_adapter', 'signal_reason': 'signal_confirmed', 'signal_details': {'ma7': 0.6415371428571428, 'ma14': 0.6408142857142858, 'ma28': 0.6389824999999999, 'mavol_fast': 8139.888888888889, 'mavol_slow': 5845.166666666667, 'volume': 39258.0, 'volume_ratio': 1.392584566545959, 'volume_spike_ratio': 6.716318325682187, 'adx': 23.489253230534963, 'di_plus': 52.686221092723, 'di_minus': 11.424778648331333, 'close': 0.64837, 'signal': 'LONG'}, 'htf_reason': 'htf_trend_confirmed', 'htf_details': {'ma7': 0.6359742857142858, 'ma14': 0.6351035714285714, 'ma28': 0.6232325, 'adx': 40.94616356688117, 'di_plus': 29.266417615732433, 'di_minus': 10.657264452473182, 'open': 0.63754, 'close': 0.64014, 'trend': 'LONG'}, 'score_details': {'score': 39.737238867297954, 'adx': 23.489253230534963, 'volume_ratio': 6.716318325682187, 'ma_separation_pct': 0.3997985636762992, 'rr_ratio': 1.45, 'adx_points': 3.4892532305349633, 'volume_points': 30.0, 'ma_points': 3.9979856367629916, 'rr_points': 2.25}, 'signal_row': {'open': 0.64729, 'high': 0.65427, 'low': 0.64674, 'close': 0.64837, 'volume': 39258.0, 'turnover': 25568.24997, 'ma7': 0.6415371428571428, 'ma14': 0.6408142857142858, 'ma28': 0.6389824999999999, 'mavol_fast': 8139.888888888889, 'mavol_slow': 5845.166666666667, 'volume_ratio': 1.392584566545959, 'volume_spike_ratio': 6.716318325682187, 'rsi': 72.68449633687386, 'di_plus': 52.686221092723, 'di_minus': 11.424778648331333, 'adx': 23.489253230534963, 'atr': 0.0026750822535563557, 'atr_pct': 0.004125857540534503}, 'side': 'LONG', 'risk_amount': 3.7506636539999674, 'pretrade_exit_plan': {'stop_loss': 0.6389, 'take_profit': 0.6622, 'risk_distance': 0.009469999999999978, 'reward_distance': 0.013830000000000009, 'risk_reward': 1.460401267159455}, 'entry_price_hint': 0.64837, 'create_bracket': True, 'leverage': 2.0, 'liquidation_price_estimate': 0.32742685, 'portfolio_heat_after': 3.651276559999991, 'atr_pct': 0.004125857540534503, 'entry_bar_index': 30820, 'actual_exit_plan': {'stop_loss': 0.6389, 'take_profit': 0.6628, 'risk_distance': 0.009729347999999916, 'reward_distance': 0.014170652000000006, 'risk_reward': 1.456485264994132}, 'position_side': 'LONG', 'exit_plan': {'stop_loss': 0.6389, 'take_profit': 0.6628, 'risk_distance': 0.009729347999999916, 'reward_distance': 0.014170652000000006, 'risk_reward': 1.456485264994132}, 'source_entry_order': 'aab05706-73b3-4903-ae63-a7dade100554', 'exit_reason': 'stop_loss'}",-1.1121627373591814
27f8b691-6e9c-4c6c-9bfc-518e315ecb07,NEARUSDT,LONG,2025-09-07 14:15:00+00:00,2025-09-07 15:05:00+00:00,2.4589950390532542,2.4683,37.8,0.35172752378699623,0.06978285486191715,0.03716513893490561,0.2819446689250791,0.22019587029585705,take_profit_1,10,"{'strategy': 'live_indicator_adapter', 'signal_reason': 'signal_confirmed', 'signal_details': {'ma7': 2.461, 'ma14': 2.4571428571428577, 'ma28': 2.4492499999999997, 'mavol_fast': 40114.344444445014, 'mavol_slow': 37209.111111110906, 'volume': 88611.7, 'volume_ratio': 1.0780785470703327, 'volume_spike_ratio': 2.3814516755155677, 'adx': 43.236296615154764, 'di_plus': 35.284535116517155, 'di_minus': 6.109764933774726, 'close': 2.464, 'signal': 'LONG'}, 'htf_reason': 'htf_trend_confirmed', 'htf_details': {'ma7': 2.4427142857142856, 'ma14': 2.4370714285714286, 'ma28': 2.4151071428571425, 'adx': 30.317712204353615, 'di_plus': 32.36647386353811, 'di_minus': 9.56033670177965, 'open': 2.446, 'close': 2.464, 'trend': 'LONG'}, 'score_details': {'score': 51.00545870307871, 'adx': 43.236296615154764, 'volume_ratio': 2.3814516755155677, 'ma_separation_pct': 0.4797386955190426, 'rr_ratio': 1.45, 'adx_points': 23.236296615154764, 'volume_points': 20.721775132733516, 'ma_points': 4.797386955190426, 'rr_points': 2.25}, 'signal_row': {'open': 2.469, 'high': 2.473, 'low': 2.464, 'close': 2.464, 'volume': 88611.7, 'turnover': 218798.6809, 'ma7': 2.461, 'ma14': 2.4571428571428577, 'ma28': 2.4492499999999997, 'mavol_fast': 40114.344444445014, 'mavol_slow': 37209.111111110906, 'volume_ratio': 1.0780785470703327, 'volume_spike_ratio': 2.3814516755155677, 'rsi': 66.53551397356506, 'di_plus': 35.284535116517155, 'di_minus': 6.109764933774726, 'adx': 43.236296615154764, 'atr': 0.005338319622601783, 'atr_pct': 0.0021665258208611133}, 'side': 'LONG', 'risk_amount': 0.5906841599999976, 'pretrade_exit_plan': {'stop_loss': 2.4492, 'take_profit': 2.4855, 'risk_distance': 0.014800000000000146, 'reward_distance': 0.021500000000000075, 'risk_reward': 1.4527027027026933}, 'entry_price_hint': 2.464, 'create_bracket': True, 'leverage': 2.0, 'liquidation_price_estimate': 1.24432, 'portfolio_heat_after': 1.5013115600000142, 'atr_pct': 0.0021665258208611133, 'entry_bar_index': 30911, 'actual_exit_plan': {'stop_loss': 2.4492, 'take_profit': 2.4683, 'risk_distance': 0.007782399999999967, 'reward_distance': 0.011317600000000372, 'risk_reward': 1.4542557565790013}, 'position_side': 'LONG', 'exit_plan': {'stop_loss': 2.4492, 'take_profit': 2.4683, 'risk_distance': 0.007782399999999967, 'reward_distance': 0.011317600000000372, 'risk_reward': 1.4542557565790013}, 'source_entry_order': '712f527d-add8-4f9c-90cb-e9232ed25fb6', 'exit_reason': 'take_profit_1'}",1.2804266880493982
9b435b49-96c7-4382-bbfa-bdc27a81604a,NEARUSDT,LONG,2025-09-07 14:15:00+00:00,2025-09-07 15:15:00+00:00,2.4589950390532542,2.4796,38.0,0.7829885159763403,0.070237956316213,0.03736177988165114,0.7127505596601273,0.22136092781064992,take_profit_2,12,"{'strategy': 'live_indicator_adapter', 'signal_reason': 'signal_confirmed', 'signal_details': {'ma7': 2.461, 'ma14': 2.4571428571428577, 'ma28': 2.4492499999999997, 'mavol_fast': 40114.344444445014, 'mavol_slow': 37209.111111110906, 'volume': 88611.7, 'volume_ratio': 1.0780785470703327, 'volume_spike_ratio': 2.3814516755155677, 'adx': 43.236296615154764, 'di_plus': 35.284535116517155, 'di_minus': 6.109764933774726, 'close': 2.464, 'signal': 'LONG'}, 'htf_reason': 'htf_trend_confirmed', 'htf_details': {'ma7': 2.4427142857142856, 'ma14': 2.4370714285714286, 'ma28': 2.4151071428571425, 'adx': 30.317712204353615, 'di_plus': 32.36647386353811, 'di_minus': 9.56033670177965, 'open': 2.446, 'close': 2.464, 'trend': 'LONG'}, 'score_details': {'score': 51.00545870307871, 'adx': 43.236296615154764, 'volume_ratio': 2.3814516755155677, 'ma_separation_pct': 0.4797386955190426, 'rr_ratio': 1.45, 'adx_points': 23.236296615154764, 'volume_points': 20.721775132733516, 'ma_points': 4.797386955190426, 'rr_points': 2.25}, 'signal_row': {'open': 2.469, 'high': 2.473, 'low': 2.464, 'close': 2.464, 'volume': 88611.7, 'turnover': 218798.6809, 'ma7': 2.461, 'ma14': 2.4571428571428577, 'ma28': 2.4492499999999997, 'mavol_fast': 40114.344444445014, 'mavol_slow': 37209.111111110906, 'volume_ratio': 1.0780785470703327, 'volume_spike_ratio': 2.3814516755155677, 'rsi': 66.53551397356506, 'di_plus': 35.284535116517155, 'di_minus': 6.109764933774726, 'adx': 43.236296615154764, 'atr': 0.005338319622601783, 'atr_pct': 0.0021665258208611133}, 'side': 'LONG', 'risk_amount': 0.5906841599999976, 'pretrade_exit_plan': {'stop_loss': 2.4492, 'take_profit': 2.4855, 'risk_distance': 0.014800000000000146, 'reward_distance': 0.021500000000000075, 'risk_reward': 1.4527027027026933}, 'entry_price_hint': 2.464, 'create_bracket': True, 'leverage': 2.0, 'liquidation_price_estimate': 1.24432, 'portfolio_heat_after': 1.5013115600000142, 'atr_pct': 0.0021665258208611133, 'entry_bar_index': 30911, 'actual_exit_plan': {'stop_loss': 2.4492, 'take_profit': 2.4683, 'risk_distance': 0.007782399999999967, 'reward_distance': 0.011317600000000372, 'risk_reward': 1.4542557565790013}, 'position_side': 'LONG', 'exit_plan': {'stop_loss': 2.4492, 'take_profit': 2.4683, 'risk_distance': 0.007782399999999967, 'reward_distance': 0.011317600000000372, 'risk_reward': 1.4542557565790013}, 'source_entry_order': '712f527d-add8-4f9c-90cb-e9232ed25fb6', 'exit_reason': 'take_profit_2'}",3.219857120719188
9bd07932-4d9c-45db-8bae-f93beb9b3543,NEARUSDT,LONG,2025-09-07 14:15:00+00:00,2025-09-07 15:20:00+00:00,2.4589950390532542,2.4879,12.6,0.36420250792899395,0.023310343620639055,0.01238837964496854,0.3408921643083549,0.07339862343195237,take_profit_1,13,"{'strategy': 'live_indicator_adapter', 'signal_reason': 'signal_confirmed', 'signal_details': {'ma7': 2.461, 'ma14': 2.4571428571428577, 'ma28': 2.4492499999999997, 'mavol_fast': 40114.344444445014, 'mavol_slow': 37209.111111110906, 'volume': 88611.7, 'volume_ratio': 1.0780785470703327, 'volume_spike_ratio': 2.3814516755155677, 'adx': 43.236296615154764, 'di_plus': 35.284535116517155, 'di_minus': 6.109764933774726, 'close': 2.464, 'signal': 'LONG'}, 'htf_reason': 'htf_trend_confirmed', 'htf_details': {'ma7': 2.4427142857142856, 'ma14': 2.4370714285714286, 'ma28': 2.4151071428571425, 'adx': 30.317712204353615, 'di_plus': 32.36647386353811, 'di_minus': 9.56033670177965, 'open': 2.446, 'close': 2.464, 'trend': 'LONG'}, 'score_details': {'score': 51.00545870307871, 'adx': 43.236296615154764, 'volume_ratio': 2.3814516755155677, 'ma_separation_pct': 0.4797386955190426, 'rr_ratio': 1.45, 'adx_points': 23.236296615154764, 'volume_points': 20.721775132733516, 'ma_points': 4.797386955190426, 'rr_points': 2.25}, 'signal_row': {'open': 2.469, 'high': 2.473, 'low': 2.464, 'close': 2.464, 'volume': 88611.7, 'turnover': 218798.6809, 'ma7': 2.461, 'ma14': 2.4571428571428577, 'ma28': 2.4492499999999997, 'mavol_fast': 40114.344444445014, 'mavol_slow': 37209.111111110906, 'volume_ratio': 1.0780785470703327, 'volume_spike_ratio': 2.3814516755155677, 'rsi': 66.53551397356506, 'di_plus': 35.284535116517155, 'di_minus': 6.109764933774726, 'adx': 43.236296615154764, 'atr': 0.005338319622601783, 'atr_pct': 0.0021665258208611133}, 'side': 'LONG', 'risk_amount': 0.4025328000000017, 'pretrade_exit_plan': {'stop_loss': 2.4492, 'take_profit': 2.4855, 'risk_distance': 0.014800000000000146, 'reward_distance': 0.021500000000000075, 'risk_reward': 1.4527027027026933}, 'entry_price_hint': 2.464, 'create_bracket': True, 'leverage': 2.0, 'liquidation_price_estimate': 1.24432, 'portfolio_heat_after': 1.5013115600000142, 'atr_pct': 0.0021665258208611133, 'entry_bar_index': 30911, 'actual_exit_plan': {'stop_loss': 2.4492, 'take_profit': 2.4683, 'risk_distance': 0.007782399999999967, 'reward_distance': 0.011317600000000372, 'risk_reward': 1.4542557565790013}, 'position_side': 'LONG', 'exit_plan': {'stop_loss': 2.4492, 'take_profit': 2.4879, 'risk_distance': 0.015785600000000066, 'reward_distance': 0.02291439999999989, 'risk_reward': 1.4516014595580653}, 'source_entry_order': '712f527d-add8-4f9c-90cb-e9232ed25fb6', 'exit_reason': 'take_profit_1'}",4.644394518166883
2c79410a-43e3-4e31-abbd-cc77a0eecdbb,NEARUSDT,LONG,2025-09-07 14:15:00+00:00,2025-09-07 18:00:00+00:00,2.4589950390532542,2.4477304799999997,13.000000000000009,-0.14643926769230886,0.03508308746123079,0.03188542153846109,-0.18152235515353965,0.0757287384615382,stop_loss,45,"{'strategy': 'live_indicator_adapter', 'signal_reason': 'signal_confirmed', 'signal_details': {'ma7': 2.461, 'ma14': 2.4571428571428577, 'ma28': 2.4492499999999997, 'mavol_fast': 40114.344444445014, 'mavol_slow': 37209.111111110906, 'volume': 88611.7, 'volume_ratio': 1.0780785470703327, 'volume_spike_ratio': 2.3814516755155677, 'adx': 43.236296615154764, 'di_plus': 35.284535116517155, 'di_minus': 6.109764933774726, 'close': 2.464, 'signal': 'LONG'}, 'htf_reason': 'htf_trend_confirmed', 'htf_details': {'ma7': 2.4427142857142856, 'ma14': 2.4370714285714286, 'ma28': 2.4151071428571425, 'adx': 30.317712204353615, 'di_plus': 32.36647386353811, 'di_minus': 9.56033670177965, 'open': 2.446, 'close': 2.464, 'trend': 'LONG'}, 'score_details': {'score': 51.00545870307871, 'adx': 43.236296615154764, 'volume_ratio': 2.3814516755155677, 'ma_separation_pct': 0.4797386955190426, 'rr_ratio': 1.45, 'adx_points': 23.236296615154764, 'volume_points': 20.721775132733516, 'ma_points': 4.797386955190426, 'rr_points': 2.25}, 'signal_row': {'open': 2.469, 'high': 2.473, 'low': 2.464, 'close': 2.464, 'volume': 88611.7, 'turnover': 218798.6809, 'ma7': 2.461, 'ma14': 2.4571428571428577, 'ma28': 2.4492499999999997, 'mavol_fast': 40114.344444445014, 'mavol_slow': 37209.111111110906, 'volume_ratio': 1.0780785470703327, 'volume_spike_ratio': 2.3814516755155677, 'rsi': 66.53551397356506, 'di_plus': 35.284535116517155, 'di_minus': 6.109764933774726, 'adx': 43.236296615154764, 'atr': 0.005338319622601783, 'atr_pct': 0.0021665258208611133}, 'side': 'LONG', 'risk_amount': 0.4025328000000017, 'pretrade_exit_plan': {'stop_loss': 2.4492, 'take_profit': 2.4855, 'risk_distance': 0.014800000000000146, 'reward_distance': 0.021500000000000075, 'risk_reward': 1.4527027027026933}, 'entry_price_hint': 2.464, 'create_bracket': True, 'leverage': 2.0, 'liquidation_price_estimate': 1.24432, 'portfolio_heat_after': 1.5013115600000142, 'atr_pct': 0.0021665258208611133, 'entry_bar_index': 30911, 'actual_exit_plan': {'stop_loss': 2.4492, 'take_profit': 2.4683, 'risk_distance': 0.007782399999999967, 'reward_distance': 0.011317600000000372, 'risk_reward': 1.4542557565790013}, 'position_side': 'LONG', 'exit_plan': {'stop_loss': 2.4492, 'take_profit': 2.4879, 'risk_distance': 0.015785600000000066, 'reward_distance': 0.02291439999999989, 'risk_reward': 1.4516014595580653}, 'source_entry_order': '712f527d-add8-4f9c-90cb-e9232ed25fb6', 'exit_reason': 'stop_loss'}",-2.3970075144686698
27b25f41-e4d0-44c0-9d30-111dfd5d2b6c,NEARUSDT,LONG,2025-09-07 21:15:00+00:00,2025-09-07 22:05:00+00:00,2.4679868,2.45442646,101.2,-1.3723064079999723,0.2739815220516,0.2489864079999837,-1.6462879300515723,1.2231841599999616,stop_loss,10,"{'strategy': 'live_indicator_adapter', 'signal_reason': 'signal_confirmed', 'signal_details': {'ma7': 2.460714285714286, 'ma14': 2.457785714285714, 'ma28': 2.4559642857142854, 'mavol_fast': 23965.41111111168, 'mavol_slow': 18897.227777777574, 'volume': 71231.5, 'volume_ratio': 1.268197187065401, 'volume_spike_ratio': 3.7694153257635783, 'adx': 23.809678616810228, 'di_plus': 31.5932212839353, 'di_minus': 11.613362931262028, 'close': 2.467, 'signal': 'LONG'}, 'htf_reason': 'htf_trend_confirmed', 'htf_details': {'ma7': 2.4607142857142854, 'ma14': 2.4517142857142855, 'ma28': 2.4321428571428574, 'adx': 37.69148457255246, 'di_plus': 25.935169922687884, 'di_minus': 11.175238840213261, 'open': 2.457, 'close': 2.465, 'trend': 'LONG'}, 'score_details': {'score': 37.99374582928152, 'adx': 23.809678616810228, 'volume_ratio': 3.7694153257635783, 'ma_separation_pct': 0.1934067212471292, 'rr_ratio': 1.4499999999999997, 'adx_points': 3.8096786168102277, 'volume_points': 30.0, 'ma_points': 1.934067212471292, 'rr_points': 2.2499999999999987}, 'signal_row': {'open': 2.463, 'high': 2.467, 'low': 2.462, 'close': 2.467, 'volume': 71231.5, 'turnover': 175529.6032, 'ma7': 2.460714285714286, 'ma14': 2.457785714285714, 'ma28': 2.4559642857142854, 'mavol_fast': 23965.41111111168, 'mavol_slow': 18897.227777777574, 'volume_ratio': 1.268197187065401, 'volume_spike_ratio': 3.7694153257635783, 'rsi': 64.77813410353586, 'di_plus': 31.5932212839353, 'di_minus': 11.613362931262028, 'adx': 23.809678616810228, 'atr': 0.004315655128635775, 'atr_pct': 0.001749353517890464}, 'side': 'LONG', 'risk_amount': 1.2231841599999616, 'pretrade_exit_plan': {'stop_loss': 2.4559, 'take_profit': 2.4831, 'risk_distance': 0.011099999999999888, 'reward_distance': 0.01609999999999978, 'risk_reward': 1.4504504504504454}, 'entry_price_hint': 2.467, 'create_bracket': True, 'leverage': 2.0, 'liquidation_price_estimate': 1.245835, 'portfolio_heat_after': 1.1250215599999878, 'atr_pct': 0.001749353517890464, 'entry_bar_index': 30995, 'actual_exit_plan': {'stop_loss': 2.4559, 'take_profit': 2.4856, 'risk_distance': 0.01208679999999962, 'reward_distance': 0.017613199999999996, 'risk_reward': 1.4572260647980069}, 'position_side': 'LONG', 'exit_plan': {'stop_loss': 2.4559, 'take_profit': 2.4856, 'risk_distance': 0.01208679999999962, 'reward_distance': 0.017613199999999996, 'risk_reward': 1.4572260647980069}, 'source_entry_order': 'b7706f28-8a4d-4d33-b34f-d3909238663a', 'exit_reason': 'stop_loss'}",-1.345903571913181
5a71456d-2811-4d80-9d65-eefafca96ee8,NEARUSDT,LONG,2025-09-08 02:50:00+00:00,2025-09-08 09:25:00+00:00,2.4879948,2.5252,50.2,1.8677010399999914,0.094046544428,0.04993895999999811,1.7736544955719915,1.284858959999996,take_profit_1,79,"{'strategy': 'live_indicator_adapter', 'signal_reason': 'signal_confirmed', 'signal_details': {'ma7': 2.472428571428572, 'ma14': 2.4649285714285716, 'ma28': 2.4624285714285716, 'mavol_fast': 47860.488888889464, 'mavol_slow': 31585.938888888682, 'volume': 88724.0, 'volume_ratio': 1.5152466753402682, 'volume_spike_ratio': 2.8089714322600483, 'adx': 23.55708832081302, 'di_plus': 39.82060292225085, 'di_minus': 11.201253716955938, 'close': 2.487, 'signal': 'LONG'}, 'htf_reason': 'htf_trend_confirmed', 'htf_details': {'ma7': 2.4604285714285714, 'ma14': 2.4597142857142855, 'ma28': 2.444464285714286, 'adx': 35.01899180824777, 'di_plus': 25.19968069511001, 'di_minus': 16.381755143064467, 'open': 2.457, 'close': 2.456, 'trend': 'LONG'}, 'score_details': {'score': 37.00269130671535, 'adx': 23.55708832081302, 'volume_ratio': 2.8089714322600483, 'ma_separation_pct': 0.40610315020016013, 'rr_ratio': 1.45, 'adx_points': 3.557088320813019, 'volume_points': 27.134571483900725, 'ma_points': 4.061031502001601, 'rr_points': 2.25}, 'signal_row': {'open': 2.485, 'high': 2.49, 'low': 2.485, 'close': 2.487, 'volume': 88724.0, 'turnover': 220758.9752, 'ma7': 2.472428571428572, 'ma14': 2.4649285714285716, 'ma28': 2.4624285714285716, 'mavol_fast': 47860.488888889464, 'mavol_slow': 31585.938888888682, 'volume_ratio': 1.5152466753402682, 'volume_spike_ratio': 2.8089714322600483, 'rsi': 76.22045893522966, 'di_plus': 39.82060292225085, 'di_minus': 11.201253716955938, 'adx': 23.55708832081302, 'atr': 0.006439007012291075, 'atr_pct': 0.0025890659478452253}, 'side': 'LONG', 'risk_amount': 2.572277399999992, 'pretrade_exit_plan': {'stop_loss': 2.4624, 'take_profit': 2.5227, 'risk_distance': 0.024599999999999955, 'reward_distance': 0.03569999999999984, 'risk_reward': 1.4512195121951181}, 'entry_price_hint': 2.487, 'create_bracket': True, 'leverage': 2.0, 'liquidation_price_estimate': 1.255935, 'portfolio_heat_after': 2.4728915599999945, 'atr_pct': 0.0025890659478452253, 'entry_bar_index': 31062, 'actual_exit_plan': {'stop_loss': 2.4624, 'take_profit': 2.5252, 'risk_distance': 0.025594799999999918, 'reward_distance': 0.03720519999999983, 'risk_reward': 1.4536233922515491}, 'position_side': 'LONG', 'exit_plan': {'stop_loss': 2.4624, 'take_profit': 2.5252, 'risk_distance': 0.025594799999999918, 'reward_distance': 0.03720519999999983, 'risk_reward': 1.4536233922515491}, 'source_entry_order': '82745779-2ed4-404f-a4ed-910f966deaf9', 'exit_reason': 'take_profit_1'}",1.3804273860315353
cfe1127a-422b-4040-ac84-286b7c0fd066,NEARUSDT,LONG,2025-09-08 02:50:00+00:00,2025-09-08 15:00:00+00:00,2.4879948,2.5624,50.2,3.7351410399999865,0.09442003242800001,0.04993895999999812,3.6407210075719867,1.284858959999996,take_profit_2,146,"{'strategy': 'live_indicator_adapter', 'signal_reason': 'signal_confirmed', 'signal_details': {'ma7': 2.472428571428572, 'ma14': 2.4649285714285716, 'ma28': 2.4624285714285716, 'mavol_fast': 47860.488888889464, 'mavol_slow': 31585.938888888682, 'volume': 88724.0, 'volume_ratio': 1.5152466753402682, 'volume_spike_ratio': 2.8089714322600483, 'adx': 23.55708832081302, 'di_plus': 39.82060292225085, 'di_minus': 11.201253716955938, 'close': 2.487, 'signal': 'LONG'}, 'htf_reason': 'htf_trend_confirmed', 'htf_details': {'ma7': 2.4604285714285714, 'ma14': 2.4597142857142855, 'ma28': 2.444464285714286, 'adx': 35.01899180824777, 'di_plus': 25.19968069511001, 'di_minus': 16.381755143064467, 'open': 2.457, 'close': 2.456, 'trend': 'LONG'}, 'score_details': {'score': 37.00269130671535, 'adx': 23.55708832081302, 'volume_ratio': 2.8089714322600483, 'ma_separation_pct': 0.40610315020016013, 'rr_ratio': 1.45, 'adx_points': 3.557088320813019, 'volume_points': 27.134571483900725, 'ma_points': 4.061031502001601, 'rr_points': 2.25}, 'signal_row': {'open': 2.485, 'high': 2.49, 'low': 2.485, 'close': 2.487, 'volume': 88724.0, 'turnover': 220758.9752, 'ma7': 2.472428571428572, 'ma14': 2.4649285714285716, 'ma28': 2.4624285714285716, 'mavol_fast': 47860.488888889464, 'mavol_slow': 31585.938888888682, 'volume_ratio': 1.5152466753402682, 'volume_spike_ratio': 2.8089714322600483, 'rsi': 76.22045893522966, 'di_plus': 39.82060292225085, 'di_minus': 11.201253716955938, 'adx': 23.55708832081302, 'atr': 0.006439007012291075, 'atr_pct': 0.0025890659478452253}, 'side': 'LONG', 'risk_amount': 2.572277399999992, 'pretrade_exit_plan': {'stop_loss': 2.4624, 'take_profit': 2.5227, 'risk_distance': 0.024599999999999955, 'reward_distance': 0.03569999999999984, 'risk_reward': 1.4512195121951181}, 'entry_price_hint': 2.487, 'create_bracket': True, 'leverage': 2.0, 'liquidation_price_estimate': 1.255935, 'portfolio_heat_after': 2.4728915599999945, 'atr_pct': 0.0025890659478452253, 'entry_bar_index': 31062, 'actual_exit_plan': {'stop_loss': 2.4624, 'take_profit': 2.5252, 'risk_distance': 0.025594799999999918, 'reward_distance': 0.03720519999999983, 'risk_reward': 1.4536233922515491}, 'position_side': 'LONG', 'exit_plan': {'stop_loss': 2.4624, 'take_profit': 2.5252, 'risk_distance': 0.025594799999999918, 'reward_distance': 0.03720519999999983, 'risk_reward': 1.4536233922515491}, 'source_entry_order': '82745779-2ed4-404f-a4ed-910f966deaf9', 'exit_reason': 'take_profit_2'}",2.833556927969742
7b833f2a-44b6-4001-ad1b-967d2ccd2194,NEARUSDT,LONG,2025-09-08 02:50:00+00:00,2025-10-10 21:15:00+00:00,2.4879948,2.46092256,0.09999999999999432,-0.002707223999999832,0.00027219045479999005,0.00024722399999997776,-0.002979414454799822,0.0025594799999999474,stop_loss,9437,"{'strategy': 'live_indicator_adapter', 'signal_reason': 'signal_confirmed', 'signal_details': {'ma7': 2.472428571428572, 'ma14': 2.4649285714285716, 'ma28': 2.4624285714285716, 'mavol_fast': 47860.488888889464, 'mavol_slow': 31585.938888888682, 'volume': 88724.0, 'volume_ratio': 1.5152466753402682, 'volume_spike_ratio': 2.8089714322600483, 'adx': 23.55708832081302, 'di_plus': 39.82060292225085, 'di_minus': 11.201253716955938, 'close': 2.487, 'signal': 'LONG'}, 'htf_reason': 'htf_trend_confirmed', 'htf_details': {'ma7': 2.4604285714285714, 'ma14': 2.4597142857142855, 'ma28': 2.444464285714286, 'adx': 35.01899180824777, 'di_plus': 25.19968069511001, 'di_minus': 16.381755143064467, 'open': 2.457, 'close': 2.456, 'trend': 'LONG'}, 'score_details': {'score': 37.00269130671535, 'adx': 23.55708832081302, 'volume_ratio': 2.8089714322600483, 'ma_separation_pct': 0.40610315020016013, 'rr_ratio': 1.45, 'adx_points': 3.557088320813019, 'volume_points': 27.134571483900725, 'ma_points': 4.061031502001601, 'rr_points': 2.25}, 'signal_row': {'open': 2.485, 'high': 2.49, 'low': 2.485, 'close': 2.487, 'volume': 88724.0, 'turnover': 220758.9752, 'ma7': 2.472428571428572, 'ma14': 2.4649285714285716, 'ma28': 2.4624285714285716, 'mavol_fast': 47860.488888889464, 'mavol_slow': 31585.938888888682, 'volume_ratio': 1.5152466753402682, 'volume_spike_ratio': 2.8089714322600483, 'rsi': 76.22045893522966, 'di_plus': 39.82060292225085, 'di_minus': 11.201253716955938, 'adx': 23.55708832081302, 'atr': 0.006439007012291075, 'atr_pct': 0.0025890659478452253}, 'side': 'LONG', 'risk_amount': 2.572277399999992, 'pretrade_exit_plan': {'stop_loss': 2.4624, 'take_profit': 2.5227, 'risk_distance': 0.024599999999999955, 'reward_distance': 0.03569999999999984, 'risk_reward': 1.4512195121951181}, 'entry_price_hint': 2.487, 'create_bracket': True, 'leverage': 2.0, 'liquidation_price_estimate': 1.255935, 'portfolio_heat_after': 2.4728915599999945, 'atr_pct': 0.0025890659478452253, 'entry_bar_index': 31062, 'actual_exit_plan': {'stop_loss': 2.4624, 'take_profit': 2.5252, 'risk_distance': 0.025594799999999918, 'reward_distance': 0.03720519999999983, 'risk_reward': 1.4536233922515491}, 'position_side': 'LONG', 'exit_plan': {'stop_loss': 2.4624, 'take_profit': 2.5252, 'risk_distance': 0.025594799999999918, 'reward_distance': 0.03720519999999983, 'risk_reward': 1.4536233922515491}, 'source_entry_order': '82745779-2ed4-404f-a4ed-910f966deaf9', 'exit_reason': 'stop_loss'}",-1.164070223170286
427bd44a-1a69-4e4c-a448-ec091ee238e2,BUSDT,SHORT,2025-10-10 21:20:00+00:00,2025-10-13 03:10:00+00:00,0.133136724,0.20422246,18.1,-1.2866518215999998,0.003358410676720001,0.0031808215999996727,-1.2900102322767197,1.2844352956,stop_loss,646,"{'strategy': 'live_indicator_adapter', 'signal_reason': 'signal_confirmed', 'signal_details': {'ma7': 0.19199857142857144, 'ma14': 0.20046642857142857, 'ma28': 0.20406142857142856, 'mavol_fast': 285010.1111111111, 'mavol_slow': 158122.77777777778, 'volume': 1081590.0, 'volume_ratio': 1.8024608163136242, 'volume_spike_ratio': 6.840190990826397, 'adx': 38.48832605020011, 'di_plus': 3.9000930660147906, 'di_minus': 75.997124629013, 'close': 0.13319, 'signal': 'SHORT'}, 'htf_reason': 'htf_trend_confirmed', 'htf_details': {'ma7': 0.21066142857142856, 'ma14': 0.21685642857142856, 'ma28': 0.23232892857142856, 'adx': 43.22661196278147, 'di_plus': 6.908911456969511, 'di_minus': 42.96077349614711, 'open': 0.20884, 'close': 0.19784, 'trend': 'SHORT'}, 'score_details': {'score': 70.7383260502001, 'adx': 38.48832605020011, 'volume_ratio': 6.840190990826397, 'ma_separation_pct': 5.911385227137479, 'rr_ratio': 1.45, 'adx_points': 18.488326050200108, 'volume_points': 30.0, 'ma_points': 20.0, 'rr_points': 2.25}, 'signal_row': {'open': 0.19279, 'high': 0.1975, 'low': 0.13264, 'close': 0.13319, 'volume': 1081590.0, 'turnover': 187084.37465, 'ma7': 0.19199857142857144, 'ma14': 0.20046642857142857, 'ma28': 0.20406142857142856, 'mavol_fast': 285010.1111111111, 'mavol_slow': 158122.77777777778, 'volume_ratio': 1.8024608163136242, 'volume_spike_ratio': 6.840190990826397, 'rsi': 8.809766463813617, 'di_plus': 3.9000930660147906, 'di_minus': 75.997124629013, 'adx': 38.48832605020011, 'atr': 0.007568405492840528, 'atr_pct': 0.056824127132971906}, 'side': 'SHORT', 'risk_amount': 4.2719892152, 'pretrade_exit_plan': {'stop_loss': 0.2041, 'take_profit': 0.0303, 'risk_distance': 0.07091, 'reward_distance': 0.10289000000000001, 'risk_reward': 1.450994218022846}, 'entry_price_hint': 0.13319, 'create_bracket': True, 'leverage': 2.0, 'liquidation_price_estimate': 0.19911905000000002, 'portfolio_heat_after': 4.269373559999999, 'atr_pct': 0.056824127132971906, 'entry_bar_index': 40500, 'actual_exit_plan': {'stop_loss': 0.2041, 'take_profit': 0.0302, 'risk_distance': 0.07096327599999999, 'reward_distance': 0.10293672400000001, 'risk_reward': 1.450563302629941}, 'position_side': 'SHORT', 'exit_plan': {'stop_loss': 0.2041, 'take_profit': 0.0302, 'risk_distance': 0.07096327599999999, 'reward_distance': 0.10293672400000001, 'risk_reward': 1.450563302629941}, 'source_entry_order': '1a7d146b-e5cb-4518-94a3-3dcb3bea9b33', 'exit_reason': 'stop_loss'}",-1.004340379539411
ed389f52-8d5f-4767-b7ec-53b3568ccff2,BUSDT,SHORT,2025-10-10 21:20:00+00:00,2025-10-13 03:15:00+00:00,0.133136724,0.20422246,42.1,-2.9927094855999994,0.007811551905520001,0.007398485599999239,-3.0005210375055196,2.9875539196,stop_loss,647,"{'strategy': 'live_indicator_adapter', 'signal_reason': 'signal_confirmed', 'signal_details': {'ma7': 0.19199857142857144, 'ma14': 0.20046642857142857, 'ma28': 0.20406142857142856, 'mavol_fast': 285010.1111111111, 'mavol_slow': 158122.77777777778, 'volume': 1081590.0, 'volume_ratio': 1.8024608163136242, 'volume_spike_ratio': 6.840190990826397, 'adx': 38.48832605020011, 'di_plus': 3.9000930660147906, 'di_minus': 75.997124629013, 'close': 0.13319, 'signal': 'SHORT'}, 'htf_reason': 'htf_trend_confirmed', 'htf_details': {'ma7': 0.21066142857142856, 'ma14': 0.21685642857142856, 'ma28': 0.23232892857142856, 'adx': 43.22661196278147, 'di_plus': 6.908911456969511, 'di_minus': 42.96077349614711, 'open': 0.20884, 'close': 0.19784, 'trend': 'SHORT'}, 'score_details': {'score': 70.7383260502001, 'adx': 38.48832605020011, 'volume_ratio': 6.840190990826397, 'ma_separation_pct': 5.911385227137479, 'rr_ratio': 1.45, 'adx_points': 18.488326050200108, 'volume_points': 30.0, 'ma_points': 20.0, 'rr_points': 2.25}, 'signal_row': {'open': 0.19279, 'high': 0.1975, 'low': 0.13264, 'close': 0.13319, 'volume': 1081590.0, 'turnover': 187084.37465, 'ma7': 0.19199857142857144, 'ma14': 0.20046642857142857, 'ma28': 0.20406142857142856, 'mavol_fast': 285010.1111111111, 'mavol_slow': 158122.77777777778, 'volume_ratio': 1.8024608163136242, 'volume_spike_ratio': 6.840190990826397, 'rsi': 8.809766463813617, 'di_plus': 3.9000930660147906, 'di_minus': 75.997124629013, 'adx': 38.48832605020011, 'atr': 0.007568405492840528, 'atr_pct': 0.056824127132971906}, 'side': 'SHORT', 'risk_amount': 4.2719892152, 'pretrade_exit_plan': {'stop_loss': 0.2041, 'take_profit': 0.0303, 'risk_distance': 0.07091, 'reward_distance': 0.10289000000000001, 'risk_reward': 1.450994218022846}, 'entry_price_hint': 0.13319, 'create_bracket': True, 'leverage': 2.0, 'liquidation_price_estimate': 0.19911905000000002, 'portfolio_heat_after': 4.269373559999999, 'atr_pct': 0.056824127132971906, 'entry_bar_index': 40500, 'actual_exit_plan': {'stop_loss': 0.2041, 'take_profit': 0.0302, 'risk_distance': 0.07096327599999999, 'reward_distance': 0.10293672400000001, 'risk_reward': 1.450563302629941}, 'position_side': 'SHORT', 'exit_plan': {'stop_loss': 0.2041, 'take_profit': 0.0302, 'risk_distance': 0.07096327599999999, 'reward_distance': 0.10293672400000001, 'risk_reward': 1.450563302629941}, 'source_entry_order': '1a7d146b-e5cb-4518-94a3-3dcb3bea9b33', 'exit_reason': 'stop_loss'}",-1.0043403795394112
1a5a399f-7451-4f9e-8374-e2297e5f8f00,BUSDT,LONG,2025-10-13 04:00:00+00:00,2025-10-13 05:00:00+00:00,0.19387752,0.2109,183.3,3.1202205840000015,0.027277356178800005,0.01420941599999956,3.0929432278212015,2.1404894159999994,take_profit_1,12,"{'strategy': 'live_indicator_adapter', 'signal_reason': 'signal_confirmed', 'signal_details': {'ma7': 0.19113285714285716, 'ma14': 0.1881135714285714, 'ma28': 0.1822064285714286, 'mavol_fast': 649179.3333333334, 'mavol_slow': 415773.8888888889, 'volume': 1115979.0, 'volume_ratio': 1.561375908112449, 'volume_spike_ratio': 2.684100733170941, 'adx': 43.681064367897065, 'di_plus': 40.99951572540897, 'di_minus': 10.817548560335846, 'close': 0.1938, 'signal': 'LONG'}, 'htf_reason': 'htf_trend_confirmed', 'htf_details': {'ma7': 0.17615714285714287, 'ma14': 0.17494857142857143, 'ma28': 0.1738725, 'adx': 31.61124860345336, 'di_plus': 50.253412237834375, 'di_minus': 14.753267008663842, 'open': 0.17305, 'close': 0.1938, 'trend': 'LONG'}, 'score_details': {'score': 71.19257536546118, 'adx': 43.681064367897065, 'volume_ratio': 2.684100733170941, 'ma_separation_pct': 4.899074440685399, 'rr_ratio': 1.45, 'adx_points': 23.681064367897065, 'volume_points': 25.26151099756412, 'ma_points': 20.0, 'rr_points': 2.25}, 'signal_row': {'open': 0.19179, 'high': 0.19623, 'low': 0.1909, 'close': 0.1938, 'volume': 1115979.0, 'turnover': 216041.02023, 'ma7': 0.19113285714285716, 'ma14': 0.1881135714285714, 'ma28': 0.1822064285714286, 'mavol_fast': 649179.3333333334, 'mavol_slow': 415773.8888888889, 'volume_ratio': 1.561375908112449, 'volume_spike_ratio': 2.684100733170941, 'rsi': 62.60720940484611, 'di_plus': 40.99951572540897, 'di_minus': 10.817548560335846, 'adx': 43.681064367897065, 'atr': 0.0061359909251668485, 'atr_pct': 0.03166145988218188}, 'side': 'LONG', 'risk_amount': 4.280978831999999, 'pretrade_exit_plan': {'stop_loss': 0.1822, 'take_profit': 0.2107, 'risk_distance': 0.0116, 'reward_distance': 0.0169, 'risk_reward': 1.456896551724138}, 'entry_price_hint': 0.1938, 'create_bracket': True, 'leverage': 2.0, 'liquidation_price_estimate': 0.097869, 'portfolio_heat_after': 4.253151559999999, 'atr_pct': 0.03166145988218188, 'entry_bar_index': 41156, 'actual_exit_plan': {'stop_loss': 0.1822, 'take_profit': 0.2109, 'risk_distance': 0.011677519999999997, 'reward_distance': 0.017022480000000006, 'risk_reward': 1.4577136241256714}, 'position_side': 'LONG', 'exit_plan': {'stop_loss': 0.1822, 'take_profit': 0.2109, 'risk_distance': 0.011677519999999997, 'reward_distance': 0.017022480000000006, 'risk_reward': 1.4577136241256714}, 'source_entry_order': '81bbb44e-f053-4227-8184-61bbaa53f764', 'exit_reason': 'take_profit_1'}",1.4449701104344084
9e39e571-7c11-4f06-93fd-9132efe40061,BUSDT,LONG,2025-10-13 04:00:00+00:00,2025-10-13 06:45:00+00:00,0.19387752,0.2279,183.3,6.236320584,0.027900576178800006,0.01420941599999956,6.2084200078212,2.1404894159999994,take_profit_2,33,"{'strategy': 'live_indicator_adapter', 'signal_reason': 'signal_confirmed', 'signal_details': {'ma7': 0.19113285714285716, 'ma14': 0.1881135714285714, 'ma28': 0.1822064285714286, 'mavol_fast': 649179.3333333334, 'mavol_slow': 415773.8888888889, 'volume': 1115979.0, 'volume_ratio': 1.561375908112449, 'volume_spike_ratio': 2.684100733170941, 'adx': 43.681064367897065, 'di_plus': 40.99951572540897, 'di_minus': 10.817548560335846, 'close': 0.1938, 'signal': 'LONG'}, 'htf_reason': 'htf_trend_confirmed', 'htf_details': {'ma7': 0.17615714285714287, 'ma14': 0.17494857142857143, 'ma28': 0.1738725, 'adx': 31.61124860345336, 'di_plus': 50.253412237834375, 'di_minus': 14.753267008663842, 'open': 0.17305, 'close': 0.1938, 'trend': 'LONG'}, 'score_details': {'score': 71.19257536546118, 'adx': 43.681064367897065, 'volume_ratio': 2.684100733170941, 'ma_separation_pct': 4.899074440685399, 'rr_ratio': 1.45, 'adx_points': 23.681064367897065, 'volume_points': 25.26151099756412, 'ma_points': 20.0, 'rr_points': 2.25}, 'signal_row': {'open': 0.19179, 'high': 0.19623, 'low': 0.1909, 'close': 0.1938, 'volume': 1115979.0, 'turnover': 216041.02023, 'ma7': 0.19113285714285716, 'ma14': 0.1881135714285714, 'ma28': 0.1822064285714286, 'mavol_fast': 649179.3333333334, 'mavol_slow': 415773.8888888889, 'volume_ratio': 1.561375908112449, 'volume_spike_ratio': 2.684100733170941, 'rsi': 62.60720940484611, 'di_plus': 40.99951572540897, 'di_minus': 10.817548560335846, 'adx': 43.681064367897065, 'atr': 0.0061359909251668485, 'atr_pct': 0.03166145988218188}, 'side': 'LONG', 'risk_amount': 4.280978831999999, 'pretrade_exit_plan': {'stop_loss': 0.1822, 'take_profit': 0.2107, 'risk_distance': 0.0116, 'reward_distance': 0.0169, 'risk_reward': 1.456896551724138}, 'entry_price_hint': 0.1938, 'create_bracket': True, 'leverage': 2.0, 'liquidation_price_estimate': 0.097869, 'portfolio_heat_after': 4.253151559999999, 'atr_pct': 0.03166145988218188, 'entry_bar_index': 41156, 'actual_exit_plan': {'stop_loss': 0.1822, 'take_profit': 0.2109, 'risk_distance': 0.011677519999999997, 'reward_distance': 0.017022480000000006, 'risk_reward': 1.4577136241256714}, 'position_side': 'LONG', 'exit_plan': {'stop_loss': 0.1822, 'take_profit': 0.2109, 'risk_distance': 0.011677519999999997, 'reward_distance': 0.017022480000000006, 'risk_reward': 1.4577136241256714}, 'source_entry_order': '81bbb44e-f053-4227-8184-61bbaa53f764', 'exit_reason': 'take_profit_2'}",2.900467510567313
86cec850-d9c2-4b8d-bec0-21b5cd898364,BUSDT,LONG,2025-10-13 07:00:00+00:00,2025-10-13 07:10:00+00:00,0.250260064,0.21647003999999997,128.0,-4.325123072000004,0.032857799321600004,0.029443072000002957,-4.357980871321604,4.308488192000002,stop_loss,2,"{'strategy': 'live_indicator_adapter', 'signal_reason': 'signal_confirmed', 'signal_details': {'ma7': 0.22733857142857142, 'ma14': 0.22048714285714285, 'ma28': 0.21663964285714285, 'mavol_fast': 221785.11111111112, 'mavol_slow': 204036.66666666666, 'volume': 628499.0, 'volume_ratio': 1.0869865438129314, 'volume_spike_ratio': 3.080323798010162, 'adx': 38.19925126864293, 'di_plus': 52.19257467990309, 'di_minus': 10.377548205353536, 'close': 0.25016, 'signal': 'LONG'}, 'htf_reason': 'htf_trend_confirmed', 'htf_details': {'ma7': 0.19786857142857142, 'ma14': 0.1850342857142857, 'ma28': 0.1788842857142857, 'adx': 37.95505632946256, 'di_plus': 52.55542246054769, 'di_minus': 7.8149058652856205, 'open': 0.2024, 'close': 0.25016, 'trend': 'LONG'}, 'score_details': {'score': 70.44925126864294, 'adx': 38.19925126864293, 'volume_ratio': 3.080323798010162, 'ma_separation_pct': 4.9385829990883465, 'rr_ratio': 1.45, 'adx_points': 18.199251268642932, 'volume_points': 30.0, 'ma_points': 20.0, 'rr_points': 2.25}, 'signal_row': {'open': 0.23778, 'high': 0.26021, 'low': 0.23591, 'close': 0.25016, 'volume': 628499.0, 'turnover': 158304.93625, 'ma7': 0.22733857142857142, 'ma14': 0.22048714285714285, 'ma28': 0.21663964285714285, 'mavol_fast': 221785.11111111112, 'mavol_slow': 204036.66666666666, 'volume_ratio': 1.0869865438129314, 'volume_spike_ratio': 3.080323798010162, 'rsi': 82.77089078964974, 'di_plus': 52.19257467990309, 'di_minus': 10.377548205353536, 'adx': 38.19925126864293, 'atr': 0.006890172611643608, 'atr_pct': 0.027543062886327185}, 'side': 'LONG', 'risk_amount': 4.308488192000002, 'pretrade_exit_plan': {'stop_loss': 0.2166, 'take_profit': 0.2989, 'risk_distance': 0.033560000000000006, 'reward_distance': 0.048740000000000006, 'risk_reward': 1.4523241954707984}, 'entry_price_hint': 0.25016, 'create_bracket': True, 'leverage': 2.0, 'liquidation_price_estimate': 0.1263308, 'portfolio_heat_after': 4.29962756, 'atr_pct': 0.027543062886327185, 'entry_bar_index': 41192, 'actual_exit_plan': {'stop_loss': 0.2166, 'take_profit': 0.2991, 'risk_distance': 0.03366006400000002, 'reward_distance': 0.04883993599999997, 'risk_reward': 1.4509757319534493}, 'position_side': 'LONG', 'exit_plan': {'stop_loss': 0.2166, 'take_profit': 0.2991, 'risk_distance': 0.03366006400000002, 'reward_distance': 0.04883993599999997, 'risk_reward': 1.4509757319534493}, 'source_entry_order': '0bb3e779-f02c-4db9-b2c9-1ecb1bb4b9ca', 'exit_reason': 'stop_loss'}",-1.0114872496142613
2b5d63ea-8f6a-4bf1-95a8-08354d240576,BUSDT,SHORT,2025-10-14 08:20:00+00:00,2025-10-14 12:45:00+00:00,0.189084336,0.1838,604.2,3.1927958112000008,0.08504500769616,0.045716188800001854,3.107750803503841,2.1845841888000113,take_profit_1,53,"{'strategy': 'live_indicator_adapter', 'signal_reason': 'signal_confirmed', 'signal_details': {'ma7': 0.19118, 'ma14': 0.19185000000000002, 'ma28': 0.19261642857142855, 'mavol_fast': 34183.444444444445, 'mavol_slow': 26454.222222222223, 'volume': 52765.0, 'volume_ratio': 1.292173482073855, 'volume_spike_ratio': 1.9945776351601088, 'adx': 49.612346703855636, 'di_plus': 8.834628598491541, 'di_minus': 36.335180228544274, 'close': 0.18916, 'signal': 'SHORT'}, 'htf_reason': 'htf_trend_confirmed', 'htf_details': {'ma7': 0.20045857142857143, 'ma14': 0.20624071428571428, 'ma28': 0.2134807142857143, 'adx': 31.47812072018588, 'di_plus': 17.17446730595011, 'di_minus': 21.20511879156004, 'open': 0.19271, 'close': 0.19172, 'trend': 'SHORT'}, 'score_details': {'score': 54.238467389499164, 'adx': 49.612346703855636, 'volume_ratio': 1.9945776351601088, 'ma_separation_pct': 0.7457456158241899, 'rr_ratio': 1.45, 'adx_points': 29.612346703855636, 'volume_points': 14.918664527401631, 'ma_points': 7.457456158241898, 'rr_points': 2.25}, 'signal_row': {'open': 0.19109, 'high': 0.19118, 'low': 0.18823, 'close': 0.18916, 'volume': 52765.0, 'turnover': 9976.87633, 'ma7': 0.19118, 'ma14': 0.19185000000000002, 'ma28': 0.19261642857142855, 'mavol_fast': 34183.444444444445, 'mavol_slow': 26454.222222222223, 'volume_ratio': 1.292173482073855, 'volume_spike_ratio': 1.9945776351601088, 'rsi': 25.7256098410993, 'di_plus': 8.834628598491541, 'di_minus': 36.335180228544274, 'adx': 49.612346703855636, 'atr': 0.0017167935954224035, 'atr_pct': 0.009075880711685365}, 'side': 'SHORT', 'risk_amount': 4.369529944000022, 'pretrade_exit_plan': {'stop_loss': 0.1927, 'take_profit': 0.184, 'risk_distance': 0.0035400000000000154, 'reward_distance': 0.005159999999999998, 'risk_reward': 1.4576271186440608}, 'entry_price_hint': 0.18916, 'create_bracket': True, 'leverage': 2.0, 'liquidation_price_estimate': 0.2827942, 'portfolio_heat_after': 4.278681560000018, 'atr_pct': 0.009075880711685365, 'entry_bar_index': 41496, 'actual_exit_plan': {'stop_loss': 0.1927, 'take_profit': 0.1838, 'risk_distance': 0.0036156640000000184, 'reward_distance': 0.005284336000000001, 'risk_reward': 1.4615119103987466}, 'position_side': 'SHORT', 'exit_plan': {'stop_loss': 0.1927, 'take_profit': 0.1838, 'risk_distance': 0.0036156640000000184, 'reward_distance': 0.005284336000000001, 'risk_reward': 1.4615119103987466}, 'source_entry_order': '6b7755c0-452b-4f55-b40c-49a1bc580aea', 'exit_reason': 'take_profit_1'}",1.4225823016740424
92ad862e-dcef-413f-8b07-57e056338c9d,BUSDT,SHORT,2025-10-14 08:20:00+00:00,2025-10-14 15:50:00+00:00,0.189084336,0.19281562,604.3,-2.254814921200001,0.12693017887594,0.11559292119999154,-2.381745100075941,2.184945755200011,stop_loss,90,"{'strategy': 'live_indicator_adapter', 'signal_reason': 'signal_confirmed', 'signal_details': {'ma7': 0.19118, 'ma14': 0.19185000000000002, 'ma28': 0.19261642857142855, 'mavol_fast': 34183.444444444445, 'mavol_slow': 26454.222222222223, 'volume': 52765.0, 'volume_ratio': 1.292173482073855, 'volume_spike_ratio': 1.9945776351601088, 'adx': 49.612346703855636, 'di_plus': 8.834628598491541, 'di_minus': 36.335180228544274, 'close': 0.18916, 'signal': 'SHORT'}, 'htf_reason': 'htf_trend_confirmed', 'htf_details': {'ma7': 0.20045857142857143, 'ma14': 0.20624071428571428, 'ma28': 0.2134807142857143, 'adx': 31.47812072018588, 'di_plus': 17.17446730595011, 'di_minus': 21.20511879156004, 'open': 0.19271, 'close': 0.19172, 'trend': 'SHORT'}, 'score_details': {'score': 54.238467389499164, 'adx': 49.612346703855636, 'volume_ratio': 1.9945776351601088, 'ma_separation_pct': 0.7457456158241899, 'rr_ratio': 1.45, 'adx_points': 29.612346703855636, 'volume_points': 14.918664527401631, 'ma_points': 7.457456158241898, 'rr_points': 2.25}, 'signal_row': {'open': 0.19109, 'high': 0.19118, 'low': 0.18823, 'close': 0.18916, 'volume': 52765.0, 'turnover': 9976.87633, 'ma7': 0.19118, 'ma14': 0.19185000000000002, 'ma28': 0.19261642857142855, 'mavol_fast': 34183.444444444445, 'mavol_slow': 26454.222222222223, 'volume_ratio': 1.292173482073855, 'volume_spike_ratio': 1.9945776351601088, 'rsi': 25.7256098410993, 'di_plus': 8.834628598491541, 'di_minus': 36.335180228544274, 'adx': 49.612346703855636, 'atr': 0.0017167935954224035, 'atr_pct': 0.009075880711685365}, 'side': 'SHORT', 'risk_amount': 4.369529944000022, 'pretrade_exit_plan': {'stop_loss': 0.1927, 'take_profit': 0.184, 'risk_distance': 0.0035400000000000154, 'reward_distance': 0.005159999999999998, 'risk_reward': 1.4576271186440608}, 'entry_price_hint': 0.18916, 'create_bracket': True, 'leverage': 2.0, 'liquidation_price_estimate': 0.2827942, 'portfolio_heat_after': 4.278681560000018, 'atr_pct': 0.009075880711685365, 'entry_bar_index': 41496, 'actual_exit_plan': {'stop_loss': 0.1927, 'take_profit': 0.1838, 'risk_distance': 0.0036156640000000184, 'reward_distance': 0.005284336000000001, 'risk_reward': 1.4615119103987466}, 'position_side': 'SHORT', 'exit_plan': {'stop_loss': 0.1927, 'take_profit': 0.1838, 'risk_distance': 0.0036156640000000184, 'reward_distance': 0.005284336000000001, 'risk_reward': 1.4615119103987466}, 'source_entry_order': '6b7755c0-452b-4f55-b40c-49a1bc580aea', 'exit_reason': 'stop_loss'}",-1.090070586149593
e163144d-dad6-4338-81c9-890013de520b,NEARUSDT,SHORT,2025-10-15 20:35:00+00:00,2025-10-16 01:10:00+00:00,2.2950816,2.34030334,99.7,-4.5086074780000125,0.2541813331849,0.23147747799997398,-4.762788811184913,4.3686944800000145,stop_loss,55,"{'strategy': 'live_indicator_adapter', 'signal_reason': 'signal_confirmed', 'signal_details': {'ma7': 2.326285714285714, 'ma14': 2.3308571428571434, 'ma28': 2.3388214285714284, 'mavol_fast': 196397.8888888893, 'mavol_slow': 173640.23333333313, 'volume': 1124766.8, 'volume_ratio': 1.1310621111172365, 'volume_spike_ratio': 6.477570194465307, 'adx': 24.078330657692828, 'di_plus': 13.138982296268004, 'di_minus': 43.33160749013741, 'close': 2.296, 'signal': 'SHORT'}, 'htf_reason': 'htf_trend_confirmed', 'htf_details': {'ma7': 2.353857142857143, 'ma14': 2.397357142857143, 'ma28': 2.4280000000000004, 'adx': 32.35584700759148, 'di_plus': 10.398459000769556, 'di_minus': 27.073642376916474, 'open': 2.354, 'close': 2.329, 'trend': 'SHORT'}, 'score_details': {'score': 41.688173069163824, 'adx': 24.078330657692828, 'volume_ratio': 6.477570194465307, 'ma_separation_pct': 0.5359842411470993, 'rr_ratio': 1.45, 'adx_points': 4.0783306576928275, 'volume_points': 30.0, 'ma_points': 5.359842411470993, 'rr_points': 2.25}, 'signal_row': {'open': 2.319, 'high': 2.319, 'low': 2.29, 'close': 2.296, 'volume': 1124766.8, 'turnover': 2592210.618, 'ma7': 2.326285714285714, 'ma14': 2.3308571428571434, 'ma28': 2.3388214285714284, 'mavol_fast': 196397.8888888893, 'mavol_slow': 173640.23333333313, 'volume_ratio': 1.1310621111172365, 'volume_spike_ratio': 6.477570194465307, 'rsi': 28.697725720441326, 'di_plus': 13.138982296268004, 'di_minus': 43.33160749013741, 'adx': 24.078330657692828, 'atr': 0.01223162601400334, 'atr_pct': 0.005327363246517135}, 'side': 'SHORT', 'risk_amount': 4.3686944800000145, 'pretrade_exit_plan': {'stop_loss': 2.3389, 'take_profit': 2.2337, 'risk_distance': 0.04290000000000038, 'reward_distance': 0.06230000000000002, 'risk_reward': 1.4522144522144398}, 'entry_price_hint': 2.296, 'create_bracket': True, 'leverage': 2.0, 'liquidation_price_estimate': 3.43252, 'portfolio_heat_after': 4.282011560000037, 'atr_pct': 0.005327363246517135, 'entry_bar_index': 41931, 'actual_exit_plan': {'stop_loss': 2.3389, 'take_profit': 2.2315, 'risk_distance': 0.043818400000000146, 'reward_distance': 0.06358160000000002, 'risk_reward': 1.451025140123779}, 'position_side': 'SHORT', 'exit_plan': {'stop_loss': 2.3389, 'take_profit': 2.2315, 'risk_distance': 0.043818400000000146, 'reward_distance': 0.06358160000000002, 'risk_reward': 1.451025140123779}, 'source_entry_order': '7ee1f81a-3e19-4b56-bb86-b8c867248e4f', 'exit_reason': 'stop_loss'}",-1.090208718643309
97d2c541-8533-4ea1-b949-b1c22f2f7b01,NEARUSDT,SHORT,2025-10-16 05:30:00+00:00,2025-10-16 05:35:00+00:00,2.3240700000000003,2.33880244,107.5,-1.5837372999999477,0.275692333015,0.2507372999999513,-1.8594296330149478,1.432974999999983,stop_loss,1,"{'strategy': 'live_indicator_adapter', 'signal_reason': 'signal_confirmed', 'signal_details': {'ma7': 2.3278571428571433, 'ma14': 2.3335714285714286, 'ma28': 2.3373214285714283, 'mavol_fast': 44730.40000000039, 'mavol_slow': 37693.68888888868, 'volume': 44063.5, 'volume_ratio': 1.1866814132162582, 'volume_spike_ratio': 1.1689887962382213, 'adx': 22.64709234380872, 'di_plus': 12.155928890677774, 'di_minus': 24.795179643432352, 'close': 2.325, 'signal': 'SHORT'}, 'htf_reason': 'htf_trend_confirmed', 'htf_details': {'ma7': 2.328, 'ma14': 2.3329999999999997, 'ma28': 2.384178571428571, 'adx': 37.279898258173695, 'di_plus': 9.913820550679262, 'di_minus': 21.203523974553118, 'open': 2.332, 'close': 2.325, 'trend': 'SHORT'}, 'score_details': {'score': 11.481125907062397, 'adx': 22.64709234380872, 'volume_ratio': 1.1689887962382213, 'ma_separation_pct': 0.4049201619680359, 'rr_ratio': 1.45, 'adx_points': 2.647092343808719, 'volume_points': 2.534831943573319, 'ma_points': 4.049201619680359, 'rr_points': 2.25}, 'signal_row': {'open': 2.33, 'high': 2.331, 'low': 2.323, 'close': 2.325, 'volume': 44063.5, 'turnover': 102534.3301, 'ma7': 2.3278571428571433, 'ma14': 2.3335714285714286, 'ma28': 2.3373214285714283, 'mavol_fast': 44730.40000000039, 'mavol_slow': 37693.68888888868, 'volume_ratio': 1.1866814132162582, 'volume_spike_ratio': 1.1689887962382213, 'rsi': 40.724796180871294, 'di_plus': 12.155928890677774, 'di_minus': 24.795179643432352, 'adx': 22.64709234380872, 'atr': 0.00853081940714449, 'atr_pct': 0.003669169637481501}, 'side': 'SHORT', 'risk_amount': 1.432974999999983, 'pretrade_exit_plan': {'stop_loss': 2.3374, 'take_profit': 2.307, 'risk_distance': 0.012399999999999967, 'reward_distance': 0.018000000000000238, 'risk_reward': 1.4516129032258296}, 'entry_price_hint': 2.325, 'create_bracket': True, 'leverage': 2.0, 'liquidation_price_estimate': 3.4758750000000007, 'portfolio_heat_after': 1.3335915599999957, 'atr_pct': 0.003669169637481501, 'entry_bar_index': 42038, 'actual_exit_plan': {'stop_loss': 2.3374, 'take_profit': 2.3047, 'risk_distance': 0.013329999999999842, 'reward_distance': 0.01937000000000033, 'risk_reward': 1.453113278319622}, 'position_side': 'SHORT', 'exit_plan': {'stop_loss': 2.3374, 'take_profit': 2.3047, 'risk_distance': 0.013329999999999842, 'reward_distance': 0.01937000000000033, 'risk_reward': 1.453113278319622}, 'source_entry_order': '3b2c37bc-981e-475d-b875-932c4be66d38', 'exit_reason': 'stop_loss'}",-1.297600888372072
def95aa0-5ef7-46cd-a77f-e7c22f8af388,BUSDT,SHORT,2025-10-16 15:50:00+00:00,2025-10-16 16:00:00+00:00,0.17835862800000002,0.1743,700.5,2.843068914000006,0.09313655040270001,0.04999608599999035,2.749932363597306,1.9203310859999942,take_profit_1,2,"{'strategy': 'live_indicator_adapter', 'signal_reason': 'signal_confirmed', 'signal_details': {'ma7': 0.17966, 'ma14': 0.18075928571428573, 'ma28': 0.1810557142857143, 'mavol_fast': 31773.444444444445, 'mavol_slow': 29315.777777777777, 'volume': 33507.0, 'volume_ratio': 1.0838342644461458, 'volume_spike_ratio': 1.1429681400231957, 'adx': 24.249978875503366, 'di_plus': 14.079470306279694, 'di_minus': 30.470865282142476, 'close': 0.17843, 'signal': 'SHORT'}, 'htf_reason': 'htf_trend_confirmed', 'htf_details': {'ma7': 0.18420857142857144, 'ma14': 0.18461714285714287, 'ma28': 0.18609928571428572, 'adx': 30.084416746190932, 'di_plus': 9.694659060179495, 'di_minus': 33.78557606016448, 'open': 0.18139, 'close': 0.182, 'trend': 'SHORT'}, 'score_details': {'score': 16.353256765308487, 'adx': 24.249978875503366, 'volume_ratio': 1.1429681400231957, 'ma_separation_pct': 0.7708755789457183, 'rr_ratio': 1.45, 'adx_points': 4.249978875503366, 'volume_points': 2.1445221003479356, 'ma_points': 7.708755789457183, 'rr_points': 2.25}, 'signal_row': {'open': 0.17955, 'high': 0.17955, 'low': 0.1776, 'close': 0.17843, 'volume': 33507.0, 'turnover': 5980.12885, 'ma7': 0.17966, 'ma14': 0.18075928571428573, 'ma28': 0.1810557142857143, 'mavol_fast': 31773.444444444445, 'mavol_slow': 29315.777777777777, 'volume_ratio': 1.0838342644461458, 'volume_spike_ratio': 1.1429681400231957, 'rsi': 33.2603859714561, 'di_plus': 14.079470306279694, 'di_minus': 30.470865282142476, 'adx': 24.249978875503366, 'atr': 0.0012641552405802548, 'atr_pct': 0.007084880572662976}, 'side': 'SHORT', 'risk_amount': 3.8406621719999885, 'pretrade_exit_plan': {'stop_loss': 0.1811, 'take_profit': 0.1745, 'risk_distance': 0.0026700000000000057, 'reward_distance': 0.003930000000000017, 'risk_reward': 1.4719101123595537}, 'entry_price_hint': 0.17843, 'create_bracket': True, 'leverage': 2.0, 'liquidation_price_estimate': 0.26675285000000004, 'portfolio_heat_after': 3.741528560000007, 'atr_pct': 0.007084880572662976, 'entry_bar_index': 42162, 'actual_exit_plan': {'stop_loss': 0.1811, 'take_profit': 0.1743, 'risk_distance': 0.002741371999999992, 'reward_distance': 0.0040586280000000086, 'risk_reward': 1.480509759346787}, 'position_side': 'SHORT', 'exit_plan': {'stop_loss': 0.1811, 'take_profit': 0.1743, 'risk_distance': 0.002741371999999992, 'reward_distance': 0.0040586280000000086, 'risk_reward': 1.480509759346787}, 'source_entry_order': 'ff062cca-9727-4c24-8b1b-13ee54a8fa88', 'exit_reason': 'take_profit_1'}",1.4320095027599393
ae8cbb54-b6dc-4772-872f-e0777c402597,BUSDT,SHORT,2025-10-16 15:50:00+00:00,2025-10-17 04:05:00+00:00,0.17835862800000002,0.18120866,700.5,-1.996447415999982,0.1385322868842,0.1261124159999782,-2.134979702884182,1.9203310859999942,stop_loss,147,"{'strategy': 'live_indicator_adapter', 'signal_reason': 'signal_confirmed', 'signal_details': {'ma7': 0.17966, 'ma14': 0.18075928571428573, 'ma28': 0.1810557142857143, 'mavol_fast': 31773.444444444445, 'mavol_slow': 29315.777777777777, 'volume': 33507.0, 'volume_ratio': 1.0838342644461458, 'volume_spike_ratio': 1.1429681400231957, 'adx': 24.249978875503366, 'di_plus': 14.079470306279694, 'di_minus': 30.470865282142476, 'close': 0.17843, 'signal': 'SHORT'}, 'htf_reason': 'htf_trend_confirmed', 'htf_details': {'ma7': 0.18420857142857144, 'ma14': 0.18461714285714287, 'ma28': 0.18609928571428572, 'adx': 30.084416746190932, 'di_plus': 9.694659060179495, 'di_minus': 33.78557606016448, 'open': 0.18139, 'close': 0.182, 'trend': 'SHORT'}, 'score_details': {'score': 16.353256765308487, 'adx': 24.249978875503366, 'volume_ratio': 1.1429681400231957, 'ma_separation_pct': 0.7708755789457183, 'rr_ratio': 1.45, 'adx_points': 4.249978875503366, 'volume_points': 2.1445221003479356, 'ma_points': 7.708755789457183, 'rr_points': 2.25}, 'signal_row': {'open': 0.17955, 'high': 0.17955, 'low': 0.1776, 'close': 0.17843, 'volume': 33507.0, 'turnover': 5980.12885, 'ma7': 0.17966, 'ma14': 0.18075928571428573, 'ma28': 0.1810557142857143, 'mavol_fast': 31773.444444444445, 'mavol_slow': 29315.777777777777, 'volume_ratio': 1.0838342644461458, 'volume_spike_ratio': 1.1429681400231957, 'rsi': 33.2603859714561, 'di_plus': 14.079470306279694, 'di_minus': 30.470865282142476, 'adx': 24.249978875503366, 'atr': 0.0012641552405802548, 'atr_pct': 0.007084880572662976}, 'side': 'SHORT', 'risk_amount': 3.8406621719999885, 'pretrade_exit_plan': {'stop_loss': 0.1811, 'take_profit': 0.1745, 'risk_distance': 0.0026700000000000057, 'reward_distance': 0.003930000000000017, 'risk_reward': 1.4719101123595537}, 'entry_price_hint': 0.17843, 'create_bracket': True, 'leverage': 2.0, 'liquidation_price_estimate': 0.26675285000000004, 'portfolio_heat_after': 3.741528560000007, 'atr_pct': 0.007084880572662976, 'entry_bar_index': 42162, 'actual_exit_plan': {'stop_loss': 0.1811, 'take_profit': 0.1743, 'risk_distance': 0.002741371999999992, 'reward_distance': 0.0040586280000000086, 'risk_reward': 1.480509759346787}, 'position_side': 'SHORT', 'exit_plan': {'stop_loss': 0.1811, 'take_profit': 0.1743, 'risk_distance': 0.002741371999999992, 'reward_distance': 0.0040586280000000086, 'risk_reward': 1.480509759346787}, 'source_entry_order': 'ff062cca-9727-4c24-8b1b-13ee54a8fa88', 'exit_reason': 'stop_loss'}",-1.1117768797521763
54cdc4ef-d782-4361-971f-280d88bb18d4,NEARUSDT,SHORT,2025-10-17 06:45:00+00:00,2025-10-17 07:55:00+00:00,2.1601356000000003,2.0917,45.7,3.1275069200000174,0.07341314630600002,0.03950307999998928,3.0540937736940172,2.15541307999999,take_profit_1,14,"{'strategy': 'live_indicator_adapter', 'signal_reason': 'signal_confirmed', 'signal_details': {'ma7': 2.1854285714285715, 'ma14': 2.195357142857143, 'ma28': 2.2072857142857143, 'mavol_fast': 286962.2888888893, 'mavol_slow': 262601.1111111109, 'volume': 450469.0, 'volume_ratio': 1.0927687536229456, 'volume_spike_ratio': 1.7154116298060866, 'adx': 29.126115823004007, 'di_plus': 7.33003433755747, 'di_minus': 37.88576346977584, 'close': 2.161, 'signal': 'SHORT'}, 'htf_reason': 'htf_trend_confirmed', 'htf_details': {'ma7': 2.2124285714285716, 'ma14': 2.222785714285714, 'ma28': 2.277, 'adx': 54.25296091042592, 'di_plus': 8.794671418945914, 'di_minus': 28.66004260521494, 'open': 2.224, 'close': 2.202, 'trend': 'SHORT'}, 'score_details': {'score': 32.00956196772003, 'adx': 29.126115823004007, 'volume_ratio': 1.7154116298060866, 'ma_separation_pct': 0.9902271697624723, 'rr_ratio': 1.45, 'adx_points': 9.126115823004007, 'volume_points': 10.7311744470913, 'ma_points': 9.902271697624723, 'rr_points': 2.25}, 'signal_row': {'open': 2.167, 'high': 2.168, 'low': 2.154, 'close': 2.161, 'volume': 450469.0, 'turnover': 972866.3826, 'ma7': 2.1854285714285715, 'ma14': 2.195357142857143, 'ma28': 2.2072857142857143, 'mavol_fast': 286962.2888888893, 'mavol_slow': 262601.1111111109, 'volume_ratio': 1.0927687536229456, 'volume_spike_ratio': 1.7154116298060866, 'rsi': 21.297833097565857, 'di_plus': 7.33003433755747, 'di_minus': 37.88576346977584, 'adx': 29.126115823004007, 'atr': 0.011813932325851243, 'atr_pct': 0.005466882149861751}, 'side': 'SHORT', 'risk_amount': 4.3249754799999796, 'pretrade_exit_plan': {'stop_loss': 2.2073, 'take_profit': 2.0938, 'risk_distance': 0.04630000000000001, 'reward_distance': 0.06720000000000015, 'risk_reward': 1.4514038876889879}, 'entry_price_hint': 2.161, 'create_bracket': True, 'leverage': 2.0, 'liquidation_price_estimate': 3.2306950000000003, 'portfolio_heat_after': 4.25093156, 'atr_pct': 0.005466882149861751, 'entry_bar_index': 42341, 'actual_exit_plan': {'stop_loss': 2.2073, 'take_profit': 2.0917, 'risk_distance': 0.04716439999999977, 'reward_distance': 0.06843560000000037, 'risk_reward': 1.4510011788552533}, 'position_side': 'SHORT', 'exit_plan': {'stop_loss': 2.2073, 'take_profit': 2.0917, 'risk_distance': 0.04716439999999977, 'reward_distance': 0.06843560000000037, 'risk_reward': 1.4510011788552533}, 'source_entry_order': '1eee4594-d10f-4c74-9a33-821738adb56f', 'exit_reason': 'take_profit_1'}",1.4169412824079324
05f6e456-1d76-49f1-badf-101b679bf928,NEARUSDT,SHORT,2025-10-17 06:45:00+00:00,2025-10-19 10:25:00+00:00,2.1601356000000003,2.20862438,46.0,-2.23048387999998,0.110529627494,0.10068387999997963,-2.34101350749398,2.1695623999999896,stop_loss,620,"{'strategy': 'live_indicator_adapter', 'signal_reason': 'signal_confirmed', 'signal_details': {'ma7': 2.1854285714285715, 'ma14': 2.195357142857143, 'ma28': 2.2072857142857143, 'mavol_fast': 286962.2888888893, 'mavol_slow': 262601.1111111109, 'volume': 450469.0, 'volume_ratio': 1.0927687536229456, 'volume_spike_ratio': 1.7154116298060866, 'adx': 29.126115823004007, 'di_plus': 7.33003433755747, 'di_minus': 37.88576346977584, 'close': 2.161, 'signal': 'SHORT'}, 'htf_reason': 'htf_trend_confirmed', 'htf_details': {'ma7': 2.2124285714285716, 'ma14': 2.222785714285714, 'ma28': 2.277, 'adx': 54.25296091042592, 'di_plus': 8.794671418945914, 'di_minus': 28.66004260521494, 'open': 2.224, 'close': 2.202, 'trend': 'SHORT'}, 'score_details': {'score': 32.00956196772003, 'adx': 29.126115823004007, 'volume_ratio': 1.7154116298060866, 'ma_separation_pct': 0.9902271697624723, 'rr_ratio': 1.45, 'adx_points': 9.126115823004007, 'volume_points': 10.7311744470913, 'ma_points': 9.902271697624723, 'rr_points': 2.25}, 'signal_row': {'open': 2.167, 'high': 2.168, 'low': 2.154, 'close': 2.161, 'volume': 450469.0, 'turnover': 972866.3826, 'ma7': 2.1854285714285715, 'ma14': 2.195357142857143, 'ma28': 2.2072857142857143, 'mavol_fast': 286962.2888888893, 'mavol_slow': 262601.1111111109, 'volume_ratio': 1.0927687536229456, 'volume_spike_ratio': 1.7154116298060866, 'rsi': 21.297833097565857, 'di_plus': 7.33003433755747, 'di_minus': 37.88576346977584, 'adx': 29.126115823004007, 'atr': 0.011813932325851243, 'atr_pct': 0.005466882149861751}, 'side': 'SHORT', 'risk_amount': 4.3249754799999796, 'pretrade_exit_plan': {'stop_loss': 2.2073, 'take_profit': 2.0938, 'risk_distance': 0.04630000000000001, 'reward_distance': 0.06720000000000015, 'risk_reward': 1.4514038876889879}, 'entry_price_hint': 2.161, 'create_bracket': True, 'leverage': 2.0, 'liquidation_price_estimate': 3.2306950000000003, 'portfolio_heat_after': 4.25093156, 'atr_pct': 0.005466882149861751, 'entry_bar_index': 42341, 'actual_exit_plan': {'stop_loss': 2.2073, 'take_profit': 2.0917, 'risk_distance': 0.04716439999999977, 'reward_distance': 0.06843560000000037, 'risk_reward': 1.4510011788552533}, 'position_side': 'SHORT', 'exit_plan': {'stop_loss': 2.2073, 'take_profit': 2.0917, 'risk_distance': 0.04716439999999977, 'reward_distance': 0.06843560000000037, 'risk_reward': 1.4510011788552533}, 'source_entry_order': '1eee4594-d10f-4c74-9a33-821738adb56f', 'exit_reason': 'stop_loss'}",-1.0790256631908772
f9a7df7b-7d99-42a5-aa3a-193acda4ddff,NEARUSDT,LONG,2025-10-19 22:40:00+00:00,2025-10-19 23:00:00+00:00,2.2939172,2.26973734,109.0,-2.63560474000003,0.27359108967300005,0.24850474000002665,-2.9091958296730303,2.487074799999998,stop_loss,4,"{'strategy': 'live_indicator_adapter', 'signal_reason': 'signal_confirmed', 'signal_details': {'ma7': 2.286142857142857, 'ma14': 2.2762142857142855, 'ma28': 2.2711071428571428, 'mavol_fast': 72294.37777777818, 'mavol_slow': 58834.37222222201, 'volume': 133355.8, 'volume_ratio': 1.2287779243180617, 'volume_spike_ratio': 2.2666307969821577, 'adx': 23.824446254003025, 'di_plus': 33.029139997977964, 'di_minus': 9.958781888685783, 'close': 2.293, 'signal': 'LONG'}, 'htf_reason': 'htf_trend_confirmed', 'htf_details': {'ma7': 2.2635714285714283, 'ma14': 2.2405, 'ma28': 2.2018928571428575, 'adx': 30.746785731250476, 'di_plus': 24.193651535708973, 'di_minus': 9.010622709920067, 'open': 2.274, 'close': 2.27, 'trend': 'LONG'}, 'score_details': {'score': 31.694341917908066, 'adx': 23.824446254003025, 'volume_ratio': 2.2666307969821577, 'ma_separation_pct': 0.6620433709172672, 'rr_ratio': 1.45, 'adx_points': 3.824446254003025, 'volume_points': 18.999461954732368, 'ma_points': 6.620433709172672, 'rr_points': 2.25}, 'signal_row': {'open': 2.294, 'high': 2.296, 'low': 2.291, 'close': 2.293, 'volume': 133355.8, 'turnover': 305821.9616, 'ma7': 2.286142857142857, 'ma14': 2.2762142857142855, 'ma28': 2.2711071428571428, 'mavol_fast': 72294.37777777818, 'mavol_slow': 58834.37222222201, 'volume_ratio': 1.2287779243180617, 'volume_spike_ratio': 2.2666307969821577, 'rsi': 70.24597164867079, 'di_plus': 33.029139997977964, 'di_minus': 9.958781888685783, 'adx': 23.824446254003025, 'atr': 0.006904429006552868, 'atr_pct': 0.0030110898414971075}, 'side': 'LONG', 'risk_amount': 2.487074799999998, 'pretrade_exit_plan': {'stop_loss': 2.2711, 'take_profit': 2.3248, 'risk_distance': 0.02190000000000003, 'reward_distance': 0.03180000000000005, 'risk_reward': 1.4520547945205482}, 'entry_price_hint': 2.293, 'create_bracket': True, 'leverage': 2.0, 'liquidation_price_estimate': 1.1579650000000001, 'portfolio_heat_after': 2.3876915600000026, 'atr_pct': 0.0030110898414971075, 'entry_bar_index': 43108, 'actual_exit_plan': {'stop_loss': 2.2711, 'take_profit': 2.3271, 'risk_distance': 0.022817199999999982, 'reward_distance': 0.03318280000000007, 'risk_reward': 1.4542888697999796}, 'position_side': 'LONG', 'exit_plan': {'stop_loss': 2.2711, 'take_profit': 2.3271, 'risk_distance': 0.022817199999999982, 'reward_distance': 0.03318280000000007, 'risk_reward': 1.4542888697999796}, 'source_entry_order': 'a865eef1-7ee9-4ec9-9516-65494258446d', 'exit_reason': 'stop_loss'}",-1.169725908393681
d2e5712c-dc49-4373-8227-fdb6fd0c6a7c,NEARUSDT,SHORT,2025-10-21 08:45:00+00:00,2025-10-21 10:05:00+00:00,2.1641340000000002,2.18511028,115.4,-2.4206627119999697,0.27604653445160005,0.25114271199995225,-2.69670924645157,2.2694563999999957,stop_loss,16,"{'strategy': 'live_indicator_adapter', 'signal_reason': 'signal_confirmed', 'signal_details': {'ma7': 2.1752857142857143, 'ma14': 2.1829285714285716, 'ma28': 2.1837142857142857, 'mavol_fast': 114806.63333333372, 'mavol_slow': 80137.64444444425, 'volume': 102045.7, 'volume_ratio': 1.4326180177771997, 'volume_spike_ratio': 1.2733803284016365, 'adx': 22.84659434253484, 'di_plus': 13.276938361054366, 'di_minus': 32.39252006643225, 'close': 2.165, 'signal': 'SHORT'}, 'htf_reason': 'htf_trend_confirmed', 'htf_details': {'ma7': 2.2025714285714284, 'ma14': 2.237428571428571, 'ma28': 2.269142857142857, 'adx': 24.149123376021027, 'di_plus': 13.609204826854201, 'di_minus': 27.6245035081106, 'open': 2.182, 'close': 2.195, 'trend': 'SHORT'}, 'score_details': {'score': 13.05704020798109, 'adx': 22.84659434253484, 'volume_ratio': 1.2733803284016365, 'ma_separation_pct': 0.38597409394217036, 'rr_ratio': 1.45, 'adx_points': 2.8465943425348392, 'volume_points': 4.100704926024548, 'ma_points': 3.8597409394217035, 'rr_points': 2.25}, 'signal_row': {'open': 2.169, 'high': 2.171, 'low': 2.163, 'close': 2.165, 'volume': 102045.7, 'turnover': 221016.8553, 'ma7': 2.1752857142857143, 'ma14': 2.1829285714285716, 'ma28': 2.1837142857142857, 'mavol_fast': 114806.63333333372, 'mavol_slow': 80137.64444444425, 'volume_ratio': 1.4326180177771997, 'volume_spike_ratio': 1.2733803284016365, 'rsi': 30.88753318031847, 'di_plus': 13.276938361054366, 'di_minus': 32.39252006643225, 'adx': 22.84659434253484, 'atr': 0.0066854366274682565, 'atr_pct': 0.0030879614907474624}, 'side': 'SHORT', 'risk_amount': 2.2694563999999957, 'pretrade_exit_plan': {'stop_loss': 2.1838, 'take_profit': 2.1377, 'risk_distance': 0.01880000000000015, 'reward_distance': 0.02729999999999988, 'risk_reward': 1.4521276595744501}, 'entry_price_hint': 2.165, 'create_bracket': True, 'leverage': 2.0, 'liquidation_price_estimate': 3.2366750000000004, 'portfolio_heat_after': 2.1701115600000165, 'atr_pct': 0.0030879614907474624, 'entry_bar_index': 43517, 'actual_exit_plan': {'stop_loss': 2.1838, 'take_profit': 2.1356, 'risk_distance': 0.01966599999999996, 'reward_distance': 0.02853400000000006, 'risk_reward': 1.4509305400183117}, 'position_side': 'SHORT', 'exit_plan': {'stop_loss': 2.1838, 'take_profit': 2.1356, 'risk_distance': 0.01966599999999996, 'reward_distance': 0.02853400000000006, 'risk_reward': 1.4509305400183117}, 'source_entry_order': '92cff57d-2672-4158-ada1-dfe1f4432f50', 'exit_reason': 'stop_loss'}",-1.1882621963795272
6d2de2c4-31cd-44c7-8581-249ce7cc4ac0,BUSDT,LONG,2025-10-23 16:25:00+00:00,2025-10-24 00:20:00+00:00,0.17371946,0.16610028,567.2,-4.321598896000002,0.10601016609040001,0.09595889599999491,-4.427609062090402,4.265037712000003,stop_loss,95,"{'strategy': 'live_indicator_adapter', 'signal_reason': 'signal_confirmed', 'signal_details': {'ma7': 0.16887428571428573, 'ma14': 0.16847642857142858, 'ma28': 0.1662075, 'mavol_fast': 100090.77777777778, 'mavol_slow': 68055.05555555556, 'volume': 261134.0, 'volume_ratio': 1.4707324380342386, 'volume_spike_ratio': 3.8370992113411444, 'adx': 28.743781680958396, 'di_plus': 49.67111665721948, 'di_minus': 11.464045724261284, 'close': 0.17365, 'signal': 'LONG'}, 'htf_reason': 'htf_trend_confirmed', 'htf_details': {'ma7': 0.16153571428571428, 'ma14': 0.15750642857142858, 'ma28': 0.15687357142857142, 'adx': 27.458669248559925, 'di_plus': 41.23487992206206, 'di_minus': 7.74232314088021, 'open': 0.16469, 'close': 0.16584, 'trend': 'LONG'}, 'score_details': {'score': 57.038699715858854, 'adx': 28.743781680958396, 'volume_ratio': 3.8370992113411444, 'ma_separation_pct': 1.6044918034900464, 'rr_ratio': 1.45, 'adx_points': 8.743781680958396, 'volume_points': 30.0, 'ma_points': 16.044918034900462, 'rr_points': 2.25}, 'signal_row': {'open': 0.17637, 'high': 0.17638, 'low': 0.17293, 'close': 0.17365, 'volume': 261134.0, 'turnover': 45640.16213, 'ma7': 0.16887428571428573, 'ma14': 0.16847642857142858, 'ma28': 0.1662075, 'mavol_fast': 100090.77777777778, 'mavol_slow': 68055.05555555556, 'volume_ratio': 1.4707324380342386, 'volume_spike_ratio': 3.8370992113411444, 'rsi': 67.02686799168418, 'di_plus': 49.67111665721948, 'di_minus': 11.464045724261284, 'adx': 28.743781680958396, 'atr': 0.0024520624728002582, 'atr_pct': 0.014120716802765668}, 'side': 'LONG', 'risk_amount': 4.265789658000003, 'pretrade_exit_plan': {'stop_loss': 0.1662, 'take_profit': 0.1845, 'risk_distance': 0.007450000000000012, 'reward_distance': 0.010849999999999999, 'risk_reward': 1.4563758389261718}, 'entry_price_hint': 0.17365, 'create_bracket': True, 'leverage': 2.0, 'liquidation_price_estimate': 0.08769325, 'portfolio_heat_after': 4.227721560000006, 'atr_pct': 0.014120716802765668, 'entry_bar_index': 44185, 'actual_exit_plan': {'stop_loss': 0.1662, 'take_profit': 0.1847, 'risk_distance': 0.007519460000000006, 'reward_distance': 0.01098054000000001, 'risk_reward': 1.4602830522404537}, 'position_side': 'LONG', 'exit_plan': {'stop_loss': 0.1662, 'take_profit': 0.1847, 'risk_distance': 0.007519460000000006, 'reward_distance': 0.01098054000000001, 'risk_reward': 1.4602830522404537}, 'source_entry_order': '9241d889-ce24-4bdd-b33b-2f5cfba73aac', 'exit_reason': 'stop_loss'}",-1.0381172128051743
ae4791fe-9661-40dd-9304-215930222289,BUSDT,LONG,2025-10-23 16:25:00+00:00,2025-10-26 20:00:00+00:00,0.17371946,0.1847,0.09999999999990905,0.0010980539999990023,1.3248570299986325e-05,6.9459999999937905e-06,0.001084805429699016,0.0007519459999993927,take_profit_1,907,"{'strategy': 'live_indicator_adapter', 'signal_reason': 'signal_confirmed', 'signal_details': {'ma7': 0.16887428571428573, 'ma14': 0.16847642857142858, 'ma28': 0.1662075, 'mavol_fast': 100090.77777777778, 'mavol_slow': 68055.05555555556, 'volume': 261134.0, 'volume_ratio': 1.4707324380342386, 'volume_spike_ratio': 3.8370992113411444, 'adx': 28.743781680958396, 'di_plus': 49.67111665721948, 'di_minus': 11.464045724261284, 'close': 0.17365, 'signal': 'LONG'}, 'htf_reason': 'htf_trend_confirmed', 'htf_details': {'ma7': 0.16153571428571428, 'ma14': 0.15750642857142858, 'ma28': 0.15687357142857142, 'adx': 27.458669248559925, 'di_plus': 41.23487992206206, 'di_minus': 7.74232314088021, 'open': 0.16469, 'close': 0.16584, 'trend': 'LONG'}, 'score_details': {'score': 57.038699715858854, 'adx': 28.743781680958396, 'volume_ratio': 3.8370992113411444, 'ma_separation_pct': 1.6044918034900464, 'rr_ratio': 1.45, 'adx_points': 8.743781680958396, 'volume_points': 30.0, 'ma_points': 16.044918034900462, 'rr_points': 2.25}, 'signal_row': {'open': 0.17637, 'high': 0.17638, 'low': 0.17293, 'close': 0.17365, 'volume': 261134.0, 'turnover': 45640.16213, 'ma7': 0.16887428571428573, 'ma14': 0.16847642857142858, 'ma28': 0.1662075, 'mavol_fast': 100090.77777777778, 'mavol_slow': 68055.05555555556, 'volume_ratio': 1.4707324380342386, 'volume_spike_ratio': 3.8370992113411444, 'rsi': 67.02686799168418, 'di_plus': 49.67111665721948, 'di_minus': 11.464045724261284, 'adx': 28.743781680958396, 'atr': 0.0024520624728002582, 'atr_pct': 0.014120716802765668}, 'side': 'LONG', 'risk_amount': 4.265789658000003, 'pretrade_exit_plan': {'stop_loss': 0.1662, 'take_profit': 0.1845, 'risk_distance': 0.007450000000000012, 'reward_distance': 0.010849999999999999, 'risk_reward': 1.4563758389261718}, 'entry_price_hint': 0.17365, 'create_bracket': True, 'leverage': 2.0, 'liquidation_price_estimate': 0.08769325, 'portfolio_heat_after': 4.227721560000006, 'atr_pct': 0.014120716802765668, 'entry_bar_index': 44185, 'actual_exit_plan': {'stop_loss': 0.1662, 'take_profit': 0.1847, 'risk_distance': 0.007519460000000006, 'reward_distance': 0.01098054000000001, 'risk_reward': 1.4602830522404537}, 'position_side': 'LONG', 'exit_plan': {'stop_loss': 0.1662, 'take_profit': 0.1847, 'risk_distance': 0.007519460000000006, 'reward_distance': 0.01098054000000001, 'risk_reward': 1.4602830522404537}, 'source_entry_order': '9241d889-ce24-4bdd-b33b-2f5cfba73aac', 'exit_reason': 'take_profit_1'}",1.442664007388685
882ae10c-cc95-4bce-85b9-bd4bdd7b4d76,BUSDT,LONG,2025-10-26 20:05:00+00:00,2025-10-27 06:40:00+00:00,0.187905132,0.1813911,664.2,-4.326620054400002,0.13490760651192002,0.12223405440000043,-4.461527660911922,4.254288674400006,stop_loss,127,"{'strategy': 'live_indicator_adapter', 'signal_reason': 'signal_confirmed', 'signal_details': {'ma7': 0.1819757142857143, 'ma14': 0.18173714285714285, 'ma28': 0.18156035714285715, 'mavol_fast': 19121.222222222223, 'mavol_slow': 14095.333333333334, 'volume': 150101.0, 'volume_ratio': 1.3565640322250074, 'volume_spike_ratio': 10.64898547982784, 'adx': 41.8559254089163, 'di_plus': 56.47885646932206, 'di_minus': 10.718160589232811, 'close': 0.18783, 'signal': 'LONG'}, 'htf_reason': 'htf_trend_confirmed', 'htf_details': {'ma7': 0.1771657142857143, 'ma14': 0.17508214285714288, 'ma28': 0.17216357142857144, 'adx': 49.25750296395302, 'di_plus': 38.88602475697445, 'di_minus': 5.021614953131305, 'open': 0.18159, 'close': 0.18157, 'trend': 'LONG'}, 'score_details': {'score': 56.393633746757544, 'adx': 41.8559254089163, 'volume_ratio': 10.64898547982784, 'ma_separation_pct': 0.22877083378412413, 'rr_ratio': 1.45, 'adx_points': 21.8559254089163, 'volume_points': 30.0, 'ma_points': 2.2877083378412415, 'rr_points': 2.25}, 'signal_row': {'open': 0.18157, 'high': 0.18805, 'low': 0.18155, 'close': 0.18783, 'volume': 150101.0, 'turnover': 27882.26351, 'ma7': 0.1819757142857143, 'ma14': 0.18173714285714285, 'ma28': 0.18156035714285715, 'mavol_fast': 19121.222222222223, 'mavol_slow': 14095.333333333334, 'volume_ratio': 1.3565640322250074, 'volume_spike_ratio': 10.64898547982784, 'rsi': 78.60362693172405, 'di_plus': 56.47885646932206, 'di_minus': 10.718160589232811, 'adx': 41.8559254089163, 'atr': 0.001194058768384956, 'atr_pct': 0.006357124891577256}, 'side': 'LONG', 'risk_amount': 4.254288674400006, 'pretrade_exit_plan': {'stop_loss': 0.1815, 'take_profit': 0.1971, 'risk_distance': 0.006330000000000002, 'reward_distance': 0.00927, 'risk_reward': 1.464454976303317}, 'entry_price_hint': 0.18783, 'create_bracket': True, 'leverage': 2.0, 'liquidation_price_estimate': 0.09485415, 'portfolio_heat_after': 4.20561056, 'atr_pct': 0.006357124891577256, 'entry_bar_index': 45093, 'actual_exit_plan': {'stop_loss': 0.1815, 'take_profit': 0.1972, 'risk_distance': 0.006405132000000008, 'reward_distance': 0.009294867999999984, 'risk_reward': 1.4511594764947815}, 'position_side': 'LONG', 'exit_plan': {'stop_loss': 0.1815, 'take_profit': 0.1972, 'risk_distance': 0.006405132000000008, 'reward_distance': 0.009294867999999984, 'risk_reward': 1.4511594764947815}, 'source_entry_order': '2d0198de-d74f-4217-bfa3-4f5bc17948c1', 'exit_reason': 'stop_loss'}",-1.048712958234115
bebda9be-88be-4d10-84bb-f18d21615f03,BUSDT,LONG,2025-10-27 08:00:00+00:00,2025-10-27 08:25:00+00:00,0.19153658399999998,0.18648803999999997,860.6,-4.344776966400014,0.17893039527791998,0.16226096640001092,-4.523707361677934,4.248424190399994,stop_loss,5,"{'strategy': 'live_indicator_adapter', 'signal_reason': 'signal_confirmed', 'signal_details': {'ma7': 0.18954428571428572, 'ma14': 0.18771000000000002, 'ma28': 0.18664642857142857, 'mavol_fast': 60659.88888888889, 'mavol_slow': 54844.77777777778, 'volume': 193104.0, 'volume_ratio': 1.1060285290000262, 'volume_spike_ratio': 3.52091863299048, 'adx': 22.29306685812685, 'di_plus': 38.60765641953482, 'di_minus': 15.576421486206298, 'close': 0.19146, 'signal': 'LONG'}, 'htf_reason': 'htf_trend_confirmed', 'htf_details': {'ma7': 0.18769857142857144, 'ma14': 0.18728000000000003, 'ma28': 0.18054035714285716, 'adx': 49.215936087368334, 'di_plus': 29.36004621882927, 'di_minus': 15.884600082549282, 'open': 0.18465, 'close': 0.19146, 'trend': 'LONG'}, 'score_details': {'score': 50.0689848466843, 'adx': 22.29306685812685, 'volume_ratio': 3.52091863299048, 'ma_separation_pct': 1.5525917988557452, 'rr_ratio': 1.45, 'adx_points': 2.293066858126849, 'volume_points': 30.0, 'ma_points': 15.525917988557453, 'rr_points': 2.25}, 'signal_row': {'open': 0.18925, 'high': 0.19293, 'low': 0.18925, 'close': 0.19146, 'volume': 193104.0, 'turnover': 37046.42804, 'ma7': 0.18954428571428572, 'ma14': 0.18771000000000002, 'ma28': 0.18664642857142857, 'mavol_fast': 60659.88888888889, 'mavol_slow': 54844.77777777778, 'volume_ratio': 1.1060285290000262, 'volume_spike_ratio': 3.52091863299048, 'rsi': 68.07725583366532, 'di_plus': 38.60765641953482, 'di_minus': 15.576421486206298, 'adx': 22.29306685812685, 'atr': 0.0015868763216664132, 'atr_pct': 0.008288291662312824}, 'side': 'LONG', 'risk_amount': 4.248424190399994, 'pretrade_exit_plan': {'stop_loss': 0.1866, 'take_profit': 0.1986, 'risk_distance': 0.004860000000000003, 'reward_distance': 0.0071400000000000075, 'risk_reward': 1.4691358024691363}, 'entry_price_hint': 0.19146, 'create_bracket': True, 'leverage': 2.0, 'liquidation_price_estimate': 0.09668729999999999, 'portfolio_heat_after': 4.1831075600000025, 'atr_pct': 0.008288291662312824, 'entry_bar_index': 45236, 'actual_exit_plan': {'stop_loss': 0.1866, 'take_profit': 0.1987, 'risk_distance': 0.004936583999999994, 'reward_distance': 0.007163416000000006, 'risk_reward': 1.4510876346882813}, 'position_side': 'LONG', 'exit_plan': {'stop_loss': 0.1866, 'take_profit': 0.1987, 'risk_distance': 0.004936583999999994, 'reward_distance': 0.007163416000000006, 'risk_reward': 1.4510876346882813}, 'source_entry_order': '1b3290dc-658c-4a01-80e5-e931db28c0b7', 'exit_reason': 'stop_loss'}",-1.06479653606624
ad179b22-bf45-4360-bf3c-206ce12f8ab2,NEARUSDT,SHORT,2025-10-28 02:50:00+00:00,2025-10-28 04:40:00+00:00,2.3070768,2.32969698,108.3,-2.449765494000011,0.27618943020569997,0.2512754939999885,-2.725954924205711,2.2984725600000115,stop_loss,22,"{'strategy': 'live_indicator_adapter', 'signal_reason': 'signal_confirmed', 'signal_details': {'ma7': 2.3185714285714285, 'ma14': 2.325357142857143, 'ma28': 2.3282857142857147, 'mavol_fast': 54498.56666666705, 'mavol_slow': 49226.97777777761, 'volume': 179676.1, 'volume_ratio': 1.1070873965224244, 'volume_spike_ratio': 3.649951878238413, 'adx': 24.80440063589027, 'di_plus': 12.943948330107506, 'di_minus': 37.42073715762873, 'close': 2.308, 'signal': 'SHORT'}, 'htf_reason': 'htf_trend_confirmed', 'htf_details': {'ma7': 2.3385714285714285, 'ma14': 2.3504285714285715, 'ma28': 2.366357142857143, 'adx': 22.44265437925194, 'di_plus': 16.28282498950791, 'di_minus': 22.943438488151354, 'open': 2.329, 'close': 2.332, 'trend': 'SHORT'}, 'score_details': {'score': 41.226691714550455, 'adx': 24.80440063589027, 'volume_ratio': 3.649951878238413, 'ma_separation_pct': 0.4172291078660179, 'rr_ratio': 1.45, 'adx_points': 4.804400635890271, 'volume_points': 30.0, 'ma_points': 4.172291078660178, 'rr_points': 2.25}, 'signal_row': {'open': 2.322, 'high': 2.323, 'low': 2.305, 'close': 2.308, 'volume': 179676.1, 'turnover': 415380.9777, 'ma7': 2.3185714285714285, 'ma14': 2.325357142857143, 'ma28': 2.3282857142857147, 'mavol_fast': 54498.56666666705, 'mavol_slow': 49226.97777777761, 'volume_ratio': 1.1070873965224244, 'volume_spike_ratio': 3.649951878238413, 'rsi': 35.86179194642257, 'di_plus': 12.943948330107506, 'di_minus': 37.42073715762873, 'adx': 24.80440063589027, 'atr': 0.007802436892323045, 'atr_pct': 0.0033806052393080786}, 'side': 'SHORT', 'risk_amount': 2.2984725600000115, 'pretrade_exit_plan': {'stop_loss': 2.3283, 'take_profit': 2.2785, 'risk_distance': 0.020300000000000207, 'reward_distance': 0.029499999999999638, 'risk_reward': 1.453201970443317}, 'entry_price_hint': 2.308, 'create_bracket': True, 'leverage': 2.0, 'liquidation_price_estimate': 3.45046, 'portfolio_heat_after': 2.1990815600000215, 'atr_pct': 0.0033806052393080786, 'entry_bar_index': 45462, 'actual_exit_plan': {'stop_loss': 2.3283, 'take_profit': 2.2763, 'risk_distance': 0.02122320000000011, 'reward_distance': 0.030776799999999938, 'risk_reward': 1.4501488936635276}, 'position_side': 'SHORT', 'exit_plan': {'stop_loss': 2.3283, 'take_profit': 2.2763, 'risk_distance': 0.02122320000000011, 'reward_distance': 0.030776799999999938, 'risk_reward': 1.4501488936635276}, 'source_entry_order': '6ce6e471-3331-463a-9e1a-fb6fb4d10153', 'exit_reason': 'stop_loss'}",-1.1859854112009487
abb8868b-ebda-45e5-9142-f041ff6b70d7,BUSDT,LONG,2025-10-28 05:25:00+00:00,2025-10-28 06:00:00+00:00,0.196898728,0.19318401999999998,1178.0,-4.375926024000013,0.2527346124292,0.22936602400001843,-4.628660636429213,4.239301583999994,stop_loss,7,"{'strategy': 'live_indicator_adapter', 'signal_reason': 'signal_confirmed', 'signal_details': {'ma7': 0.1960228571428571, 'ma14': 0.19463357142857143, 'ma28': 0.1933525, 'mavol_fast': 14074.555555555555, 'mavol_slow': 10227.888888888889, 'volume': 22610.0, 'volume_ratio': 1.376095859903749, 'volume_spike_ratio': 2.210622372380528, 'adx': 22.383266341613737, 'di_plus': 35.982690749889876, 'di_minus': 14.627992377349099, 'close': 0.19682, 'signal': 'LONG'}, 'htf_reason': 'htf_trend_confirmed', 'htf_details': {'ma7': 0.19195571428571429, 'ma14': 0.1895642857142857, 'ma28': 0.18727321428571428, 'adx': 37.890270122670906, 'di_plus': 25.486422104980086, 'di_minus': 10.40871426909344, 'open': 0.19453, 'close': 0.19368, 'trend': 'LONG'}, 'score_details': {'score': 36.6034248691357, 'adx': 22.383266341613737, 'volume_ratio': 2.210622372380528, 'ma_separation_pct': 1.381082294181404, 'rr_ratio': 1.45, 'adx_points': 2.383266341613737, 'volume_points': 18.15933558570792, 'ma_points': 13.81082294181404, 'rr_points': 2.25}, 'signal_row': {'open': 0.19716, 'high': 0.19799, 'low': 0.19668, 'close': 0.19682, 'volume': 22610.0, 'turnover': 4469.87708, 'ma7': 0.1960228571428571, 'ma14': 0.19463357142857143, 'ma28': 0.1933525, 'mavol_fast': 14074.555555555555, 'mavol_slow': 10227.888888888889, 'volume_ratio': 1.376095859903749, 'volume_spike_ratio': 2.210622372380528, 'rsi': 64.04155157779834, 'di_plus': 35.982690749889876, 'di_minus': 14.627992377349099, 'adx': 22.383266341613737, 'atr': 0.0012848422302116306, 'atr_pct': 0.00652800645367153}, 'side': 'LONG', 'risk_amount': 4.239301583999994, 'pretrade_exit_plan': {'stop_loss': 0.1933, 'take_profit': 0.202, 'risk_distance': 0.0035199999999999954, 'reward_distance': 0.005180000000000018, 'risk_reward': 1.471590909090916}, 'entry_price_hint': 0.19682, 'create_bracket': True, 'leverage': 2.0, 'liquidation_price_estimate': 0.0993941, 'portfolio_heat_after': 4.147151559999994, 'atr_pct': 0.00652800645367153, 'entry_bar_index': 45493, 'actual_exit_plan': {'stop_loss': 0.1933, 'take_profit': 0.2022, 'risk_distance': 0.0035987279999999955, 'reward_distance': 0.005301271999999996, 'risk_reward': 1.4730960494930438}, 'position_side': 'LONG', 'exit_plan': {'stop_loss': 0.1933, 'take_profit': 0.2022, 'risk_distance': 0.0035987279999999955, 'reward_distance': 0.005301271999999996, 'risk_reward': 1.4730960494930438}, 'source_entry_order': 'eb53b2e7-ecba-49a1-bc52-b0bd83927bc1', 'exit_reason': 'stop_loss'}",-1.0918450939887696
d84ee0dd-dba1-4835-b1c8-e5c37cd1e169,BUSDT,LONG,2025-10-28 10:20:00+00:00,2025-10-28 11:35:00+00:00,0.20142053599999998,0.19658198000000002,888.6,-4.29954086159997,0.19451576964468004,0.1764368615999899,-4.49405663124465,4.194668289599973,stop_loss,15,"{'strategy': 'live_indicator_adapter', 'signal_reason': 'signal_confirmed', 'signal_details': {'ma7': 0.19820714285714283, 'ma14': 0.1972692857142857, 'ma28': 0.1967017857142857, 'mavol_fast': 12708.222222222223, 'mavol_slow': 11392.444444444445, 'volume': 57322.0, 'volume_ratio': 1.1154956501384934, 'volume_spike_ratio': 5.031580384660399, 'adx': 22.437375276116228, 'di_plus': 41.97787746388391, 'di_minus': 11.84870737085853, 'close': 0.20134, 'signal': 'LONG'}, 'htf_reason': 'htf_trend_confirmed', 'htf_details': {'ma7': 0.19477571428571427, 'ma14': 0.19259571428571426, 'ma28': 0.18861035714285715, 'adx': 36.396535103793504, 'di_plus': 25.001214821576706, 'di_minus': 12.639693283058097, 'open': 0.19704, 'close': 0.19748, 'trend': 'LONG'}, 'score_details': {'score': 42.34036702395779, 'adx': 22.437375276116228, 'volume_ratio': 5.031580384660399, 'ma_separation_pct': 0.7652991747841562, 'rr_ratio': 1.45, 'adx_points': 2.437375276116228, 'volume_points': 30.0, 'ma_points': 7.652991747841562, 'rr_points': 2.25}, 'signal_row': {'open': 0.19986, 'high': 0.20152, 'low': 0.1993, 'close': 0.20134, 'volume': 57322.0, 'turnover': 11477.73144, 'ma7': 0.19820714285714283, 'ma14': 0.1972692857142857, 'ma28': 0.1967017857142857, 'mavol_fast': 12708.222222222223, 'mavol_slow': 11392.444444444445, 'volume_ratio': 1.1154956501384934, 'volume_spike_ratio': 5.031580384660399, 'rsi': 72.83905976619018, 'di_plus': 41.97787746388391, 'di_minus': 11.84870737085853, 'adx': 22.437375276116228, 'atr': 0.0011638442124028317, 'atr_pct': 0.005780491767174092}, 'side': 'LONG', 'risk_amount': 4.194668289599973, 'pretrade_exit_plan': {'stop_loss': 0.1967, 'take_profit': 0.2081, 'risk_distance': 0.0046399999999999775, 'reward_distance': 0.006760000000000016, 'risk_reward': 1.4568965517241486}, 'entry_price_hint': 0.20134, 'create_bracket': True, 'leverage': 2.0, 'liquidation_price_estimate': 0.1016767, 'portfolio_heat_after': 4.123695559999979, 'atr_pct': 0.005780491767174092, 'entry_bar_index': 45552, 'actual_exit_plan': {'stop_loss': 0.1967, 'take_profit': 0.2083, 'risk_distance': 0.00472053599999997, 'reward_distance': 0.0068794640000000296, 'risk_reward': 1.4573480638639498}, 'position_side': 'LONG', 'exit_plan': {'stop_loss': 0.1967, 'take_profit': 0.2083, 'risk_distance': 0.00472053599999997, 'reward_distance': 0.0068794640000000296, 'risk_reward': 1.4573480638639498}, 'source_entry_order': '99cc07bd-a416-4036-b78f-21804051e167', 'exit_reason': 'stop_loss'}",-1.0713735439789036
94ca0588-6ea0-4427-8162-d5bc0faa644b,BUSDT,LONG,2025-10-28 15:25:00+00:00,2025-10-28 15:55:00+00:00,0.200410132,0.19598233999999998,969.5,-4.292744344000013,0.21136637588219997,0.1917593440000021,-4.504110719882213,4.178672973999994,stop_loss,6,"{'strategy': 'live_indicator_adapter', 'signal_reason': 'signal_confirmed', 'signal_details': {'ma7': 0.19916857142857142, 'ma14': 0.1963, 'ma28': 0.19615714285714286, 'mavol_fast': 161422.11111111112, 'mavol_slow': 88868.55555555556, 'volume': 174584.0, 'volume_ratio': 1.8164142547607764, 'volume_spike_ratio': 1.9645193838090462, 'adx': 27.478255197577006, 'di_plus': 35.2440880297931, 'di_minus': 14.961786856559065, 'close': 0.20033, 'signal': 'LONG'}, 'htf_reason': 'htf_trend_confirmed', 'htf_details': {'ma7': 0.1967057142857143, 'ma14': 0.19513428571428573, 'ma28': 0.1904664285714286, 'adx': 34.057932556323486, 'di_plus': 21.844727660591957, 'di_minus': 16.12748723588801, 'open': 0.19486, 'close': 0.19285, 'trend': 'LONG'}, 'score_details': {'score': 39.54816888822073, 'adx': 27.478255197577006, 'volume_ratio': 1.9645193838090462, 'ma_separation_pct': 1.535212293350803, 'rr_ratio': 1.45, 'adx_points': 7.478255197577006, 'volume_points': 14.467790757135694, 'ma_points': 15.35212293350803, 'rr_points': 2.25}, 'signal_row': {'open': 0.20396, 'high': 0.20578, 'low': 0.19939, 'close': 0.20033, 'volume': 174584.0, 'turnover': 35406.55831, 'ma7': 0.19916857142857142, 'ma14': 0.1963, 'ma28': 0.19615714285714286, 'mavol_fast': 161422.11111111112, 'mavol_slow': 88868.55555555556, 'volume_ratio': 1.8164142547607764, 'volume_spike_ratio': 1.9645193838090462, 'rsi': 57.9028344060008, 'di_plus': 35.2440880297931, 'di_minus': 14.961786856559065, 'adx': 27.478255197577006, 'atr': 0.0031078604302607333, 'atr_pct': 0.015513704538814623}, 'side': 'LONG', 'risk_amount': 4.178672973999994, 'pretrade_exit_plan': {'stop_loss': 0.1961, 'take_profit': 0.2065, 'risk_distance': 0.0042300000000000115, 'reward_distance': 0.006169999999999981, 'risk_reward': 1.4586288416075566}, 'entry_price_hint': 0.20033, 'create_bracket': True, 'leverage': 2.0, 'liquidation_price_estimate': 0.10116665000000001, 'portfolio_heat_after': 4.1015765600000105, 'atr_pct': 0.015513704538814623, 'entry_bar_index': 45613, 'actual_exit_plan': {'stop_loss': 0.1961, 'take_profit': 0.2067, 'risk_distance': 0.004310131999999994, 'reward_distance': 0.006289868000000004, 'risk_reward': 1.4593214314550025}, 'position_side': 'LONG', 'exit_plan': {'stop_loss': 0.1961, 'take_profit': 0.2067, 'risk_distance': 0.004310131999999994, 'reward_distance': 0.006289868000000004, 'risk_reward': 1.4593214314550025}, 'source_entry_order': 'ffc2d6d5-1f97-452b-bef1-aa9945e356c2', 'exit_reason': 'stop_loss'}",-1.0778806448619254
0586bbb2-cbdc-413c-b7eb-af6105675489,BUSDT,LONG,2025-10-28 16:55:00+00:00,2025-10-28 17:15:00+00:00,0.200310092,0.19778126,1248.5,-3.157246752000011,0.27335937913459996,0.24824175200001236,-3.4306061311346108,3.008999862000003,stop_loss,4,"{'strategy': 'live_indicator_adapter', 'signal_reason': 'signal_confirmed', 'signal_details': {'ma7': 0.19956428571428572, 'ma14': 0.19800785714285715, 'ma28': 0.19795214285714288, 'mavol_fast': 44149.22222222222, 'mavol_slow': 36528.77777777778, 'volume': 57139.0, 'volume_ratio': 1.2086148211912067, 'volume_spike_ratio': 1.56421877423888, 'adx': 25.19078184003129, 'di_plus': 29.775556024195367, 'di_minus': 15.012655122930859, 'close': 0.20023, 'signal': 'LONG'}, 'htf_reason': 'htf_trend_confirmed', 'htf_details': {'ma7': 0.19659000000000001, 'ma14': 0.19520928571428572, 'ma28': 0.19093964285714285, 'adx': 34.798997414554165, 'di_plus': 34.10881578239688, 'di_minus': 13.12256961087059, 'open': 0.19285, 'close': 0.19623, 'trend': 'LONG'}, 'score_details': {'score': 24.04816754803838, 'adx': 25.19078184003129, 'volume_ratio': 1.56421877423888, 'ma_separation_pct': 0.8144104094423888, 'rr_ratio': 1.45, 'adx_points': 5.190781840031288, 'volume_points': 8.4632816135832, 'ma_points': 8.144104094423888, 'rr_points': 2.25}, 'signal_row': {'open': 0.20037, 'high': 0.20191, 'low': 0.2, 'close': 0.20023, 'volume': 57139.0, 'turnover': 11479.92848, 'ma7': 0.19956428571428572, 'ma14': 0.19800785714285715, 'ma28': 0.19795214285714288, 'mavol_fast': 44149.22222222222, 'mavol_slow': 36528.77777777778, 'volume_ratio': 1.2086148211912067, 'volume_spike_ratio': 1.56421877423888, 'rsi': 57.15508542229156, 'di_plus': 29.775556024195367, 'di_minus': 15.012655122930859, 'adx': 25.19078184003129, 'atr': 0.0021504730619956816, 'atr_pct': 0.010740014293540837}, 'side': 'LONG', 'risk_amount': 3.008999862000003, 'pretrade_exit_plan': {'stop_loss': 0.1979, 'take_profit': 0.2037, 'risk_distance': 0.0023299999999999987, 'reward_distance': 0.003470000000000001, 'risk_reward': 1.4892703862660956}, 'entry_price_hint': 0.20023, 'create_bracket': True, 'leverage': 2.0, 'liquidation_price_estimate': 0.10111615, 'portfolio_heat_after': 2.9095965599999976, 'atr_pct': 0.010740014293540837, 'entry_bar_index': 45631, 'actual_exit_plan': {'stop_loss': 0.1979, 'take_profit': 0.2039, 'risk_distance': 0.0024100920000000026, 'reward_distance': 0.0035899080000000028, 'risk_reward': 1.4895315199585737}, 'position_side': 'LONG', 'exit_plan': {'stop_loss': 0.1979, 'take_profit': 0.2039, 'risk_distance': 0.0024100920000000026, 'reward_distance': 0.0035899080000000028, 'risk_reward': 1.4895315199585737}, 'source_entry_order': '0184a362-8d46-47b5-a178-04c9cf7b7545', 'exit_reason': 'stop_loss'}",-1.1401150842374506
5b8d210c-0ad3-4b19-8fda-886bbb5a497e,NEARUSDT,SHORT,2025-10-29 00:10:00+00:00,2025-10-29 00:15:00+00:00,2.2261092,2.2364410599999998,112.2,-1.1592346919999967,0.2753839765446,0.25041469199997224,-1.4346186685445967,1.0087677600000335,stop_loss,1,"{'strategy': 'live_indicator_adapter', 'signal_reason': 'signal_confirmed', 'signal_details': {'ma7': 2.2334285714285715, 'ma14': 2.234642857142857, 'ma28': 2.2350714285714286, 'mavol_fast': 73516.08888888931, 'mavol_slow': 61590.84444444426, 'volume': 160421.0, 'volume_ratio': 1.1936204082280732, 'volume_spike_ratio': 2.604624136054862, 'adx': 26.045509699595566, 'di_plus': 14.09287012031798, 'di_minus': 25.56144176787657, 'close': 2.227, 'signal': 'SHORT'}, 'htf_reason': 'htf_trend_confirmed', 'htf_details': {'ma7': 2.2604285714285717, 'ma14': 2.2976428571428573, 'ma28': 2.314178571428571, 'adx': 25.444176565259323, 'di_plus': 10.915442441574479, 'di_minus': 30.960654069566495, 'open': 2.245, 'close': 2.232, 'trend': 'SHORT'}, 'score_details': {'score': 33.099907373667634, 'adx': 26.045509699595566, 'volume_ratio': 2.604624136054862, 'ma_separation_pct': 0.07350356332491387, 'rr_ratio': 1.45, 'adx_points': 6.045509699595566, 'volume_points': 24.069362040822927, 'ma_points': 0.7350356332491387, 'rr_points': 2.25}, 'signal_row': {'open': 2.231, 'high': 2.233, 'low': 2.227, 'close': 2.227, 'volume': 160421.0, 'turnover': 357588.5242, 'ma7': 2.2334285714285715, 'ma14': 2.234642857142857, 'ma28': 2.2350714285714286, 'mavol_fast': 73516.08888888931, 'mavol_slow': 61590.84444444426, 'volume_ratio': 1.1936204082280732, 'volume_spike_ratio': 2.604624136054862, 'rsi': 39.02554153856442, 'di_plus': 14.09287012031798, 'di_minus': 25.56144176787657, 'adx': 26.045509699595566, 'atr': 0.00682468637954185, 'atr_pct': 0.003064520152466031}, 'side': 'SHORT', 'risk_amount': 1.0087677600000335, 'pretrade_exit_plan': {'stop_loss': 2.2351, 'take_profit': 2.2152, 'risk_distance': 0.008100000000000218, 'reward_distance': 0.011800000000000033, 'risk_reward': 1.4567901234567548}, 'entry_price_hint': 2.227, 'create_bracket': True, 'leverage': 2.0, 'liquidation_price_estimate': 3.329365, 'portfolio_heat_after': 0.9094115600000238, 'atr_pct': 0.003064520152466031, 'entry_bar_index': 45718, 'actual_exit_plan': {'stop_loss': 2.2351, 'take_profit': 2.213, 'risk_distance': 0.008990800000000299, 'reward_distance': 0.01310919999999971, 'risk_reward': 1.4580682475418512}, 'position_side': 'SHORT', 'exit_plan': {'stop_loss': 2.2351, 'take_profit': 2.213, 'risk_distance': 0.008990800000000299, 'reward_distance': 0.01310919999999971, 'risk_reward': 1.4580682475418512}, 'source_entry_order': '15585f4c-7755-4f09-b1d4-205b4ae4264a', 'exit_reason': 'stop_loss'}",-1.4221496021488127
86baf638-d3d6-4641-b843-1f047a372d5b,NEARUSDT,LONG,2025-10-29 18:00:00+00:00,2025-10-29 18:35:00+00:00,2.3479387999999997,2.28252966,64.2,-4.199266787999991,0.16350184132259998,0.14824678799999563,-4.362768629322591,4.111290959999976,stop_loss,7,"{'strategy': 'live_indicator_adapter', 'signal_reason': 'signal_confirmed', 'signal_details': {'ma7': 2.3135714285714286, 'ma14': 2.296357142857143, 'ma28': 2.2839285714285715, 'mavol_fast': 115988.90000000043, 'mavol_slow': 86114.49444444425, 'volume': 241877.5, 'volume_ratio': 1.346914950244866, 'volume_spike_ratio': 2.8087896417489207, 'adx': 30.22545438720912, 'di_plus': 40.710100745290084, 'di_minus': 8.885586313379536, 'close': 2.347, 'signal': 'LONG'}, 'htf_reason': 'htf_trend_confirmed', 'htf_details': {'ma7': 2.2991428571428574, 'ma14': 2.275357142857143, 'ma28': 2.2713571428571426, 'adx': 23.06002204615638, 'di_plus': 31.335766359800747, 'di_minus': 19.716203167261213, 'open': 2.276, 'close': 2.347, 'trend': 'LONG'}, 'score_details': {'score': 52.58618877106604, 'adx': 30.22545438720912, 'volume_ratio': 2.8087896417489207, 'ma_separation_pct': 1.2978889757623115, 'rr_ratio': 1.45, 'adx_points': 10.225454387209119, 'volume_points': 27.13184462623381, 'ma_points': 12.978889757623115, 'rr_points': 2.25}, 'signal_row': {'open': 2.324, 'high': 2.348, 'low': 2.321, 'close': 2.347, 'volume': 241877.5, 'turnover': 564538.8909, 'ma7': 2.3135714285714286, 'ma14': 2.296357142857143, 'ma28': 2.2839285714285715, 'mavol_fast': 115988.90000000043, 'mavol_slow': 86114.49444444425, 'volume_ratio': 1.346914950244866, 'volume_spike_ratio': 2.8087896417489207, 'rsi': 77.79532985790303, 'di_plus': 40.710100745290084, 'di_minus': 8.885586313379536, 'adx': 30.22545438720912, 'atr': 0.011882505304237881, 'atr_pct': 0.005062848446628837}, 'side': 'LONG', 'risk_amount': 4.111290959999976, 'pretrade_exit_plan': {'stop_loss': 2.2839, 'take_profit': 2.4385, 'risk_distance': 0.06309999999999993, 'reward_distance': 0.09149999999999991, 'risk_reward': 1.4500792393026942}, 'entry_price_hint': 2.347, 'create_bracket': True, 'leverage': 2.0, 'liquidation_price_estimate': 1.185235, 'portfolio_heat_after': 4.051611559999995, 'atr_pct': 0.005062848446628837, 'entry_bar_index': 45932, 'actual_exit_plan': {'stop_loss': 2.2839, 'take_profit': 2.4408, 'risk_distance': 0.06403879999999962, 'reward_distance': 0.0928612000000002, 'risk_reward': 1.450077140733442}, 'position_side': 'LONG', 'exit_plan': {'stop_loss': 2.2839, 'take_profit': 2.4408, 'risk_distance': 0.06403879999999962, 'reward_distance': 0.0928612000000002, 'risk_reward': 1.450077140733442}, 'source_entry_order': '35a94414-0896-47ba-9b73-f987b60eef34', 'exit_reason': 'stop_loss'}",-1.0611675679900352
