timestamp,open,high,low,close,volume
2025-01-01 00:00:00+00:00,0.7515216896516979,0.7524144220442393,0.7506289572591565,0.7515216896516979,1328.9179021776524
2025-01-01 00:05:00+00:00,0.7515216896516979,0.7540326948403008,0.7499303114759158,0.7524413166645187,1823.2589822335224
2025-01-01 00:10:00+00:00,0.7524413166645187,0.7560520218796849,0.7498881863405817,0.7534988915557479,1789.2689159694246
2025-01-01 00:15:00+00:00,0.7534988915557479,0.7560974824661872,0.7501621687437245,0.7527607596541639,1492.1811194279485
2025-01-01 00:20:00+00:00,0.7527607596541639,0.7578513074057043,0.7508067169329222,0.7558972646844626,2533.9825388428817
2025-01-01 00:25:00+00:00,0.7558972646844626,0.7597115087563482,0.7546718781995022,0.7584861222713878,1177.0924079194629
2025-01-01 00:30:00+00:00,0.7584861222713878,0.7605006287139225,0.757763597102459,0.7597781035449938,5573.300687255288
2025-01-01 00:35:00+00:00,0.7597781035449938,0.7625655192196569,0.7593236535659694,0.7621110692406325,3805.756418448649
2025-01-01 00:40:00+00:00,0.7621110692406325,0.7665018020701692,0.7596416874172027,0.7640324202467393,3014.594878322443
2025-01-01 00:45:00+00:00,0.7640324202467393,0.7671801840034345,0.7620752313270007,0.7652229950836958,4661.014142337145
2025-01-01 00:50:00+00:00,0.7652229950836958,0.7692757498293318,0.7638023382996713,0.7678550930453072,4615.210229859647
2025-01-01 00:55:00+00:00,0.7678550930453072,0.7706981641892509,0.7664912854173233,0.7693343565612669,1484.9756278906536
2025-01-01 01:00:00+00:00,0.7693343565612669,0.7726679307642058,0.7674922624237844,0.7708258366267233,1901.882287915333
2025-01-01 01:05:00+00:00,0.7708258366267233,0.7734344586014962,0.7693064906037074,0.7719151125784802,3008.0266270975476
2025-01-01 01:10:00+00:00,0.7719151125784802,0.7745790029843028,0.7715217367120529,0.7741856271178755,1922.254451671542
2025-01-01 01:15:00+00:00,0.7741856271178755,0.7778595925886825,0.7722923834466376,0.7759663489174446,1858.774744105383
2025-01-01 01:20:00+00:00,0.7759663489174446,0.7801251401730607,0.7742113897495078,0.7783701810051238,3718.9528733444336
2025-01-01 01:25:00+00:00,0.7783701810051238,0.7805920577232374,0.7774952755992199,0.7797171523173335,2024.842102706785
2025-01-01 01:30:00+00:00,0.7797171523173335,0.783202605900037,0.778281410532296,0.7817668641149995,2058.7502412048034
2025-01-01 01:35:00+00:00,0.7817668641149995,0.7858699244084283,0.7787703663413758,0.7828734266348045,2061.3068749209665
2025-01-01 01:40:00+00:00,0.7828734266348045,0.7876292625555025,0.7808651676783324,0.7856210035990303,1726.4588953389314
2025-01-01 01:45:00+00:00,0.7856210035990303,0.7898135770145178,0.7835715995000696,0.7877641729155571,1476.1988528486672
2025-01-01 01:50:00+00:00,0.7877641729155571,0.7913207839484788,0.7864927503086536,0.7900493613415753,2278.1794137793618
2025-01-01 01:55:00+00:00,0.7900493613415753,0.793688801347346,0.7887759378414234,0.7924153778471941,2314.7850621109583
2025-01-01 02:00:00+00:00,0.7924153778471941,0.7962398584966109,0.7896049693701777,0.7934294500195945,1845.3433086118644
2025-01-01 02:05:00+00:00,0.7934294500195945,0.7990687195069585,0.7905100956395096,0.7961493651268735,1478.8158474862173
2025-01-01 02:10:00+00:00,0.7961493651268735,0.8022188481179721,0.7940205498906422,0.8000900328817407,1791.9715878142113
2025-01-01 02:15:00+00:00,0.8000900328817407,0.8026507427614048,0.79791894938514,0.800479659264804,2183.8475606391357
2025-01-01 02:20:00+00:00,0.800479659264804,0.8028131979265841,0.7984326746027632,0.8007662132645433,2528.6006070132275
2025-01-01 02:25:00+00:00,0.8007662132645433,0.8027187907718899,0.7992977341245846,0.8012503116319312,1504.2627567596332
2025-01-01 02:30:00+00:00,0.8012503116319312,0.8046473117823071,0.8005771455605172,0.8039741457108931,1796.707177088455
2025-01-01 02:35:00+00:00,0.8039741457108931,0.8076366779420749,0.8023314911596295,0.8059940233908114,2114.456838424491
2025-01-01 02:40:00+00:00,0.8059940233908114,0.8104358849988065,0.8044724782680474,0.8089143398760424,2189.7882101152572
2025-01-01 02:45:00+00:00,0.8089143398760424,0.8136852691126908,0.8066994381918996,0.811470367428548,2015.5905626127042
2025-01-01 02:50:00+00:00,0.811470367428548,0.8152185414601181,0.8097561183236359,0.813504292355206,1835.2614092634687
2025-01-01 02:55:00+00:00,0.813504292355206,0.8161246718999026,0.8129625361972853,0.8155829157419818,2495.0882780916318
2025-01-01 03:00:00+00:00,0.8155829157419818,0.8179848334333315,0.8147856899764603,0.81718760766781,2272.497586047475
2025-01-01 03:05:00+00:00,0.81718760766781,0.8229256354618332,0.8140424071439617,0.8197804349379849,3177.6514427367506
2025-01-01 03:10:00+00:00,0.8197804349379849,0.8222623784383242,0.8178928218761811,0.8203747653765203,9468.796169178378
2025-01-01 03:15:00+00:00,0.8203747653765203,0.8247357639516327,0.817267764365037,0.8216287629401494,5726.124543590892
2025-01-01 03:20:00+00:00,0.8216287629401494,0.8242989879221735,0.820831681640902,0.8235019066229261,3446.9267318665966
2025-01-01 03:25:00+00:00,0.8235019066229261,0.8281677979805804,0.8222180314121337,0.826883922769788,4008.9812517050987
2025-01-01 03:30:00+00:00,0.826883922769788,0.829967972834586,0.824602155241808,0.8276862053066061,2896.5787092239043
2025-01-01 03:35:00+00:00,0.8276862053066061,0.8298400191379707,0.8259812775777353,0.8281350914090999,1560.897831102722
2025-01-01 03:40:00+00:00,0.8281350914090999,0.8311741765205105,0.8260164576776934,0.829055542789104,1525.204508159397
2025-01-01 03:45:00+00:00,0.829055542789104,0.8344232243781654,0.8260953917361613,0.8314630733252227,1780.0436098630576
2025-01-01 03:50:00+00:00,0.8314630733252227,0.8357962492863016,0.8282987036340141,0.832631879595093,2565.478709453555
2025-01-01 03:55:00+00:00,0.832631879595093,0.8378577374707796,0.8300969938563836,0.8353228517320702,2056.497696988217
2025-01-01 04:00:00+00:00,0.8353228517320702,0.8370890989894321,0.8330071256293174,0.8347733728866793,1857.964077213849
2025-01-01 04:05:00+00:00,0.8347733728866793,0.8394658748091138,0.8325017833294255,0.83719428525186,2014.1143346601916
2025-01-01 04:10:00+00:00,0.83719428525186,0.8412266558880592,0.8354568518357509,0.8394892224719501,1752.6050178874825
2025-01-01 04:15:00+00:00,0.8394892224719501,0.8423605207391899,0.8364070551677543,0.839278353434994,2104.2063133640995
2025-01-01 04:20:00+00:00,0.839278353434994,0.8438056148702643,0.8360889788434509,0.8406162402787212,2413.7543899171387
2025-01-01 04:25:00+00:00,0.8406162402787212,0.8447288559545538,0.8388832377889339,0.8429958534647666,3183.4334441349324
2025-01-01 04:30:00+00:00,0.8429958534647666,0.8467536624464006,0.8404485970819935,0.8442064060636275,1974.2739063152494
2025-01-01 04:35:00+00:00,0.8442064060636275,0.8484655931923597,0.8420545692304393,0.8463137563591715,1525.4360756825383
2025-01-01 04:40:00+00:00,0.8463137563591715,0.8526040841312258,0.8435089296390659,0.8497992574111202,2402.337006934226
2025-01-01 04:45:00+00:00,0.8497992574111202,0.8520614177724747,0.8488623388349916,0.8511244991963461,1537.7478008625276
2025-01-01 04:50:00+00:00,0.8511244991963461,0.854799217481132,0.8481866973914114,0.8518614156761972,1534.1085652076908
2025-01-01 04:55:00+00:00,0.8518614156761972,0.8536276948096926,0.8503098988346525,0.8520761779681478,2038.217350841726
2025-01-01 05:00:00+00:00,0.8520761779681478,0.8567599196119813,0.8490416643185368,0.8537254059623702,2704.0667048234636
2025-01-01 05:05:00+00:00,0.8537254059623702,0.8561093984312246,0.8521117267490816,0.854495719217936,1520.8505315465534
2025-01-01 05:10:00+00:00,0.854495719217936,0.8570651876116361,0.8527032185286224,0.8552726869223225,2849.073555672224
2025-01-01 05:15:00+00:00,0.8552726869223225,0.8569666446074262,0.8544223739404483,0.856116331625552,1852.054896138105
2025-01-01 05:20:00+00:00,0.856116331625552,0.8598343978857043,0.8540131354524595,0.8577312017126117,2481.118370630051
2025-01-01 05:25:00+00:00,0.8577312017126117,0.8591346181270543,0.8561743132187329,0.8575777296331755,1837.4716333558135
2025-01-01 05:30:00+00:00,0.8575777296331755,0.8583900355519486,0.8561348456284247,0.8569471515471978,1740.3949034830262
2025-01-01 05:35:00+00:00,0.8569471515471978,0.8585435775456849,0.853794940399081,0.8553913663975681,2258.9400766391204
2025-01-01 05:40:00+00:00,0.8553913663975681,0.8581254457212264,0.8548402265521007,0.857574305875759,1615.6487333393584
2025-01-01 05:45:00+00:00,0.857574305875759,0.859041453238858,0.8571448050576523,0.8586119524207514,3908.3766309310645
2025-01-01 05:50:00+00:00,0.8586119524207514,0.8627947671951347,0.856962953893695,0.8611457686680783,5702.121489151665
2025-01-01 05:55:00+00:00,0.8611457686680783,0.8640398803159203,0.8592348995517244,0.8621290111995663,4521.094350633432
2025-01-01 06:00:00+00:00,0.8621290111995663,0.8635677244257091,0.8609334048604177,0.8623721180865604,4733.210808514924
2025-01-01 06:05:00+00:00,0.8623721180865604,0.8663484261126245,0.8599235025420927,0.8638998105681568,2780.904693327609
2025-01-01 06:10:00+00:00,0.8638998105681568,0.865371192751595,0.8634064940222832,0.8648778762057214,3942.7659641872456
2025-01-01 06:15:00+00:00,0.8648778762057214,0.865822974174514,0.8637151732652567,0.8646602712340493,1753.3821340917148
2025-01-01 06:20:00+00:00,0.8646602712340493,0.8664151342610921,0.863099202341034,0.8648540653680767,1805.4467375212967
2025-01-01 06:25:00+00:00,0.8648540653680767,0.869614859472541,0.8630750189489645,0.8678358130534288,3593.468788614224
2025-01-01 06:30:00+00:00,0.8678358130534288,0.8715332539093326,0.8656886281398491,0.8693860689957529,1600.3101963064655
2025-01-01 06:35:00+00:00,0.8693860689957529,0.873091657396575,0.867333341549485,0.8710389299503072,1544.6962462289814
2025-01-01 06:40:00+00:00,0.8710389299503072,0.8737271287015205,0.8693182044924261,0.8720064032436394,1807.976429550572
2025-01-01 06:45:00+00:00,0.8720064032436394,0.8757339110505329,0.8688532005237817,0.8725807083306751,1759.4820317998915
2025-01-01 06:50:00+00:00,0.8725807083306751,0.8761921495577693,0.871242456063798,0.8748538972908921,1098.7621518722565
2025-01-01 06:55:00+00:00,0.8748538972908921,0.8766092342603642,0.8743709102155505,0.8761262471850225,1635.0028892798978
2025-01-01 07:00:00+00:00,0.8761262471850225,0.8788219465525124,0.874058215971232,0.8767539153387219,2417.4620443639596
2025-01-01 07:05:00+00:00,0.8767539153387219,0.8791216159791997,0.8757157297551802,0.878083430395658,2233.4567321926693
2025-01-01 07:10:00+00:00,0.878083430395658,0.8795348012117101,0.8771935526914498,0.878644923507502,2232.908644938416
2025-01-01 07:15:00+00:00,0.878644923507502,0.8819695176306394,0.8770830548946278,0.8804076490177651,1975.5754682281283
2025-01-01 07:20:00+00:00,0.8804076490177651,0.8867004208722727,0.8769203225911988,0.8832130944457064,1923.8299111292654
2025-01-01 07:25:00+00:00,0.8832130944457064,0.8856427640615652,0.8815550021683094,0.8839846717841682,1547.2710024523494
2025-01-01 07:30:00+00:00,0.8839846717841682,0.8900063987485943,0.8811869688730868,0.8872086958375129,2075.421584216207
2025-01-01 07:35:00+00:00,0.8872086958375129,0.8913232550011743,0.8841365133196353,0.8882510724832966,2863.630937001644
2025-01-01 07:40:00+00:00,0.8882510724832966,0.8923493777613252,0.8861158596385946,0.8902141649166232,1802.7532205954499
2025-01-01 07:45:00+00:00,0.8902141649166232,0.8944653376680325,0.8869132665243086,0.8911644392757179,2378.762130025048
2025-01-01 07:50:00+00:00,0.8911644392757179,0.8960537353620234,0.8879248895502297,0.8928141856365353,2864.081456451044
2025-01-01 07:55:00+00:00,0.8928141856365353,0.8965827851943494,0.8910272275333856,0.8947958270911998,1540.7938123262588
2025-01-01 08:00:00+00:00,0.8947958270911998,0.898492773539031,0.8926040507984813,0.8963009972463125,2133.2197842142077
2025-01-01 08:05:00+00:00,0.8963009972463125,0.8991791786375661,0.8946775761804272,0.8975557575716808,1842.0525689151013
2025-01-01 08:10:00+00:00,0.8975557575716808,0.9022542038769733,0.8941747624918831,0.8988732087971756,1845.9481941875947
2025-01-01 08:15:00+00:00,0.8988732087971756,0.900863351940965,0.8980794791922282,0.9000696223360176,1653.1499245127516
2025-01-01 08:20:00+00:00,0.9000696223360176,0.9034313892500893,0.8971256571918923,0.9004874241059639,2048.475004069725
2025-01-01 08:25:00+00:00,0.9004874241059639,0.9058670769376995,0.8969668898599853,0.9023465426917209,3518.016370433934
2025-01-01 08:30:00+00:00,0.9023465426917209,0.9083945501149046,0.8989066871973735,0.9049546946205572,3179.315091942665
2025-01-01 08:35:00+00:00,0.9049546946205572,0.9104962243336152,0.902603002853344,0.908144532566402,6137.721048119112
2025-01-01 08:40:00+00:00,0.908144532566402,0.9143842700715961,0.904838825146646,0.9110785626518401,4302.225821629868
2025-01-01 08:45:00+00:00,0.9110785626518401,0.9195801507263783,0.9075238538556256,0.9160254419301639,3137.286600964298
2025-01-01 08:50:00+00:00,0.9160254419301639,0.9202259889501508,0.9144506136900236,0.9186511607100105,4456.856369569492
2025-01-01 08:55:00+00:00,0.9186511607100105,0.9225496776128679,0.9165388611148004,0.9204373780176578,2688.07203179298
2025-01-01 09:00:00+00:00,0.9204373780176578,0.9257471388598345,0.9195033469422677,0.9248131077844444,2551.236766779216
2025-01-01 09:05:00+00:00,0.9248131077844444,0.9272452262751244,0.9235313623974497,0.9259634808881297,2242.5497106242847
2025-01-01 09:10:00+00:00,0.9259634808881297,0.9312147745565286,0.9241087200649425,0.9293600137333413,1704.0135117674033
2025-01-01 09:15:00+00:00,0.9293600137333413,0.9335072507469171,0.9264672164272307,0.9306144534408065,2994.7066414624287
2025-01-01 09:20:00+00:00,0.9306144534408065,0.9355646299597664,0.9283783920377657,0.9333285685567256,2303.243476860532
2025-01-01 09:25:00+00:00,0.9333285685567256,0.9366891702733668,0.9300743001467575,0.9334349018633987,2070.4731269568765
2025-01-01 09:30:00+00:00,0.9334349018633987,0.9386763491898019,0.9315039900466363,0.9367454373730395,2228.532447201148
2025-01-01 09:35:00+00:00,0.9367454373730395,0.9425598638872614,0.9330439913813087,0.9388584178955306,1911.955707407794
2025-01-01 09:40:00+00:00,0.9388584178955306,0.9437602814420438,0.9351405335024388,0.940042397048952,2479.691109139542
2025-01-01 09:45:00+00:00,0.940042397048952,0.9457771702858722,0.9384632088817707,0.9441979821186909,1621.4623519554975
2025-01-01 09:50:00+00:00,0.9441979821186909,0.9499971553761027,0.941507893824148,0.9473070670815599,2037.0796227660571
2025-01-01 09:55:00+00:00,0.9473070670815599,0.9528194335536165,0.944064546349014,0.9495769128210707,1928.5397142265865
2025-01-01 10:00:00+00:00,0.9495769128210707,0.9541044190247071,0.9463894745683517,0.950916980771988,1505.04048139915
2025-01-01 10:05:00+00:00,0.950916980771988,0.9556245594617933,0.9483195624092722,0.9530271410990774,2259.87527545053
2025-01-01 10:10:00+00:00,0.9530271410990774,0.9555141030096043,0.9524800524787987,0.9549670143893256,1726.8683503421637
2025-01-01 10:15:00+00:00,0.9549670143893256,0.9602053036844906,0.9526545574432108,0.9578928467383758,1868.0167827647365
2025-01-01 10:20:00+00:00,0.9578928467383758,0.9641400462057637,0.9546238815388508,0.9608710810062386,2997.521652978563
2025-01-01 10:25:00+00:00,0.9608710810062386,0.9638016143616782,0.9591912544273213,0.9621217877827609,2142.3967573772748
2025-01-01 10:30:00+00:00,0.9621217877827609,0.9650040100751975,0.9605843564134339,0.9634665787058705,2443.021150966907
2025-01-01 10:35:00+00:00,0.9634665787058705,0.9676644555632213,0.9605896601801871,0.964787537037538,1715.5092685609675
2025-01-01 10:40:00+00:00,0.964787537037538,0.9670277656269394,0.9628762738461353,0.9651165024355367,2479.45272032055
2025-01-01 10:45:00+00:00,0.9651165024355367,0.9701101835300237,0.9612825130430483,0.9662761941375353,1524.5807059154304
2025-01-01 10:50:00+00:00,0.9662761941375353,0.9710672525473606,0.9631775972161224,0.9679686556259477,1697.406241329812
2025-01-01 10:55:00+00:00,0.9679686556259477,0.9729181322563446,0.9655778238971672,0.9705273005275641,1851.4470092572444
2025-01-01 11:00:00+00:00,0.9705273005275641,0.9764232943368185,0.9678830404602023,0.9737790342694568,2602.057274685
2025-01-01 11:05:00+00:00,0.9737790342694568,0.976490682176365,0.9717885968893706,0.9745002447962788,3823.646500977298
2025-01-01 11:10:00+00:00,0.9745002447962788,0.9803880010175845,0.9708778597322404,0.976765615953546,4467.987474234812
2025-01-01 11:15:00+00:00,0.976765615953546,0.9806882285017224,0.973897069382875,0.9778196819310514,5019.573552155762
2025-01-01 11:20:00+00:00,0.9778196819310514,0.9849044213700543,0.9747072921792924,0.9817920316182953,2806.4138025227885
2025-01-01 11:25:00+00:00,0.9817920316182953,0.9855361808470865,0.9794812112423542,0.9832253604711454,7097.606046489588
2025-01-01 11:30:00+00:00,0.9832253604711454,0.9858753365990734,0.982617338202611,0.985267314330539,2545.8962335740775
2025-01-01 11:35:00+00:00,0.985267314330539,0.986081211383729,0.9847541201954602,0.9855680172486501,1611.2370118459428
2025-01-01 11:40:00+00:00,0.9855680172486501,0.9880954091602184,0.9834488311773365,0.9859762230889049,1722.8784107498673
2025-01-01 11:45:00+00:00,0.9859762230889049,0.9881660859534248,0.9853547831919655,0.9875446460564854,2689.5236514358903
2025-01-01 11:50:00+00:00,0.9875446460564854,0.992117365718063,0.9838111122975953,0.9883838319591729,2579.058633770114
2025-01-01 11:55:00+00:00,0.9883838319591729,0.9920683680161257,0.9863805697725601,0.9900651058295129,2190.475421918929
2025-01-01 12:00:00+00:00,0.9900651058295129,0.9923514225075238,0.9871547740932239,0.9894410907712349,1565.2984867436396
2025-01-01 12:05:00+00:00,0.9894410907712349,0.9925542641580508,0.988317761837985,0.991430935224801,2666.730775937337
2025-01-01 12:10:00+00:00,0.991430935224801,0.9944628821409204,0.9885072945432644,0.9915392414593838,2848.464530017887
2025-01-01 12:15:00+00:00,0.9915392414593838,0.9970005417679149,0.989288409843676,0.9947497101522071,1388.6922149933382
2025-01-01 12:20:00+00:00,0.9947497101522071,0.9965961947563718,0.9936992910928435,0.9955457756970082,1998.911457722782
2025-01-01 12:25:00+00:00,0.9955457756970082,0.9999502410683182,0.9935799757607316,0.9979844411320417,2900.94259956684
2025-01-01 12:30:00+00:00,0.9979844411320417,0.9987256386168123,0.9966876150633858,0.9974288125481564,1517.598943991168
2025-01-01 12:35:00+00:00,0.9974288125481564,1.0023301468073722,0.994147162843221,0.9990484971024369,1933.708948266703
2025-01-01 12:40:00+00:00,0.9990484971024369,1.0009410941342118,0.9971923405038865,0.9990849375356614,2536.91796267634
2025-01-01 12:45:00+00:00,0.9990849375356614,1.0023572095241522,0.9963280715442396,0.9996003435327304,1497.2954278006596
2025-01-01 12:50:00+00:00,0.9996003435327304,1.0024636274826064,0.9978682865160072,1.0007315704658832,2076.2795817599426
2025-01-01 12:55:00+00:00,1.0007315704658832,1.0030382148848143,0.999151868786796,1.001458513205727,1200.9391524163802
2025-01-01 13:00:00+00:00,1.001458513205727,1.0034879397484893,1.0008646377421972,1.0028940642849595,2500.4251610555643
2025-01-01 13:05:00+00:00,1.0028940642849595,1.0077735603217026,1.0000472192902636,1.0049267153270067,2916.5829062223916
2025-01-01 13:10:00+00:00,1.0049267153270067,1.0093092854641899,1.0024820777874723,1.0068646479246555,2082.6233279342655
2025-01-01 13:15:00+00:00,1.0068646479246555,1.0094121976504213,1.0053822532461776,1.0079298029719435,2035.2091585200733
2025-01-01 13:20:00+00:00,1.0079298029719435,1.0119538359003204,1.0034508519251004,1.0074748848534774,2062.838187438272
2025-01-01 13:25:00+00:00,1.0074748848534774,1.0102541956514772,1.004942070491229,1.007721381289229,2214.0549881596207
2025-01-01 13:30:00+00:00,1.007721381289229,1.0120100087847037,1.0044448975697677,1.0087335250652425,1772.6884867939195
2025-01-01 13:35:00+00:00,1.0087335250652425,1.0100306434289883,1.0061501579808243,1.00744727634457,2154.7419021455776
2025-01-01 13:40:00+00:00,1.00744727634457,1.0106953316446021,1.0064250789826048,1.0096731342826368,2385.816445248904
2025-01-01 13:45:00+00:00,1.0096731342826368,1.0138385962216572,1.006572089985485,1.0107375519245054,4649.344464153247
2025-01-01 13:50:00+00:00,1.0107375519245054,1.0134340906710635,1.009131958739257,1.0118284974858152,5080.781394688825
2025-01-01 13:55:00+00:00,1.0118284974858152,1.0157539490011895,1.0104963399915963,1.0144217915069706,4390.258530843863
2025-01-01 14:00:00+00:00,1.0144217915069706,1.0207781001651628,1.0103671573311312,1.0167234659893234,5277.212510319287
2025-01-01 14:05:00+00:00,1.0167234659893234,1.0209471390618854,1.0143061412575844,1.0185298143301464,3588.024249660725
2025-01-01 14:10:00+00:00,1.0185298143301464,1.0209409773813685,1.0164800136101915,1.0188911766614135,1859.3093083866677
2025-01-01 14:15:00+00:00,1.0188911766614135,1.0216266359097004,1.0181716027970718,1.0209070620453586,2020.1904791831778
2025-01-01 14:20:00+00:00,1.0209070620453586,1.0258287550997307,1.0180989887545056,1.0230206818088776,3307.235160793113
2025-01-01 14:25:00+00:00,1.0230206818088776,1.0261384427708804,1.0205584231456923,1.0236761841076951,3072.469957227466
2025-01-01 14:30:00+00:00,1.0236761841076951,1.0277188145509903,1.0227135523699025,1.0267561828131977,1695.6442104767555
2025-01-01 14:35:00+00:00,1.0267561828131977,1.0320068326215286,1.0239850360030518,1.0292356858113827,2001.3602268352647
2025-01-01 14:40:00+00:00,1.0292356858113827,1.0320028825195715,1.0259428841734826,1.0287100808816714,1862.2438229815011
2025-01-01 14:45:00+00:00,1.0287100808816714,1.034072746072151,1.0254574458113477,1.0308201110018274,1600.4318445083952
2025-01-01 14:50:00+00:00,1.0308201110018274,1.0339913820522981,1.0280968205606131,1.031268091611084,1706.5796072571418
2025-01-01 14:55:00+00:00,1.031268091611084,1.0363266476700808,1.0296849269376602,1.034743482996657,2458.632916695353
2025-01-01 15:00:00+00:00,1.034743482996657,1.0412582867914628,1.0313550224752743,1.03786982627008,1348.8487907828903
2025-01-01 15:05:00+00:00,1.03786982627008,1.0397985141105892,1.0367410214368025,1.0386697092773116,2638.605988108168
2025-01-01 15:10:00+00:00,1.0386697092773116,1.0438318249032372,1.0346275392842879,1.0397896549102135,1716.615917736115
2025-01-01 15:15:00+00:00,1.0397896549102135,1.045494061257806,1.0364845163175396,1.0421889226651322,2068.893468944969
2025-01-01 15:20:00+00:00,1.0421889226651322,1.0458931246748508,1.040505484156676,1.0442096861663948,1998.4651705697772
2025-01-01 15:25:00+00:00,1.0442096861663948,1.0525554043222105,1.0401464659679445,1.0484921841237602,1762.1991565952476
2025-01-01 15:30:00+00:00,1.0484921841237602,1.0556802259489133,1.0446523184811938,1.0518403603063469,2265.1694993273463
2025-01-01 15:35:00+00:00,1.0518403603063469,1.0546898772725242,1.0510904059449937,1.053939922911171,1776.3602009227702
2025-01-01 15:40:00+00:00,1.053939922911171,1.0591774953953585,1.0519292525882467,1.0571668250724342,2048.0974644394187
2025-01-01 15:45:00+00:00,1.0571668250724342,1.0579169376767126,1.0563678140940207,1.057117926698299,3228.748111623822
2025-01-01 15:50:00+00:00,1.057117926698299,1.06065976882476,1.056529077554682,1.060070919681143,1754.316649368822
2025-01-01 15:55:00+00:00,1.060070919681143,1.0675784726998518,1.0562582379462593,1.063765790964968,2753.761113240523
2025-01-01 16:00:00+00:00,1.063765790964968,1.0702936785065942,1.0596274007728699,1.066155288314496,1474.6846136153729
2025-01-01 16:05:00+00:00,1.066155288314496,1.0707851040568386,1.0632557253302064,1.067885541072549,3480.6933213200346
2025-01-01 16:10:00+00:00,1.067885541072549,1.074447105868424,1.064708868721353,1.071270433517228,1117.2299393230207
2025-01-01 16:15:00+00:00,1.071270433517228,1.0793449777479172,1.068398113411408,1.076472657642097,1913.0734961158334
2025-01-01 16:20:00+00:00,1.076472657642097,1.0824090620582643,1.0734948334000423,1.0794312378162094,2710.9851655839157
2025-01-01 16:25:00+00:00,1.0794312378162094,1.083401539191075,1.0767085375606238,1.0806788389354893,4223.183122818879
2025-01-01 16:30:00+00:00,1.0806788389354893,1.08733674128542,1.0786045462317346,1.0852624485816653,4156.468817090057
2025-01-01 16:35:00+00:00,1.0852624485816653,1.0872970964426927,1.083485221908404,1.0855198697694313,1673.3369073797724
2025-01-01 16:40:00+00:00,1.0855198697694313,1.0895499199705332,1.0848445273303564,1.0888745775314583,2478.3853509354853
2025-01-01 16:45:00+00:00,1.0888745775314583,1.0922962910237215,1.0873822290645625,1.0908039425568257,3132.4122397102
2025-01-01 16:50:00+00:00,1.0908039425568257,1.0961285431452215,1.0893791564640503,1.094703757052446,1197.8421596852904
2025-01-01 16:55:00+00:00,1.094703757052446,1.09910290435166,1.0918522591775972,1.0962514064768112,980.3501746580673
2025-01-01 17:00:00+00:00,1.0962514064768112,1.1042976210980322,1.0925962719009248,1.1006424865221458,1449.5710061986222
2025-01-01 17:05:00+00:00,1.1006424865221458,1.1072406966829256,1.0970673743680286,1.1036655845288084,1626.1050030296615
2025-01-01 17:10:00+00:00,1.1036655845288084,1.1064368705741352,1.1012044847232674,1.1039757707685942,888.0560447004616
2025-01-01 17:15:00+00:00,1.1039757707685942,1.1069594887166672,1.1009395467934318,1.1039232647415047,1221.3018901966948
2025-01-01 17:20:00+00:00,1.1039232647415047,1.1067122073416535,1.1032412973297736,1.1060302399299224,819.4136311614084
2025-01-01 17:25:00+00:00,1.1060302399299224,1.1111389589348206,1.1051344007430435,1.1102431197479417,925.3245938530763
2025-01-01 17:30:00+00:00,1.1102431197479417,1.1167943649712788,1.1063167464683623,1.1128679916916995,1271.9074118358699
2025-01-01 17:35:00+00:00,1.1128679916916995,1.1176861493758572,1.1105540699897916,1.1153722276739493,1291.1675274585016
2025-01-01 17:40:00+00:00,1.1153722276739493,1.1198732383145964,1.1129258151812162,1.1174268258218634,1390.3233333137148
2025-01-01 17:45:00+00:00,1.1174268258218634,1.1226983760154896,1.1154717474833475,1.1207432976769738,995.5572917339173
2025-01-01 17:50:00+00:00,1.1207432976769738,1.1269353658987327,1.1173386736737463,1.1235307418955052,1405.1876847251885
2025-01-01 17:55:00+00:00,1.1235307418955052,1.127614140579165,1.122056579571212,1.126139978254872,1787.0134483762795
2025-01-01 18:00:00+00:00,1.126139978254872,1.129778688616058,1.1233491445250656,1.1269878548862515,1267.8027960097304
2025-01-01 18:05:00+00:00,1.1269878548862515,1.1332460316707564,1.124466260333597,1.130724437118102,1392.1830497424999
2025-01-01 18:10:00+00:00,1.130724437118102,1.1370089816008218,1.1283706052689229,1.1346551497516426,1117.0500767099747
2025-01-01 18:15:00+00:00,1.1346551497516426,1.136650246467824,1.1329127287487633,1.1349078254649447,1376.8775796496534
2025-01-01 18:20:00+00:00,1.1349078254649447,1.1414469701012673,1.1334825996505133,1.140021744286836,1758.068591483891
2025-01-01 18:25:00+00:00,1.140021744286836,1.1440341115138304,1.1389215933204628,1.1429339605474573,1179.8155960770468
2025-01-01 18:30:00+00:00,1.1429339605474573,1.1480610020442992,1.1390069524400244,1.1441339939368662,914.2749068161027
2025-01-01 18:35:00+00:00,1.1441339939368662,1.1450173891369908,1.1424515767243162,1.1433349719244408,1061.9721193417604
2025-01-01 18:40:00+00:00,1.1433349719244408,1.1475020254285666,1.1418321748908955,1.1459992283950213,1247.6062013112994
2025-01-01 18:45:00+00:00,1.1459992283950213,1.150489175056123,1.1439900557637626,1.1484800024248643,996.499933158355
2025-01-01 18:50:00+00:00,1.1484800024248643,1.1499215045165292,1.147882075012839,1.1493235771045038,1802.7821286829987
2025-01-01 18:55:00+00:00,1.1493235771045038,1.1530575669015588,1.1447368516596932,1.1484708414567482,714.0983032377983
2025-01-01 19:00:00+00:00,1.1484708414567482,1.1539414525452705,1.1461228934116758,1.1515935045001982,2540.3434443263873
2025-01-01 19:05:00+00:00,1.1515935045001982,1.15424901135167,1.1496540951020073,1.152309601953479,2616.632849040305
2025-01-01 19:10:00+00:00,1.152309601953479,1.1550505766685337,1.1504051293054647,1.1531461040205193,3076.7887386928032
2025-01-01 19:15:00+00:00,1.1531461040205193,1.1613349551350438,1.1503588689401594,1.1585477200546839,3135.0423494885977
2025-01-01 19:20:00+00:00,1.1585477200546839,1.1653938679017253,1.156091095975516,1.1629372438225574,2336.477434059392
2025-01-01 19:25:00+00:00,1.1629372438225574,1.1669130790201152,1.16169179097087,1.1656676261684278,2644.9655586925387
2025-01-01 19:30:00+00:00,1.1656676261684278,1.168829215185172,1.163240277977227,1.1664018669939713,919.7489033971514
2025-01-01 19:35:00+00:00,1.1664018669939713,1.1704409335677761,1.1646212306888344,1.1686602972626392,909.012685902044
2025-01-01 19:40:00+00:00,1.1686602972626392,1.171769761140917,1.1636817595366475,1.1667912234149254,1146.1720178713736
2025-01-01 19:45:00+00:00,1.1667912234149254,1.1716590698207137,1.1633834235713783,1.1682512699771666,1087.1969168616463
2025-01-01 19:50:00+00:00,1.1682512699771666,1.1695209832147697,1.1672152122819746,1.1684849255195777,1230.9817334846748
2025-01-01 19:55:00+00:00,1.1684849255195777,1.1691056245250846,1.1673521248314487,1.1679728238369556,983.1359042930164
2025-01-01 20:00:00+00:00,1.1679728238369556,1.1697677526633006,1.165245283026708,1.167040211853053,782.6701126573481
2025-01-01 20:05:00+00:00,1.167040211853053,1.173234443364938,1.1628673216353627,1.1690615531472477,1369.976931335362
2025-01-01 20:10:00+00:00,1.1690615531472477,1.171113073495023,1.168426531476089,1.1704780518238644,1445.7438714804516
2025-01-01 20:15:00+00:00,1.1704780518238644,1.175584272483507,1.16689728372317,1.1720035043828125,1130.8589156075814
2025-01-01 20:20:00+00:00,1.1720035043828125,1.17911501511493,1.1673935556779143,1.1745050664100318,1387.5385803287681
2025-01-01 20:25:00+00:00,1.1745050664100318,1.1753678989448089,1.173783248649324,1.174646081184101,922.5730503960203
2025-01-01 20:30:00+00:00,1.174646081184101,1.1756856012367338,1.1732191479729293,1.174258668025562,1456.1504936762822
2025-01-01 20:35:00+00:00,1.174258668025562,1.178027320650717,1.1693656273209883,1.1731342799461433,891.3193514580709
2025-01-01 20:40:00+00:00,1.1731342799461433,1.1773775842845589,1.1698245272632675,1.174067831601683,1294.758634469855
2025-01-01 20:45:00+00:00,1.174067831601683,1.1779447041384294,1.172702664896863,1.1765795374336094,1161.6373160542835
2025-01-01 20:50:00+00:00,1.1765795374336094,1.1790877442894527,1.1711049848571984,1.1736131917130417,1509.6271707409192
2025-01-01 20:55:00+00:00,1.1736131917130417,1.1782773795563832,1.16713980420021,1.1718039920435515,1336.5254634495102
2025-01-01 21:00:00+00:00,1.1718039920435515,1.172518755425461,1.166768800977725,1.1674835643596346,1391.6911684334245
2025-01-01 21:05:00+00:00,1.1674835643596346,1.1708680889098793,1.160832962826399,1.1642174873766435,1164.8767753200254
2025-01-01 21:10:00+00:00,1.1642174873766435,1.167341718102616,1.1574696388155592,1.1605938695415317,1647.2028759002344
2025-01-01 21:15:00+00:00,1.1605938695415317,1.1643901997207164,1.152564545075375,1.1563608752545598,1806.9326805916153
2025-01-01 21:20:00+00:00,1.1563608752545598,1.1585151681868873,1.1543449674903188,1.1564992604226463,969.3908502735733
2025-01-01 21:25:00+00:00,1.1564992604226463,1.1573333583700547,1.1544591599180782,1.1552932578654866,1188.0465187007992
2025-01-01 21:30:00+00:00,1.1552932578654866,1.1569110141001373,1.150292080917231,1.1519098371518817,1276.8115169875512
2025-01-01 21:35:00+00:00,1.1519098371518817,1.1536094502675727,1.146886358071372,1.148585971187063,1227.160300056468
2025-01-01 21:40:00+00:00,1.148585971187063,1.1525554847535708,1.1423331024753682,1.146302616041876,2025.7040769000528
2025-01-01 21:45:00+00:00,1.146302616041876,1.1497434798305741,1.1387402108257871,1.1421810746144851,2286.060506270224
2025-01-01 21:50:00+00:00,1.1421810746144851,1.1429698735203913,1.1399102609322875,1.1406990598381936,2106.2925781922518
2025-01-01 21:55:00+00:00,1.1406990598381936,1.1445080273750399,1.1331044944222912,1.1369134619591375,1974.081783762087
2025-01-01 22:00:00+00:00,1.1369134619591375,1.1400043695087854,1.1313632348009375,1.1344541423505854,2268.2702325315213
2025-01-01 22:05:00+00:00,1.1344541423505854,1.1361167884097922,1.1295051534037268,1.1311677994629337,2694.8304468743863
2025-01-01 22:10:00+00:00,1.1311677994629337,1.1320335583377643,1.1278184231055788,1.1286841819804094,967.8604211788037
2025-01-01 22:15:00+00:00,1.1286841819804094,1.1312790930356602,1.1225153463365973,1.1251102573918481,802.8034440120898
2025-01-01 22:20:00+00:00,1.1251102573918481,1.1259750073933603,1.1204103607678866,1.1212751107693988,995.8423460411559
2025-01-01 22:25:00+00:00,1.1212751107693988,1.121864616065125,1.117728301028601,1.1183178063243273,989.1229416952949
2025-01-01 22:30:00+00:00,1.1183178063243273,1.1195555041445369,1.114562640263345,1.1158003380835546,1145.8328054999527
2025-01-01 22:35:00+00:00,1.1158003380835546,1.1175061587434516,1.1121441693475402,1.1138499900074372,1521.5751851833923
2025-01-01 22:40:00+00:00,1.1138499900074372,1.1150169391585056,1.1112661722056267,1.1124331213566951,1471.6594081826363
2025-01-01 22:45:00+00:00,1.1124331213566951,1.1138290200601229,1.1116095049063457,1.1130054036097734,546.6933332310037
2025-01-01 22:50:00+00:00,1.1130054036097734,1.1162608363372652,1.1094071303890285,1.1126625631165203,2607.77008010249
2025-01-01 22:55:00+00:00,1.1126625631165203,1.1155447373175464,1.1080529400452908,1.1109351142463169,1695.9009457324757
2025-01-01 23:00:00+00:00,1.1109351142463169,1.1116840676019406,1.1097979799931563,1.11054693334878,842.3953172476487
2025-01-01 23:05:00+00:00,1.11054693334878,1.1125710572344096,1.1062811441060656,1.1083052679916952,1218.6430903610876
2025-01-01 23:10:00+00:00,1.1083052679916952,1.111434000031424,1.105806089230896,1.108934821270625,879.486297305994
2025-01-01 23:15:00+00:00,1.108934821270625,1.112566615130776,1.1047590896156014,1.1083908834757525,1953.1465074718703
2025-01-01 23:20:00+00:00,1.1083908834757525,1.1108226300533517,1.102904156410255,1.1053359029878542,861.0520350704026
2025-01-01 23:25:00+00:00,1.1053359029878542,1.1093373677309402,1.1010989864682381,1.105100451211324,1443.1036908472943
2025-01-01 23:30:00+00:00,1.105100451211324,1.1089962647673017,1.101060797939844,1.1049566114958216,1114.9218346151133
2025-01-01 23:35:00+00:00,1.1049566114958216,1.107720415338707,1.0974233816428913,1.1001871854857768,1336.636647388188
2025-01-01 23:40:00+00:00,1.1001871854857768,1.1039507623723388,1.0942277721227593,1.0979913490093214,1152.591988030452
2025-01-01 23:45:00+00:00,1.0979913490093214,1.1013250842559414,1.092826060208006,1.096159795454626,793.9146041086667
2025-01-01 23:50:00+00:00,1.096159795454626,1.097550778828155,1.0910269330515823,1.0924179164251113,712.6920590327319
2025-01-01 23:55:00+00:00,1.0924179164251113,1.0930911656051259,1.089132768592456,1.0898060177724704,1103.959165236566
2025-01-02 00:00:00+00:00,1.0898060177724704,1.090706336563595,1.086442595526932,1.0873429143180564,1077.7761962436737
2025-01-02 00:05:00+00:00,1.0873429143180564,1.0903795157346199,1.083728977317207,1.0867655787337704,970.3386117109519
2025-01-02 00:10:00+00:00,1.0867655787337704,1.087815916495678,1.084848974001999,1.0858993117639066,1526.677687615994
2025-01-02 00:15:00+00:00,1.0858993117639066,1.09047408867482,1.0834677745084547,1.0880425514193681,1101.6545183652904
2025-01-02 00:20:00+00:00,1.0880425514193681,1.0905925406420784,1.0836687505242155,1.0862187397469258,2111.049254400879
2025-01-02 00:25:00+00:00,1.0862187397469258,1.0885515834004538,1.084050368245585,1.086383211899113,4054.4010628256774
2025-01-02 00:30:00+00:00,1.086383211899113,1.0905705995049209,1.080926880650866,1.085114268256674,2555.925968310875
2025-01-02 00:35:00+00:00,1.085114268256674,1.0889307588766948,1.0802436993321827,1.0840601899522035,2258.2493593046643
2025-01-02 00:40:00+00:00,1.0840601899522035,1.0857450807005242,1.0794255049171897,1.0811103956655104,2091.608309521214
2025-01-02 00:45:00+00:00,1.0811103956655104,1.0820158202193795,1.0762500242955075,1.0771554488493766,2096.0179168623704
2025-01-02 00:50:00+00:00,1.0771554488493766,1.078971810762734,1.0728287109028865,1.0746450728162438,873.8161960547402
2025-01-02 00:55:00+00:00,1.0746450728162438,1.075951774894873,1.0727572031089554,1.0740639051875847,884.6421984413757
2025-01-02 01:00:00+00:00,1.0740639051875847,1.0768369087154328,1.0717197500324456,1.0744927535602937,880.2264566732017
2025-01-02 01:05:00+00:00,1.0744927535602937,1.0756300573901816,1.0724730639461724,1.0736103677760602,812.1429384956856
2025-01-02 01:10:00+00:00,1.0736103677760602,1.0757708765424423,1.0703812070428718,1.0725417158092538,787.4731211227459
2025-01-02 01:15:00+00:00,1.0725417158092538,1.0743397976742046,1.067906365331792,1.0697044471967427,1188.4778315831763
2025-01-02 01:20:00+00:00,1.0697044471967427,1.0719776213516707,1.0675911481351843,1.0698643222901123,692.3008955678072
2025-01-02 01:25:00+00:00,1.0698643222901123,1.0723375277543434,1.067253059753189,1.0697262652174202,1118.9636293663152
2025-01-02 01:30:00+00:00,1.0697262652174202,1.073930684604593,1.0629268166980315,1.0671312360852043,1441.0980077056388
2025-01-02 01:35:00+00:00,1.0671312360852043,1.068285368728572,1.0639538981344911,1.0651080307778589,950.7279088400086
2025-01-02 01:40:00+00:00,1.0651080307778589,1.0658297024420793,1.061103033176263,1.0618247048404834,1089.60181116785
2025-01-02 01:45:00+00:00,1.0618247048404834,1.0635715741992648,1.059885625320725,1.0616324946795064,1508.1587457916498
2025-01-02 01:50:00+00:00,1.0616324946795064,1.064932120877304,1.0567385501096298,1.0600381763074274,1296.123161824652
2025-01-02 01:55:00+00:00,1.0600381763074274,1.0635687781292344,1.0542283581939518,1.0577589600157589,848.8143234644272
2025-01-02 02:00:00+00:00,1.0577589600157589,1.060428118738334,1.0534022214299261,1.0560713801525012,1076.7940028852963
2025-01-02 02:05:00+00:00,1.0560713801525012,1.059839870827844,1.0506130640498617,1.0543815547252045,1034.7170939073178
2025-01-02 02:10:00+00:00,1.0543815547252045,1.0582393326197244,1.0477150911489694,1.0515728690434893,1470.750568900957
2025-01-02 02:15:00+00:00,1.0515728690434893,1.052683253651073,1.0465736362476905,1.0476840208552742,1808.0462379897251
2025-01-02 02:20:00+00:00,1.0476840208552742,1.0512265632025417,1.0401730768851916,1.043715619232459,944.3817621107881
2025-01-02 02:25:00+00:00,1.043715619232459,1.047308475186659,1.0355638230074322,1.0391566789616322,1320.365803609194
2025-01-02 02:30:00+00:00,1.0391566789616322,1.0401255924992188,1.0363474744981627,1.0373163880357492,1367.0335565744838
2025-01-02 02:35:00+00:00,1.0373163880357492,1.0404608240975373,1.0344878019226191,1.0376322379844072,1302.7224097176916
2025-01-02 02:40:00+00:00,1.0376322379844072,1.0402408823695073,1.0304415904495345,1.0330502348346347,665.0453111376249
2025-01-02 02:45:00+00:00,1.0330502348346347,1.0362476942270495,1.0275344653432241,1.030731924735639,825.9284960478543
2025-01-02 02:50:00+00:00,1.030731924735639,1.032239933780832,1.0272240183367014,1.0287320273818943,861.4758860522763
2025-01-02 02:55:00+00:00,1.0287320273818943,1.0324057490943745,1.0213242834732998,1.02499800518578,873.1778602692301
2025-01-02 03:00:00+00:00,1.02499800518578,1.0258853813534214,1.021831983164866,1.0227193593325072,1699.2121659166478
2025-01-02 03:05:00+00:00,1.0227193593325072,1.0247046407455513,1.0168553253126913,1.0188406067257354,2857.1749828696193
2025-01-02 03:10:00+00:00,1.0188406067257354,1.0229064178153457,1.0137034573298913,1.0177692684195017,2582.803826090414
2025-01-02 03:15:00+00:00,1.0177692684195017,1.0217835463857885,1.0104919926220344,1.0145062705883212,2275.5812881677584
2025-01-02 03:20:00+00:00,1.0145062705883212,1.01619469964985,1.010406869987667,1.0120952990491958,1256.6032951617797
2025-01-02 03:25:00+00:00,1.0120952990491958,1.0160976342103138,1.0063968840825168,1.0103992192436348,1350.9453259174522
2025-01-02 03:30:00+00:00,1.0103992192436348,1.0124140802837176,1.0053488421723196,1.0073637032124023,691.1545884806889
2025-01-02 03:35:00+00:00,1.0073637032124023,1.0100979094041558,0.9999725518118757,1.002706758003629,1268.7368159277612
2025-01-02 03:40:00+00:00,1.002706758003629,1.005943183881031,0.9963575015145558,0.9995939273919578,980.7011119039619
2025-01-02 03:45:00+00:00,0.9995939273919578,1.0016212073951138,0.9960281625836026,0.9980554425867585,1303.3326885345523
2025-01-02 03:50:00+00:00,0.9980554425867585,0.9989491124899296,0.9946318334886125,0.9955255033917836,964.7928629344493
2025-01-02 03:55:00+00:00,0.9955255033917836,0.9976455316901682,0.9912789429068989,0.9933989712052835,1150.1243814580857
2025-01-02 04:00:00+00:00,0.9933989712052835,0.9947996487832425,0.9883444427042288,0.9897451202821878,903.1366503053405
2025-01-02 04:05:00+00:00,0.9897451202821878,0.9910248155255894,0.9863023936583505,0.9875820889017521,1309.384485485414
2025-01-02 04:10:00+00:00,0.9875820889017521,0.9901540359951779,0.9835749570566397,0.9861469041500655,1290.6479899301066
2025-01-02 04:15:00+00:00,0.9861469041500655,0.9891318095829367,0.9809456492399229,0.9839305546727941,1103.6306018773455
2025-01-02 04:20:00+00:00,0.9839305546727941,0.9867472272207296,0.981146106210965,0.9839627787589005,1647.7814923499877
2025-01-02 04:25:00+00:00,0.9839627787589005,0.9878320784155221,0.9776690539043784,0.981538353561,933.3890586718196
2025-01-02 04:30:00+00:00,0.981538353561,0.9854376542220179,0.9742821980027055,0.9781814986637234,484.1889809197926
2025-01-02 04:35:00+00:00,0.9781814986637234,0.9811626045887509,0.971223297948234,0.9742044038732616,2029.438289381064
2025-01-02 04:40:00+00:00,0.9742044038732616,0.9779465626003877,0.9697752409531515,0.9735173996802776,2034.521580897332
2025-01-02 04:45:00+00:00,0.9735173996802776,0.974067668291867,0.9709130979232484,0.9714633665348378,1297.3508377940118
2025-01-02 04:50:00+00:00,0.9714633665348378,0.9751383934261928,0.9670312910045147,0.9707063178958697,895.9118643825195
2025-01-02 04:55:00+00:00,0.9707063178958697,0.9726274257626305,0.9674314791606807,0.9693525870274415,1031.8747917902224
2025-01-02 05:00:00+00:00,0.9693525870274415,0.972534727273272,0.96622363245802,0.9694057727038504,593.9796318780708
2025-01-02 05:05:00+00:00,0.9694057727038504,0.973174476648625,0.9653211991142757,0.9690899030590503,776.9951002026605
2025-01-02 05:10:00+00:00,0.9690899030590503,0.9709940863509893,0.9650096161898617,0.9669137994818007,922.6427039951338
2025-01-02 05:15:00+00:00,0.9669137994818007,0.9690510335522207,0.963408299584001,0.965545533654421,1067.2511727556403
2025-01-02 05:20:00+00:00,0.965545533654421,0.9660340569889154,0.9646782375192919,0.9651667608537864,937.747308746552
2025-01-02 05:25:00+00:00,0.9651667608537864,0.9667218440571729,0.9605966721947051,0.9621517553980916,1308.4615865264057
2025-01-02 05:30:00+00:00,0.9621517553980916,0.9630361997717578,0.9614061168620726,0.9622905612357388,1231.043561491818
2025-01-02 05:35:00+00:00,0.9622905612357388,0.9648369019238268,0.9596529250989532,0.9621992657870412,1134.997240099386
2025-01-02 05:40:00+00:00,0.9621992657870412,0.9633583165164512,0.9607289923760322,0.9618880431054422,1911.7496635105058
2025-01-02 05:45:00+00:00,0.9618880431054422,0.9648019712748327,0.9573408648579248,0.9602547930273153,2388.0818491944938
2025-01-02 05:50:00+00:00,0.9602547930273153,0.961400017159415,0.9580991877769451,0.9592444119090449,3065.672227047292
2025-01-02 05:55:00+00:00,0.9592444119090449,0.9627314412484596,0.9531565354968473,0.956643564836262,2348.7803193772484
2025-01-02 06:00:00+00:00,0.956643564836262,0.9575970604159746,0.9544797096481945,0.9554332052279071,3258.660345464078
2025-01-02 06:05:00+00:00,0.9554332052279071,0.9581799797739544,0.9507736337044462,0.9535204082504936,1012.5459823573609
2025-01-02 06:10:00+00:00,0.9535204082504936,0.9566838559217243,0.9492501000317486,0.9524135477029794,1287.9551215336344
2025-01-02 06:15:00+00:00,0.9524135477029794,0.9536291535648802,0.949458645399233,0.9506742512611338,820.4752432159211
2025-01-02 06:20:00+00:00,0.9506742512611338,0.9544101614010763,0.9461157737250335,0.949851683864976,808.3186571203883
2025-01-02 06:25:00+00:00,0.949851683864976,0.9509396256222615,0.9489861121539382,0.9500740539112238,986.3503769787068
2025-01-02 06:30:00+00:00,0.9500740539112238,0.9534211836378682,0.9441360373631498,0.9474831670897942,1688.9038752322977
2025-01-02 06:35:00+00:00,0.9474831670897942,0.9500348485734287,0.9449028760779026,0.9474545575615371,828.2844246758228
2025-01-02 06:40:00+00:00,0.9474545575615371,0.9483397632577053,0.9432442656089014,0.9441294713050696,1047.3079340260406
2025-01-02 06:45:00+00:00,0.9441294713050696,0.9461374287710421,0.938628069776459,0.9406360272424314,1218.543969458846
2025-01-02 06:50:00+00:00,0.9406360272424314,0.943977828501059,0.9361202138671945,0.9394620151258221,1372.1935968669734
2025-01-02 06:55:00+00:00,0.9394620151258221,0.9426406300588923,0.9352571370219774,0.9384357519550477,1264.8451342249184
2025-01-02 07:00:00+00:00,0.9384357519550477,0.9397950579653647,0.9365428759258283,0.9379021819361453,1107.1414630777215
2025-01-02 07:05:00+00:00,0.9379021819361453,0.9385235678874108,0.9343968772082326,0.9350182631594981,1080.1640957900331
2025-01-02 07:10:00+00:00,0.9350182631594981,0.9361544743815787,0.9327785432978283,0.9339147545199089,1371.296944017227
2025-01-02 07:15:00+00:00,0.9339147545199089,0.9375384219401057,0.9293884842325133,0.9330121516527101,1710.1747244600224
2025-01-02 07:20:00+00:00,0.9330121516527101,0.9345087524816853,0.9318647163527889,0.9333613171817641,1571.3662560792568
2025-01-02 07:25:00+00:00,0.9333613171817641,0.935978560398957,0.9295562459736291,0.932173489190822,908.0090930826786
2025-01-02 07:30:00+00:00,0.932173489190822,0.9353010150010961,0.9285481646182864,0.9316756904285605,789.8686794744394
2025-01-02 07:35:00+00:00,0.9316756904285605,0.9335477699228066,0.9276025860429274,0.9294746655371736,1044.2100378831567
2025-01-02 07:40:00+00:00,0.9294746655371736,0.9315536403831609,0.9260546005568174,0.9281335754028047,1445.7803062161154
2025-01-02 07:45:00+00:00,0.9281335754028047,0.930686992967296,0.9239268015372409,0.9264802191017322,1565.319437763089
2025-01-02 07:50:00+00:00,0.9264802191017322,0.9293942944627388,0.9231616350162102,0.9260757103772168,1056.8105399501433
2025-01-02 07:55:00+00:00,0.9260757103772168,0.9290053212316749,0.9208317002817623,0.9237613111362204,839.884380935
2025-01-02 08:00:00+00:00,0.9237613111362204,0.9270364489388156,0.9183138283423352,0.9215889661449305,867.3494674916523
2025-01-02 08:05:00+00:00,0.9215889661449305,0.9230760398471799,0.9194553004864103,0.9209423741886598,1249.8477754575595
2025-01-02 08:10:00+00:00,0.9209423741886598,0.9224931687601702,0.9200478583275343,0.9215986528990447,1018.486663299958
2025-01-02 08:15:00+00:00,0.9215986528990447,0.9228313476056149,0.9194268454755896,0.9206595401821598,4426.6214976405445
2025-01-02 08:20:00+00:00,0.9206595401821598,0.9220457682528254,0.9182060048099537,0.9195922328806193,2074.8531451138747
2025-01-02 08:25:00+00:00,0.9195922328806193,0.9212797849351535,0.9160797366748813,0.9177672887294155,1330.920088455941
2025-01-02 08:30:00+00:00,0.9177672887294155,0.9187719355689722,0.9164753609518842,0.9174800077914409,4538.398076796516
2025-01-02 08:35:00+00:00,0.9174800077914409,0.918473657918238,0.9155507500165154,0.9165444001433125,3367.9492188991912
2025-01-02 08:40:00+00:00,0.9165444001433125,0.9199153964843974,0.913505229839907,0.9168762261809918,1750.7950080843907
2025-01-02 08:45:00+00:00,0.9168762261809918,0.9189072349939869,0.913588946156841,0.9156199549698361,815.8519610241751
2025-01-02 08:50:00+00:00,0.9156199549698361,0.9178155302782225,0.9107212222077916,0.912916797516178,766.29591457538
2025-01-02 08:55:00+00:00,0.912916797516178,0.9160315396345666,0.90747496441003,0.9105897065284185,1362.6883271901088
2025-01-02 09:00:00+00:00,0.9105897065284185,0.9113835008734109,0.906974638760517,0.9077684331055094,1035.8330809259414
2025-01-02 09:05:00+00:00,0.9077684331055094,0.9101332375677071,0.9022605674449209,0.9046253719071187,1248.9920789453467
2025-01-02 09:10:00+00:00,0.9046253719071187,0.9066787667328925,0.9021203986669599,0.9041737934927337,767.3503967598656
2025-01-02 09:15:00+00:00,0.9041737934927337,0.9067899679019747,0.9005688099533111,0.9031849843625521,973.9510404229209
2025-01-02 09:20:00+00:00,0.9031849843625521,0.9039151668846277,0.899213448334002,0.8999436308560775,1553.8394865048053
2025-01-02 09:25:00+00:00,0.8999436308560775,0.9031003240670785,0.8967729117534682,0.8999296049644692,789.7099724185016
2025-01-02 09:30:00+00:00,0.8999296049644692,0.901531581333523,0.8966174448667465,0.8982194212358003,853.5505431764608
2025-01-02 09:35:00+00:00,0.8982194212358003,0.9007284756580557,0.8926756366810721,0.8951846911033274,1538.4479940736583
2025-01-02 09:40:00+00:00,0.8951846911033274,0.8966291228603046,0.8921207573016704,0.8935651890586476,1039.5143871545743
2025-01-02 09:45:00+00:00,0.8935651890586476,0.8967163007528324,0.8882783388501029,0.8914294505442877,1052.9593439871076
2025-01-02 09:50:00+00:00,0.8914294505442877,0.89289651508602,0.8870519557272986,0.8885190202690308,823.1926878153217
2025-01-02 09:55:00+00:00,0.8885190202690308,0.8890658887552941,0.8838015972950841,0.8843484657813474,977.3908718093265
2025-01-02 10:00:00+00:00,0.8843484657813474,0.8852547123403532,0.8813605875910607,0.8822668341500666,718.7809853549852
2025-01-02 10:05:00+00:00,0.8822668341500666,0.8846315243512605,0.8780737380429419,0.8804384282441358,1738.0848915723498
2025-01-02 10:10:00+00:00,0.8804384282441358,0.8832399997603848,0.872771965885017,0.8755735374012661,1124.4306919634168
2025-01-02 10:15:00+00:00,0.8755735374012661,0.8770567038367406,0.8725177122314606,0.8740008786669351,1189.930071635957
2025-01-02 10:20:00+00:00,0.8740008786669351,0.8748093946080702,0.8716757525286339,0.872484268469769,917.4268329262052
2025-01-02 10:25:00+00:00,0.872484268469769,0.8742610169748453,0.8680483721276022,0.8698251206326785,847.9511651884752
2025-01-02 10:30:00+00:00,0.8698251206326785,0.8723270796322393,0.8652716150446004,0.8677735740441612,1009.8519951013012
2025-01-02 10:35:00+00:00,0.8677735740441612,0.8698119416595159,0.8632774039815058,0.8653157715968605,802.5785587050555
2025-01-02 10:40:00+00:00,0.8653157715968605,0.8683361429987588,0.8592685682280565,0.8622889396299549,976.9184044904848
2025-01-02 10:45:00+00:00,0.8622889396299549,0.864051985287113,0.8580047696673893,0.8597678153245474,854.5415558132121
2025-01-02 10:50:00+00:00,0.8597678153245474,0.8615351747479992,0.8572554669804988,0.8590228264039507,1220.5976335458515
2025-01-02 10:55:00+00:00,0.8590228264039507,0.8618452197066362,0.852584009177875,0.8554064024805605,1972.116661967614
2025-01-02 11:00:00+00:00,0.8554064024805605,0.8560878533283152,0.8528628628890063,0.8535443137367609,2898.554076193212
2025-01-02 11:05:00+00:00,0.8535443137367609,0.8541294610413857,0.8510619183459892,0.851647065650614,3257.6311992718965
2025-01-02 11:10:00+00:00,0.851647065650614,0.8526339207270444,0.8478761547523034,0.8488630098287337,2099.716787037451
2025-01-02 11:15:00+00:00,0.8488630098287337,0.8518082687205403,0.8434347073608207,0.8463799662526272,2173.4194191150777
2025-01-02 11:20:00+00:00,0.8463799662526272,0.8488819553423084,0.8404535191288032,0.8429555082184843,2436.9405763539435
2025-01-02 11:25:00+00:00,0.8429555082184843,0.8452936029347514,0.8377849554979726,0.8401230502142397,802.9775097749764
2025-01-02 11:30:00+00:00,0.8401230502142397,0.8413212805764632,0.8370010875758483,0.8381993179380718,1222.9196689923424
2025-01-02 11:35:00+00:00,0.8381993179380718,0.8400556740850216,0.8347664237840692,0.836622779931019,1380.0601740831125
2025-01-02 11:40:00+00:00,0.836622779931019,0.8377161510857313,0.8327609293852105,0.8338543005399228,667.5719961457936
2025-01-02 11:45:00+00:00,0.8338543005399228,0.8357284261177209,0.8332080605449452,0.8350821861227433,1272.6312583149618
2025-01-02 11:50:00+00:00,0.8350821861227433,0.8361284857259068,0.8316691779850935,0.832715477588257,1036.6264791097074
2025-01-02 11:55:00+00:00,0.832715477588257,0.833326105905909,0.8304771066793449,0.831087734996997,923.4033980787175
2025-01-02 12:00:00+00:00,0.831087734996997,0.8336950429035088,0.8265377179708118,0.8291450258773236,979.2673413047291
2025-01-02 12:05:00+00:00,0.8291450258773236,0.8298398009135293,0.8263831966655157,0.8270779717017214,916.0963545311496
2025-01-02 12:10:00+00:00,0.8270779717017214,0.8295709710552903,0.8242486230206368,0.8267416223742058,1255.1140339780532
2025-01-02 12:15:00+00:00,0.8267416223742058,0.8295570618302761,0.8218673449670869,0.8246827844231572,936.8746944957679
2025-01-02 12:20:00+00:00,0.8246827844231572,0.8259875567089195,0.8231572280368963,0.8244620003226586,1602.1585196144244
2025-01-02 12:25:00+00:00,0.8244620003226586,0.827572969616926,0.8209812000597092,0.8240921693539766,1123.33485433742
2025-01-02 12:30:00+00:00,0.8240921693539766,0.824856361042496,0.8208401933728133,0.8216043850613328,1432.7395046797776
2025-01-02 12:35:00+00:00,0.8216043850613328,0.8244718313098844,0.818346039795533,0.8212134860440846,868.9203122386197
2025-01-02 12:40:00+00:00,0.8212134860440846,0.82302952638867,0.8173885499300612,0.8192045902746465,1014.5511522571951
2025-01-02 12:45:00+00:00,0.8192045902746465,0.822782502296747,0.8169909386176446,0.820568850639745,1528.2665370694483
2025-01-02 12:50:00+00:00,0.820568850639745,0.8225137681589143,0.8169560142738469,0.8189009317930162,1011.0422328968186
2025-01-02 12:55:00+00:00,0.8189009317930162,0.8203438717447472,0.81528757589033,0.816730515842061,902.5580270800739
2025-01-02 13:00:00+00:00,0.816730515842061,0.8195473698174145,0.810838254760315,0.8136551087356685,1699.5166892124494
2025-01-02 13:05:00+00:00,0.8136551087356685,0.8159200779446213,0.8089632546460673,0.8112282238550201,752.1255542997166
2025-01-02 13:10:00+00:00,0.8112282238550201,0.812085668147882,0.8086768177022456,0.8095342619951075,1364.1419279936713
2025-01-02 13:15:00+00:00,0.8095342619951075,0.811729526467025,0.80527624094672,0.8074715054186375,1002.7517239233374
2025-01-02 13:20:00+00:00,0.8074715054186375,0.8091931853248533,0.803499660747328,0.8052213406535438,1660.6120776902314
2025-01-02 13:25:00+00:00,0.8052213406535438,0.8077488488495415,0.800992188910849,0.8035196971068467,1201.348564080474
2025-01-02 13:30:00+00:00,0.8035196971068467,0.8059775053287697,0.7998602663437154,0.8023180745656384,999.4370389129374
2025-01-02 13:35:00+00:00,0.8023180745656384,0.8043628282249027,0.8006906689292413,0.8027354225885056,3889.223049557337
2025-01-02 13:40:00+00:00,0.8027354225885056,0.8047119071028068,0.7981650149344847,0.8001414994487859,2083.5151475716866
2025-01-02 13:45:00+00:00,0.8001414994487859,0.8010932758774743,0.7977258497284188,0.7986776261571071,5009.3020214991775
2025-01-02 13:50:00+00:00,0.7986776261571071,0.7999336051251961,0.795591787062719,0.796847766030808,2844.0770881932663
2025-01-02 13:55:00+00:00,0.796847766030808,0.7980953596078784,0.7932525802854415,0.7945001738625119,2490.559343312451
2025-01-02 14:00:00+00:00,0.7945001738625119,0.7973256052828931,0.7895813925593557,0.7924068239797368,2428.59582340018
2025-01-02 14:05:00+00:00,0.7924068239797368,0.7940173513647513,0.7890581175608069,0.7906686449458213,1220.6358950550643
2025-01-02 14:10:00+00:00,0.7906686449458213,0.7921941028921852,0.7889516000706672,0.790477058017031,1049.1936977130224
2025-01-02 14:15:00+00:00,0.790477058017031,0.7920193668152442,0.787881912660783,0.7894242214589962,1272.3937997332323
2025-01-02 14:20:00+00:00,0.7894242214589962,0.7908227353915288,0.7866480910724054,0.7880466050049381,1121.130464044773
2025-01-02 14:25:00+00:00,0.7880466050049381,0.7886413805300723,0.7871587209779841,0.7877534965031183,959.4746675053907
2025-01-02 14:30:00+00:00,0.7877534965031183,0.7891898133332965,0.7857055296781662,0.7871418465083444,1373.4886671083411
2025-01-02 14:35:00+00:00,0.7871418465083444,0.7879028610247307,0.7852848562859356,0.7860458708023219,1081.133622268662
2025-01-02 14:40:00+00:00,0.7860458708023219,0.7886465637045375,0.7829113896540917,0.7855120825563072,731.2187064502867
2025-01-02 14:45:00+00:00,0.7855120825563072,0.7884628742952987,0.7808718975411555,0.783822689280147,1114.2522543699379
2025-01-02 14:50:00+00:00,0.783822689280147,0.7853343660028552,0.7819756358882537,0.7834873126109619,723.7991302277857
2025-01-02 14:55:00+00:00,0.7834873126109619,0.7853869562857979,0.781082057726579,0.782981701401415,966.0393738872513
2025-01-02 15:00:00+00:00,0.782981701401415,0.7841528847657631,0.7804581374950633,0.7816293208594114,872.7453777327067
2025-01-02 15:05:00+00:00,0.7816293208594114,0.7844753764562284,0.7766536277151449,0.779499683311962,1040.1125233084174
2025-01-02 15:10:00+00:00,0.779499683311962,0.7815152168458137,0.7778937630091267,0.7799092965429785,1196.9534669966022
2025-01-02 15:15:00+00:00,0.7799092965429785,0.7825265063947354,0.776339580957985,0.778956790809742,1355.571947930318
2025-01-02 15:20:00+00:00,0.778956790809742,0.7828044685599056,0.7768931503834074,0.780740828133571,990.4603576567489
2025-01-02 15:25:00+00:00,0.780740828133571,0.7826450826249826,0.7771216963782815,0.7790259508696931,1125.153983261852
2025-01-02 15:30:00+00:00,0.7790259508696931,0.78169623215696,0.7760173907830378,0.7786876720703048,980.6159215153215
2025-01-02 15:35:00+00:00,0.7786876720703048,0.7804869704753311,0.7753142871109528,0.7771135855159792,1195.2105727855273
2025-01-02 15:40:00+00:00,0.7771135855159792,0.779358146120252,0.7739026784073363,0.7761472390116091,1411.818676642366
2025-01-02 15:45:00+00:00,0.7761472390116091,0.7785768485418404,0.7732550681990161,0.7756846777292474,1601.024698698032
2025-01-02 15:50:00+00:00,0.7756846777292474,0.7761777787145573,0.7731743417603435,0.7736674427456534,867.5490280661218
2025-01-02 15:55:00+00:00,0.7736674427456534,0.7747669871702708,0.7711655064300186,0.772265050854636,1363.9026379462707
2025-01-02 16:00:00+00:00,0.772265050854636,0.7728963709358074,0.7704368812713948,0.7710682013525662,1035.8485807728937
2025-01-02 16:05:00+00:00,0.7710682013525662,0.7726887288809433,0.768170173075366,0.7697907006037431,1095.8449180966952
2025-01-02 16:10:00+00:00,0.7697907006037431,0.7702970016674447,0.7684159101246577,0.7689222111883594,625.8299748070722
2025-01-02 16:15:00+00:00,0.7689222111883594,0.7716042141871216,0.7657298617649242,0.7684118647636864,3150.9637161337478
2025-01-02 16:20:00+00:00,0.7684118647636864,0.7710397132595258,0.7650591386377684,0.7676869871336078,1850.490952011781
2025-01-02 16:25:00+00:00,0.7676869871336078,0.7690342912639802,0.765053107364958,0.7664004114953303,2055.355992877551
2025-01-02 16:30:00+00:00,0.7664004114953303,0.768780147617529,0.7621395024672422,0.7645192385894408,2299.2656538197916
2025-01-02 16:35:00+00:00,0.7645192385894408,0.7649356453743246,0.7614751958000999,0.7618916025849837,4044.1135037543095
2025-01-02 16:40:00+00:00,0.7618916025849837,0.7646179166186605,0.7568716854444699,0.7595979994781468,793.9599490387164
2025-01-02 16:45:00+00:00,0.7595979994781468,0.7613378752757467,0.7557266772495163,0.7574665530471162,1511.600791916661
2025-01-02 16:50:00+00:00,0.7574665530471162,0.7596563548169576,0.7542186537057832,0.7564084554756246,1327.1935801270329
2025-01-02 16:55:00+00:00,0.7564084554756246,0.7579147860822035,0.7528680658303536,0.7543743964369325,1790.813934168696
2025-01-02 17:00:00+00:00,0.7543743964369325,0.7553053355896847,0.7505942144747695,0.7515251536275217,1714.7284845455222
2025-01-02 17:05:00+00:00,0.7515251536275217,0.7521622312413431,0.749704561032569,0.7503416386463904,2347.027701533787
2025-01-02 17:10:00+00:00,0.7503416386463904,0.7527925445649741,0.7454013173347038,0.7478522232532876,2080.313555491663
2025-01-02 17:15:00+00:00,0.7478522232532876,0.7497610702179364,0.7434742520959488,0.7453830990605975,1697.993270112608
2025-01-02 17:20:00+00:00,0.7453830990605975,0.7480251854370156,0.740742086524678,0.743384172901096,2133.520799069189
2025-01-02 17:25:00+00:00,0.743384172901096,0.7450954247948312,0.7402851507813754,0.7419964026751105,1989.7795652228374
2025-01-02 17:30:00+00:00,0.7419964026751105,0.7441595043193896,0.7358731204948314,0.7380362221391106,2205.9055374799036
2025-01-02 17:35:00+00:00,0.7380362221391106,0.7386111470646618,0.7346493491768515,0.7352242741024028,2100.1377343684926
2025-01-02 17:40:00+00:00,0.7352242741024028,0.7387804377898328,0.7326441761589884,0.7362003398464184,2256.568938676509
2025-01-02 17:45:00+00:00,0.7362003398464184,0.7378259796463444,0.735068180760596,0.736693820560522,2144.281659491887
2025-01-02 17:50:00+00:00,0.736693820560522,0.7387555768249938,0.7346794238418826,0.7367411801063544,2407.5952181884863
2025-01-02 17:55:00+00:00,0.7367411801063544,0.7385550944833477,0.7352590634225911,0.7370729777995844,1306.415218067113
2025-01-02 18:00:00+00:00,0.7370729777995844,0.7413087920305129,0.7348773830118492,0.7391131972427778,2128.2944368362355
2025-01-02 18:05:00+00:00,0.7391131972427778,0.741404941955032,0.7372358211103481,0.7395275658226024,2099.8198334753697
2025-01-02 18:10:00+00:00,0.7395275658226024,0.7413840850540067,0.7391305294314517,0.740987048662856,1828.825437347496
2025-01-02 18:15:00+00:00,0.740987048662856,0.7440896549856385,0.7394267088117081,0.7425293151344906,2298.241781207721
2025-01-02 18:20:00+00:00,0.7425293151344906,0.7459003711408795,0.7396074228628393,0.7429784788692282,1677.2093711688108
2025-01-02 18:25:00+00:00,0.7429784788692282,0.745630298299732,0.7415882135501219,0.7442400329806258,1149.178904962709
2025-01-02 18:30:00+00:00,0.7442400329806258,0.7461973891011568,0.7427642096171612,0.7447215657376922,1513.5573460881628
2025-01-02 18:35:00+00:00,0.7447215657376922,0.7477529246718755,0.7420480832913069,0.7450794422254902,2154.836091970371
2025-01-02 18:40:00+00:00,0.7450794422254902,0.7477274362083218,0.742349954646043,0.7449979486288747,2383.1267949835196
2025-01-02 18:45:00+00:00,0.7449979486288747,0.7472985867685724,0.7444303354045299,0.7467309735442276,2018.3037857603806
2025-01-02 18:50:00+00:00,0.7467309735442276,0.7492934838719044,0.744788688753825,0.7473511990815018,1551.423607728408
2025-01-02 18:55:00+00:00,0.7473511990815018,0.7501445193193681,0.7450680970185498,0.7478614172564161,4605.537154560063
2025-01-02 19:00:00+00:00,0.7478614172564161,0.7483517213054716,0.7473946399445961,0.7478849439936516,4896.162286936653
2025-01-02 19:05:00+00:00,0.7478849439936516,0.7529284139271785,0.7455360860648804,0.7505795559984073,4521.614179667081
2025-01-02 19:10:00+00:00,0.7505795559984073,0.7540415806054621,0.7488905990708764,0.7523526236779312,4185.665259816146
2025-01-02 19:15:00+00:00,0.7523526236779312,0.7540634600405445,0.7516619742047608,0.753372810567374,4462.336449835623
2025-01-02 19:20:00+00:00,0.753372810567374,0.756635466906569,0.7506583298738563,0.7539209862130513,1646.2777393482197
2025-01-02 19:25:00+00:00,0.7539209862130513,0.7555690736600182,0.7521018689092042,0.7537499563561711,2142.8206662171688
2025-01-02 19:30:00+00:00,0.7537499563561711,0.7561997150626645,0.7528151557149287,0.7552649144214221,1844.2699409203678
2025-01-02 19:35:00+00:00,0.7552649144214221,0.7577830406423007,0.7542992137462657,0.7568173399671444,2257.161367144301
2025-01-02 19:40:00+00:00,0.7568173399671444,0.7596481031664152,0.7540374425454202,0.7568682057446909,1844.1057613763594
2025-01-02 19:45:00+00:00,0.7568682057446909,0.7616613334205106,0.7545020003606717,0.7592951280364914,1074.9656752596254
2025-01-02 19:50:00+00:00,0.7592951280364914,0.7623720947369502,0.7583387179940414,0.7614156846945003,1839.409628942589
2025-01-02 19:55:00+00:00,0.7614156846945003,0.7645906128566031,0.7588144586745886,0.7619893868366915,2353.85442610878
2025-01-02 20:00:00+00:00,0.7619893868366915,0.7650906068837382,0.7598719182882386,0.7629731383352854,1976.009089121257
2025-01-02 20:05:00+00:00,0.7629731383352854,0.7666818366320237,0.7604042570192792,0.7641129553160175,2733.5647499899405
2025-01-02 20:10:00+00:00,0.7641129553160175,0.7688097069442709,0.7611342464520497,0.7658309980803031,1586.9144235130766
2025-01-02 20:15:00+00:00,0.7658309980803031,0.7682486136955005,0.7648887036627953,0.7673063192779926,2714.3579365210753
2025-01-02 20:20:00+00:00,0.7673063192779926,0.770239765015791,0.7645088351046326,0.7674422808424309,2144.6143401867243
2025-01-02 20:25:00+00:00,0.7674422808424309,0.771934058272423,0.765992279812656,0.7704840572426481,2877.3114380054194
2025-01-02 20:30:00+00:00,0.7704840572426481,0.7753153005461821,0.7676642568064632,0.7724955001099972,2595.240249868724
2025-01-02 20:35:00+00:00,0.7724955001099972,0.7781997171255225,0.7697162565511284,0.7754204735666537,1346.0853935352507
2025-01-02 20:40:00+00:00,0.7754204735666537,0.7792988699506977,0.7745007941083935,0.7783791904924375,1606.442976437675
2025-01-02 20:45:00+00:00,0.7783791904924375,0.7821433112974767,0.7762410659860558,0.780005186791095,2330.8151969873593
2025-01-02 20:50:00+00:00,0.780005186791095,0.78357171497119,0.7786081461531448,0.7821746743332398,2575.54920333473
2025-01-02 20:55:00+00:00,0.7821746743332398,0.7853012315040029,0.781617187133671,0.784743744304434,2545.83925812118
2025-01-02 21:00:00+00:00,0.784743744304434,0.7890333262672148,0.7830824159775331,0.7873719979403139,1574.7934833195518
2025-01-02 21:05:00+00:00,0.7873719979403139,0.7898216959748684,0.7866919889572856,0.7891416869918402,2236.577893414677
2025-01-02 21:10:00+00:00,0.7891416869918402,0.7918455643554746,0.7877949991596448,0.7904988765232792,1769.9526426505602
2025-01-02 21:15:00+00:00,0.7904988765232792,0.793151082717511,0.7898392742007411,0.7924914803949729,2972.0211726801267
2025-01-02 21:20:00+00:00,0.7924914803949729,0.7951139892432251,0.7910783188987448,0.793700827746997,2627.134356482116
2025-01-02 21:25:00+00:00,0.793700827746997,0.7972530323592988,0.7916004786199684,0.7951526832322702,1730.520380633614
2025-01-02 21:30:00+00:00,0.7951526832322702,0.7957043516297339,0.7946509934528511,0.7952026618503147,7252.664650881026
2025-01-02 21:35:00+00:00,0.7952026618503147,0.7989820645187741,0.7934936582933693,0.7972730609618286,4243.783382451775
2025-01-02 21:40:00+00:00,0.7972730609618286,0.799046700776154,0.7965084246612569,0.7982820644755824,4401.041729944628
2025-01-02 21:45:00+00:00,0.7982820644755824,0.8020199321284542,0.7960012849695678,0.7997391526224397,4757.624492404016
2025-01-02 21:50:00+00:00,0.7997391526224397,0.8034519856511039,0.7979619537107498,0.8016747867394141,2690.977283112334
2025-01-02 21:55:00+00:00,0.8016747867394141,0.8049536909733871,0.8006789012121928,0.8039578054461658,5889.983607201338
2025-01-02 22:00:00+00:00,0.8039578054461658,0.8098585416319831,0.8018584916365682,0.8077592278223855,2346.756667834875
2025-01-02 22:05:00+00:00,0.8077592278223855,0.8119384369833865,0.8057438545810628,0.8099230637420638,1921.9907102415605
2025-01-02 22:10:00+00:00,0.8099230637420638,0.8111165733213411,0.8093052164581443,0.8104987260374217,2963.54569821399
2025-01-02 22:15:00+00:00,0.8104987260374217,0.8144907709734017,0.808565256330966,0.812557301266946,1523.5041067421648
2025-01-02 22:20:00+00:00,0.812557301266946,0.8162576287623131,0.8101867985902111,0.8138871260855781,2917.3183912225754
2025-01-02 22:25:00+00:00,0.8138871260855781,0.8187459733382338,0.8113078301045136,0.8161666773571693,1854.5742251502961
2025-01-02 22:30:00+00:00,0.8161666773571693,0.8202320076266376,0.8132937034712084,0.8173590337406768,2873.565721169764
2025-01-02 22:35:00+00:00,0.8173590337406768,0.8207231548950208,0.815135728489498,0.818499849643842,1486.1433176845444
2025-01-02 22:40:00+00:00,0.818499849643842,0.8208219687901788,0.8174813263224605,0.8198034454687972,1515.5663066124584
2025-01-02 22:45:00+00:00,0.8198034454687972,0.8226785191971911,0.8180849588849662,0.8209600326133601,2625.6950990399546
2025-01-02 22:50:00+00:00,0.8209600326133601,0.8216674453526442,0.8201945468522585,0.8209019595915426,1468.9196803483394
2025-01-02 22:55:00+00:00,0.8209019595915426,0.8251207318939098,0.8177276535625837,0.8219464258649509,2020.9769474873196
2025-01-02 23:00:00+00:00,0.8219464258649509,0.8265741182697113,0.8189722552346066,0.823599947639367,1781.7876395103865
2025-01-02 23:05:00+00:00,0.823599947639367,0.8297007666992441,0.8203198160927528,0.82642063515263,2218.383899805527
2025-01-02 23:10:00+00:00,0.82642063515263,0.8281428552190205,0.8260031537340035,0.827725373800394,2830.1927913087543
2025-01-02 23:15:00+00:00,0.827725373800394,0.829954109467949,0.826684079383887,0.828912815051442,1846.7218008606512
2025-01-02 23:20:00+00:00,0.828912815051442,0.8340286014320614,0.8258929580072051,0.8310087443878245,2947.717077947464
2025-01-02 23:25:00+00:00,0.8310087443878245,0.8342275709613585,0.8298088469623184,0.8330276735358524,2476.1029534786267
2025-01-02 23:30:00+00:00,0.8330276735358524,0.8388146539023705,0.8302855724430004,0.8360725528095185,2281.0747010643745
2025-01-02 23:35:00+00:00,0.8360725528095185,0.8386774249242137,0.835461109890901,0.8380659820055962,2751.1141413050686
2025-01-02 23:40:00+00:00,0.8380659820055962,0.8417792473807669,0.8357003973113819,0.8394136626865526,1881.9012153139904
2025-01-02 23:45:00+00:00,0.8394136626865526,0.8445772490186978,0.8369302547467529,0.8420938410788981,2753.960270710763
2025-01-02 23:50:00+00:00,0.8420938410788981,0.8455895838354351,0.8414407775055296,0.8449365202620667,1895.0695937434748
2025-01-02 23:55:00+00:00,0.8449365202620667,0.8466273931160568,0.8440219989396247,0.8457128717936149,1959.7777971250773
2025-01-03 00:00:00+00:00,0.8457128717936149,0.8487084879073148,0.8441006438193136,0.8470962599330135,2925.231471314063
2025-01-03 00:05:00+00:00,0.8470962599330135,0.8483604123872706,0.8453117489697662,0.8465759014240233,1872.373129126719
2025-01-03 00:10:00+00:00,0.8465759014240233,0.8489751737836146,0.8449600965638739,0.8473593689234653,2593.4672399241645
2025-01-03 00:15:00+00:00,0.8473593689234653,0.8499705109616301,0.8449714686174763,0.8475826106556411,4924.33377788902
2025-01-03 00:20:00+00:00,0.8475826106556411,0.8491551770922733,0.8468847212741759,0.8484572877108081,3535.6377921199964
2025-01-03 00:25:00+00:00,0.8484572877108081,0.849697326728476,0.8477921862554169,0.8490322252730848,4040.2223669634072
2025-01-03 00:30:00+00:00,0.8490322252730848,0.8517035119424412,0.8472324461918503,0.8499037328612068,6088.681552212612
2025-01-03 00:35:00+00:00,0.8499037328612068,0.8536113660989939,0.8471097048762253,0.8508173381140124,2770.973830805199
2025-01-03 00:40:00+00:00,0.8508173381140124,0.8556617979405458,0.8474768278169543,0.8523212876434877,2478.656194803025
2025-01-03 00:45:00+00:00,0.8523212876434877,0.8560794459760823,0.849782991547687,0.8535411498802816,2508.80691673559
2025-01-03 00:50:00+00:00,0.8535411498802816,0.8546213767957845,0.852854828126697,0.8539350550421999,3193.858642938347
2025-01-03 00:55:00+00:00,0.8539350550421999,0.8549305237145218,0.8525762842512885,0.8535717529236104,1526.902558231603
2025-01-03 01:00:00+00:00,0.8535717529236104,0.8579347416852185,0.8514246810356769,0.855787669797285,1287.4821099215583
2025-01-03 01:05:00+00:00,0.855787669797285,0.8591146709829164,0.8548641699865989,0.8581911711722302,2121.4287860243044
2025-01-03 01:10:00+00:00,0.8581911711722302,0.8594581616635566,0.8574006449388644,0.8586676354301908,2431.184981525048
2025-01-03 01:15:00+00:00,0.8586676354301908,0.8626263823099322,0.8562337155967966,0.860192462476538,1646.2045752828508
2025-01-03 01:20:00+00:00,0.860192462476538,0.8608616039709261,0.8588981652226751,0.8595673067170633,2322.695963139159
2025-01-03 01:25:00+00:00,0.8595673067170633,0.8614442266056671,0.8570347819967031,0.858911701885307,1271.1868705325642
2025-01-03 01:30:00+00:00,0.858911701885307,0.8624692014909743,0.8560404834339135,0.8595979830395808,2182.02247211824
2025-01-03 01:35:00+00:00,0.8595979830395808,0.8628901992075183,0.8588047790287956,0.8620969951967331,1313.11719563223
2025-01-03 01:40:00+00:00,0.8620969951967331,0.8653678968531566,0.8587389446519684,0.862009846308392,1461.3826856292928
2025-01-03 01:45:00+00:00,0.862009846308392,0.863862935988879,0.8603075883939036,0.8621606780743907,1889.0397988761365
2025-01-03 01:50:00+00:00,0.8621606780743907,0.8656278569699597,0.8613957590123084,0.8648629379078774,1980.4562598191999
2025-01-03 01:55:00+00:00,0.8648629379078774,0.865878913341749,0.86294416240929,0.8639601378431616,2335.4650450990694
2025-01-03 02:00:00+00:00,0.8639601378431616,0.8667465224473258,0.8629324903582472,0.8657188749624113,2322.260854295526
2025-01-03 02:05:00+00:00,0.8657188749624113,0.8704672539272392,0.8625967253079341,0.867345104272762,1925.2899341380016
2025-01-03 02:10:00+00:00,0.867345104272762,0.8715275945967749,0.8640995337773358,0.8682820241013487,3437.308026425496
2025-01-03 02:15:00+00:00,0.8682820241013487,0.8717926072702195,0.8661546466546977,0.8696652298235684,1817.3911987431793
2025-01-03 02:20:00+00:00,0.8696652298235684,0.8749938813855868,0.8683043296903845,0.8736329812524029,1251.813753438899
2025-01-03 02:25:00+00:00,0.8736329812524029,0.8764298985793958,0.8709201526333824,0.8737170699603753,2777.541539570744
2025-01-03 02:30:00+00:00,0.8737170699603753,0.8766094389964089,0.8718003828692437,0.8746927519052772,2461.8624369354543
2025-01-03 02:35:00+00:00,0.8746927519052772,0.8775359533823573,0.8729462206509339,0.875789422128014,2091.397828582293
2025-01-03 02:40:00+00:00,0.875789422128014,0.8788747896565365,0.873368508105645,0.8764538756341675,2088.770475686714
2025-01-03 02:45:00+00:00,0.8764538756341675,0.8790255109118561,0.8739034024417305,0.876475037719419,1623.2636684451704
2025-01-03 02:50:00+00:00,0.876475037719419,0.8825430654055001,0.8735641381786633,0.8796321658647444,5487.316992152219
2025-01-03 02:55:00+00:00,0.8796321658647444,0.8836889937790239,0.8773342419297243,0.8813910698440038,5616.673102760264
2025-01-03 03:00:00+00:00,0.8813910698440038,0.8825136849449913,0.8799812297339152,0.8811038448349027,6349.269321565517
2025-01-03 03:05:00+00:00,0.8811038448349027,0.8853023288857699,0.8777785798749079,0.8819770639257751,3103.9872943864257
2025-01-03 03:10:00+00:00,0.8819770639257751,0.8848583059148639,0.8811890255095811,0.8840702674986699,4071.8718376194042
2025-01-03 03:15:00+00:00,0.8840702674986699,0.8897241916116003,0.8805564139459175,0.886210338058848,2974.9711931287234
2025-01-03 03:20:00+00:00,0.886210338058848,0.8877588713538789,0.8848871501503219,0.8864356834453528,2098.457230197446
2025-01-03 03:25:00+00:00,0.8864356834453528,0.8908812307183106,0.8836945743252731,0.8881401215982309,2142.0648922761284
2025-01-03 03:30:00+00:00,0.8881401215982309,0.8936247686944114,0.8847811662665233,0.8902658133627038,2349.116585183962
2025-01-03 03:35:00+00:00,0.8902658133627038,0.8956442358433636,0.887199731749647,0.8925781542303067,2226.009666222439
2025-01-03 03:40:00+00:00,0.8925781542303067,0.8967235240691389,0.8907924522037577,0.8949378220425899,2283.6888123861445
2025-01-03 03:45:00+00:00,0.8949378220425899,0.8958128049912145,0.8940815237510241,0.8949565066996488,2134.391106076595
2025-01-03 03:50:00+00:00,0.8949565066996488,0.9024505593438417,0.8914670244816876,0.8989610771258805,1718.7837145710484
2025-01-03 03:55:00+00:00,0.8989610771258805,0.9025358626785002,0.8976716791079298,0.9012464646605495,1736.0845946110041
2025-01-03 04:00:00+00:00,0.9012464646605495,0.9086386087061703,0.8979080069366643,0.9053001509822851,2530.7855680609555
2025-01-03 04:05:00+00:00,0.9053001509822851,0.9112161616366734,0.9046397152646253,0.9105557259190136,1149.8829531520926
2025-01-03 04:10:00+00:00,0.9105557259190136,0.9152688994451005,0.9078384496144013,0.9125516231404882,1585.3069552114223
2025-01-03 04:15:00+00:00,0.9125516231404882,0.9164075354679618,0.9095430407481885,0.9133989530756621,986.4425315920952
2025-01-03 04:20:00+00:00,0.9133989530756621,0.9176710127649044,0.9123008099773284,0.9165728696665707,2174.4527090516917
2025-01-03 04:25:00+00:00,0.9165728696665707,0.9222691136830619,0.91292732065507,0.9186235646715611,2249.922929413539
2025-01-03 04:30:00+00:00,0.9186235646715611,0.923769644513984,0.9152491847157224,0.9203952645581452,2524.627717927714
2025-01-03 04:35:00+00:00,0.9203952645581452,0.9225732432073522,0.9193608672696224,0.9215388459188294,1973.475907930361
2025-01-03 04:40:00+00:00,0.9215388459188294,0.926210431481829,0.921038960443998,0.9257105460069976,1890.2922719796134
2025-01-03 04:45:00+00:00,0.9257105460069976,0.9301802054529416,0.923062826754421,0.9275324862003649,2554.5927322743646
2025-01-03 04:50:00+00:00,0.9275324862003649,0.9290228902229132,0.9268033703493173,0.9282937743718656,2371.8203350394597
2025-01-03 04:55:00+00:00,0.9282937743718656,0.9317086232683428,0.9267017846970093,0.9301166335934865,1889.3592148098485
2025-01-03 05:00:00+00:00,0.9301166335934865,0.9325385442633666,0.928723448175139,0.931145358845019,1671.9816044288962
2025-01-03 05:05:00+00:00,0.931145358845019,0.9349917200107348,0.9297934378581341,0.9336397990238499,3005.3219564196384
2025-01-03 05:10:00+00:00,0.9336397990238499,0.9365287212595129,0.9325926748187973,0.9354815970544603,1836.359369300612
2025-01-03 05:15:00+00:00,0.9354815970544603,0.9383225202703722,0.9337543633223113,0.9365952865382232,2060.55544647228
2025-01-03 05:20:00+00:00,0.9365952865382232,0.9403916103999768,0.9357652767496223,0.9395616006113758,1034.3062310342625
2025-01-03 05:25:00+00:00,0.9395616006113758,0.9443470662950286,0.9363238141718107,0.9411092798554634,2092.1277576646767
2025-01-03 05:30:00+00:00,0.9411092798554634,0.9449447585743227,0.9403480774524626,0.9441835561713219,6257.146661299489
2025-01-03 05:35:00+00:00,0.9441835561713219,0.9487683910132653,0.9432671378569762,0.9478519726989196,4711.595146425997
2025-01-03 05:40:00+00:00,0.9478519726989196,0.9507091277482164,0.9467965669648082,0.9496537220141049,2226.4340391955866
2025-01-03 05:45:00+00:00,0.9496537220141049,0.9535253949027478,0.9472301315845669,0.9511018044732098,3436.4012000827497
2025-01-03 05:50:00+00:00,0.9511018044732098,0.9554127625923985,0.9491736560445032,0.9534846141636919,5038.462049972658
2025-01-03 05:55:00+00:00,0.9534846141636919,0.9574509198582548,0.952664165896994,0.9566304715915569,1873.8462808329273
2025-01-03 06:00:00+00:00,0.9566304715915569,0.9623446632411574,0.9530037669885627,0.9587179586381632,1795.869120972001
2025-01-03 06:05:00+00:00,0.9587179586381632,0.964134800519233,0.9555164056178539,0.9609332474989236,1839.5458699722224
2025-01-03 06:10:00+00:00,0.9609332474989236,0.9665574352124311,0.9572935208933293,0.9629177086068368,1481.7485418463812
2025-01-03 06:15:00+00:00,0.9629177086068368,0.9685269499064063,0.9596438924077196,0.9652531337072892,1577.835211061487
2025-01-03 06:20:00+00:00,0.9652531337072892,0.9694393434409445,0.9637307020921533,0.9679169118258086,2657.597941608114
2025-01-03 06:25:00+00:00,0.9679169118258086,0.9696346884373093,0.9672697277357724,0.968987504347273,1603.357671373827
2025-01-03 06:30:00+00:00,0.968987504347273,0.9726034786246444,0.966655593473285,0.9702715677506564,1958.080002253956
2025-01-03 06:35:00+00:00,0.9702715677506564,0.9758407100210446,0.966553212834323,0.9721223551047112,2612.4487470721638
2025-01-03 06:40:00+00:00,0.9721223551047112,0.9766879567322189,0.968533511259328,0.9730991128868356,2297.4123381334216
2025-01-03 06:45:00+00:00,0.9730991128868356,0.9764328146558896,0.9716318988803289,0.9749656006493829,2597.0432375298233
2025-01-03 06:50:00+00:00,0.9749656006493829,0.9792291525378373,0.9729922727357222,0.9772558246241766,1781.9594811079846
2025-01-03 06:55:00+00:00,0.9772558246241766,0.9805420663264464,0.975561195500228,0.9788474372024978,2570.2418070553595
2025-01-03 07:00:00+00:00,0.9788474372024978,0.9806679600280565,0.977889063584516,0.9797095864100747,2605.308212994442
2025-01-03 07:05:00+00:00,0.9797095864100747,0.9839289410247838,0.9761020280526789,0.980321382667388,1605.6158693405655
2025-01-03 07:10:00+00:00,0.980321382667388,0.9855280753711024,0.9786619169030539,0.9838686096067684,2297.4351516083125
2025-01-03 07:15:00+00:00,0.9838686096067684,0.9873558344119348,0.9828635133807341,0.9863507381859005,1083.1708447455173
2025-01-03 07:20:00+00:00,0.9863507381859005,0.9872644966719513,0.9855141850873733,0.9864279435734241,1798.307297057433
2025-01-03 07:25:00+00:00,0.9864279435734241,0.9897470709930288,0.9834754685965565,0.9867945960161613,2143.573875071975
2025-01-03 07:30:00+00:00,0.9867945960161613,0.9939692276430178,0.9831692395775272,0.9903438712043837,2277.4998306556604
2025-01-03 07:35:00+00:00,0.9903438712043837,0.9967507855249678,0.9870301364199352,0.9934370507405192,1464.6857375452641
2025-01-03 07:40:00+00:00,0.9934370507405192,0.9962174958956145,0.9920727528117871,0.9948531979668823,2086.6200480465855
2025-01-03 07:45:00+00:00,0.9948531979668823,0.9994800749081594,0.9928448186305389,0.9974716955718159,2269.373665125767
2025-01-03 07:50:00+00:00,0.9974716955718159,1.0012462407489846,0.9931249395645219,0.9968994847416905,2472.375126241208
2025-01-03 07:55:00+00:00,0.9968994847416905,0.9994670984831654,0.9955154440043582,0.9980830577458331,2158.361165956541
2025-01-03 08:00:00+00:00,0.9980830577458331,1.0027434949714742,0.9954723317332318,1.000132768958873,2350.1010067538186
2025-01-03 08:05:00+00:00,1.000132768958873,1.0022003889939741,0.996977089754338,0.999044709789439,2288.453877267586
2025-01-03 08:10:00+00:00,0.999044709789439,1.000314153434747,0.9979632336043209,0.9992326772496289,4770.570048103434
2025-01-03 08:15:00+00:00,0.9992326772496289,1.0045454861248213,0.995975286794691,1.0012880956698835,5229.01825106992
2025-01-03 08:20:00+00:00,1.0012880956698835,1.0071220519870079,0.9979250378889855,1.0037589942061098,4554.363328769364
2025-01-03 08:25:00+00:00,1.0037589942061098,1.0066590127114439,1.0012501128262583,1.0041501313315924,3382.452597612518
2025-01-03 08:30:00+00:00,1.0041501313315924,1.0064646888623248,1.0032904150300137,1.005604972560746,4537.908812633111
2025-01-03 08:35:00+00:00,1.005604972560746,1.009452695156173,1.0048017092236983,1.0086494318191253,2803.7776295087647
2025-01-03 08:40:00+00:00,1.0086494318191253,1.0103955138316727,1.007558573667645,1.0093046556801923,1797.984586243774
2025-01-03 08:45:00+00:00,1.0093046556801923,1.010725280291625,1.0073965533865497,1.0088171779979822,1520.7688957033658
2025-01-03 08:50:00+00:00,1.0088171779979822,1.0130313832971973,1.0056688388054216,1.0098830441046367,1405.980642230057
2025-01-03 08:55:00+00:00,1.0098830441046367,1.012042246848009,1.00840482755835,1.0105640303017223,2312.998665506108
2025-01-03 09:00:00+00:00,1.0105640303017223,1.016047123852023,1.0078402191635214,1.0133233127138221,1663.695747948239
2025-01-03 09:05:00+00:00,1.0133233127138221,1.0184290028824927,1.0096174262597168,1.0147231164283874,2048.8679368087937
2025-01-03 09:10:00+00:00,1.0147231164283874,1.0163916383474516,1.013310129730517,1.0149786516495811,1111.4316539646165
2025-01-03 09:15:00+00:00,1.0149786516495811,1.0224525262799857,1.0116991772895565,1.019173051919961,1494.3662408399111
2025-01-03 09:20:00+00:00,1.019173051919961,1.0227938156156025,1.01624054933646,1.0198613130321013,2954.3781581333183
2025-01-03 09:25:00+00:00,1.0198613130321013,1.0232606236557171,1.0183778352133368,1.0217771458369527,2889.342580122273
2025-01-03 09:30:00+00:00,1.0217771458369527,1.0269781545809766,1.0187839547697484,1.0239849635137723,3045.7571473211156
2025-01-03 09:35:00+00:00,1.0239849635137723,1.0283513161290545,1.0220048185994055,1.0263711712146877,1601.3602711626172
2025-01-03 09:40:00+00:00,1.0263711712146877,1.0310411223222216,1.0233812378551177,1.0280511889626516,1768.6986692561331
2025-01-03 09:45:00+00:00,1.0280511889626516,1.0334527389223587,1.024888638923554,1.0302901888832612,2061.478757110015
2025-01-03 09:50:00+00:00,1.0302901888832612,1.0355481747411983,1.0265119959931481,1.0317699818510853,2678.261338279565
2025-01-03 09:55:00+00:00,1.0317699818510853,1.03382164335659,1.0295742864937916,1.0316259479992964,1736.9357905739687
2025-01-03 10:00:00+00:00,1.0316259479992964,1.034653081609959,1.029989895667987,1.0330170292786496,1980.6517490030972
2025-01-03 10:05:00+00:00,1.0330170292786496,1.0383806139596443,1.0291235112437085,1.0344870959247032,2067.1520968032455
2025-01-03 10:10:00+00:00,1.0344870959247032,1.0391082457888947,1.0314151982707644,1.036036348134956,983.7211125706882
2025-01-03 10:15:00+00:00,1.036036348134956,1.039716839499857,1.034350183945081,1.0380306753099822,1016.7747893341609
2025-01-03 10:20:00+00:00,1.0380306753099822,1.0429978203179535,1.0341648544804698,1.0391319994884411,1154.2081986109822
2025-01-03 10:25:00+00:00,1.0391319994884411,1.0460361158081068,1.0358171717634272,1.042721288083093,796.0909408659243
2025-01-03 10:30:00+00:00,1.042721288083093,1.048838758434227,1.040563453493351,1.046680923844485,1393.5042214905154
2025-01-03 10:35:00+00:00,1.046680923844485,1.0482439052699732,1.0444054461838976,1.045968427609386,1098.0646440757225
2025-01-03 10:40:00+00:00,1.045968427609386,1.0501851401412827,1.0438658451432166,1.0480825576751134,888.9251688990929
2025-01-03 10:45:00+00:00,1.0480825576751134,1.0500202598906796,1.0474061477765997,1.049343849992166,3384.2484821797248
2025-01-03 10:50:00+00:00,1.049343849992166,1.0532722988089194,1.0443393684634084,1.0482678172801618,2216.183502897984
2025-01-03 10:55:00+00:00,1.0482678172801618,1.0518007283381492,1.047504155503068,1.0510370665610553,3498.637890405983
2025-01-03 11:00:00+00:00,1.0510370665610553,1.0545639016002113,1.0490314535668996,1.0525582886060556,3496.4030417785402
2025-01-03 11:05:00+00:00,1.0525582886060556,1.0562495634102869,1.0507409222561028,1.054432197060334,2859.0426753916036
2025-01-03 11:10:00+00:00,1.054432197060334,1.0592045684238283,1.0512281887117423,1.0560005600752365,2381.387864230311
2025-01-03 11:15:00+00:00,1.0560005600752365,1.062857703369728,1.0529611268462393,1.0598182701407308,1374.5385032150853
2025-01-03 11:20:00+00:00,1.0598182701407308,1.066402842924036,1.0572952902164465,1.0638798629997517,1060.3907366227259
2025-01-03 11:25:00+00:00,1.0638798629997517,1.0709243694484265,1.0597125505349385,1.0667570569836133,1352.2844262909991
2025-01-03 11:30:00+00:00,1.0667570569836133,1.0720539320333307,1.064909443590807,1.0702063186405244,1090.1875998984115
2025-01-03 11:35:00+00:00,1.0702063186405244,1.0732417048739769,1.0696205482824546,1.072655934515907,722.3736780733996
2025-01-03 11:40:00+00:00,1.072655934515907,1.0776734159294015,1.070442775094522,1.0754602565080165,993.6761078513686
2025-01-03 11:45:00+00:00,1.0754602565080165,1.0780599134051687,1.074551358953261,1.0771510158504132,1333.7757919642015
2025-01-03 11:50:00+00:00,1.0771510158504132,1.0829121293385393,1.0741048159204918,1.079865929408618,1049.7514508603722
2025-01-03 11:55:00+00:00,1.079865929408618,1.08249323748973,1.079001074990487,1.0816283830715991,1246.4704183384151
2025-01-03 12:00:00+00:00,1.0816283830715991,1.0855758056191123,1.0808684573729617,1.0848158799204748,865.319893136414
2025-01-03 12:05:00+00:00,1.0848158799204748,1.0911248245386458,1.0823017233506589,1.0886106679688299,682.1815966963193
2025-01-03 12:10:00+00:00,1.0886106679688299,1.0958866376360625,1.0844668318826758,1.0917428015499084,1440.5945126675074
2025-01-03 12:15:00+00:00,1.0917428015499084,1.0996849511947153,1.088086224499953,1.0960283741447598,1595.0926005739423
2025-01-03 12:20:00+00:00,1.0960283741447598,1.1065316139273016,1.091810731355804,1.1023139711383458,1338.2428109679474
2025-01-03 12:25:00+00:00,1.1023139711383458,1.1040204060788565,1.1005548282004138,1.1022612631409245,860.420593499137
2025-01-03 12:30:00+00:00,1.1022612631409245,1.1091214669818352,1.0981411731776638,1.1050013770185745,885.1971020539047
2025-01-03 12:35:00+00:00,1.1050013770185745,1.1078055703485237,1.10415131853653,1.1069555118664791,1098.9830108098502
2025-01-03 12:40:00+00:00,1.1069555118664791,1.1111056131320391,1.104889354866035,1.109039456131595,795.7979185134589
2025-01-03 12:45:00+00:00,1.109039456131595,1.1127602864305133,1.106178861290869,1.1098996915897872,968.990863424497
2025-01-03 12:50:00+00:00,1.1098996915897872,1.115442283209028,1.1070701206267652,1.112612712246006,1257.7832510632006
2025-01-03 12:55:00+00:00,1.112612712246006,1.1156289619075965,1.111866992918883,1.1148832425804733,1482.8622481339064
2025-01-03 13:00:00+00:00,1.1148832425804733,1.1206303834589608,1.1108729047395562,1.1166200456180437,2286.874133551898
2025-01-03 13:05:00+00:00,1.1166200456180437,1.1202093398528261,1.1152387902085261,1.1188280844433085,1094.8096350368362
2025-01-03 13:10:00+00:00,1.1188280844433085,1.1213271643133669,1.1180439288486232,1.1205430087186816,852.4242527618466
2025-01-03 13:15:00+00:00,1.1205430087186816,1.123759322947645,1.116644888716126,1.1198612029450894,1052.093712545052
2025-01-03 13:20:00+00:00,1.1198612029450894,1.1264160292952659,1.1171806490163876,1.123735475366564,1505.6555685991784
2025-01-03 13:25:00+00:00,1.123735475366564,1.1281222223590817,1.1213199024429807,1.1257066494354984,1688.453949354088
2025-01-03 13:30:00+00:00,1.1257066494354984,1.1297568677850973,1.1227056013913692,1.1267558197409682,2676.669200801165
2025-01-03 13:35:00+00:00,1.1267558197409682,1.1337423397955488,1.1224675241534388,1.1294540442080194,2253.182298468675
2025-01-03 13:40:00+00:00,1.1294540442080194,1.1341489822881452,1.1260938145494563,1.1307887526295821,4124.023879020991
2025-01-03 13:45:00+00:00,1.1307887526295821,1.1333602552336257,1.1274464086567393,1.1300179112607829,3380.3187083133175
2025-01-03 13:50:00+00:00,1.1300179112607829,1.1344408307783436,1.1289237547980138,1.1333466743155745,2818.091416226682
2025-01-03 13:55:00+00:00,1.1333466743155745,1.137189229962668,1.1292944323581648,1.1331369880052584,1019.9341557787094
2025-01-03 14:00:00+00:00,1.1331369880052584,1.1359659398628987,1.1320256554154076,1.1348546072730479,1216.266154553329
2025-01-03 14:05:00+00:00,1.1348546072730479,1.1399537053775033,1.1318805691394325,1.1369796672438879,1101.7740362190987
2025-01-03 14:10:00+00:00,1.1369796672438879,1.1425587027517006,1.135154792641393,1.1407338281492057,1713.7836935889643
2025-01-03 14:15:00+00:00,1.1407338281492057,1.1473482283389242,1.1376105772856322,1.1442249774753508,1332.7352008183682
2025-01-03 14:20:00+00:00,1.1442249774753508,1.1479624700774953,1.1425241234965238,1.1462616160986683,1499.489696077287
2025-01-03 14:25:00+00:00,1.1462616160986683,1.1501825767990284,1.1430472791513386,1.1469682398516987,880.0528475936194
2025-01-03 14:30:00+00:00,1.1469682398516987,1.1488298110386517,1.1421141636127379,1.1439757347996908,1378.25446755556
2025-01-03 14:35:00+00:00,1.1439757347996908,1.1480447814584835,1.1389321385049314,1.143001185163724,1188.1421203367656
2025-01-03 14:40:00+00:00,1.143001185163724,1.1470777885839993,1.1388605388479125,1.1429371422681878,1687.2568380785224
2025-01-03 14:45:00+00:00,1.1429371422681878,1.1470487907001292,1.1370125978550245,1.141124246286966,833.05380712559
2025-01-03 14:50:00+00:00,1.141124246286966,1.143076616301305,1.1356947809782214,1.1376471509925605,1100.392897916548
2025-01-03 14:55:00+00:00,1.1376471509925605,1.140923908514609,1.13314450677978,1.1364212643018285,1141.7457010977973
2025-01-03 15:00:00+00:00,1.1364212643018285,1.1370000105385583,1.1326689499752116,1.1332476962119413,885.4923748462755
2025-01-03 15:05:00+00:00,1.1332476962119413,1.1360260426884832,1.1272265125546954,1.1300048590312373,1752.0514921536796
2025-01-03 15:10:00+00:00,1.1300048590312373,1.1337977011688236,1.1231222661290177,1.126915108266604,880.2822978744795
2025-01-03 15:15:00+00:00,1.126915108266604,1.1285157475794698,1.1233789532983702,1.124979592611236,1018.0157199406727
2025-01-03 15:20:00+00:00,1.124979592611236,1.1270665814280623,1.1205129212867042,1.1225999101035304,962.905553468164
2025-01-03 15:25:00+00:00,1.1225999101035304,1.1246802562790057,1.1190904268282336,1.1211707730037088,925.531311666633
2025-01-03 15:30:00+00:00,1.1211707730037088,1.1237336186259788,1.1175730254446816,1.1201358710669516,1336.271236095057
2025-01-03 15:35:00+00:00,1.1201358710669516,1.1241334233462295,1.1140415122066862,1.1180390644859641,1096.9708297384109
2025-01-03 15:40:00+00:00,1.1180390644859641,1.1216506793878491,1.1085229134465162,1.1121345283484012,1626.0162213143508
2025-01-03 15:45:00+00:00,1.1121345283484012,1.112712052049727,1.1065242081576547,1.1071017318589804,1258.678542889155
2025-01-03 15:50:00+00:00,1.1071017318589804,1.1089371671796509,1.1027128840889944,1.1045483194096648,1458.083038643889
2025-01-03 15:55:00+00:00,1.1045483194096648,1.1057787627382611,1.1004794522102623,1.1017098955388587,1108.7990706353673
2025-01-03 16:00:00+00:00,1.1017098955388587,1.1033861092509492,1.1001473274489084,1.101823541160999,1281.178900208889
2025-01-03 16:05:00+00:00,1.101823541160999,1.1023782558606317,1.0985033490591702,1.099058063758803,2012.0367201977806
2025-01-03 16:10:00+00:00,1.099058063758803,1.1018724411454168,1.0933401130281908,1.0961544904148046,2092.68130568877
2025-01-03 16:15:00+00:00,1.0961544904148046,1.100404486179178,1.0904677339528872,1.0947177297172606,2487.148936979922
2025-01-03 16:20:00+00:00,1.0947177297172606,1.0958595694594155,1.0923224703775891,1.093464310119744,2551.69363158172
2025-01-03 16:25:00+00:00,1.093464310119744,1.095802282618707,1.0881987742303516,1.0905367467293146,3105.289273606613
2025-01-03 16:30:00+00:00,1.0905367467293146,1.091242466994912,1.0878665834578933,1.0885723037234907,2628.718743599192
2025-01-03 16:35:00+00:00,1.0885723037234907,1.0921086696434126,1.0810150902091336,1.0845514561290555,1048.2192201252726
2025-01-03 16:40:00+00:00,1.0845514561290555,1.0885983649087292,1.076781485852667,1.0808283946323407,1318.478109887212
2025-01-03 16:45:00+00:00,1.0808283946323407,1.0833350230921834,1.077466847350246,1.0799734758100887,756.2017698387159
2025-01-03 16:50:00+00:00,1.0799734758100887,1.0828610207355978,1.0728594638946007,1.0757470088201098,648.1296159005446
2025-01-03 16:55:00+00:00,1.0757470088201098,1.0791710078248848,1.0711562195056508,1.0745802185104258,1080.3336187720038
2025-01-03 17:00:00+00:00,1.0745802185104258,1.0764570660800001,1.071268799019483,1.0731456465890572,1373.0660514844615
2025-01-03 17:05:00+00:00,1.0731456465890572,1.0740670067078757,1.0709574081968898,1.0718787683157083,988.3564732812695
2025-01-03 17:10:00+00:00,1.0718787683157083,1.074110574339397,1.0686146747453664,1.0708464807690552,1290.9499353020553
2025-01-03 17:15:00+00:00,1.0708464807690552,1.0747607443763882,1.0655036457411409,1.069417909348474,1358.9454288468967
2025-01-03 17:20:00+00:00,1.069417909348474,1.0721986060615756,1.0618006156039128,1.0645813123170145,1205.3928358301728
2025-01-03 17:25:00+00:00,1.0645813123170145,1.0660453203286637,1.0598019061531192,1.0612659141647685,2296.3481163948068
2025-01-03 17:30:00+00:00,1.0612659141647685,1.0636457663914523,1.056145606501135,1.0585254587278188,1136.27450387913
2025-01-03 17:35:00+00:00,1.0585254587278188,1.0602913093638275,1.0560019312524773,1.057767781888486,1238.5840671929038
2025-01-03 17:40:00+00:00,1.057767781888486,1.0615541337527827,1.0506895748859226,1.0544759267502193,1032.7005582694144
2025-01-03 17:45:00+00:00,1.0544759267502193,1.0564968094196592,1.0497597079849663,1.0517805906544062,1465.2527697551825
2025-01-03 17:50:00+00:00,1.0517805906544062,1.0524234114136288,1.048932151090655,1.0495749718498777,1087.9639664262265
2025-01-03 17:55:00+00:00,1.0495749718498777,1.0501380325342207,1.0489749498305116,1.0495380105148546,947.5805210276129
2025-01-03 18:00:00+00:00,1.0495380105148546,1.0530755609648237,1.0425466413624795,1.0460841918124486,1058.085381701118
2025-01-03 18:05:00+00:00,1.0460841918124486,1.048270780794704,1.0406129323638744,1.0427995213461299,922.4148709782143
2025-01-03 18:10:00+00:00,1.0427995213461299,1.0454375458844583,1.0394085842699947,1.0420466088083231,1184.4038415335424
2025-01-03 18:15:00+00:00,1.0420466088083231,1.0454484730592621,1.034503723187578,1.037905587438517,1198.7913355777337
2025-01-03 18:20:00+00:00,1.037905587438517,1.040227320871243,1.0345557030603834,1.0368774364931093,1184.7911799109343
2025-01-03 18:25:00+00:00,1.0368774364931093,1.0408269106691328,1.0309652673301566,1.0349147415061801,1070.9199105900448
2025-01-03 18:30:00+00:00,1.0349147415061801,1.037080446540776,1.0294375820007222,1.031603287035318,869.2619904466893
2025-01-03 18:35:00+00:00,1.031603287035318,1.0331193244424146,1.0282505132030542,1.0297665506101508,1250.2200696009547
2025-01-03 18:40:00+00:00,1.0297665506101508,1.0311374524368515,1.025877667168416,1.0272485689951167,1093.1174162487591
2025-01-03 18:45:00+00:00,1.0272485689951167,1.0304037238342671,1.0230512434007077,1.0262063982398582,1837.4048177488444
2025-01-03 18:50:00+00:00,1.0262063982398582,1.0285086550223785,1.0231311217730048,1.0254333785555252,2341.582496368837
2025-01-03 18:55:00+00:00,1.0254333785555252,1.0269190183615173,1.0245833898630803,1.0260690296690724,2580.141618086332
2025-01-03 19:00:00+00:00,1.0260690296690724,1.0289542615521579,1.0219916052994853,1.0248768371825707,2831.6039394497257
2025-01-03 19:05:00+00:00,1.0248768371825707,1.0281824540190316,1.0205365009329366,1.0238421177693975,2295.1841418108966
2025-01-03 19:10:00+00:00,1.0238421177693975,1.0266043664297455,1.019227835147952,1.0219900838083,1179.5277617562786
2025-01-03 19:15:00+00:00,1.0219900838083,1.0260460899488912,1.0167730982732608,1.020829104413852,871.9185682882116
2025-01-03 19:20:00+00:00,1.020829104413852,1.021969951219252,1.0198487058166028,1.0209895526220027,696.8302349431292
2025-01-03 19:25:00+00:00,1.0209895526220027,1.024772791590301,1.0137297567611991,1.0175129957294975,979.1409557855947
2025-01-03 19:30:00+00:00,1.0175129957294975,1.0185779037073721,1.0161323324173543,1.017197240395229,1046.6743154236692
2025-01-03 19:35:00+00:00,1.017197240395229,1.0207715173162235,1.011846024109396,1.0154203010303906,853.1832052832626
2025-01-03 19:40:00+00:00,1.0154203010303906,1.0183797794696432,1.0114195236581676,1.0143790020974202,918.0417676760984
2025-01-03 19:45:00+00:00,1.0143790020974202,1.0180038974003556,1.010007162154557,1.0136320574574924,1124.0701929073632
2025-01-03 19:50:00+00:00,1.0136320574574924,1.016292482970292,1.010848541438159,1.0135089669509585,1290.557765494863
2025-01-03 19:55:00+00:00,1.0135089669509585,1.014299867977221,1.0118316961984772,1.0126225972247398,1795.3806794531276
2025-01-03 20:00:00+00:00,1.0126225972247398,1.0137029929330448,1.0098685101198166,1.0109489058281216,768.6462123134512
2025-01-03 20:05:00+00:00,1.0109489058281216,1.0135598279950506,1.0074947056561834,1.0101056278231124,1089.62377189554
2025-01-03 20:10:00+00:00,1.0101056278231124,1.0134234462255884,1.0055535367188306,1.0088713551213067,909.2761571373113
2025-01-03 20:15:00+00:00,1.0088713551213067,1.0097938236686201,1.006422997863743,1.0073454664110564,1077.9268368886412
2025-01-03 20:20:00+00:00,1.0073454664110564,1.0102206598289365,1.003406998907948,1.006282192325828,803.6441208367205
2025-01-03 20:25:00+00:00,1.006282192325828,1.0098562504816517,1.002415786159655,1.0059898443154787,1271.6504950170329
2025-01-03 20:30:00+00:00,1.0059898443154787,1.0086931493728728,1.0020681712841883,1.0047714763415825,1141.903169132476
2025-01-03 20:35:00+00:00,1.0047714763415825,1.0071940227387601,1.0011113677621772,1.003533914159355,1364.7579628362887
2025-01-03 20:40:00+00:00,1.003533914159355,1.0074513771743523,0.9966032108308301,1.0005206738458274,1310.7007320519326
2025-01-03 20:45:00+00:00,1.0005206738458274,1.0043716760425254,0.995010768540512,0.99886177073721,1088.4065582537003
2025-01-03 20:50:00+00:00,0.99886177073721,1.0000716445946665,0.9938803381180441,0.9950902119755004,1201.1946595065892
2025-01-03 20:55:00+00:00,0.9950902119755004,0.9984123666463809,0.991034925306607,0.9943570799774875,1431.2351321277592
2025-01-03 21:00:00+00:00,0.9943570799774875,0.997383612028998,0.9885732316843326,0.9915997637358431,1017.7087751111326
2025-01-03 21:05:00+00:00,0.9915997637358431,0.9935407232776894,0.9895153241826579,0.9914562837245041,804.7366301102032
2025-01-03 21:10:00+00:00,0.9914562837245041,0.995716423460239,0.9890250708804943,0.9932852106162292,853.1885719756185
2025-01-03 21:15:00+00:00,0.9932852106162292,0.9965358022636177,0.9877762242413118,0.9910268158887003,970.6775043507992
2025-01-03 21:20:00+00:00,0.9910268158887003,0.9926704861295211,0.9891314037702797,0.9907750740111005,985.4956691365734
2025-01-03 21:25:00+00:00,0.9907750740111005,0.9920686224403987,0.9880802998023662,0.9893738482316644,1480.5649723050906
2025-01-03 21:30:00+00:00,0.9893738482316644,0.9931472410802543,0.9830142092746135,0.9867876021232034,4116.936701862436
2025-01-03 21:35:00+00:00,0.9867876021232034,0.9879965438067922,0.9826155178565853,0.9838244595401742,2792.997646970865
2025-01-03 21:40:00+00:00,0.9838244595401742,0.9870827707956661,0.9792181399960921,0.982476451251584,2883.3514490350403
2025-01-03 21:45:00+00:00,0.982476451251584,0.9856184407647204,0.9789238043121024,0.9820657938252387,2660.8321055659776
2025-01-03 21:50:00+00:00,0.9820657938252387,0.9859168007147134,0.9765346166252676,0.9803856235147423,1183.1263306373146
2025-01-03 21:55:00+00:00,0.9803856235147423,0.9836813581135765,0.9731818278618779,0.976477562460712,1070.8362410377235
2025-01-03 22:00:00+00:00,0.976477562460712,0.9799902417255201,0.9695805661292113,0.9730932453940193,837.3120714050009
2025-01-03 22:05:00+00:00,0.9730932453940193,0.9755788581069202,0.9681451678976062,0.9706307806105071,991.304739267305
2025-01-03 22:10:00+00:00,0.9706307806105071,0.9735529045955469,0.9670602392198259,0.9699823632048656,850.658490537274
2025-01-03 22:15:00+00:00,0.9699823632048656,0.9724572278220437,0.9655783135387456,0.9680531781559236,1194.199913189329
2025-01-03 22:20:00+00:00,0.9680531781559236,0.9713975048568754,0.9628040323541591,0.9661483590551109,1356.5920585969347
2025-01-03 22:25:00+00:00,0.9661483590551109,0.9678597315499141,0.9635309751694885,0.9652423476642917,887.660731579638
2025-01-03 22:30:00+00:00,0.9652423476642917,0.9688551371239471,0.9590637545482222,0.9626765440078776,997.4338584529534
2025-01-03 22:35:00+00:00,0.9626765440078776,0.9636500711281054,0.959255733142939,0.9602292602631668,1120.554735550908
2025-01-03 22:40:00+00:00,0.9602292602631668,0.9614081171821182,0.9564845970100523,0.9576634539290036,936.268113356696
2025-01-03 22:45:00+00:00,0.9576634539290036,0.9614048843806425,0.9495206668719443,0.9532620973235831,1225.7933056821887
2025-01-03 22:50:00+00:00,0.9532620973235831,0.9567758057276065,0.9479150786596051,0.9514287870636284,804.0980240316397
2025-01-03 22:55:00+00:00,0.9514287870636284,0.9540351847607066,0.9469208518923732,0.9495272495894513,746.5020352336364
2025-01-03 23:00:00+00:00,0.9495272495894513,0.9523030035022079,0.9454912966614001,0.9482670505741566,959.5465135128729
2025-01-03 23:05:00+00:00,0.9482670505741566,0.9514320714184891,0.9413858099172322,0.9445508307615647,1265.2671993505899
2025-01-03 23:10:00+00:00,0.9445508307615647,0.9472517299542009,0.9385716412058367,0.941272540398473,1100.7579924599415
2025-01-03 23:15:00+00:00,0.941272540398473,0.9420058678158044,0.9392500393149574,0.9399833667322889,1293.3064480971952
2025-01-03 23:20:00+00:00,0.9399833667322889,0.940731584863126,0.9372680991352045,0.9380163172660416,1024.8028563331654
2025-01-03 23:25:00+00:00,0.9380163172660416,0.9392991764086187,0.9359650134752839,0.937247872617861,1093.6666968862296
2025-01-03 23:30:00+00:00,0.937247872617861,0.9383034657866994,0.9329280545690982,0.9339836477379366,1365.3738977727462
2025-01-03 23:35:00+00:00,0.9339836477379366,0.9364648360977211,0.9294569326043708,0.9319381209641553,1965.4833421862643
2025-01-03 23:40:00+00:00,0.9319381209641553,0.9340406834403949,0.9268379984625033,0.9289405609387429,1251.0417927851167
2025-01-03 23:45:00+00:00,0.9289405609387429,0.9317238967727101,0.9242895138023351,0.9270728496363023,1309.1635222854957
2025-01-03 23:50:00+00:00,0.9270728496363023,0.928617316522279,0.9228093852072067,0.9243538520931833,1347.3831634000906
2025-01-03 23:55:00+00:00,0.9243538520931833,0.9254607572074033,0.921695385551842,0.922802290666062,1265.3474789157556
2025-01-04 00:00:00+00:00,0.922802290666062,0.9260995415794968,0.9185912354419006,0.9218884863553354,2414.2896978042336
2025-01-04 00:05:00+00:00,0.9218884863553354,0.9224934168340285,0.9199562530148319,0.920561183493525,1763.1084458511496
2025-01-04 00:10:00+00:00,0.920561183493525,0.9229719682725603,0.9141258024323559,0.9165365872113912,2672.5237192142235
2025-01-04 00:15:00+00:00,0.9165365872113912,0.9173202680501303,0.9147989505511681,0.9155826313899073,3426.270843532817
2025-01-04 00:20:00+00:00,0.9155826313899073,0.9190877284446325,0.9106236486954239,0.9141287457501491,1949.552878595223
2025-01-04 00:25:00+00:00,0.9141287457501491,0.9166112621230954,0.9086048887401907,0.911087405113137,3779.6495479057485
2025-01-04 00:30:00+00:00,0.911087405113137,0.9140426205156504,0.905314787858953,0.9082700032614665,1272.2965253463526
2025-01-04 00:35:00+00:00,0.9082700032614665,0.9090533037341223,0.905693452607178,0.9064767530798339,970.6052762004333
2025-01-04 00:40:00+00:00,0.9064767530798339,0.9098874329412131,0.9019344665489087,0.905345146410288,772.3653207965739
2025-01-04 00:45:00+00:00,0.905345146410288,0.9074418500327365,0.9010523899504074,0.9031490935728559,1237.38719565867
2025-01-04 00:50:00+00:00,0.9031490935728559,0.9050458513123849,0.8978406425532162,0.8997374002927452,951.1985962579746
2025-01-04 00:55:00+00:00,0.8997374002927452,0.9004666730966161,0.8977048706844776,0.8984341434883485,1071.4810656108687
2025-01-04 01:00:00+00:00,0.8984341434883485,0.9007458193272283,0.8947458068241719,0.8970574826630517,1424.333894997898
2025-01-04 01:05:00+00:00,0.8970574826630517,0.898627233945126,0.8966025664584389,0.8981723177405132,1573.6172135790869
2025-01-04 01:10:00+00:00,0.8981723177405132,0.8991604069932443,0.8943286896932935,0.8953167789460246,1244.177599260909
2025-01-04 01:15:00+00:00,0.8953167789460246,0.8976435790639263,0.8942791653269568,0.8966059654448586,818.8270248016032
2025-01-04 01:20:00+00:00,0.8966059654448586,0.8991598115914643,0.8945466442683292,0.8971004904149349,993.488645961934
2025-01-04 01:25:00+00:00,0.8971004904149349,0.9002655925976731,0.8929200390172357,0.896085141199974,1077.9741990434466
2025-01-04 01:30:00+00:00,0.896085141199974,0.8988208432636587,0.8938326093576202,0.896568311421305,1788.904231943662
2025-01-04 01:35:00+00:00,0.896568311421305,0.8992969751307576,0.8926809789804881,0.8954096426899407,1267.4081023834945
2025-01-04 01:40:00+00:00,0.8954096426899407,0.8977998523429418,0.8928448650730274,0.8952350747260285,1031.3834001017665
2025-01-04 01:45:00+00:00,0.8952350747260285,0.8961189759326117,0.8923744740313175,0.8932583752379007,776.8717506509961
2025-01-04 01:50:00+00:00,0.8932583752379007,0.8963297980698914,0.8891172069707148,0.8921886298027055,890.9461142419447
2025-01-04 01:55:00+00:00,0.8921886298027055,0.8951887786931528,0.8869803362474805,0.8899804851379278,1431.9441271007954
2025-01-04 02:00:00+00:00,0.8899804851379278,0.8910868062320886,0.886101332954719,0.8872076540488798,941.3523907208983
2025-01-04 02:05:00+00:00,0.8872076540488798,0.8880288367551474,0.8850316594450145,0.8858528421512821,1265.5435546207957
2025-01-04 02:10:00+00:00,0.8858528421512821,0.8872579340040548,0.8827058407661844,0.8841109326189571,1101.8152228380827
2025-01-04 02:15:00+00:00,0.8841109326189571,0.8866901643663866,0.8811172701730111,0.8836965019204406,1651.0006829343454
2025-01-04 02:20:00+00:00,0.8836965019204406,0.8845382011350323,0.8831966779599015,0.8840383771744933,1034.9333164420993
2025-01-04 02:25:00+00:00,0.8840383771744933,0.8859765751289074,0.880928281695993,0.8828664796504071,918.921404333799
2025-01-04 02:30:00+00:00,0.8828664796504071,0.8845018460202816,0.880311973208614,0.8819473395784885,1082.6083142673453
2025-01-04 02:35:00+00:00,0.8819473395784885,0.8853289621131715,0.8777906293557294,0.8811722518904124,1417.1109107374143
2025-01-04 02:40:00+00:00,0.8811722518904124,0.8822008703613767,0.8774037086512431,0.8784323271222074,2444.3370286126797
2025-01-04 02:45:00+00:00,0.8784323271222074,0.8817466568307258,0.8744354000592969,0.8777497297678153,2057.253435269491
2025-01-04 02:50:00+00:00,0.8777497297678153,0.8811185868306455,0.8734248030878736,0.8767936601507038,2271.543002603792
2025-01-04 02:55:00+00:00,0.8767936601507038,0.8801086369318212,0.87245711126775,0.8757720880488674,1711.2235664822433
2025-01-04 03:00:00+00:00,0.8757720880488674,0.8784355342192561,0.8709734947643665,0.8736369409347552,2448.4361130758775
2025-01-04 03:05:00+00:00,0.8736369409347552,0.8766652542364599,0.867545245000258,0.8705735583019627,2407.267135680101
2025-01-04 03:10:00+00:00,0.8705735583019627,0.8735023127372489,0.8663816869995616,0.8693104414348478,941.0657440865302
2025-01-04 03:15:00+00:00,0.8693104414348478,0.8710476193431005,0.8668842911340109,0.8686214690422636,838.2691462170822
2025-01-04 03:20:00+00:00,0.8686214690422636,0.8723645861618817,0.865237163036427,0.8689802801560451,1564.5954237729509
2025-01-04 03:25:00+00:00,0.8689802801560451,0.8717712746060124,0.8663060410001107,0.869097035450078,974.5087644831118
2025-01-04 03:30:00+00:00,0.869097035450078,0.8711192041222423,0.8675037705194321,0.8695259391915964,1045.5268857076014
2025-01-04 03:35:00+00:00,0.8695259391915964,0.8712713074191005,0.8670488995982142,0.8687942678257183,1822.4979942567181
2025-01-04 03:40:00+00:00,0.8687942678257183,0.8699268795348325,0.8677192031662295,0.8688518148753437,1080.4476306777192
2025-01-04 03:45:00+00:00,0.8688518148753437,0.8713852918060678,0.8649238584354195,0.8674573353661437,984.8972006107068
2025-01-04 03:50:00+00:00,0.8674573353661437,0.8699688378653846,0.8643864361250797,0.8668979386243206,1190.556632158821
2025-01-04 03:55:00+00:00,0.8668979386243206,0.8702418897864144,0.8632738164986098,0.8666177676607035,1793.3680133673286
2025-01-04 04:00:00+00:00,0.8666177676607035,0.8706441682956712,0.864102072823799,0.8681284734587666,1119.9974208283106
2025-01-04 04:05:00+00:00,0.8681284734587666,0.8689976571975283,0.866183458606105,0.8670526423448667,1166.7787646919955
2025-01-04 04:10:00+00:00,0.8670526423448667,0.870346618625324,0.8610703494264949,0.8643643257069522,1056.100147546431
2025-01-04 04:15:00+00:00,0.8643643257069522,0.867133927830935,0.8616178909027087,0.8643874930266915,1049.5478890842426
2025-01-04 04:20:00+00:00,0.8643874930266915,0.8668376823936076,0.8596711308301367,0.8621213201970528,997.8943242172093
2025-01-04 04:25:00+00:00,0.8621213201970528,0.8636030613690509,0.8590907368165788,0.8605724779885768,884.0758972660489
2025-01-04 04:30:00+00:00,0.8605724779885768,0.861933308772224,0.8573818227116216,0.8587426534952687,980.2498130917342
2025-01-04 04:35:00+00:00,0.8587426534952687,0.8619347145795884,0.8530509421374404,0.8562430032217601,1081.9540651201366
2025-01-04 04:40:00+00:00,0.8562430032217601,0.8588813271529301,0.8533699538786026,0.8560082778097726,978.3707599182928
2025-01-04 04:45:00+00:00,0.8560082778097726,0.8578711300452967,0.8531099654363156,0.8549728176718396,1732.9125488622021
2025-01-04 04:50:00+00:00,0.8549728176718396,0.8556260099922699,0.8520064927002042,0.8526596850206345,1559.5588664606335
2025-01-04 04:55:00+00:00,0.8526596850206345,0.8542883666108566,0.8493786773496365,0.8510073589398586,754.1540720446144
2025-01-04 05:00:00+00:00,0.8510073589398586,0.8539245388183366,0.845889036784054,0.8488062166625321,1259.642275278539
2025-01-04 05:05:00+00:00,0.8488062166625321,0.8510977452617365,0.845346346571243,0.8476378751704474,1231.4454833563107
2025-01-04 05:10:00+00:00,0.8476378751704474,0.8504828208109975,0.8425801568794824,0.8454251025200324,951.6378476895501
2025-01-04 05:15:00+00:00,0.8454251025200324,0.8476564595226658,0.8405590944084566,0.8427904514110899,1177.5279710864936
2025-01-04 05:20:00+00:00,0.8427904514110899,0.8447879832303313,0.8382556489887676,0.840253180808009,4014.1718389154967
2025-01-04 05:25:00+00:00,0.840253180808009,0.8417499083471999,0.8364037042745007,0.8379004318136916,2355.5511547437372
2025-01-04 05:30:00+00:00,0.8379004318136916,0.8409710098003719,0.8331826079845337,0.836253185971214,3311.8647678238717
2025-01-04 05:35:00+00:00,0.836253185971214,0.8367950746659857,0.8328308317742248,0.8333727204689965,2551.2948746841225
2025-01-04 05:40:00+00:00,0.8333727204689965,0.8352516728004399,0.8294254966383369,0.8313044489697803,2562.2705818608056
2025-01-04 05:45:00+00:00,0.8313044489697803,0.8341550699251036,0.8268988846318744,0.8297495055871977,2070.085090224637
2025-01-04 05:50:00+00:00,0.8297495055871977,0.8309800794884545,0.828831331281608,0.8300619051828648,1385.9125478338058
2025-01-04 05:55:00+00:00,0.8300619051828648,0.8325689052117727,0.8263759470571043,0.8288829470860122,1200.9077897463021
2025-01-04 06:00:00+00:00,0.8288829470860122,0.829442606681105,0.8233265444097165,0.8238862040048094,948.0711716594802
2025-01-04 06:05:00+00:00,0.8238862040048094,0.825554410640349,0.8196736141894536,0.8213418208249932,1102.3365084236987
2025-01-04 06:10:00+00:00,0.8213418208249932,0.8244470950994651,0.8158038030173624,0.8189090772918344,1158.362736931928
2025-01-04 06:15:00+00:00,0.8189090772918344,0.8219649615760093,0.814125303432421,0.8171811877165959,1210.0778499534974
2025-01-04 06:20:00+00:00,0.8171811877165959,0.8197479920881071,0.814110740081089,0.8166775444526002,1233.1952466623932
2025-01-04 06:25:00+00:00,0.8166775444526002,0.8191142995620593,0.8129280062764663,0.8153647613859254,963.5989329537326
2025-01-04 06:30:00+00:00,0.8153647613859254,0.8176267032575061,0.8088263811393098,0.8110883230108905,1144.0947740289962
2025-01-04 06:35:00+00:00,0.8110883230108905,0.8141663143605024,0.8062934197537631,0.809371411103375,1448.627493311592
2025-01-04 06:40:00+00:00,0.809371411103375,0.812357398013055,0.8044884721102794,0.8074744590199594,985.6007974274023
2025-01-04 06:45:00+00:00,0.8074744590199594,0.8084731996311552,0.8048899109497678,0.8058886515609636,1751.5837318645968
2025-01-04 06:50:00+00:00,0.8058886515609636,0.8090675359776425,0.8020551489108769,0.8052340333275558,821.1626896389376
2025-01-04 06:55:00+00:00,0.8052340333275558,0.8072605921793427,0.8002088900572496,0.8022354489090364,771.387831507969
2025-01-04 07:00:00+00:00,0.8022354489090364,0.8052106156971587,0.7983995967814264,0.8013747635695486,1370.3088861241606
2025-01-04 07:05:00+00:00,0.8013747635695486,0.8025004894986878,0.7967674376949686,0.7978931636241078,1010.8248259600358
2025-01-04 07:10:00+00:00,0.7978931636241078,0.7988324612352411,0.7951385867078915,0.7960778843190248,959.780257964735
2025-01-04 07:15:00+00:00,0.7960778843190248,0.7972348174785883,0.7934507746452059,0.7946077078047693,951.347591314825
2025-01-04 07:20:00+00:00,0.7946077078047693,0.7970824920548467,0.7925083181204198,0.7949831023704972,1636.807007126237
2025-01-04 07:25:00+00:00,0.7949831023704972,0.7958402192134109,0.7916864158429664,0.7925435326858801,1826.4400902525103
2025-01-04 07:30:00+00:00,0.7925435326858801,0.7943813012373377,0.787366199202528,0.7892039677539857,1402.212258434335
2025-01-04 07:35:00+00:00,0.7892039677539857,0.7899228792003776,0.7874419186681172,0.7881608301145091,1574.6004025846441
2025-01-04 07:40:00+00:00,0.7881608301145091,0.7904232222428661,0.7836191131896518,0.7858815053180088,1110.5976027897038
2025-01-04 07:45:00+00:00,0.7858815053180088,0.7887700552367146,0.7828515114750428,0.7857400613937486,1060.973840518604
2025-01-04 07:50:00+00:00,0.7857400613937486,0.7876666925639131,0.7815703215074911,0.7834969526776555,1263.3390139066014
2025-01-04 07:55:00+00:00,0.7834969526776555,0.7838947828200782,0.7807416625688629,0.7811394927112856,1261.6837866717644
2025-01-04 08:00:00+00:00,0.7811394927112856,0.7829047079125381,0.7790478300821316,0.7808130452833841,3544.658502270816
2025-01-04 08:05:00+00:00,0.7808130452833841,0.7829608426592132,0.7772930078788371,0.7794408052546662,2422.435495207821
2025-01-04 08:10:00+00:00,0.7794408052546662,0.7825315321879092,0.7758744748028977,0.7789652017361407,2201.874580366802
2025-01-04 08:15:00+00:00,0.7789652017361407,0.7795003936458438,0.7757260093729035,0.7762612012826066,2736.1389247633397
2025-01-04 08:20:00+00:00,0.7762612012826066,0.7777519311732823,0.7749803322212212,0.776471062111897,2946.080431339338
2025-01-04 08:25:00+00:00,0.776471062111897,0.7774878690361494,0.7736176835960198,0.7746344905202722,1318.4168919208648
2025-01-04 08:30:00+00:00,0.7746344905202722,0.7758638445981195,0.7729179047829992,0.7741472588608465,1281.7542123552037
2025-01-04 08:35:00+00:00,0.7741472588608465,0.7768489165318758,0.7693037784930131,0.7720054361640425,672.5954934464265
2025-01-04 08:40:00+00:00,0.7720054361640425,0.7748952555641481,0.7665116308083019,0.7694014502084074,1230.2601983749632
2025-01-04 08:45:00+00:00,0.7694014502084074,0.7719326972742464,0.765501249915983,0.768032496981822,996.2007868003298
2025-01-04 08:50:00+00:00,0.768032496981822,0.7698034419491367,0.7653253342722992,0.767096279239614,1133.1891649177785
2025-01-04 08:55:00+00:00,0.767096279239614,0.7704737791642622,0.7641059117513066,0.7674834116759548,667.0300769959846
2025-01-04 09:00:00+00:00,0.7674834116759548,0.7702381479167227,0.7640168923458276,0.7667716285865955,1128.425555863328
2025-01-04 09:05:00+00:00,0.7667716285865955,0.7697994998176388,0.7633971744266536,0.7664250456576969,1148.5886012865294
2025-01-04 09:10:00+00:00,0.7664250456576969,0.7685586657829899,0.7639195255601173,0.7660531456854104,668.8564985921925
2025-01-04 09:15:00+00:00,0.7660531456854104,0.7699069487236451,0.7641077251888482,0.7679615282270829,993.3364444428256
2025-01-04 09:20:00+00:00,0.7679615282270829,0.7692279558736524,0.7650099168741219,0.7662763445206915,1645.9183845721966
2025-01-04 09:25:00+00:00,0.7662763445206915,0.7677723892105988,0.7650234545093482,0.7665194991992554,1456.2057486672463
2025-01-04 09:30:00+00:00,0.7665194991992554,0.7687496985684815,0.7632589492303309,0.765489148599557,1035.2769077813675
2025-01-04 09:35:00+00:00,0.765489148599557,0.7667969217797418,0.7635436852221817,0.7648514584023666,927.2661293480181
2025-01-04 09:40:00+00:00,0.7648514584023666,0.7669461319415354,0.7613918664541212,0.76348653999329,1121.614490249414
2025-01-04 09:45:00+00:00,0.76348653999329,0.7656418852640903,0.7615432265069155,0.7636985717777158,1070.5874462624015
2025-01-04 09:50:00+00:00,0.7636985717777158,0.7657503448965637,0.7596532994085466,0.7617050725273945,969.54220198163
2025-01-04 09:55:00+00:00,0.7617050725273945,0.7630758235836443,0.7582889294022536,0.7596596804585034,1136.6524048814424
2025-01-04 10:00:00+00:00,0.7596596804585034,0.7623203545202026,0.7559746064601202,0.7586352805218194,1357.4360591369639
2025-01-04 10:05:00+00:00,0.7586352805218194,0.7599404930926218,0.7554425602907278,0.7567477728615302,1006.9822172275337
2025-01-04 10:10:00+00:00,0.7567477728615302,0.7595939160293466,0.7537029201426737,0.7565490633104901,932.5733913017164
2025-01-04 10:15:00+00:00,0.7565490633104901,0.7593271097510054,0.7537642668011348,0.7565423132416501,1186.5730777835022
2025-01-04 10:20:00+00:00,0.7565423132416501,0.7584621163957037,0.7530875553952567,0.7550073585493103,2416.7497778084053
2025-01-04 10:25:00+00:00,0.7550073585493103,0.7575577791631941,0.7523041279861822,0.754854548600066,2416.567092137434
2025-01-04 10:30:00+00:00,0.754854548600066,0.7578497337527034,0.7503839297778646,0.753379114930502,2548.3880174989085
2025-01-04 10:35:00+00:00,0.753379114930502,0.7542195715801718,0.7516069626159496,0.7524474192656194,2178.590024999347
2025-01-04 10:40:00+00:00,0.7524474192656194,0.7537289431067421,0.7502621766374563,0.751543700478579,8122.247876767543
2025-01-04 10:45:00+00:00,0.751543700478579,0.753450678422143,0.750398668478688,0.752305646422252,3982.5851708013874
2025-01-04 10:50:00+00:00,0.752305646422252,0.753169770958449,0.7504864239638043,0.7513505485000013,4941.483176855214
2025-01-04 10:55:00+00:00,0.7513505485000013,0.7528508878330926,0.7480503440593155,0.7495506833924068,3555.635412517704
2025-01-04 11:00:00+00:00,0.7495506833924068,0.7506384199151068,0.7466349173687864,0.7477226538914864,4850.16659141598
2025-01-04 11:05:00+00:00,0.7477226538914864,0.7485524883153462,0.746937790510718,0.7477676249345777,1387.176714867823
2025-01-04 11:10:00+00:00,0.7477676249345777,0.7486582102149627,0.7443211107268212,0.7452116960072062,1383.618679667951
2025-01-04 11:15:00+00:00,0.7452116960072062,0.7462284438675321,0.7426847216315524,0.7437014694918783,2072.2809784140322
2025-01-04 11:20:00+00:00,0.7437014694918783,0.7455883454818731,0.7430311353531089,0.7449180113431038,2229.8567350649923
2025-01-04 11:25:00+00:00,0.7449180113431038,0.7475459055719904,0.7416227073699115,0.7442506015987982,2413.7217307493574
2025-01-04 11:30:00+00:00,0.7442506015987982,0.7472035488306519,0.7423652598961282,0.7453182071279819,1298.989136773101
2025-01-04 11:35:00+00:00,0.7453182071279819,0.7506127270657633,0.7423754556355777,0.7476699755733591,2373.4588705043902
2025-01-04 11:40:00+00:00,0.7476699755733591,0.7506183472278283,0.7463493570036658,0.7492977286581349,1791.6206507508832
2025-01-04 11:45:00+00:00,0.7492977286581349,0.7503413111467819,0.7488294063428104,0.7498729888314574,4034.1079577666555
2025-01-04 11:50:00+00:00,0.7498729888314574,0.7547032023719222,0.7470148566006012,0.751845070141066,1655.3758208406311
2025-01-04 11:55:00+00:00,0.751845070141066,0.7541009762097063,0.7513714438999952,0.7536273499686355,1573.1573881476954
2025-01-04 12:00:00+00:00,0.7536273499686355,0.759625054747966,0.7507465339040457,0.7567442386833763,1970.7457614313278
2025-01-04 12:05:00+00:00,0.7567442386833763,0.7591903684995501,0.754871694980089,0.7573178247962629,2778.503641928102
2025-01-04 12:10:00+00:00,0.7573178247962629,0.7600916878432274,0.7554027655067026,0.7581766285536672,1900.3374547816422
2025-01-04 12:15:00+00:00,0.7581766285536672,0.7623044837219661,0.7552639683390661,0.759391823507365,1638.3320653423402
2025-01-04 12:20:00+00:00,0.759391823507365,0.7613562019916543,0.7584452837375826,0.7604096622218719,1658.9805701052421
2025-01-04 12:25:00+00:00,0.7604096622218719,0.7638438479823545,0.7581662095603864,0.761600395320869,1863.1200140039555
2025-01-04 12:30:00+00:00,0.761600395320869,0.7636367613549345,0.7605463859739454,0.762582752008011,1270.6595319962232
2025-01-04 12:35:00+00:00,0.762582752008011,0.7648247826175808,0.7607549024995117,0.7629969331090816,3361.2970849303138
2025-01-04 12:40:00+00:00,0.7629969331090816,0.7644958921399196,0.7610499390706085,0.7625488981014465,2261.088894887822
2025-01-04 12:45:00+00:00,0.7625488981014465,0.764492295545202,0.7610847063291069,0.7630281037728623,1836.820894331535
2025-01-04 12:50:00+00:00,0.7630281037728623,0.7647674936316146,0.7609807549515449,0.7627201448102972,1845.7136279240763
2025-01-04 12:55:00+00:00,0.7627201448102972,0.7644900469655908,0.7609302250094249,0.7627001271647185,1973.2563312512962
2025-01-04 13:00:00+00:00,0.7627001271647185,0.7658639718452193,0.7599558975636037,0.7631197422441045,1789.8700175753277
2025-01-04 13:05:00+00:00,0.7631197422441045,0.7659842390461019,0.7616193339938108,0.7644838307958082,2081.6689052394627
2025-01-04 13:10:00+00:00,0.7644838307958082,0.7681282705526828,0.7625061066661344,0.7661505464230091,1680.1352825371878
2025-01-04 13:15:00+00:00,0.7661505464230091,0.7668559262365882,0.7653596709802324,0.7660650507938115,1793.1935782343855
2025-01-04 13:20:00+00:00,0.7660650507938115,0.7685728957368424,0.7646942848504144,0.7672021297934453,3101.9632666289262
2025-01-04 13:25:00+00:00,0.7672021297934453,0.7717796831827226,0.764210305075062,0.7687878584643394,5840.380432751531
2025-01-04 13:30:00+00:00,0.7687878584643394,0.7704540463241428,0.7679191830964297,0.7695853709562331,3993.2700165924475
2025-01-04 13:35:00+00:00,0.7695853709562331,0.7707985840329725,0.767691361254167,0.7689045743309064,3873.231717041001
2025-01-04 13:40:00+00:00,0.7689045743309064,0.7699747149454601,0.766677487553558,0.7677476281681117,4825.427765841119
2025-01-04 13:45:00+00:00,0.7677476281681117,0.7721366725122869,0.7649222684088639,0.7693113127530391,1323.3015849854323
2025-01-04 13:50:00+00:00,0.7693113127530391,0.7737255595728181,0.7665802110516596,0.7709944578714386,2060.7980265314054
2025-01-04 13:55:00+00:00,0.7709944578714386,0.7740962800321758,0.7689935134397446,0.7720953356004818,2204.761652658226
2025-01-04 14:00:00+00:00,0.7720953356004818,0.772982453398485,0.7710862164103651,0.7719733342083683,1894.4458784886924
2025-01-04 14:05:00+00:00,0.7719733342083683,0.7766761255698481,0.7694856994550968,0.7741884908165766,1086.5097552068155
2025-01-04 14:10:00+00:00,0.7741884908165766,0.7774770109469117,0.7729136197717591,0.7762021399020942,2452.032491787064
2025-01-04 14:15:00+00:00,0.7762021399020942,0.7779711877675054,0.7752936936292104,0.7770627414946216,2370.6443617595887
2025-01-04 14:20:00+00:00,0.7770627414946216,0.7805444549282923,0.7742970662054289,0.7777787796390996,1537.4407443541595
2025-01-04 14:25:00+00:00,0.7777787796390996,0.7792436199523414,0.7754340197292073,0.7768988600424491,2800.9527835219615
2025-01-04 14:30:00+00:00,0.7768988600424491,0.7816616337924632,0.7738086484007987,0.7785714221508128,1497.2983942500987
2025-01-04 14:35:00+00:00,0.7785714221508128,0.7795897020340318,0.7770445844954159,0.7780628643786349,1605.1630338350597
2025-01-04 14:40:00+00:00,0.7780628643786349,0.7824671913231406,0.7753230059404436,0.7797273328849492,2744.4121669174833
2025-01-04 14:45:00+00:00,0.7797273328849492,0.7834844764725143,0.7777146700027289,0.7814718135902939,2470.783539758856
2025-01-04 14:50:00+00:00,0.7814718135902939,0.7840796494852694,0.7800478515755211,0.7826556874704966,1868.5326037357868
2025-01-04 14:55:00+00:00,0.7826556874704966,0.7858839187527324,0.7820462205903094,0.7852744518725452,2272.5158768804245
2025-01-04 15:00:00+00:00,0.7852744518725452,0.7883024108240633,0.7831134571389289,0.786141416090447,1669.3214573291004
2025-01-04 15:05:00+00:00,0.786141416090447,0.7889607695029632,0.7850888833377064,0.7879082367502227,1522.5870258726295
2025-01-04 15:10:00+00:00,0.7879082367502227,0.790587106920878,0.7872345690395619,0.7899134392102172,1708.6799223540975
2025-01-04 15:15:00+00:00,0.7899134392102172,0.7932449569998934,0.7881102870228536,0.7914418048125298,2748.7495749349837
2025-01-04 15:20:00+00:00,0.7914418048125298,0.7927884880092242,0.7910310750355418,0.7923777582322362,2614.831120034238
2025-01-04 15:25:00+00:00,0.7923777582322362,0.7964317113278373,0.7908721268244672,0.7949260799200683,2130.350448132751
2025-01-04 15:30:00+00:00,0.7949260799200683,0.7995393881569263,0.7921369473555213,0.7967502555923793,3911.2822317607156
2025-01-04 15:35:00+00:00,0.7967502555923793,0.7997066483171582,0.7950728169079454,0.7980292096327243,2438.1952814533465
2025-01-04 15:40:00+00:00,0.7980292096327243,0.8019177551599725,0.7954871802513334,0.7993757257785816,1787.8573527037704
2025-01-04 15:45:00+00:00,0.7993757257785816,0.8028977195988496,0.7975266722145541,0.801048666034822,2428.470097689995
2025-01-04 15:50:00+00:00,0.801048666034822,0.8061042229047494,0.7997829438990819,0.8048385007690092,2352.269971801482
2025-01-04 15:55:00+00:00,0.8048385007690092,0.8086978214563615,0.8027176053266443,0.8065769260139966,3016.513085112316
2025-01-04 16:00:00+00:00,0.8065769260139966,0.8095890970635969,0.8050091206628333,0.8080212917124336,3272.8732537724923
2025-01-04 16:05:00+00:00,0.8080212917124336,0.8112559276330599,0.805467939509429,0.8087025754300552,6196.4726703392635
2025-01-04 16:10:00+00:00,0.8087025754300552,0.8121385746717182,0.8058324048015573,0.8092684040432203,3235.1215355640375
2025-01-04 16:15:00+00:00,0.8092684040432203,0.8111430800025159,0.8073341633590109,0.8092088393183064,4323.641486537247
2025-01-04 16:20:00+00:00,0.8092088393183064,0.8130801341494194,0.8073818341763751,0.811253129007488,5828.3136865569195
2025-01-04 16:25:00+00:00,0.811253129007488,0.8143353484260403,0.8100482589570721,0.8131304783756244,2833.703086030434
2025-01-04 16:30:00+00:00,0.8131304783756244,0.8161531352701772,0.8109832256554428,0.8140058825499956,1841.2997961996973
2025-01-04 16:35:00+00:00,0.8140058825499956,0.8161566474927171,0.8123078379745732,0.8144586029172947,1067.0922356581425
2025-01-04 16:40:00+00:00,0.8144586029172947,0.8174867933585654,0.813041057579341,0.8160692480206118,1977.7460969879046
2025-01-04 16:45:00+00:00,0.8160692480206118,0.8201002656367948,0.8134774519114563,0.8175084695276393,2368.255207779263
2025-01-04 16:50:00+00:00,0.8175084695276393,0.8209174226001753,0.8147608049881186,0.8181697580606546,1812.3445261197294
2025-01-04 16:55:00+00:00,0.8181697580606546,0.8215662295178913,0.8170603874220265,0.8204568588792631,1231.1691232973662
2025-01-04 17:00:00+00:00,0.8204568588792631,0.823275295749168,0.819786484902389,0.8226049217722939,1701.7921779389533
2025-01-04 17:05:00+00:00,0.8226049217722939,0.8256820961361998,0.8214988641589683,0.8245760385228742,2458.5984532503912
2025-01-04 17:10:00+00:00,0.8245760385228742,0.8294559290178237,0.8224938973375414,0.8273737878324909,2378.5563525673283
2025-01-04 17:15:00+00:00,0.8273737878324909,0.8303032272195822,0.8258367299277293,0.8287661693148205,1682.2164364926261
2025-01-04 17:20:00+00:00,0.8287661693148205,0.8334059728922762,0.827528437319333,0.8321682408967888,2119.9221148235324
2025-01-04 17:25:00+00:00,0.8321682408967888,0.8352735011218202,0.8300983145447265,0.8332035747697579,1779.9623109414802
2025-01-04 17:30:00+00:00,0.8332035747697579,0.8386409912277027,0.8303289615645499,0.8357663780224948,2190.138552629046
2025-01-04 17:35:00+00:00,0.8357663780224948,0.8412980411848483,0.8329179849373779,0.8384496480997314,1587.9730889556763
2025-01-04 17:40:00+00:00,0.8384496480997314,0.8409689236519751,0.8377065891324769,0.8402258646847205,2009.3058533585427
2025-01-04 17:45:00+00:00,0.8402258646847205,0.8443681132856247,0.8384670286494014,0.8426092772503055,1617.0778543090125
2025-01-04 17:50:00+00:00,0.8426092772503055,0.8443486896046432,0.8415853890084982,0.8433248013628358,2702.445764944884
2025-01-04 17:55:00+00:00,0.8433248013628358,0.8446127088136458,0.842510563465966,0.843798470916776,1748.4122438273373
2025-01-04 18:00:00+00:00,0.843798470916776,0.8466920810326604,0.8426757876422833,0.8455693977581678,2035.4102907850547
2025-01-04 18:05:00+00:00,0.8455693977581678,0.8473183681172741,0.8450319525276528,0.8467809228867592,1590.5750307220478
2025-01-04 18:10:00+00:00,0.8467809228867592,0.8510495138118892,0.845043672621662,0.849312263546792,1175.6984429825702
2025-01-04 18:15:00+00:00,0.849312263546792,0.8531969769464214,0.8473623196915895,0.8512470330912189,1865.5658249283395
2025-01-04 18:20:00+00:00,0.8512470330912189,0.857061877008504,0.8479399072535323,0.8537547511708174,1428.8645286137491
2025-01-04 18:25:00+00:00,0.8537547511708174,0.8591011262215583,0.8505828006836954,0.8559291757344363,2457.093057652236
2025-01-04 18:30:00+00:00,0.8559291757344363,0.8604434713852264,0.8534400079904109,0.857954303641201,2619.2615256428776
2025-01-04 18:35:00+00:00,0.857954303641201,0.8607173894515534,0.8570688080749531,0.8598318938853056,3972.269774636609
2025-01-04 18:40:00+00:00,0.8598318938853056,0.8635322980015956,0.8574919889493091,0.8611923930655991,3397.74754433641
2025-01-04 18:45:00+00:00,0.8611923930655991,0.8642765880760369,0.8593349729626684,0.8624191679731061,5309.697243937859
2025-01-04 18:50:00+00:00,0.8624191679731061,0.8688209371575,0.8597987532552589,0.8662005224396527,3933.6356710270893
2025-01-04 18:55:00+00:00,0.8662005224396527,0.8694583912824648,0.8627435182726221,0.8660013871154342,5300.048372040845
2025-01-04 19:00:00+00:00,0.8660013871154342,0.8701691368026445,0.8632284500171858,0.8673961997043962,5442.995997670807
2025-01-04 19:05:00+00:00,0.8673961997043962,0.8732877362608891,0.8641000828124827,0.8699916193689756,1850.4937427000646
2025-01-04 19:10:00+00:00,0.8699916193689756,0.8730363948678977,0.8688941667807609,0.871938942279683,3053.2729208132696
2025-01-04 19:15:00+00:00,0.871938942279683,0.8762745148991067,0.8705494000801579,0.8748849726995815,2167.9217198764673
2025-01-04 19:20:00+00:00,0.8748849726995815,0.8801280944662239,0.8716489397987713,0.8768920615654137,2402.293895094743
2025-01-04 19:25:00+00:00,0.8768920615654137,0.8801102920960556,0.8737326349090886,0.8769508654397306,2026.8922485582411
2025-01-04 19:30:00+00:00,0.8769508654397306,0.8790099638259989,0.875890972944961,0.8779500713312294,1538.286715592615
2025-01-04 19:35:00+00:00,0.8779500713312294,0.8788214660126566,0.8769041679684428,0.8777755626498701,2080.7388182227687
2025-01-04 19:40:00+00:00,0.8777755626498701,0.8822372986716857,0.8756193100748264,0.880081046096642,1834.3407432940564
2025-01-04 19:45:00+00:00,0.880081046096642,0.8837199106279361,0.8791997175269115,0.8828385820582056,2576.918289624188
2025-01-04 19:50:00+00:00,0.8828385820582056,0.8843718670629971,0.8820327909086699,0.8835660759134614,1638.819548480236
2025-01-04 19:55:00+00:00,0.8835660759134614,0.8860132678012898,0.8828560182874814,0.8853032101753098,2080.272881976969
2025-01-04 20:00:00+00:00,0.8853032101753098,0.8895153378256966,0.8817824501862301,0.885994577836617,2305.06360625725
2025-01-04 20:05:00+00:00,0.885994577836617,0.8881835434524189,0.883372394813108,0.88556136042891,3034.421228456642
2025-01-04 20:10:00+00:00,0.88556136042891,0.8886176438692442,0.8830964756964917,0.886152759136826,1722.3351074114137
2025-01-04 20:15:00+00:00,0.886152759136826,0.8879355520453477,0.8837267012152269,0.8855094941237486,2038.3488026242842
2025-01-04 20:20:00+00:00,0.8855094941237486,0.8886551272748487,0.8827740450430734,0.8859196781941736,1618.4598541255584
2025-01-04 20:25:00+00:00,0.8859196781941736,0.8882083893741423,0.8848498658642813,0.8871385770442499,1556.437079298121
2025-01-04 20:30:00+00:00,0.8871385770442499,0.8903714872719373,0.8856566352125514,0.8888895454402388,1727.267551675708
2025-01-04 20:35:00+00:00,0.8888895454402388,0.8926631349962998,0.8874632489788351,0.8912368385348961,2623.420413190599
2025-01-04 20:40:00+00:00,0.8912368385348961,0.8931197233105014,0.8899498328589996,0.8918327176346049,2569.7222187421285
2025-01-04 20:45:00+00:00,0.8918327176346049,0.8951748426153541,0.8896867339380288,0.8930288589187779,1978.8768747448787
2025-01-04 20:50:00+00:00,0.8930288589187779,0.8957696012228424,0.8916785806232997,0.8944193229273643,1608.8518908736683
2025-01-04 20:55:00+00:00,0.8944193229273643,0.8981640210736969,0.8922086825440569,0.8959533806903895,2614.33648610433
2025-01-04 21:00:00+00:00,0.8959533806903895,0.8975487614405749,0.8922329402393729,0.8938283209895583,2114.5865381048334
2025-01-04 21:05:00+00:00,0.8938283209895583,0.8954667905671857,0.8922938228090118,0.8939322923866392,2199.8900064610593
2025-01-04 21:10:00+00:00,0.8939322923866392,0.8986510269021253,0.8910145962805747,0.8957333307960608,2235.580171934033
2025-01-04 21:15:00+00:00,0.8957333307960608,0.8987684113809862,0.8924511946088632,0.8954862751937887,6062.168875196427
2025-01-04 21:20:00+00:00,0.8954862751937887,0.8977623915233707,0.8944456842520806,0.8967218005816626,4952.833970513291
2025-01-04 21:25:00+00:00,0.8967218005816626,0.9020999549809804,0.8932286286006051,0.8986067829999229,4257.910048941305
2025-01-04 21:30:00+00:00,0.8986067829999229,0.9000548474713176,0.8961205071024066,0.8975685715738013,3995.6392890645157
2025-01-04 21:35:00+00:00,0.8975685715738013,0.9013060820917216,0.8946528007834222,0.8983903113013425,4171.500889583247
2025-01-04 21:40:00+00:00,0.8983903113013425,0.9028660968740937,0.8952231554189695,0.8996989409917207,4152.3183251998635
2025-01-04 21:45:00+00:00,0.8996989409917207,0.9019644702901788,0.8985262750524976,0.9007918043509557,1568.608962794669
2025-01-04 21:50:00+00:00,0.9007918043509557,0.902056664118134,0.8989842604050751,0.9002491201722533,1585.6125294029027
2025-01-04 21:55:00+00:00,0.9002491201722533,0.9046905098984767,0.8973258783572772,0.9017672680835005,3052.4208174427195
2025-01-04 22:00:00+00:00,0.9017672680835005,0.9049700082268457,0.899135605812013,0.9023383459553582,2614.104011764579
2025-01-04 22:05:00+00:00,0.9023383459553582,0.9060233164898691,0.900761258253612,0.9044462287881229,1716.7398636783773
2025-01-04 22:10:00+00:00,0.9044462287881229,0.9068223297810573,0.9037939562137512,0.9061700572066856,1978.8776321387763
2025-01-04 22:15:00+00:00,0.9061700572066856,0.9075634117486777,0.905475610824751,0.9068689653667431,1844.7664670756315
2025-01-04 22:20:00+00:00,0.9068689653667431,0.9090339887973321,0.9062347918259879,0.9083998152565769,2233.7381016942672
2025-01-04 22:25:00+00:00,0.9083998152565769,0.9104367584291717,0.9069923987092023,0.9090293418817972,1811.6216075786704
2025-01-04 22:30:00+00:00,0.9090293418817972,0.9110274954376557,0.9076931404314313,0.9096912939872899,1977.3784841862675
2025-01-04 22:35:00+00:00,0.9096912939872899,0.9117233705161214,0.9074044440636537,0.9094365205924853,2123.1882952073224
2025-01-04 22:40:00+00:00,0.9094365205924853,0.9130773454944753,0.9070492978415902,0.9106901227435802,2692.3552480044345
2025-01-04 22:45:00+00:00,0.9106901227435802,0.914239415483225,0.9095823515063142,0.9131316442459589,1866.7725697539752
2025-01-04 22:50:00+00:00,0.9131316442459589,0.916509525795753,0.9114864289386644,0.9148643104884584,1941.1928605893984
2025-01-04 22:55:00+00:00,0.9148643104884584,0.9198726975034363,0.9114845066591063,0.9164928936740842,1468.182170106401
2025-01-04 23:00:00+00:00,0.9164928936740842,0.9184449822919059,0.9155442299200496,0.9174963185378713,1545.4252372980943
2025-01-04 23:05:00+00:00,0.9174963185378713,0.920917537959189,0.9152368715770627,0.9186580909983804,1888.6492696768257
2025-01-04 23:10:00+00:00,0.9186580909983804,0.9225114587958562,0.9174108942861873,0.9212642620836631,1544.422737769729
2025-01-04 23:15:00+00:00,0.9212642620836631,0.9250897343150641,0.9176151078943244,0.9214405801257255,1152.0166591417085
2025-01-04 23:20:00+00:00,0.9214405801257255,0.9268699666972822,0.9201699271176875,0.9255993136892442,1500.546948002095
2025-01-04 23:25:00+00:00,0.9255993136892442,0.9283190951006595,0.9247255246851809,0.9274453060965961,1829.1826838869122
2025-01-04 23:30:00+00:00,0.9274453060965961,0.9343110415980205,0.9249635734872093,0.9318293089886336,1710.7352184827653
2025-01-04 23:35:00+00:00,0.9318293089886336,0.9381098891297265,0.9288680400886921,0.935148620229785,1872.3962637276702
2025-01-04 23:40:00+00:00,0.935148620229785,0.9402012090764573,0.931667693842551,0.9367202826892234,1604.122338691353
2025-01-04 23:45:00+00:00,0.9367202826892234,0.9423937864140174,0.9339499622511654,0.9396234659759595,2161.7073038574526
2025-01-04 23:50:00+00:00,0.9396234659759595,0.9434653846712028,0.9381811236049954,0.9420230423002387,2449.332473928603
2025-01-04 23:55:00+00:00,0.9420230423002387,0.9478194082008783,0.9388905765710481,0.9446869424716877,6455.556231043421
2025-01-05 00:00:00+00:00,0.9446869424716877,0.9496567194884618,0.9427880438626215,0.9477578208793955,5105.762579331961
2025-01-05 00:05:00+00:00,0.9477578208793955,0.9506513755962962,0.9464351882963179,0.9493287430132186,4188.485155135227
2025-01-05 00:10:00+00:00,0.9493287430132186,0.9532609408343489,0.9469053368217649,0.9508375346428952,5458.649817951699
2025-01-05 00:15:00+00:00,0.9508375346428952,0.9550243410308575,0.9484037399190378,0.9525905463070001,3094.6923897659444
2025-01-05 00:20:00+00:00,0.9525905463070001,0.9557073706524537,0.9501544169543452,0.9532712412997988,1111.1409218816566
2025-01-05 00:25:00+00:00,0.9532712412997988,0.9561940507191288,0.9523018362956787,0.9552246457150086,2930.0257968955484
2025-01-05 00:30:00+00:00,0.9552246457150086,0.9599502016338918,0.9530253304505498,0.957750886369433,1982.0670236237602
2025-01-05 00:35:00+00:00,0.957750886369433,0.9637139116006644,0.9543448836511703,0.9603079088824018,1429.7265804090907
2025-01-05 00:40:00+00:00,0.9603079088824018,0.9640352960682815,0.9590749760101557,0.9628023631960354,2821.137516585818
2025-01-05 00:45:00+00:00,0.9628023631960354,0.9681924829580398,0.9592246873320485,0.9646148070940529,2871.3527322591854
2025-01-05 00:50:00+00:00,0.9646148070940529,0.9697322076802285,0.9626759720189131,0.9677933726050887,2261.936978900445
2025-01-05 00:55:00+00:00,0.9677933726050887,0.9697253105731917,0.9657334729621033,0.9676654109302063,1764.881233623366
2025-01-05 01:00:00+00:00,0.9676654109302063,0.9729452966878256,0.9641624753680778,0.969442361125697,3423.531947277145
2025-01-05 01:05:00+00:00,0.969442361125697,0.9750509253392448,0.9656724284157128,0.9712809926292605,1761.1658690957338
2025-01-05 01:10:00+00:00,0.9712809926292605,0.9780944204892793,0.9677169804506706,0.9745304083106894,1845.068921785121
2025-01-05 01:15:00+00:00,0.9745304083106894,0.9808292213784162,0.9711921745639489,0.9774909876316757,1798.0559379545716
2025-01-05 01:20:00+00:00,0.9774909876316757,0.9820074596728726,0.976073694402702,0.9805901664438988,1996.46056515344
2025-01-05 01:25:00+00:00,0.9805901664438988,0.9844281629575904,0.9788995814367173,0.9827375779504088,1302.9815318573044
2025-01-05 01:30:00+00:00,0.9827375779504088,0.988682102513079,0.9800139437507837,0.9859584683134538,1704.3613960537248
2025-01-05 01:35:00+00:00,0.9859584683134538,0.9896890038616102,0.9831049057497366,0.986835441297893,2226.562994072218
2025-01-05 01:40:00+00:00,0.986835441297893,0.9923669078697502,0.9834145331050265,0.9889459996768837,3164.7388627795267
2025-01-05 01:45:00+00:00,0.9889459996768837,0.9908409503208383,0.9865284683843495,0.9884234190283041,1831.636294767404
2025-01-05 01:50:00+00:00,0.9884234190283041,0.9934647733064346,0.9873602638316343,0.9924016181097648,1847.5774165844825
2025-01-05 01:55:00+00:00,0.9924016181097648,0.9971025545552542,0.9915027712117417,0.9962037076572311,2102.9164504759347
2025-01-05 02:00:00+00:00,0.9962037076572311,1.000994265539237,0.9925567308477801,0.9973472887297858,2467.4432949633983
2025-01-05 02:05:00+00:00,0.9973472887297858,1.0002169389093976,0.995273887401295,0.9981435375809067,2717.1544612999774
2025-01-05 02:10:00+00:00,0.9981435375809067,0.9994173161303519,0.9961198775030998,0.997393656052545,1778.543546140781
2025-01-05 02:15:00+00:00,0.997393656052545,0.9981710447329523,0.9964941502381136,0.9972715389185208,1310.6183353254303
2025-01-05 02:20:00+00:00,0.9972715389185208,1.0023213646394427,0.9940298109567247,0.9990796366776464,1051.449489123404
2025-01-05 02:25:00+00:00,0.9990796366776464,1.0042027815963745,0.9953820963897938,1.0005052413085218,2872.3614344774055
2025-01-05 02:30:00+00:00,1.0005052413085218,1.001653644164387,0.999150497914356,1.0002989007702212,2138.230109339908
2025-01-05 02:35:00+00:00,1.0002989007702212,1.004616183110121,0.9968971509476027,1.0012144332875024,5352.3216764522
2025-01-05 02:40:00+00:00,1.0012144332875024,1.00503860427887,0.9980587355324865,1.001882906523854,5361.185111028317
2025-01-05 02:45:00+00:00,1.001882906523854,1.0051626123691457,1.0005894865751181,1.00386919242041,5083.508110436677
2025-01-05 02:50:00+00:00,1.00386919242041,1.0066728774758076,1.003298834466935,1.0061025195223325,7213.721978898289
2025-01-05 02:55:00+00:00,1.0061025195223325,1.0106568831658918,1.0026166925047353,1.0071710561482945,4843.421959677749
2025-01-05 03:00:00+00:00,1.0071710561482945,1.011602354399461,1.0041699605773153,1.0086012588284818,2854.362977717703
2025-01-05 03:05:00+00:00,1.0086012588284818,1.0131560012935423,1.0052899653878253,1.0098447078528858,1711.0979380436033
2025-01-05 03:10:00+00:00,1.0098447078528858,1.0132060914429744,1.0051620852461616,1.00852346883625,2261.9165357581455
2025-01-05 03:15:00+00:00,1.00852346883625,1.0125901662208623,1.0058443071390595,1.0099110045236717,1731.5202802854992
2025-01-05 03:20:00+00:00,1.0099110045236717,1.0147242173958049,1.0061547742244485,1.0109679870965818,1732.2231208556032
2025-01-05 03:25:00+00:00,1.0109679870965818,1.0168804590951954,1.0070700195070632,1.0129824915056769,1325.5067773723638
2025-01-05 03:30:00+00:00,1.0129824915056769,1.0144040391249989,1.010402977165793,1.011824524785115,2027.5253542167434
2025-01-05 03:35:00+00:00,1.011824524785115,1.015941536302394,1.0096819695262733,1.0137989810435524,1968.8751829197854
2025-01-05 03:40:00+00:00,1.0137989810435524,1.0157772414315376,1.0120649821449064,1.0140432425328916,2679.1723650372633
2025-01-05 03:45:00+00:00,1.0140432425328916,1.0164568165242165,1.0129553451821969,1.0153689191735218,1758.2835942866716
2025-01-05 03:50:00+00:00,1.0153689191735218,1.0202186030348717,1.012981091397691,1.017830775259041,900.5902285240476
2025-01-05 03:55:00+00:00,1.017830775259041,1.019819356018441,1.0150101331594654,1.0169987139188654,938.9634218769162
2025-01-05 04:00:00+00:00,1.0169987139188654,1.0198817059847858,1.013473107244741,1.0163560993106613,869.0605401995683
2025-01-05 04:05:00+00:00,1.0163560993106613,1.022517817779616,1.0123594288520041,1.0185211473209588,1378.634867014294
2025-01-05 04:10:00+00:00,1.0185211473209588,1.0207113388976565,1.0158840165995575,1.0180742081762553,1333.1631015917808
2025-01-05 04:15:00+00:00,1.0180742081762553,1.01889823766778,1.0170244126763752,1.0178484421679,655.8345546004123
2025-01-05 04:20:00+00:00,1.0178484421679,1.0224560163305545,1.0149271902966894,1.019534764459344,1369.9438926547043
2025-01-05 04:25:00+00:00,1.019534764459344,1.0240311885560585,1.0157472153458784,1.0202436394425929,902.9095835764836
2025-01-05 04:30:00+00:00,1.0202436394425929,1.0258853549861449,1.016525170754745,1.0221668862982969,1235.689027998878
2025-01-05 04:35:00+00:00,1.0221668862982969,1.026195267727718,1.0194918284410788,1.0235202098704999,816.3947576935374
2025-01-05 04:40:00+00:00,1.0235202098704999,1.0256217825115732,1.022390806023831,1.0244923786649043,1526.5312918842508
2025-01-05 04:45:00+00:00,1.0244923786649043,1.0278842095262846,1.0233393598468017,1.026731190708182,733.3873510432944
2025-01-05 04:50:00+00:00,1.026731190708182,1.0311224343998608,1.026095726171858,1.0304869698635368,887.5724910009518
2025-01-05 04:55:00+00:00,1.0304869698635368,1.0355606099624592,1.026374470558143,1.0314481106570654,1197.7600624832255
2025-01-05 05:00:00+00:00,1.0314481106570654,1.036255604813875,1.0295924337930102,1.0343999279498197,834.600157847033
2025-01-05 05:05:00+00:00,1.0343999279498197,1.0390264659784358,1.0323366140228505,1.0369631520514666,1240.9628135976686
2025-01-05 05:10:00+00:00,1.0369631520514666,1.0416834005081277,1.0335730947105288,1.03829334316719,1814.981265365462
2025-01-05 05:15:00+00:00,1.03829334316719,1.0411085161480507,1.0372824035172865,1.0400975764981473,2762.866482842712
2025-01-05 05:20:00+00:00,1.0400975764981473,1.043911388871037,1.0363902081844345,1.0402040205573242,3238.0370358459536
2025-01-05 05:25:00+00:00,1.0402040205573242,1.0428844921681837,1.0380747191520336,1.0407551907628931,1312.9650165845383
2025-01-05 05:30:00+00:00,1.0407551907628931,1.0438030084650722,1.0394226064915129,1.042470424193692,2912.3583031053713
2025-01-05 05:35:00+00:00,1.042470424193692,1.0447313233829636,1.0415685033716593,1.043829402560931,2746.449259529669
2025-01-05 05:40:00+00:00,1.043829402560931,1.0508695683795068,1.0398920575663888,1.0469322233849647,838.7066714433403
2025-01-05 05:45:00+00:00,1.0469322233849647,1.0500481172931906,1.043706204467186,1.046822098375412,1114.5851563564038
2025-01-05 05:50:00+00:00,1.046822098375412,1.0518089109748412,1.0430418387168023,1.0480286513162316,1077.8041961086715
2025-01-05 05:55:00+00:00,1.0480286513162316,1.0500199255998344,1.0468639639546728,1.0488552382382756,1865.7813004525235
2025-01-05 06:00:00+00:00,1.0488552382382756,1.0525655554407423,1.0466371467962199,1.0503474639986865,1034.6405213415806
2025-01-05 06:05:00+00:00,1.0503474639986865,1.056752442137072,1.0471530522090597,1.0535580303474452,1283.4724319987104
2025-01-05 06:10:00+00:00,1.0535580303474452,1.0556209277677107,1.0517660838506158,1.0538289812708812,990.3679963291257
2025-01-05 06:15:00+00:00,1.0538289812708812,1.0608450572384611,1.0497424183978243,1.0567584943654043,1138.932096008651
2025-01-05 06:20:00+00:00,1.0567584943654043,1.0602363423248882,1.0544406134633293,1.0579184614228132,1214.7740576706399
2025-01-05 06:25:00+00:00,1.0579184614228132,1.0627552366899071,1.0546326445508856,1.0594694198179795,994.5246636018175
2025-01-05 06:30:00+00:00,1.0594694198179795,1.06504797677012,1.057180838828099,1.0627593957802395,1328.139039664341
2025-01-05 06:35:00+00:00,1.0627593957802395,1.0650464928900774,1.062182865304294,1.0644699624141318,972.3770065531675
2025-01-05 06:40:00+00:00,1.0644699624141318,1.0710151979217537,1.0609033375521357,1.0674485730597576,1001.902645910858
2025-01-05 06:45:00+00:00,1.0674485730597576,1.0730064370091168,1.0642131656928961,1.0697710296422553,968.3179536380133
2025-01-05 06:50:00+00:00,1.0697710296422553,1.0749735768461004,1.066570464607716,1.0717730118115611,988.7215485581419
2025-01-05 06:55:00+00:00,1.0717730118115611,1.0769525618730262,1.0683993780791823,1.0735789281406474,1229.8210189547237
2025-01-05 07:00:00+00:00,1.0735789281406474,1.0746789411026343,1.0725586503079276,1.0736586632699145,1280.6547361256119
2025-01-05 07:05:00+00:00,1.0736586632699145,1.0755903136084846,1.0731132736750475,1.0750449240136175,683.5021355075609
2025-01-05 07:10:00+00:00,1.0750449240136175,1.080082867414617,1.072609514969034,1.0776474583700335,811.3005589921962
2025-01-05 07:15:00+00:00,1.0776474583700335,1.0838963423111474,1.0740841828284182,1.0803330667695321,1056.9240346391484
2025-01-05 07:20:00+00:00,1.0803330667695321,1.0837926034365495,1.0773935562984958,1.0808530929655131,1112.0233492143243
2025-01-05 07:25:00+00:00,1.0808530929655131,1.086239760375569,1.0792529071638848,1.0846395745739406,702.8775084195495
2025-01-05 07:30:00+00:00,1.0846395745739406,1.0895688838361532,1.0829698417559104,1.087899151018123,1326.2010297120885
2025-01-05 07:35:00+00:00,1.087899151018123,1.0906978174882374,1.0859329027795097,1.088731569249624,1830.6429505775038
2025-01-05 07:40:00+00:00,1.088731569249624,1.0905518761170925,1.0880956345385533,1.0899159414060218,1037.0784734343933
2025-01-05 07:45:00+00:00,1.0899159414060218,1.094600594099674,1.0884585934898365,1.0931432461834887,949.0993330037558
2025-01-05 07:50:00+00:00,1.0931432461834887,1.0945529287749818,1.091995779818137,1.09340546240963,1796.5358263673809
2025-01-05 07:55:00+00:00,1.09340546240963,1.0972812332981123,1.091128888810602,1.0950046596990843,2138.355748584677
2025-01-05 08:00:00+00:00,1.0950046596990843,1.1008011737162404,1.091714850263201,1.0975113642803571,1933.7360490505994
2025-01-05 08:05:00+00:00,1.0975113642803571,1.1030939171994538,1.094337696694865,1.0999202496139617,2321.549372493067
2025-01-05 08:10:00+00:00,1.0999202496139617,1.1005162436957376,1.0978589539815793,1.0984549480633552,2467.437527949403
2025-01-05 08:15:00+00:00,1.0984549480633552,1.101231681162756,1.0947907978546048,1.0975675309540056,1537.6474369531354
2025-01-05 08:20:00+00:00,1.0975675309540056,1.1012073242685867,1.0914582288376853,1.0950980221522664,1270.1047779926612
2025-01-05 08:25:00+00:00,1.0950980221522664,1.0964483318749882,1.0916705081965932,1.093020817919315,1187.055355210139
2025-01-05 08:30:00+00:00,1.093020817919315,1.0969320564498046,1.090343645293549,1.0942548838240387,809.6554147038294
2025-01-05 08:35:00+00:00,1.0942548838240387,1.0966507640596157,1.0885298398091712,1.0909257200447482,1400.0631464720757
2025-01-05 08:40:00+00:00,1.0909257200447482,1.0950323601597767,1.084713449843843,1.0888200899588716,1567.6548229350922
2025-01-05 08:45:00+00:00,1.0888200899588716,1.091003164998479,1.0852320190456606,1.087415094085268,873.6777269880787
2025-01-05 08:50:00+00:00,1.087415094085268,1.0916168203896415,1.0807850191681225,1.084986745472496,1217.9300123289843
2025-01-05 08:55:00+00:00,1.084986745472496,1.0857593638773513,1.0841827542344333,1.0849553726392887,924.4602336776233
2025-01-05 09:00:00+00:00,1.0849553726392887,1.0886418093784438,1.0796990668776412,1.0833855036167963,950.2662935686178
2025-01-05 09:05:00+00:00,1.0833855036167963,1.0873908150995821,1.0786582876174815,1.0826635991002673,1022.4596528698648
2025-01-05 09:10:00+00:00,1.0826635991002673,1.0848659224889527,1.0753197245481387,1.0775220479368242,679.6496138081885
2025-01-05 09:15:00+00:00,1.0775220479368242,1.079140059618388,1.0756471754938313,1.077265187175395,1068.8817002046312
2025-01-05 09:20:00+00:00,1.077265187175395,1.0780204866787049,1.0761527373819249,1.0769080368852346,897.9344660164459
2025-01-05 09:25:00+00:00,1.0769080368852346,1.0797840488769406,1.071164140838205,1.074040152829911,958.2096743322282
2025-01-05 09:30:00+00:00,1.074040152829911,1.0777678692518187,1.0700569128287538,1.0737846292506614,977.0602601026267
2025-01-05 09:35:00+00:00,1.0737846292506614,1.0754436735254753,1.0704771894003846,1.0721362336751985,873.1334771702235
2025-01-05 09:40:00+00:00,1.0721362336751985,1.074092892646385,1.0693331528683132,1.0712898118394998,1451.2300775765555
2025-01-05 09:45:00+00:00,1.0712898118394998,1.0748036965986965,1.068015519437173,1.0715294041963697,1068.1285509053603
2025-01-05 09:50:00+00:00,1.0715294041963697,1.0730579189512481,1.0679876695512356,1.069516184306114,1528.9551633895899
2025-01-05 09:55:00+00:00,1.069516184306114,1.0723848361521562,1.063159873011491,1.0660285248575332,797.3544511476124
2025-01-05 10:00:00+00:00,1.0660285248575332,1.0681236695742127,1.061685422970795,1.0637805676874745,948.19959874471
2025-01-05 10:05:00+00:00,1.0637805676874745,1.0651553299341059,1.0585017567169301,1.0598765189635615,849.4823733920034
2025-01-05 10:10:00+00:00,1.0598765189635615,1.0609499465275294,1.0554662344770362,1.0565396620410041,886.3189957334546
2025-01-05 10:15:00+00:00,1.0565396620410041,1.057898104280632,1.0518562929673612,1.053214735206989,1146.978492957923
2025-01-05 10:20:00+00:00,1.053214735206989,1.0548820474564835,1.048254700004239,1.0499220122537336,1287.9271571553995
2025-01-05 10:25:00+00:00,1.0499220122537336,1.0529308017998347,1.0459507509820474,1.0489595405281484,1875.3245549972387
2025-01-05 10:30:00+00:00,1.0489595405281484,1.049927608475544,1.0465744411660571,1.0475425091134527,2100.5175551266957
2025-01-05 10:35:00+00:00,1.0475425091134527,1.0501047234170837,1.0413523865847336,1.0439146008883646,2746.6256278963465
2025-01-05 10:40:00+00:00,1.0439146008883646,1.045988088078518,1.0407279034283146,1.0428013906184679,2409.8175465296604
2025-01-05 10:45:00+00:00,1.0428013906184679,1.0460413519998932,1.034906811552148,1.0381467729335734,2142.2973876227734
2025-01-05 10:50:00+00:00,1.0381467729335734,1.0392926142020682,1.0336085226283438,1.0347543638968386,2201.836002729808
2025-01-05 10:55:00+00:00,1.0347543638968386,1.0370887862983393,1.0296541417979026,1.0319885641994033,2117.651441761905
2025-01-05 11:00:00+00:00,1.0319885641994033,1.0349450984332607,1.027894190429575,1.0308507246634324,1830.7894638719513
2025-01-05 11:05:00+00:00,1.0308507246634324,1.034404727374107,1.0255708396585435,1.029124842369218,1174.3681947875868
2025-01-05 11:10:00+00:00,1.029124842369218,1.0314188850016877,1.0247565015453013,1.0270505441777709,1321.3905014346772
2025-01-05 11:15:00+00:00,1.0270505441777709,1.0287364246340744,1.0243273287369312,1.0260132091932348,951.1475417365806
2025-01-05 11:20:00+00:00,1.0260132091932348,1.0270141269364785,1.0232462405597595,1.0242471583030033,1250.0001701322628
2025-01-05 11:25:00+00:00,1.0242471583030033,1.0266653538481993,1.0208595014301602,1.0232776969753563,1084.913516130313
2025-01-05 11:30:00+00:00,1.0232776969753563,1.0248435770965147,1.0181025132470523,1.0196683933682107,980.6917323482473
2025-01-05 11:35:00+00:00,1.0196683933682107,1.0231673946273492,1.0114730550837001,1.0149720563428386,1078.1956145649053
2025-01-05 11:40:00+00:00,1.0149720563428386,1.0189776944805624,1.007843017449277,1.0118486555870008,901.7509916683154
2025-01-05 11:45:00+00:00,1.0118486555870008,1.0137665267397025,1.0083394604509763,1.010257331603678,1558.899882228623
2025-01-05 11:50:00+00:00,1.010257331603678,1.0127933623658851,1.005454696399656,1.007990727161863,986.1804201325427
2025-01-05 11:55:00+00:00,1.007990727161863,1.0097795646735317,1.0047168668431443,1.006505704354813,934.8604446492889
2025-01-05 12:00:00+00:00,1.006505704354813,1.0092246082629655,1.0021076570055296,1.0048265609136822,865.1472734573277
2025-01-05 12:05:00+00:00,1.0048265609136822,1.007167590440094,1.0005972526628468,1.0029382821892587,876.1678309616073
2025-01-05 12:10:00+00:00,1.0029382821892587,1.0041041994646487,1.0002773126389324,1.0014432299143223,910.41624045214
2025-01-05 12:15:00+00:00,1.0014432299143223,1.0042549230270712,0.9953263637648375,0.9981380568775863,676.2667628354327
2025-01-05 12:20:00+00:00,0.9981380568775863,1.0003106320584623,0.9948662870342527,0.9970388622151287,904.9358956095004
2025-01-05 12:25:00+00:00,0.9970388622151287,0.9990627237386754,0.9914432532972822,0.993467114820829,1236.9640631060508
2025-01-05 12:30:00+00:00,0.993467114820829,0.9951287198935166,0.9893435490213152,0.9910051540940028,1568.1704463863985
2025-01-05 12:35:00+00:00,0.9910051540940028,0.9925469456706413,0.9855027750950862,0.9870445666717247,1304.934374924406
2025-01-05 12:40:00+00:00,0.9870445666717247,0.9880252811202385,0.9844301908884755,0.9854109053369893,1272.5410174333779
2025-01-05 12:45:00+00:00,0.9854109053369893,0.9887089710229332,0.9780957935370743,0.9813938592230183,1445.6613212044206
2025-01-05 12:50:00+00:00,0.9813938592230183,0.9835195262695052,0.9787899637989839,0.9809156308454708,830.9390931462265
2025-01-05 12:55:00+00:00,0.9809156308454708,0.9839679699343871,0.9741971597499961,0.9772494988389123,1445.9584848577056
2025-01-05 13:00:00+00:00,0.9772494988389123,0.9800730355387736,0.9726973511000512,0.9755208877999124,1310.525750020312
2025-01-05 13:05:00+00:00,0.9755208877999124,0.9789371398142621,0.9699597490739507,0.9733760010883004,1154.6251548622063
2025-01-05 13:10:00+00:00,0.9733760010883004,0.9766059837762967,0.9671942906687657,0.9704242733567621,2257.058688555633
2025-01-05 13:15:00+00:00,0.9704242733567621,0.9719390618588992,0.9684895975584635,0.9700043860606007,2728.402081082535
2025-01-05 13:20:00+00:00,0.9700043860606007,0.9722387525321537,0.9654467481228699,0.967681114594423,2903.3310812838704
2025-01-05 13:25:00+00:00,0.967681114594423,0.9707126401078937,0.964580406226101,0.9676119317395717,1588.4501453016953
2025-01-05 13:30:00+00:00,0.9676119317395717,0.9709810435820139,0.9613297299355141,0.9646988417779563,2573.6890959341113
2025-01-05 13:35:00+00:00,0.9646988417779563,0.9667214570892815,0.9600781341852824,0.9621007494966076,1254.260463866245
2025-01-05 13:40:00+00:00,0.9621007494966076,0.9626638071251427,0.9576141485913956,0.9581772062199306,1267.4296846149193
2025-01-05 13:45:00+00:00,0.9581772062199306,0.9598488105390915,0.9555748924133398,0.9572464967325007,838.9469551406058
2025-01-05 13:50:00+00:00,0.9572464967325007,0.960160257130103,0.9538658077431011,0.9567795681407034,939.4447738225662
2025-01-05 13:55:00+00:00,0.9567795681407034,0.9585056444881439,0.9538352719596741,0.9555613483071146,896.5571261887476
2025-01-05 14:00:00+00:00,0.9555613483071146,0.9580126937780781,0.951492000283762,0.9539433457547255,1292.8649302558454
2025-01-05 14:05:00+00:00,0.9539433457547255,0.95748260596509,0.9479601813115779,0.9514994415219424,2043.0991406693338
2025-01-05 14:10:00+00:00,0.9514994415219424,0.9542805118906303,0.9500556602367507,0.9528367306054386,1270.6107824273233
2025-01-05 14:15:00+00:00,0.9528367306054386,0.9536661675471261,0.9515411162733811,0.9523705532150686,1348.8659572350978
2025-01-05 14:20:00+00:00,0.9523705532150686,0.9542161200324545,0.9471378372586514,0.9489834040760373,794.7016134193234
2025-01-05 14:25:00+00:00,0.9489834040760373,0.9506688418585877,0.9456974356921489,0.9473828734746993,936.856277263963
2025-01-05 14:30:00+00:00,0.9473828734746993,0.9489486321706653,0.9416380475963643,0.9432038062923302,1270.3016996326298
2025-01-05 14:35:00+00:00,0.9432038062923302,0.9475724455988068,0.9394362111762324,0.943804850482709,1040.8001294387345
2025-01-05 14:40:00+00:00,0.943804850482709,0.9481962394687748,0.9404888968350189,0.9448802858210847,964.1830424093242
2025-01-05 14:45:00+00:00,0.9448802858210847,0.9465137521689835,0.9437567994386787,0.9453902657865775,973.3280898530433
2025-01-05 14:50:00+00:00,0.9453902657865775,0.9488363022127944,0.940748601838849,0.9441946382650659,1052.7737281624673
2025-01-05 14:55:00+00:00,0.9441946382650659,0.9456867071795834,0.9409105571727681,0.9424026260872855,1294.951995312375
2025-01-05 15:00:00+00:00,0.9424026260872855,0.9455468005340487,0.936561759085703,0.9397059335324662,1230.420645159185
2025-01-05 15:05:00+00:00,0.9397059335324662,0.9418296787314288,0.9370811433367027,0.9392048885356652,1421.2238487230522
2025-01-05 15:10:00+00:00,0.9392048885356652,0.9410769555262067,0.9353933664444943,0.9372654334350359,1113.3032141829665
2025-01-05 15:15:00+00:00,0.9372654334350359,0.9392845555074403,0.9337249981094915,0.9357441201818959,1693.5582198919426
2025-01-05 15:20:00+00:00,0.9357441201818959,0.9370763395402409,0.9325922969186762,0.9339245162770212,541.8275185740451
2025-01-05 15:25:00+00:00,0.9339245162770212,0.9366595089342284,0.9297361318798255,0.9324711245370327,1021.80822247439
2025-01-05 15:30:00+00:00,0.9324711245370327,0.933890076740513,0.9309412406054225,0.9323601928089028,1688.1654700921415
2025-01-05 15:35:00+00:00,0.9323601928089028,0.9352054878574357,0.9302771887037597,0.9331224837522927,1006.5342370727932
2025-01-05 15:40:00+00:00,0.9331224837522927,0.9359310365795503,0.9293338493223211,0.9321424021495788,842.5607153953665
2025-01-05 15:45:00+00:00,0.9321424021495788,0.934736878976318,0.928401192493074,0.9309956693198131,896.4323547962977
2025-01-05 15:50:00+00:00,0.9309956693198131,0.932751183927438,0.9268053424948857,0.9285608571025106,2490.298981007063
2025-01-05 15:55:00+00:00,0.9285608571025106,0.9318959696645956,0.9226416365667448,0.9259767491288299,2888.7996905777386
2025-01-05 16:00:00+00:00,0.9259767491288299,0.9296367465881508,0.919895054643668,0.9235550521029889,1920.1734569967648
2025-01-05 16:05:00+00:00,0.9235550521029889,0.9268667049113626,0.9199582931705126,0.9232699459788862,2659.947976716086
2025-01-05 16:10:00+00:00,0.9232699459788862,0.9237418376080543,0.9217722203356077,0.9222441119647757,1828.45829855564
2025-01-05 16:15:00+00:00,0.9222441119647757,0.9232289028246339,0.9209984752092066,0.9219832660690648,1125.7310697311136
2025-01-05 16:20:00+00:00,0.9219832660690648,0.9242178642847457,0.9188467731266091,0.9210813713422901,1021.2929596170443
2025-01-05 16:25:00+00:00,0.9210813713422901,0.9243505816839788,0.9159575742093915,0.9192267845510802,1320.000718785158
2025-01-05 16:30:00+00:00,0.9192267845510802,0.9203199615400063,0.915313568679586,0.9164067456685121,1215.3794026958383
2025-01-05 16:35:00+00:00,0.9164067456685121,0.9168914623283378,0.9140309016158915,0.9145156182757173,1490.5662475440658
2025-01-05 16:40:00+00:00,0.9145156182757173,0.9161899379111936,0.9097463538028675,0.9114206734383439,910.6680628653107
2025-01-05 16:45:00+00:00,0.9114206734383439,0.9129442319179213,0.9105287815618925,0.91205234004147,418.98386550199626
2025-01-05 16:50:00+00:00,0.91205234004147,0.9141054168630434,0.908684884713495,0.9107379615350684,1317.66679230312
2025-01-05 16:55:00+00:00,0.9107379615350684,0.9138152695885883,0.905605745528344,0.908683053581864,1215.7815479702879
2025-01-05 17:00:00+00:00,0.908683053581864,0.9108116456959705,0.9070423730874507,0.9091709652015573,1048.4688964119644
2025-01-05 17:05:00+00:00,0.9091709652015573,0.9100208607569182,0.9061610066641852,0.9070109022195462,915.5925171225592
2025-01-05 17:10:00+00:00,0.9070109022195462,0.9096824848113877,0.9031662102687074,0.9058377928605489,794.763187973636
2025-01-05 17:15:00+00:00,0.9058377928605489,0.9090905981700869,0.9005835821795971,0.9038363874891351,1054.8174268717657
2025-01-05 17:20:00+00:00,0.9038363874891351,0.9058903282361243,0.9003090785955171,0.9023630193425063,1229.8468156126903
2025-01-05 17:25:00+00:00,0.9023630193425063,0.9041801390665429,0.8982441669651813,0.9000612866892179,1350.8111837149033
2025-01-05 17:30:00+00:00,0.9000612866892179,0.9028496762042056,0.8958693905760228,0.8986577800910105,933.9573165144283
2025-01-05 17:35:00+00:00,0.8986577800910105,0.8994477529348303,0.8974376927669477,0.8982276656107675,766.3793094391731
2025-01-05 17:40:00+00:00,0.8982276656107675,0.9017960583022123,0.8912824187039835,0.8948508113954283,1286.462532036007
2025-01-05 17:45:00+00:00,0.8948508113954283,0.897222183223662,0.8880461463578204,0.8904175181860541,1494.1047210034199
2025-01-05 17:50:00+00:00,0.8904175181860541,0.8923010078681435,0.8879205015996976,0.889803991281787,1169.7702228194694
2025-01-05 17:55:00+00:00,0.889803991281787,0.8926313027870574,0.8850613005966508,0.8878886121019212,658.4740712154033
2025-01-05 18:00:00+00:00,0.8878886121019212,0.888463621342887,0.8861288916787006,0.8867039009196664,1498.5087215584024
2025-01-05 18:05:00+00:00,0.8867039009196664,0.8895447129783675,0.8814087894828387,0.8842496015415398,709.7319326866061
2025-01-05 18:10:00+00:00,0.8842496015415398,0.8852013965817699,0.8827832380574302,0.8837350330976603,1295.9522186971378
2025-01-05 18:15:00+00:00,0.8837350330976603,0.8857052786218462,0.8815255750324837,0.8834958205566696,557.8606343410491
2025-01-05 18:20:00+00:00,0.8834958205566696,0.8841630576048427,0.87937942594841,0.8800466629965831,792.6476727997278
2025-01-05 18:25:00+00:00,0.8800466629965831,0.8819383173089177,0.8766587579172651,0.8785504122295997,2513.914283090158
2025-01-05 18:30:00+00:00,0.8785504122295997,0.8794300898856647,0.8748029721519123,0.8756826498079773,2093.300984646095
2025-01-05 18:35:00+00:00,0.8756826498079773,0.8781857874236937,0.8692527735458201,0.8717559111615365,2463.809823691821
2025-01-05 18:40:00+00:00,0.8717559111615365,0.8732541758670265,0.8677162921187753,0.8692145568242653,2667.4936388720835
2025-01-05 18:45:00+00:00,0.8692145568242653,0.8707236952784183,0.866079744537471,0.8675888829916241,3093.829950363186
2025-01-05 18:50:00+00:00,0.8675888829916241,0.8694444462495534,0.8620785946465523,0.8639341579044817,2930.635067248198
2025-01-05 18:55:00+00:00,0.8639341579044817,0.8664997164848853,0.8578165520449221,0.8603821106253258,705.0866931908587
2025-01-05 19:00:00+00:00,0.8603821106253258,0.8636151888680902,0.8562334979526008,0.8594665761953653,932.3365791322932
2025-01-05 19:05:00+00:00,0.8594665761953653,0.8615471224005513,0.855229418268624,0.85730996447381,1797.8105138993656
2025-01-05 19:10:00+00:00,0.85730996447381,0.8602572365142518,0.8526046636895579,0.8555519357299997,986.7473621437956
2025-01-05 19:15:00+00:00,0.8555519357299997,0.8559889031549629,0.8517756944017726,0.8522126618267358,677.9063432184137
2025-01-05 19:20:00+00:00,0.8522126618267358,0.8538444689594502,0.8477721960351112,0.8494040031678256,1346.5766482506824
2025-01-05 19:25:00+00:00,0.8494040031678256,0.8517017465403071,0.8451201011672461,0.8474178445397276,1031.6782615146387
2025-01-05 19:30:00+00:00,0.8474178445397276,0.8481602633789663,0.8447812322157825,0.8455236510550213,1035.4152500463865
2025-01-05 19:35:00+00:00,0.8455236510550213,0.8476073262950825,0.8415287207793137,0.843612396019375,1516.3809918050522
2025-01-05 19:40:00+00:00,0.843612396019375,0.8451381776062694,0.8416803595145376,0.843206141101432,1429.0958430496112
2025-01-05 19:45:00+00:00,0.843206141101432,0.8449802941050127,0.8395975255008068,0.8413716785043875,1107.2100104919155
2025-01-05 19:50:00+00:00,0.8413716785043875,0.8422903945233315,0.8369243515061249,0.8378430675250689,1580.5894160861963
2025-01-05 19:55:00+00:00,0.8378430675250689,0.8394216397671107,0.8334457728229017,0.8350243450649435,1090.4530912473488
2025-01-05 20:00:00+00:00,0.8350243450649435,0.8354448914113554,0.8326505447236414,0.8330710910700533,1119.6214986132566
2025-01-05 20:05:00+00:00,0.8330710910700533,0.8352131010100631,0.8303605075016034,0.8325025174416132,1382.7845956949582
2025-01-05 20:10:00+00:00,0.8325025174416132,0.8333097707199719,0.8291824511506203,0.829989704428979,1006.2030714448638
2025-01-05 20:15:00+00:00,0.829989704428979,0.8322448157759585,0.8255621493699267,0.8278172607169062,1124.9447963350574
2025-01-05 20:20:00+00:00,0.8278172607169062,0.8302574686870284,0.8236123233427374,0.8260525313128596,1263.1209468607774
2025-01-05 20:25:00+00:00,0.8260525313128596,0.8270007514055234,0.8227010265773034,0.8236492466699672,1137.9630483121377
2025-01-05 20:30:00+00:00,0.8236492466699672,0.8247706120746003,0.8200526653832665,0.8211740307878996,967.6598031607623
2025-01-05 20:35:00+00:00,0.8211740307878996,0.8217011085931467,0.8188020228258424,0.8193291006310894,1823.9881477107328
2025-01-05 20:40:00+00:00,0.8193291006310894,0.8198259800846001,0.8182496677831282,0.8187465472366389,1116.019986662072
2025-01-05 20:45:00+00:00,0.8187465472366389,0.8219899873419676,0.8144538070820057,0.8176972471873344,1435.8593772176375
2025-01-05 20:50:00+00:00,0.8176972471873344,0.81867353744335,0.8149483825718875,0.8159246728279032,977.244150177946
2025-01-05 20:55:00+00:00,0.8159246728279032,0.8179594281229837,0.8128413251108939,0.8148760804059745,1215.667427838137
2025-01-05 21:00:00+00:00,0.8148760804059745,0.8171322895088706,0.8099480412212079,0.812204250324104,910.8590250237653
2025-01-05 21:05:00+00:00,0.812204250324104,0.8144515027422877,0.8095740276096858,0.8118212800278695,3621.285961368753
2025-01-05 21:10:00+00:00,0.8118212800278695,0.8128070904060868,0.81023540269996,0.8112212130781773,2431.128513346526
2025-01-05 21:15:00+00:00,0.8112212130781773,0.8116308156070443,0.8098124824541321,0.8102220849829991,2483.143127302451
2025-01-05 21:20:00+00:00,0.8102220849829991,0.8128845179576969,0.8047035706638539,0.8073660036385517,5414.503232144635
2025-01-05 21:25:00+00:00,0.8073660036385517,0.8093558407113913,0.8061463599733555,0.8081361970461951,1682.1829872942553
2025-01-05 21:30:00+00:00,0.8081361970461951,0.8107909001521445,0.8014317342859658,0.8040864373919152,2458.89135186937
2025-01-05 21:35:00+00:00,0.8040864373919152,0.8055633885329017,0.8004800688878322,0.8019570200288186,1101.8606306527888
2025-01-05 21:40:00+00:00,0.8019570200288186,0.8026409452144339,0.7992516325616543,0.7999355577472695,1137.655777626904
2025-01-05 21:45:00+00:00,0.7999355577472695,0.801629051022353,0.7978144501991703,0.7995079434742538,1207.6985549165747
2025-01-05 21:50:00+00:00,0.7995079434742538,0.8015809264312737,0.7949052602964504,0.7969782432534702,849.5195202719925
2025-01-05 21:55:00+00:00,0.7969782432534702,0.799394355178599,0.7937325955689011,0.7961487074940299,907.3933772591523
2025-01-05 22:00:00+00:00,0.7961487074940299,0.7966339854037093,0.794476841665772,0.7949621195754515,1310.451835453584
2025-01-05 22:05:00+00:00,0.7949621195754515,0.7963843254129198,0.792235655949431,0.7936578617868993,963.4121504430192
2025-01-05 22:10:00+00:00,0.7936578617868993,0.7955714332111463,0.7915566054072362,0.7934701768314831,1199.7342226891913
2025-01-05 22:15:00+00:00,0.7934701768314831,0.7952244007522973,0.7920844005512074,0.7938386244720216,1131.2334210224255
2025-01-05 22:20:00+00:00,0.7938386244720216,0.794872276884797,0.7921905634870362,0.7932242158998116,1468.6837737025533
2025-01-05 22:25:00+00:00,0.7932242158998116,0.7941645681831433,0.7910270837122865,0.7919674359956181,1456.5066036331275
2025-01-05 22:30:00+00:00,0.7919674359956181,0.794966786483097,0.7857928278771152,0.7887921783645941,1461.2159874026972
2025-01-05 22:35:00+00:00,0.7887921783645941,0.7919695293727376,0.7860325943412659,0.7892099453494094,740.2449389907421
2025-01-05 22:40:00+00:00,0.7892099453494094,0.7905286157583602,0.7866084739115556,0.7879271443205065,1264.332660632147
2025-01-05 22:45:00+00:00,0.7879271443205065,0.7906409938374834,0.782444493611035,0.7851583431280119,1126.7594450958431
2025-01-05 22:50:00+00:00,0.7851583431280119,0.7859105400070726,0.7835492714335022,0.7843014683125629,1484.0022951917401
2025-01-05 22:55:00+00:00,0.7843014683125629,0.7867400008047127,0.7822206319805012,0.784659164472651,1206.717838863335
2025-01-05 23:00:00+00:00,0.784659164472651,0.7873259793530464,0.7808208902181958,0.7834877050985911,1571.4033375580286
2025-01-05 23:05:00+00:00,0.7834877050985911,0.7841167967965635,0.7806954806857449,0.7813245723837173,800.5779767788318
2025-01-05 23:10:00+00:00,0.7813245723837173,0.7847095442040241,0.7790074898207784,0.7823924616410851,1830.8735192569193
2025-01-05 23:15:00+00:00,0.7823924616410851,0.7833906039885573,0.7808820831634707,0.7818802255109429,1150.7742610743844
2025-01-05 23:20:00+00:00,0.7818802255109429,0.7832799721148105,0.7796894219907088,0.7810891685945763,1204.516745476753
2025-01-05 23:25:00+00:00,0.7810891685945763,0.7837113895318638,0.7782865344717975,0.780908755409085,1038.0875023618307
2025-01-05 23:30:00+00:00,0.780908755409085,0.7838069538152388,0.7747872207034712,0.777685419109625,930.3393018457482
2025-01-05 23:35:00+00:00,0.777685419109625,0.7806613378333624,0.7734465190297751,0.7764224377535126,1393.8984351680654
2025-01-05 23:40:00+00:00,0.7764224377535126,0.7773063273568595,0.7741563711199536,0.7750402607233005,1049.6305356910802
2025-01-05 23:45:00+00:00,0.7750402607233005,0.7764933441608639,0.7744620065264783,0.7759150899640418,3414.141979000695
2025-01-05 23:50:00+00:00,0.7759150899640418,0.7773123628477048,0.772693877752879,0.774091150636542,3555.479321010317
2025-01-05 23:55:00+00:00,0.774091150636542,0.7761673077320176,0.7701705173333738,0.7722466744288494,3341.7210571606975
2025-01-06 00:00:00+00:00,0.7722466744288494,0.7743175540962963,0.7675157135771221,0.769586593244569,2889.7115955832883
2025-01-06 00:05:00+00:00,0.769586593244569,0.7725741580410607,0.7644408742541119,0.7674284390506035,2390.6721401980267
2025-01-06 00:10:00+00:00,0.7674284390506035,0.7685302404638737,0.7647106917606534,0.7658124931739236,2131.32287175245
2025-01-06 00:15:00+00:00,0.7658124931739236,0.7680921398366708,0.7623175875694321,0.7645972342321793,848.9572011630692
2025-01-06 00:20:00+00:00,0.7645972342321793,0.7658585436058142,0.7616574401572107,0.7629187495308456,1066.7380726118986
2025-01-06 00:25:00+00:00,0.7629187495308456,0.7639103369079215,0.7622559829427128,0.7632475703197887,1447.9106098185157
2025-01-06 00:30:00+00:00,0.7632475703197887,0.765474678194787,0.7599097983702052,0.7621369062452035,805.9886960667742
2025-01-06 00:35:00+00:00,0.7621369062452035,0.7641169994065224,0.759146315196471,0.76112640835779,1145.379386652782
2025-01-06 00:40:00+00:00,0.76112640835779,0.76335871991592,0.7585232215018597,0.7607555330599897,1031.3216109888945
2025-01-06 00:45:00+00:00,0.7607555330599897,0.7613208571582705,0.759106130578241,0.7596714546765218,856.1752302790901
2025-01-06 00:50:00+00:00,0.7596714546765218,0.762355445620838,0.7548061596240897,0.757490150568406,1016.7686171180368
2025-01-06 00:55:00+00:00,0.757490150568406,0.7588988497943213,0.7529342996774265,0.7543429989033419,1006.0671466610216
2025-01-06 01:00:00+00:00,0.7543429989033419,0.7554142311909726,0.7518474645867633,0.7529186968743941,711.0335346999807
2025-01-06 01:05:00+00:00,0.7529186968743941,0.7556574038220788,0.7476438242401642,0.7503825311878489,640.6342006102238
2025-01-06 01:10:00+00:00,0.7503825311878489,0.7522139852011667,0.7479510020034352,0.749782456016753,608.4665727282232
2025-01-06 01:15:00+00:00,0.749782456016753,0.7504484889198223,0.7465937832637736,0.7472598161668429,1509.5693444051753
2025-01-06 01:20:00+00:00,0.7472598161668429,0.7487368934657174,0.741923255495133,0.7434003327940075,1301.6013936728953
2025-01-06 01:25:00+00:00,0.7434003327940075,0.7452343091917467,0.7397491473498577,0.7415831237475969,891.0136444105948
2025-01-06 01:30:00+00:00,0.7415831237475969,0.7438771695876801,0.7383852538085265,0.7406792996486097,1377.4481930666777
2025-01-06 01:35:00+00:00,0.7406792996486097,0.7433296017727145,0.7359583056318372,0.738608607755942,1155.0241071197054
2025-01-06 01:40:00+00:00,0.738608607755942,0.7406588952776798,0.7348279235528772,0.736878211074615,976.1223567934057
2025-01-06 01:45:00+00:00,0.736878211074615,0.7374776228615917,0.7345150303808453,0.735114442167822,1418.7909817841733
2025-01-06 01:50:00+00:00,0.735114442167822,0.736297584915807,0.7335627525838347,0.7347458953318198,785.617851646396
2025-01-06 01:55:00+00:00,0.7347458953318198,0.7367800006457238,0.7310673338488279,0.733101439162732,694.6216042298962
2025-01-06 02:00:00+00:00,0.733101439162732,0.7346708464737373,0.7295814871921864,0.7311508945031917,853.2767226310916
2025-01-06 02:05:00+00:00,0.7311508945031917,0.7336997823437298,0.7261442646866106,0.7286931525271487,911.5164717277829
2025-01-06 02:10:00+00:00,0.7286931525271487,0.7306124477219974,0.7234181202277218,0.7253374154225705,1520.4468074390468
2025-01-06 02:15:00+00:00,0.7253374154225705,0.7261340734733063,0.7238895299228575,0.7246861879735933,1509.267530591772
2025-01-06 02:20:00+00:00,0.7246861879735933,0.7262594623976832,0.7222394776883273,0.7238127521124172,759.1348240898351
2025-01-06 02:25:00+00:00,0.7238127521124172,0.7252266403439267,0.719686598214328,0.7211004864458375,2308.781091418416
2025-01-06 02:30:00+00:00,0.7211004864458375,0.7217247104432002,0.7191530352907791,0.7197772592881418,3358.594303230319
2025-01-06 02:35:00+00:00,0.7197772592881418,0.7217333908398567,0.7162665874409168,0.7182227189926316,3386.252176646852
2025-01-06 02:40:00+00:00,0.7182227189926316,0.7190105170092138,0.7152818103515103,0.7160696083680925,1760.591897135803
2025-01-06 02:45:00+00:00,0.7160696083680925,0.7165578409497132,0.7135113300292413,0.713999562610862,3291.4958218576494
2025-01-06 02:50:00+00:00,0.713999562610862,0.7163630241377473,0.7105177203552518,0.7128811818821372,1210.3794254592435
2025-01-06 02:55:00+00:00,0.7128811818821372,0.7136089338734075,0.7093620724954306,0.7100898244867009,1129.8293468626641
2025-01-06 03:00:00+00:00,0.7100898244867009,0.7108086225184477,0.7072043473855242,0.707923145417271,1356.5746659680456
2025-01-06 03:05:00+00:00,0.707923145417271,0.7106319851190659,0.7034614321465177,0.7061702718483126,830.7799254207284
2025-01-06 03:10:00+00:00,0.7061702718483126,0.7074652723487592,0.7032140526650449,0.7045090531654915,1164.3934066203033
2025-01-06 03:15:00+00:00,0.7045090531654915,0.705543533234743,0.701672034074843,0.7027065141440945,956.3313885199979
2025-01-06 03:20:00+00:00,0.7027065141440945,0.7042085893983223,0.6998026305306184,0.7013047057848463,1164.1005525217245
2025-01-06 03:25:00+00:00,0.7013047057848463,0.7017781797409071,0.6997304230054902,0.7002038969615509,984.1902401299044
2025-01-06 03:30:00+00:00,0.7002038969615509,0.7012209127784834,0.6969079469641972,0.6979249627811297,1233.0953839621898
2025-01-06 03:35:00+00:00,0.6979249627811297,0.6998079637584592,0.6946334404732951,0.6965164414506246,1588.1871891466112
2025-01-06 03:40:00+00:00,0.6965164414506246,0.6985819059010571,0.6925604049909279,0.6946258694413603,1081.117280457847
2025-01-06 03:45:00+00:00,0.6946258694413603,0.6951564691171106,0.693964227550977,0.6944948272267273,992.4150889757295
2025-01-06 03:50:00+00:00,0.6944948272267273,0.6952681164139863,0.6911645836716988,0.6919378728589578,957.0439909443546
2025-01-06 03:55:00+00:00,0.6919378728589578,0.6944608874678754,0.6878865220616067,0.6904095366705243,1014.0939332841206
2025-01-06 04:00:00+00:00,0.6904095366705243,0.6927404685202321,0.687372619532032,0.6897035513817398,1793.3915412392007
2025-01-06 04:05:00+00:00,0.6897035513817398,0.6907433852551388,0.6871677951383792,0.6882076290117782,2394.341067447361
2025-01-06 04:10:00+00:00,0.6882076290117782,0.6901940488596479,0.6847226133109552,0.6867090331588248,1755.4176189175596
2025-01-06 04:15:00+00:00,0.6867090331588248,0.6885130855402855,0.6832720479207568,0.6850761003022174,1323.961355208629
2025-01-06 04:20:00+00:00,0.6850761003022174,0.6871662545354377,0.6820997051069947,0.6841898593402149,2004.074843820863
2025-01-06 04:25:00+00:00,0.6841898593402149,0.6847498598157306,0.6815490831323642,0.6821090836078798,2075.8329137239807
2025-01-06 04:30:00+00:00,0.6821090836078798,0.6838183635570295,0.6792539085161101,0.6809631884652598,2221.8345875857813
2025-01-06 04:35:00+00:00,0.6809631884652598,0.6830636625246977,0.6777325500417112,0.6798330241011491,2114.350800076012
2025-01-06 04:40:00+00:00,0.6798330241011491,0.6813928822026445,0.6760488833445657,0.6776087414460611,1648.843068497598
2025-01-06 04:45:00+00:00,0.6776087414460611,0.6790056369759826,0.6754530020848749,0.6768498976147964,1935.7983189497925
2025-01-06 04:50:00+00:00,0.6768498976147964,0.6773336612149939,0.6750259487887619,0.6755097123889594,2398.1844529769733
2025-01-06 04:55:00+00:00,0.6755097123889594,0.6778181870799294,0.6725244858564555,0.6748329605474255,2468.5392820404036
2025-01-06 05:00:00+00:00,0.6748329605474255,0.6787151228335626,0.6731833762183956,0.6770655385045328,1381.9958846299899
2025-01-06 05:05:00+00:00,0.6770655385045328,0.6806227341097668,0.6753417529159323,0.6788989485211664,5414.862121538782
2025-01-06 05:10:00+00:00,0.6788989485211664,0.6810335046421968,0.677359084560835,0.6794936406818655,3397.229277174473
2025-01-06 05:15:00+00:00,0.6794936406818655,0.6831722066071042,0.6776725339768341,0.6813510999020729,4087.302276003951
2025-01-06 05:20:00+00:00,0.6813510999020729,0.6826697532195698,0.6803132277602661,0.6816318810777631,5339.633869799492
2025-01-06 05:25:00+00:00,0.6816318810777631,0.6850495290651308,0.679199569083401,0.6826172170707687,5106.781017511317
2025-01-06 05:30:00+00:00,0.6826172170707687,0.6865469621524949,0.6817135401013503,0.6856432851830765,2113.9932124285588
2025-01-06 05:35:00+00:00,0.6856432851830765,0.6899717196220182,0.6829678726861376,0.6872963071250793,2103.409399243813
2025-01-06 05:40:00+00:00,0.6872963071250793,0.6917539836482768,0.6858033675942693,0.6902610441174668,2275.3219132464383
2025-01-06 05:45:00+00:00,0.6902610441174668,0.692791144085009,0.689245609450878,0.6917757094184201,1596.2158668221252
2025-01-06 05:50:00+00:00,0.6917757094184201,0.6942166925030588,0.6910133181322683,0.693454301216907,1955.8543576771235
2025-01-06 05:55:00+00:00,0.693454301216907,0.6947027695101327,0.6929346188288522,0.6941830871220779,2027.6598038887819
2025-01-06 06:00:00+00:00,0.6941830871220779,0.6972234541015037,0.6936093899043101,0.6966497568837359,2105.5556627756628
2025-01-06 06:05:00+00:00,0.6966497568837359,0.7008222159651339,0.6939751432067567,0.6981476022881548,1718.073290347182
2025-01-06 06:10:00+00:00,0.6981476022881548,0.701580296423383,0.6969078577355285,0.7003405518707568,3723.492831177542
2025-01-06 06:15:00+00:00,0.7003405518707568,0.7051447413376586,0.6975623082234311,0.7023664976903329,2249.710823706636
2025-01-06 06:20:00+00:00,0.7023664976903329,0.7064283359608959,0.7004070546345511,0.7044688929051142,2759.6244456152504
2025-01-06 06:25:00+00:00,0.7044688929051142,0.7087983027645931,0.7020532272076939,0.7063826370671729,2004.941317906253
2025-01-06 06:30:00+00:00,0.7063826370671729,0.7105229943484233,0.703828792846126,0.7079691501273764,2293.194336372811
2025-01-06 06:35:00+00:00,0.7079691501273764,0.7116730915363281,0.7058668850835739,0.7095708264925256,2063.8682522197573
2025-01-06 06:40:00+00:00,0.7095708264925256,0.71241516933616,0.7077115574129824,0.7105559002566169,2014.9115590603487
2025-01-06 06:45:00+00:00,0.7105559002566169,0.7118320481221139,0.7090026415131989,0.7102787893786959,2158.548979829668
2025-01-06 06:50:00+00:00,0.7102787893786959,0.7132928548753139,0.7092223447040427,0.7122364102006606,1793.5576976721652
2025-01-06 06:55:00+00:00,0.7122364102006606,0.7182619668935875,0.7095305639333441,0.7155561206262709,2387.0123347322556
2025-01-06 07:00:00+00:00,0.7155561206262709,0.7184755340790299,0.715068676508431,0.7179880899611899,2838.4427887466722
2025-01-06 07:05:00+00:00,0.7179880899611899,0.7235346440500655,0.7159525678819573,0.7214991219708329,1632.1376769363167
2025-01-06 07:10:00+00:00,0.7214991219708329,0.7247242990507728,0.7201424626142695,0.7233676396942095,1637.3825108873493
2025-01-06 07:15:00+00:00,0.7233676396942095,0.7263046374735468,0.7209982743457958,0.7239352721251331,1402.1872154163893
2025-01-06 07:20:00+00:00,0.7239352721251331,0.7266248372837797,0.7217595731263381,0.7244491382849847,2361.461549450422
2025-01-06 07:25:00+00:00,0.7244491382849847,0.7285127693928548,0.7223937613673825,0.7264573924752527,2726.192192133871
2025-01-06 07:30:00+00:00,0.7264573924752527,0.7291964959798393,0.7253406418740114,0.728079745378598,2341.8651996678454
2025-01-06 07:35:00+00:00,0.728079745378598,0.7296939938075548,0.7276075742999809,0.7292218227289378,1600.9150869017997
2025-01-06 07:40:00+00:00,0.7292218227289378,0.7326705140638315,0.7276876771519126,0.7311363684868064,4388.509754414633
2025-01-06 07:45:00+00:00,0.7311363684868064,0.7323083809693637,0.730410262773836,0.7315822752563933,5041.160265619767
2025-01-06 07:50:00+00:00,0.7315822752563933,0.7359052504827425,0.7289156294554744,0.7332386046818236,5430.360718700892
2025-01-06 07:55:00+00:00,0.7332386046818236,0.7370002951859018,0.7303851555187527,0.734146846022831,5272.903062317255
2025-01-06 08:00:00+00:00,0.734146846022831,0.7374618775647691,0.7320996385463368,0.7354146700882749,3045.9782903577147
2025-01-06 08:05:00+00:00,0.7354146700882749,0.7392326478031538,0.7337562289813369,0.7375742066962158,2682.6042582098717
2025-01-06 08:10:00+00:00,0.7375742066962158,0.7406951445435891,0.7353972048682162,0.7385181427155896,1735.1814120742288
2025-01-06 08:15:00+00:00,0.7385181427155896,0.7414449531942369,0.7378679300808122,0.7407947405594595,1290.1685501367554
2025-01-06 08:20:00+00:00,0.7407947405594595,0.74521010334103,0.7385911998401158,0.7430065626216863,3284.0192252598417
2025-01-06 08:25:00+00:00,0.7430065626216863,0.7453591084431765,0.7409578112916423,0.7433103571131325,1585.4064465662648
2025-01-06 08:30:00+00:00,0.7433103571131325,0.7473713521407949,0.7423178836639313,0.7463788786915936,2922.7816524653176
2025-01-06 08:35:00+00:00,0.7463788786915936,0.748464181246521,0.7441139627098158,0.7461992652647432,2405.336234892698
2025-01-06 08:40:00+00:00,0.7461992652647432,0.7499181510048673,0.7433121867321018,0.7470310724722258,1851.4224260911874
2025-01-06 08:45:00+00:00,0.7470310724722258,0.7491549582330588,0.746480714367713,0.748604600128546,1839.088359415236
2025-01-06 08:50:00+00:00,0.748604600128546,0.7504657614952385,0.7455572802394215,0.7474184416061139,2369.3834125626845
2025-01-06 08:55:00+00:00,0.7474184416061139,0.7511159264994299,0.7455318724923727,0.7492293573856887,2654.431907547121
2025-01-06 09:00:00+00:00,0.7492293573856887,0.7519259792886083,0.7484313578418794,0.751127979744799,1550.7318260451343
2025-01-06 09:05:00+00:00,0.751127979744799,0.7543176666154623,0.7486878488341195,0.7518775357047829,1744.1744456537601
2025-01-06 09:10:00+00:00,0.7518775357047829,0.754962042177365,0.7498875112716094,0.7529720177441914,1334.7743633270802
2025-01-06 09:15:00+00:00,0.7529720177441914,0.7547862820641031,0.7521964224440443,0.754010686763956,2177.606384739607
2025-01-06 09:20:00+00:00,0.754010686763956,0.7575344520725642,0.7511349605064921,0.7546587258151003,1530.4716370558824
2025-01-06 09:25:00+00:00,0.7546587258151003,0.7573006466781966,0.7538419197102468,0.7564838405733432,1863.899879565956
2025-01-06 09:30:00+00:00,0.7564838405733432,0.7589173093265532,0.7545521728557534,0.7569856416089634,1628.0564183259237
2025-01-06 09:35:00+00:00,0.7569856416089634,0.7591968540861813,0.7555843314299687,0.7577955439071866,1467.1441648384377
2025-01-06 09:40:00+00:00,0.7577955439071866,0.7597867818945392,0.7570006922388552,0.7589919302262078,1958.9583986041964
2025-01-06 09:45:00+00:00,0.7589919302262078,0.7611558776190185,0.7584847978728956,0.7606487452657062,1861.4073831865685
2025-01-06 09:50:00+00:00,0.7606487452657062,0.7648064869270572,0.7583986281698016,0.7625563698311526,2914.7436643034393
2025-01-06 09:55:00+00:00,0.7625563698311526,0.7629505443117262,0.7616943284796862,0.7620885029602598,1987.9117830962755
2025-01-06 10:00:00+00:00,0.7620885029602598,0.7645159086988513,0.7586984185734762,0.7611258243120678,1219.221679653574
2025-01-06 10:05:00+00:00,0.7611258243120678,0.7635814518127416,0.7594826151707578,0.7619382426714316,2556.222807767972
2025-01-06 10:10:00+00:00,0.7619382426714316,0.7649305937702874,0.7598590275811424,0.7628513786799982,1839.0784489222583
2025-01-06 10:15:00+00:00,0.7628513786799982,0.7636841710074052,0.7620028965568739,0.7628356888842809,2153.6114857462417
2025-01-06 10:20:00+00:00,0.7628356888842809,0.7661038931993115,0.7608672580373371,0.7641354623523677,5578.890246290492
2025-01-06 10:25:00+00:00,0.7641354623523677,0.7686534877214796,0.7612498438984354,0.7657678692675473,2668.777855822883
2025-01-06 10:30:00+00:00,0.7657678692675473,0.7682259103880354,0.7647455355884316,0.7672035767089198,2977.4508569059158
2025-01-06 10:35:00+00:00,0.7672035767089198,0.7721675800060535,0.7648966121979945,0.7698606154951282,2824.412661038712
2025-01-06 10:40:00+00:00,0.7698606154951282,0.7728266472874993,0.7670743002996531,0.7700403320920242,4750.449381995632
2025-01-06 10:45:00+00:00,0.7700403320920242,0.7716720403420889,0.7696162391537538,0.7712479474038185,3718.8085088099037
2025-01-06 10:50:00+00:00,0.7712479474038185,0.7748166019913143,0.7707187221758425,0.7742873767633383,2337.264608232539
2025-01-06 10:55:00+00:00,0.7742873767633383,0.7792355667894804,0.7712463308299358,0.7761945208560779,2346.4489206049207
2025-01-06 11:00:00+00:00,0.7761945208560779,0.7783041644029396,0.7743352600152831,0.7764449035621448,1612.5132312088151
2025-01-06 11:05:00+00:00,0.7764449035621448,0.7784706050034206,0.7759562363027003,0.7779819377439761,1833.97385844696
2025-01-06 11:10:00+00:00,0.7779819377439761,0.7830367982601124,0.7754337447704233,0.7804886052865596,2537.4854114249597
2025-01-06 11:15:00+00:00,0.7804886052865596,0.7851590457634775,0.7792336033630242,0.783904043839942,3048.0198420288048
2025-01-06 11:20:00+00:00,0.783904043839942,0.7886942574315005,0.7812236756791126,0.786013889270671,2992.313400197765
2025-01-06 11:25:00+00:00,0.786013889270671,0.7911344238534599,0.7835321060851859,0.7886526406679748,2025.9375897293141
2025-01-06 11:30:00+00:00,0.7886526406679748,0.7915430309347379,0.786256982034487,0.7891473723012501,2388.842953189657
2025-01-06 11:35:00+00:00,0.7891473723012501,0.7931115367290091,0.7865449385702983,0.7905091029980573,2527.361493269728
2025-01-06 11:40:00+00:00,0.7905091029980573,0.7962620506037693,0.7875495031369291,0.793302450742641,2533.5776138001825
2025-01-06 11:45:00+00:00,0.793302450742641,0.7945985313457979,0.7927603533570442,0.7940564339602011,1858.5132829360202
2025-01-06 11:50:00+00:00,0.7940564339602011,0.7986785098515798,0.7910928611249558,0.7957149370163346,2489.4423681770368
2025-01-06 11:55:00+00:00,0.7957149370163346,0.7969971092825089,0.7943766993706441,0.7956588716368185,1828.2242610729743
2025-01-06 12:00:00+00:00,0.7956588716368185,0.8015790600725976,0.7929630786719067,0.7988832671076859,1548.9992664951435
2025-01-06 12:05:00+00:00,0.7988832671076859,0.8032655038907691,0.7961968202422618,0.800579057025345,3848.345817141366
2025-01-06 12:10:00+00:00,0.800579057025345,0.8051451638999064,0.7984219160082361,0.8029880228827975,1477.901888819468
2025-01-06 12:15:00+00:00,0.8029880228827975,0.8062079982391354,0.8001837419581374,0.8034037173144752,1628.9177555645551
2025-01-06 12:20:00+00:00,0.8034037173144752,0.8065107608216282,0.8009223489771697,0.8040293924843227,1949.7939171119497
2025-01-06 12:25:00+00:00,0.8040293924843227,0.8086836261910275,0.8030936162725644,0.8077478499792692,1755.6144611790244
2025-01-06 12:30:00+00:00,0.8077478499792692,0.8122953218757615,0.8048260197174156,0.8093734916139079,2315.035059485
2025-01-06 12:35:00+00:00,0.8093734916139079,0.8134971957888637,0.8066963516775056,0.8108200558524614,1827.9829663483788
2025-01-06 12:40:00+00:00,0.8108200558524614,0.8159076086144935,0.8082402285302152,0.8133277812922473,1482.746027313688
2025-01-06 12:45:00+00:00,0.8133277812922473,0.8170833213046123,0.8121415542357924,0.8158970942481574,2137.703772350374
2025-01-06 12:50:00+00:00,0.8158970942481574,0.8171466709007207,0.8147300058074197,0.815979582459983,1601.6468981433516
2025-01-06 12:55:00+00:00,0.815979582459983,0.8201335930429574,0.8128941263797836,0.817048136962758,1886.5723268893412
2025-01-06 13:00:00+00:00,0.817048136962758,0.8202264353070324,0.8159653374197431,0.8191436357640175,3588.457624146978
2025-01-06 13:05:00+00:00,0.8191436357640175,0.8232614907714101,0.8170809554152146,0.8211988104226072,3120.1199423954113
2025-01-06 13:10:00+00:00,0.8211988104226072,0.8258517927789238,0.8189499446871669,0.8236029270434835,5664.828963091806
2025-01-06 13:15:00+00:00,0.8236029270434835,0.8275453243738817,0.8212806866215112,0.8252230839519095,5037.181057514305
2025-01-06 13:20:00+00:00,0.8252230839519095,0.8295019823876606,0.8227085746159659,0.826987473051717,3968.316507807039
2025-01-06 13:25:00+00:00,0.826987473051717,0.8321647680563985,0.8240660981501382,0.8292433931548197,4307.233235460627
2025-01-06 13:30:00+00:00,0.8292433931548197,0.8325041109576269,0.827315148356483,0.8305758661592902,1401.4277813410151
2025-01-06 13:35:00+00:00,0.8305758661592902,0.832460131020289,0.829860664356886,0.8317449292178848,1470.9311910819417
2025-01-06 13:40:00+00:00,0.8317449292178848,0.8342088199208316,0.8307216376127293,0.8331855283156762,1936.0671322670569
2025-01-06 13:45:00+00:00,0.8331855283156762,0.8379419039588163,0.8304126656392414,0.8351690412823816,2481.3601428197785
2025-01-06 13:50:00+00:00,0.8351690412823816,0.8381401704204414,0.8340012978590996,0.8369724269971595,1656.501101052682
2025-01-06 13:55:00+00:00,0.8369724269971595,0.8400159418283236,0.8353725477556571,0.8384160625868212,1780.2083455344352
2025-01-06 14:00:00+00:00,0.8384160625868212,0.8427938922821243,0.835686127786117,0.84006395748142,1332.842597815187
2025-01-06 14:05:00+00:00,0.84006395748142,0.8426445802098822,0.8393081501301989,0.841888772858661,2063.9355800133153
2025-01-06 14:10:00+00:00,0.841888772858661,0.846321202062141,0.8396300242511568,0.8440624534546368,1520.4409666097276
2025-01-06 14:15:00+00:00,0.8440624534546368,0.8486780905347429,0.8416327115311053,0.8462483486112113,1530.2640005588446
2025-01-06 14:20:00+00:00,0.8462483486112113,0.847665965319298,0.8452840954936512,0.846701712201738,1309.8123665624723
2025-01-06 14:25:00+00:00,0.846701712201738,0.8526514233205155,0.8434978243563886,0.8494475354751662,1903.4753123741943
2025-01-06 14:30:00+00:00,0.8494475354751662,0.8519080422043781,0.8470385529213181,0.8494990596505301,3036.340301744162
2025-01-06 14:35:00+00:00,0.8494990596505301,0.8536699490499506,0.8475577607166068,0.8517286501160274,2484.6841745798456
2025-01-06 14:40:00+00:00,0.8517286501160274,0.8543505354061866,0.8500004646084081,0.8526223498985672,1370.4212096815452
2025-01-06 14:45:00+00:00,0.8526223498985672,0.8556793869652577,0.8517514435808478,0.8548084806475382,3019.6032809704598
2025-01-06 14:50:00+00:00,0.8548084806475382,0.8595602615343559,0.8527045719265365,0.8574563528133542,1731.9800249187488
2025-01-06 14:55:00+00:00,0.8574563528133542,0.8606124606698226,0.8538458310954933,0.8570019389519616,2222.928032145988
2025-01-06 15:00:00+00:00,0.8570019389519616,0.8623875130785918,0.8537046861104522,0.8590902602370825,2146.568673521327
2025-01-06 15:05:00+00:00,0.8590902602370825,0.8615924730663025,0.8582947267183956,0.8607969395476156,3696.638796936463
2025-01-06 15:10:00+00:00,0.8607969395476156,0.8642654519939681,0.8582239218002319,0.8616924342465844,1442.5725865386398
2025-01-06 15:15:00+00:00,0.8616924342465844,0.864448816280427,0.8606788628890089,0.8634352449228515,2256.9488063146214
2025-01-06 15:20:00+00:00,0.8634352449228515,0.8666592812477324,0.8609941361915282,0.8642181725164091,1942.0706508669841
2025-01-06 15:25:00+00:00,0.8642181725164091,0.8687571524952962,0.8610672201993779,0.865606200178265,1710.4394220797976
2025-01-06 15:30:00+00:00,0.865606200178265,0.8678301556037928,0.8635058946480478,0.8657298500735757,2206.7135761767972
2025-01-06 15:35:00+00:00,0.8657298500735757,0.8705481594283514,0.8629268352376873,0.867745144592463,1433.8605188002207
2025-01-06 15:40:00+00:00,0.867745144592463,0.8707436054479771,0.8665263424390378,0.869524803294552,7328.190395907446
2025-01-06 15:45:00+00:00,0.869524803294552,0.8728197415905716,0.868142081447171,0.8714370197431907,5389.373715103463
2025-01-06 15:50:00+00:00,0.8714370197431907,0.8733334161805125,0.8699488991038252,0.8718452955411471,2877.8040823583187
2025-01-06 15:55:00+00:00,0.8718452955411471,0.8783175735051402,0.8683918259539766,0.8748641039179696,4519.757573853469
2025-01-06 16:00:00+00:00,0.8748641039179696,0.8812065449638098,0.8716708181827315,0.8780132592285717,3303.5523144139743
2025-01-06 16:05:00+00:00,0.8780132592285717,0.8816810562312868,0.875283242752446,0.8789510397551611,4799.860353177856
2025-01-06 16:10:00+00:00,0.8789510397551611,0.8818285888758592,0.8766408562192001,0.8795184053398982,1885.6253049520053
2025-01-06 16:15:00+00:00,0.8795184053398982,0.8831341205031299,0.8764623132599232,0.8800780284231549,3098.1835578062537
2025-01-06 16:20:00+00:00,0.8800780284231549,0.8823168951245276,0.8795527057602026,0.8817915724615754,3040.4925646383576
2025-01-06 16:25:00+00:00,0.8817915724615754,0.8846106064772488,0.8810428952520067,0.8838619292676801,1509.2556626493313
2025-01-06 16:30:00+00:00,0.8838619292676801,0.8858352641772862,0.882053830324086,0.8840271652336921,1986.167145375983
2025-01-06 16:35:00+00:00,0.8840271652336921,0.8875181595957159,0.8793263242362419,0.8828173185982657,1488.684257138832
2025-01-06 16:40:00+00:00,0.8828173185982657,0.8869938954389256,0.8800828399252837,0.8842594167659436,2463.3975698139116
2025-01-06 16:45:00+00:00,0.8842594167659436,0.886565962780263,0.8828671878757905,0.88517373389011,2150.802290620624
2025-01-06 16:50:00+00:00,0.88517373389011,0.8893302462450723,0.8821644487568652,0.8863209611118275,2713.389641576134
2025-01-06 16:55:00+00:00,0.8863209611118275,0.8882919624688449,0.8858768441262795,0.887847845483297,3040.26681368936
2025-01-06 17:00:00+00:00,0.887847845483297,0.888390568250886,0.8870935200164847,0.8876362427840737,1869.1095439115873
2025-01-06 17:05:00+00:00,0.8876362427840737,0.8900326818777341,0.8863050746685356,0.888701513762196,2243.8442866899404
2025-01-06 17:10:00+00:00,0.888701513762196,0.8922179562439003,0.8858772796633979,0.8893937221451023,1140.3424354229953
2025-01-06 17:15:00+00:00,0.8893937221451023,0.8923527686391085,0.8878724464164613,0.8908314929104676,2270.583658448165
2025-01-06 17:20:00+00:00,0.8908314929104676,0.8937731225604005,0.8902630323886201,0.8932046620385531,1995.6389148952965
2025-01-06 17:25:00+00:00,0.8932046620385531,0.896271257092305,0.8912218337946836,0.8942884288484355,2206.8845198317704
2025-01-06 17:30:00+00:00,0.8942884288484355,0.8964063829907176,0.8923524742392105,0.8944704283814926,1789.383227690003
2025-01-06 17:35:00+00:00,0.8944704283814926,0.8977340399668986,0.8936971694098437,0.8969607809952497,3836.8058016877667
2025-01-06 17:40:00+00:00,0.8969607809952497,0.901842267414812,0.894024015313726,0.8989055017332883,1571.4120041356148
2025-01-06 17:45:00+00:00,0.8989055017332883,0.9022006141087846,0.8965987723115152,0.8998938846870115,1774.696963863617
2025-01-06 17:50:00+00:00,0.8998938846870115,0.9014144595367212,0.8976564083845561,0.8991769832342658,1779.5475440867408
2025-01-06 17:55:00+00:00,0.8991769832342658,0.902813091178305,0.8958697177521251,0.8995058256961643,2695.2703412197975
2025-01-06 18:00:00+00:00,0.8995058256961643,0.903874762147365,0.896614805215556,0.9009837416667567,2336.0277327787917
2025-01-06 18:05:00+00:00,0.9009837416667567,0.9038711815517901,0.9000581459646512,0.9029455858496847,2301.163403248379
2025-01-06 18:10:00+00:00,0.9029455858496847,0.906246362981889,0.900475868840047,0.9037766459722514,1491.3549316511205
2025-01-06 18:15:00+00:00,0.9037766459722514,0.9062572339536817,0.9032254906326337,0.905706078614064,2643.8067115559975
2025-01-06 18:20:00+00:00,0.905706078614064,0.9086381066237375,0.9035768170137808,0.9065088450234542,4811.499242315437
2025-01-06 18:25:00+00:00,0.9065088450234542,0.9110132556705298,0.9030841475176993,0.9075885581647749,3563.96718834455
2025-01-06 18:30:00+00:00,0.9075885581647749,0.9113966856393002,0.9059559458524068,0.9097640733269321,2179.373576485573
2025-01-06 18:35:00+00:00,0.9097640733269321,0.9142556874738563,0.9066129083971766,0.9111045225441008,5346.93664735705
2025-01-06 18:40:00+00:00,0.9111045225441008,0.9153283211457601,0.9087206442335763,0.9129444428352357,4303.368217574089
2025-01-06 18:45:00+00:00,0.9129444428352357,0.9167232003259993,0.911866886677279,0.9156456441680426,1078.1599308387765
2025-01-06 18:50:00+00:00,0.9156456441680426,0.9218466143790743,0.9124799291766855,0.9186808993877172,2689.593803675333
2025-01-06 18:55:00+00:00,0.9186808993877172,0.9214970018685009,0.9170407398037025,0.9198568422844862,2701.960635836686
2025-01-06 19:00:00+00:00,0.9198568422844862,0.9233836975201761,0.9179237024429026,0.9214505576785925,1242.2364756356776
2025-01-06 19:05:00+00:00,0.9214505576785925,0.9249068154311443,0.9184369350270796,0.9218931927796313,2416.4370203119643
2025-01-06 19:10:00+00:00,0.9218931927796313,0.9233264475320235,0.9209640208202015,0.9223972755725937,2361.9766806769776
2025-01-06 19:15:00+00:00,0.9223972755725937,0.925765719033141,0.9213581785686715,0.9247266220292188,1613.39027285028
2025-01-06 19:20:00+00:00,0.9247266220292188,0.9266627641708333,0.9242448122991846,0.9261809544407991,1757.8639919768764
2025-01-06 19:25:00+00:00,0.9261809544407991,0.9270656211867592,0.925294619892558,0.9261792866385181,1828.6943498508008
2025-01-06 19:30:00+00:00,0.9261792866385181,0.9325216811676468,0.9225338575555281,0.9288762520846567,2809.3493991883233
2025-01-06 19:35:00+00:00,0.9288762520846567,0.9314964001669752,0.9274519736931258,0.9300721217754443,1752.304758859104
2025-01-06 19:40:00+00:00,0.9300721217754443,0.9324149888000671,0.9295445573165084,0.9318874243411313,2002.0277744382886
2025-01-06 19:45:00+00:00,0.9318874243411313,0.9369961544576856,0.9294431570493752,0.9345518871659295,1842.9724729095396
2025-01-06 19:50:00+00:00,0.9345518871659295,0.9386664897433736,0.9331076636546103,0.9372222662320544,1599.7000523484676
2025-01-06 19:55:00+00:00,0.9372222662320544,0.9431169161107931,0.9335077576689148,0.9394024075476535,2173.584772086056
2025-01-06 20:00:00+00:00,0.9394024075476535,0.9425706679388455,0.9362400241298827,0.9394082845210747,1345.5915946611863
2025-01-06 20:05:00+00:00,0.9394082845210747,0.9449096795551369,0.9368248551744914,0.9423262502085537,1268.9128270424058
2025-01-06 20:10:00+00:00,0.9423262502085537,0.9469552327138201,0.9393112890881459,0.9439402715934123,1256.6342089212521
2025-01-06 20:15:00+00:00,0.9439402715934123,0.9482916162751326,0.9402744063257849,0.9446257510075051,2377.4120275844475
2025-01-06 20:20:00+00:00,0.9446257510075051,0.9456218176080025,0.9434166842701162,0.9444127508706135,3583.483147464895
2025-01-06 20:25:00+00:00,0.9444127508706135,0.9507284394554684,0.9419039380542812,0.9482196266391361,2271.905494793694
2025-01-06 20:30:00+00:00,0.9482196266391361,0.9533365377638591,0.9455690243584322,0.9506859354831552,1986.3874277099912
2025-01-06 20:35:00+00:00,0.9506859354831552,0.9560326239767485,0.9477689142094499,0.9531156027030432,2057.5538497727853
2025-01-06 20:40:00+00:00,0.9531156027030432,0.9587022584666336,0.950525302143274,0.9561119579068644,2314.1196645668683
2025-01-06 20:45:00+00:00,0.9561119579068644,0.961787545409218,0.952632855750893,0.9583084432532465,1946.8747987808786
2025-01-06 20:50:00+00:00,0.9583084432532465,0.9605957505678112,0.956587056925062,0.9588743642396267,1648.1039069872731
2025-01-06 20:55:00+00:00,0.9588743642396267,0.9626468361370079,0.958141719083489,0.9619141909808702,2835.4857378157576
2025-01-06 21:00:00+00:00,0.9619141909808702,0.9667909535127492,0.9604357779670352,0.9653125404989142,4487.927897515776
2025-01-06 21:05:00+00:00,0.9653125404989142,0.9716412126667386,0.9618019100969593,0.9681305822647837,4241.637554684879
2025-01-06 21:10:00+00:00,0.9681305822647837,0.9742307575739259,0.9660195178055333,0.9721196931146755,5210.3684913272455
2025-01-06 21:15:00+00:00,0.9721196931146755,0.9772602247334086,0.9713837283922536,0.9765242600109867,6299.506818359146
2025-01-06 21:20:00+00:00,0.9765242600109867,0.9802868265123319,0.9739645077167901,0.9777270742181353,4530.218298855275
2025-01-06 21:25:00+00:00,0.9777270742181353,0.9808610195384145,0.9761759540370736,0.9793098993573528,2357.1522470949026
2025-01-06 21:30:00+00:00,0.9793098993573528,0.983231541866866,0.9785047300814613,0.9824263725909745,985.4322339368349
2025-01-06 21:35:00+00:00,0.9824263725909745,0.9882424883374368,0.978852674882194,0.9846687906286562,1000.5421810897499
2025-01-06 21:40:00+00:00,0.9846687906286562,0.9894513730704468,0.9821305380582714,0.9869131205000621,1310.353908528415
2025-01-06 21:45:00+00:00,0.9869131205000621,0.9920227647391765,0.9848683663776973,0.9899780106168117,1365.5549405347394
2025-01-06 21:50:00+00:00,0.9899780106168117,0.9953390618131406,0.9874122431887778,0.9927732943851068,1230.733065109349
2025-01-06 21:55:00+00:00,0.9927732943851068,0.9971736195825027,0.9897137415310576,0.9941140667284536,1413.8726063564109
2025-01-06 22:00:00+00:00,0.9941140667284536,0.9976366836438137,0.9925635012320508,0.996086118147411,954.2316430133037
2025-01-06 22:05:00+00:00,0.996086118147411,1.0008806086393467,0.9922148520761646,0.9970093425681003,775.4853439864993
2025-01-06 22:10:00+00:00,0.9970093425681003,1.0014473346535187,0.9940656950827527,0.9985036871681711,777.2834026593946
2025-01-06 22:15:00+00:00,0.9985036871681711,1.0025021414998168,0.9948513455013729,0.9988497998330186,1216.2710866829095
2025-01-06 22:20:00+00:00,0.9988497998330186,0.9998020495885824,0.9971707045099355,0.9981229542654994,721.8695754638192
2025-01-06 22:25:00+00:00,0.9981229542654994,1.0008671467314054,0.9963645221627709,0.999108714628677,1309.3145821971307
2025-01-06 22:30:00+00:00,0.999108714628677,1.0034830556141592,0.9955599243262938,0.999934265311776,1188.4023316623343
2025-01-06 22:35:00+00:00,0.999934265311776,1.0064502054661222,0.9959855133504122,1.0025014535047583,1394.1244242124938
2025-01-06 22:40:00+00:00,1.0025014535047583,1.0098144565424725,0.9985380796161338,1.005851082653848,941.0424373971781
2025-01-06 22:45:00+00:00,1.005851082653848,1.0111681792349874,1.0019753316569069,1.0072924282380462,886.2092935642502
2025-01-06 22:50:00+00:00,1.0072924282380462,1.0097903237783146,1.006737118825232,1.0092350143655004,1307.7382609231493
2025-01-06 22:55:00+00:00,1.0092350143655004,1.011150439548979,1.0078813891478777,1.0097968143313563,912.937255926271
2025-01-06 23:00:00+00:00,1.0097968143313563,1.0117797869333798,1.007985323521593,1.0099682961236165,1053.186776063156
2025-01-06 23:05:00+00:00,1.0099682961236165,1.0122314444978577,1.0086198787813867,1.010883027155628,1138.2752399175718
2025-01-06 23:10:00+00:00,1.010883027155628,1.0156505862822391,1.0069973608682843,1.0117649199948955,1072.3336990709356
2025-01-06 23:15:00+00:00,1.0117649199948955,1.0145313159402858,1.010558448139326,1.0133248440847162,1160.7235441520281
2025-01-06 23:20:00+00:00,1.0133248440847162,1.0184096885431657,1.0095524830596034,1.014637327518053,1211.0810033906118
2025-01-06 23:25:00+00:00,1.014637327518053,1.0214272517068865,1.011024059800254,1.0178139839890876,1032.9166114432219
2025-01-06 23:30:00+00:00,1.0178139839890876,1.0203682800349094,1.0161301473444262,1.018684443390248,1118.8584764713905
2025-01-06 23:35:00+00:00,1.018684443390248,1.0219530342210226,1.0145159601330225,1.017784550963797,2737.876502500831
2025-01-06 23:40:00+00:00,1.017784550963797,1.0215682731073823,1.0152518958057635,1.0190356179493487,1543.9057656956725
2025-01-06 23:45:00+00:00,1.0190356179493487,1.022850687414845,1.015507275776499,1.0193223452419953,3231.5156802155066
2025-01-06 23:50:00+00:00,1.0193223452419953,1.0237416728089606,1.016240700397946,1.0206600279649112,2615.279053868589
2025-01-06 23:55:00+00:00,1.0206600279649112,1.0259721331734408,1.01781378500309,1.0231258902116196,1987.2828860238376
2025-01-07 00:00:00+00:00,1.0231258902116196,1.0253615518150503,1.021189084742045,1.0234247463454758,2290.161333762143
2025-01-07 00:05:00+00:00,1.0234247463454758,1.025696759125575,1.022151780670797,1.0244237934508962,1385.1737615220236
2025-01-07 00:10:00+00:00,1.0244237934508962,1.0276676861476401,1.0229173186383633,1.0261612113351073,1047.7315794164685
2025-01-07 00:15:00+00:00,1.0261612113351073,1.027529610246047,1.0247413616240115,1.0261097605349512,1162.9707687201937
2025-01-07 00:20:00+00:00,1.0261097605349512,1.0303325777835193,1.0232817833799845,1.0275046006285526,1356.4029220088983
2025-01-07 00:25:00+00:00,1.0275046006285526,1.0304499122103759,1.0263812768053031,1.0293265883871263,1464.5527635886576
2025-01-07 00:30:00+00:00,1.0293265883871263,1.0334527741065485,1.0273784594341422,1.0315046451535643,1092.12209789607
2025-01-07 00:35:00+00:00,1.0315046451535643,1.03702793224456,1.0285425419691614,1.034065829060157,1106.6013669014608
2025-01-07 00:40:00+00:00,1.034065829060157,1.0390714004278019,1.0309818697240907,1.0359874410917356,974.6522394485941
2025-01-07 00:45:00+00:00,1.0359874410917356,1.0402374129890097,1.0334914817574967,1.0377414536547709,1070.009638230875
2025-01-07 00:50:00+00:00,1.0377414536547709,1.0395393101078148,1.0355146473966736,1.0373125038497175,1330.0538407756262
2025-01-07 00:55:00+00:00,1.0373125038497175,1.0383491217160203,1.034283409215299,1.0353200270816019,1205.4520066650955
2025-01-07 01:00:00+00:00,1.0353200270816019,1.0383719592820837,1.0324472387467902,1.035499170947272,937.9959880356087
2025-01-07 01:05:00+00:00,1.035499170947272,1.0399535382286538,1.0342365913182912,1.0386909585996729,1358.392424636874
2025-01-07 01:10:00+00:00,1.0386909585996729,1.0423018182766994,1.0366959996469862,1.0403068593240128,966.4601480491672
2025-01-07 01:15:00+00:00,1.0403068593240128,1.0438571557935177,1.0354632110181525,1.0390135074876574,933.4135552737625
2025-01-07 01:20:00+00:00,1.0390135074876574,1.043444808554819,1.0356216529525433,1.0400529540197048,956.0721429407689
2025-01-07 01:25:00+00:00,1.0400529540197048,1.0433651382799998,1.0388091206967662,1.0421213049570612,783.4963857607462
2025-01-07 01:30:00+00:00,1.0421213049570612,1.0460527052684956,1.037546442028669,1.0414778423401034,1571.7650397703849
2025-01-07 01:35:00+00:00,1.0414778423401034,1.0473147811601256,1.0380801804552937,1.0439171192753158,672.4951390840059
2025-01-07 01:40:00+00:00,1.0439171192753158,1.0448594478990538,1.0433168564577475,1.0442591850814855,1082.6329600934805
2025-01-07 01:45:00+00:00,1.0442591850814855,1.0505564587007037,1.0411021438798356,1.0473994174990537,1195.311774563424
2025-01-07 01:50:00+00:00,1.0473994174990537,1.0508040101996,1.042154198461065,1.045558791161611,818.5694785580243
2025-01-07 01:55:00+00:00,1.045558791161611,1.0497276674605096,1.0434504131743854,1.0476192894732839,1367.7527293677808
2025-01-07 02:00:00+00:00,1.0476192894732839,1.0511503009457444,1.0406474444964409,1.0441784559689014,1414.3785029624298
2025-01-07 02:05:00+00:00,1.0441784559689014,1.0451931819530866,1.0418029918679284,1.0428177178521136,1331.491801341144
2025-01-07 02:10:00+00:00,1.0428177178521136,1.0446386703567496,1.0374960893485248,1.0393170418531608,1028.5632652168624
2025-01-07 02:15:00+00:00,1.0393170418531608,1.0412093711999726,1.0372502043705447,1.0391425337173565,3196.6321984305246
2025-01-07 02:20:00+00:00,1.0391425337173565,1.042178332931209,1.034705912228337,1.0377417114421896,1345.0936004979208
2025-01-07 02:25:00+00:00,1.0377417114421896,1.0395689614007744,1.0355523837722294,1.037379633730814,3636.217849726525
2025-01-07 02:30:00+00:00,1.037379633730814,1.0390564323212783,1.034368397938745,1.0360451965292092,2573.8090080047286
2025-01-07 02:35:00+00:00,1.0360451965292092,1.0398336389380192,1.0293870636100888,1.0331755060188987,2575.8303763293125
2025-01-07 02:40:00+00:00,1.0331755060188987,1.0370065257239884,1.0271647713606828,1.0309957910657725,2228.2634995697367
2025-01-07 02:45:00+00:00,1.0309957910657725,1.0350349486751818,1.0240968143738935,1.0281359719833028,1322.2934502252415
2025-01-07 02:50:00+00:00,1.0281359719833028,1.032232210321484,1.0214568077636903,1.0255530461018716,895.0649267815335
2025-01-07 02:55:00+00:00,1.0255530461018716,1.0283819485619041,1.0216399089423223,1.0244688114023548,1069.109488910671
2025-01-07 03:00:00+00:00,1.0244688114023548,1.0281675354604491,1.020850871985775,1.0245495960438693,1137.2380125991901
2025-01-07 03:05:00+00:00,1.0245495960438693,1.028231944682207,1.020712250827704,1.0243945994660417,1337.2215247124575
2025-01-07 03:10:00+00:00,1.0243945994660417,1.0272017717440154,1.0210312026879607,1.0238383749659343,717.9120979380995
2025-01-07 03:15:00+00:00,1.0238383749659343,1.0261638518646188,1.0196536515384507,1.0219791284371351,1132.026633943659
2025-01-07 03:20:00+00:00,1.0219791284371351,1.0238122599133181,1.0196182904453939,1.021451421921577,1122.9482510772448
2025-01-07 03:25:00+00:00,1.021451421921577,1.0220531062009446,1.0186645254143267,1.0192662096936944,1400.0655645884683
2025-01-07 03:30:00+00:00,1.0192662096936944,1.0227253643494496,1.0149271765482548,1.01838633120401,946.0432044845853
2025-01-07 03:35:00+00:00,1.01838633120401,1.0207468516094231,1.0159201438945147,1.0182806642999278,842.7271190715185
2025-01-07 03:40:00+00:00,1.0182806642999278,1.020998402091944,1.0142083419387344,1.0169260797307507,1086.4127427177698
2025-01-07 03:45:00+00:00,1.0169260797307507,1.0196675834183355,1.012483722164125,1.0152252258517098,1098.5389349744082
2025-01-07 03:50:00+00:00,1.0152252258517098,1.0160583783606083,1.0127314241799397,1.0135645766888381,943.0128537124932
2025-01-07 03:55:00+00:00,1.0135645766888381,1.0175774508793607,1.0091506854453267,1.0131635596358493,993.6912464819977
2025-01-07 04:00:00+00:00,1.0131635596358493,1.0160391579799917,1.0087530898716637,1.011628688215806,1380.0589422428689
2025-01-07 04:05:00+00:00,1.011628688215806,1.0145513354510336,1.005811798964173,1.0087344461994006,1155.4597297753344
2025-01-07 04:10:00+00:00,1.0087344461994006,1.009580991529384,1.0061942243037307,1.0070407696337143,1312.0696802780033
2025-01-07 04:15:00+00:00,1.0070407696337143,1.010168163288483,1.001415969067861,1.0045433627226297,783.8010985197084
2025-01-07 04:20:00+00:00,1.0045433627226297,1.008188406720981,1.0014594542581439,1.0051044982564952,1030.9323825167437
2025-01-07 04:25:00+00:00,1.0051044982564952,1.0074017816168497,1.0015487554747973,1.0038460388351518,777.3460498785845
2025-01-07 04:30:00+00:00,1.0038460388351518,1.0057059168137805,0.9989163905976275,1.0007762685762562,1352.741273077173
2025-01-07 04:35:00+00:00,1.0007762685762562,1.0043113304988511,0.9962216611903392,0.9997567231129341,1444.9729314677418
2025-01-07 04:40:00+00:00,0.9997567231129341,1.002314802232319,0.9966841374706169,0.9992422165900017,2166.264408185389
2025-01-07 04:45:00+00:00,0.9992422165900017,1.0011335067474505,0.9963898072153277,0.9982810973727765,1223.2979817590208
2025-01-07 04:50:00+00:00,0.9982810973727765,0.999718207104359,0.9949593484126147,0.9963964581441972,1012.2352103657613
2025-01-07 04:55:00+00:00,0.9963964581441972,0.9991188270627716,0.9923547771204927,0.995077146039067,3830.3992374991867
2025-01-07 05:00:00+00:00,0.995077146039067,0.9964677760100125,0.9924776790912011,0.9938683090621465,3544.015008145587
2025-01-07 05:05:00+00:00,0.9938683090621465,0.9944021824449879,0.9929403851006604,0.9934742584835018,1798.8119681233475
2025-01-07 05:10:00+00:00,0.9934742584835018,0.99403392303939,0.9917135205600739,0.9922731851159621,2152.713636005436
2025-01-07 05:15:00+00:00,0.9922731851159621,0.9948342662903268,0.9907227903500723,0.993283871524437,1667.5618688989919
2025-01-07 05:20:00+00:00,0.993283871524437,0.996073635895306,0.9885088524411579,0.9912986168120269,1772.2549656545496
2025-01-07 05:25:00+00:00,0.9912986168120269,0.9926375203250568,0.9899937608856554,0.9913326643986853,709.380637166028
2025-01-07 05:30:00+00:00,0.9913326643986853,0.9939305196429704,0.986929981234028,0.9895278364783131,838.0758004553871
2025-01-07 05:35:00+00:00,0.9895278364783131,0.9907729444714489,0.9843993204010194,0.9856444283941552,1381.0245867574733
2025-01-07 05:40:00+00:00,0.9856444283941552,0.9878597699067085,0.9801364148864719,0.9823517563990252,1327.6806332870483
2025-01-07 05:45:00+00:00,0.9823517563990252,0.98389715389527,0.9767221434717966,0.9782675409680415,1484.1851862070466
2025-01-07 05:50:00+00:00,0.9782675409680415,0.9805833349386541,0.9719544546114378,0.9742702485820505,817.6654552846504
2025-01-07 05:55:00+00:00,0.9742702485820505,0.9755086308352514,0.9723993854880485,0.9736377677412494,1175.714250404009
2025-01-07 06:00:00+00:00,0.9736377677412494,0.9753778876425668,0.9690601866486314,0.9708003065499488,1144.9402079598874
2025-01-07 06:05:00+00:00,0.9708003065499488,0.9736637135775965,0.96652550013462,0.9693889071622678,890.6769697175383
2025-01-07 06:10:00+00:00,0.9693889071622678,0.9715552292800955,0.9640464148100535,0.9662127369278812,1436.2018691052813
2025-01-07 06:15:00+00:00,0.9662127369278812,0.9680379409985865,0.9621958495970754,0.9640210536677807,1494.5135912134485
2025-01-07 06:20:00+00:00,0.9640210536677807,0.9671243973148886,0.957499385405457,0.9606027290525649,1110.8372547356269
2025-01-07 06:25:00+00:00,0.9606027290525649,0.9625921763370121,0.9573717087987211,0.9593611560831683,1370.7188348702946
2025-01-07 06:30:00+00:00,0.9593611560831683,0.9603256274183074,0.9558449953047723,0.9568094666399114,1089.9335243249845
2025-01-07 06:35:00+00:00,0.9568094666399114,0.9589330962953011,0.9518872850207041,0.9540109146760938,1524.5413654498745
2025-01-07 06:40:00+00:00,0.9540109146760938,0.956936537611312,0.9485984874361345,0.9515241103713528,1498.1574078747574
2025-01-07 06:45:00+00:00,0.9515241103713528,0.9533888537447248,0.9498136277172833,0.9516783710906553,799.9096325827892
2025-01-07 06:50:00+00:00,0.9516783710906553,0.9537576047395365,0.9477713278034178,0.949850561452299,937.023386938427
2025-01-07 06:55:00+00:00,0.949850561452299,0.9528872976172311,0.9454136063305023,0.9484503424954345,1421.0689896714598
2025-01-07 07:00:00+00:00,0.9484503424954345,0.9497717690450923,0.9433701206272566,0.9446915471769144,1186.884818089554
2025-01-07 07:05:00+00:00,0.9446915471769144,0.947979909927008,0.938316995540722,0.9416053582908156,1776.6275118875528
2025-01-07 07:10:00+00:00,0.9416053582908156,0.942950044176021,0.9382390188271447,0.9395837047123501,1048.7982550357842
2025-01-07 07:15:00+00:00,0.9395837047123501,0.9415133181603246,0.9332263027882468,0.9351559162362213,905.4256636986149
2025-01-07 07:20:00+00:00,0.9351559162362213,0.9369963073917267,0.9324681122697811,0.9343085034252865,1321.779990103362
2025-01-07 07:25:00+00:00,0.9343085034252865,0.935721846878953,0.9308659512133959,0.9322792946670624,1014.8373789871175
2025-01-07 07:30:00+00:00,0.9322792946670624,0.9353226589793976,0.9268985211909957,0.9299418855033309,732.266762563831
2025-01-07 07:35:00+00:00,0.9299418855033309,0.9325007316431941,0.9248625597073682,0.9274214058472314,1987.5056448419773
2025-01-07 07:40:00+00:00,0.9274214058472314,0.9296133300569007,0.9226900295954739,0.9248819538051432,2863.3777059117942
2025-01-07 07:45:00+00:00,0.9248819538051432,0.9261206186145948,0.9208302424543601,0.9220689072638117,2456.9511127027777
2025-01-07 07:50:00+00:00,0.9220689072638117,0.9238823660383789,0.9195575163211452,0.9213709750957124,2423.735451136493
2025-01-07 07:55:00+00:00,0.9213709750957124,0.9244520172528335,0.9168410060199853,0.9199220481771064,2593.5571202216183
2025-01-07 08:00:00+00:00,0.9199220481771064,0.9212148728428896,0.9178189722199869,0.91911179688577,1231.3570077564384
2025-01-07 08:05:00+00:00,0.91911179688577,0.9212482891945835,0.9144988661497724,0.9166353584585858,1298.3867950924298
2025-01-07 08:10:00+00:00,0.9166353584585858,0.917770246083501,0.9124329663586023,0.9135678539835175,1019.7934986476108
2025-01-07 08:15:00+00:00,0.9135678539835175,0.9154936977378437,0.9110551890132549,0.9129810327675811,1434.2687236610134
2025-01-07 08:20:00+00:00,0.9129810327675811,0.914776031904607,0.9078328962748032,0.9096278954118291,1166.8334261327711
2025-01-07 08:25:00+00:00,0.9096278954118291,0.9123973070403043,0.9042131505582204,0.9069825621866956,925.0181511784581
2025-01-07 08:30:00+00:00,0.9069825621866956,0.9075889066856268,0.9052058025560692,0.9058121470550003,1358.4957904451446
2025-01-07 08:35:00+00:00,0.9058121470550003,0.9087878343201246,0.9021115800677603,0.9050872673328845,1571.5984973810387
2025-01-07 08:40:00+00:00,0.9050872673328845,0.9066807112284198,0.9002222022449736,0.9018156461405089,839.2784008116697
2025-01-07 08:45:00+00:00,0.9018156461405089,0.9046449396227008,0.8968877484822286,0.8997170419644205,1280.6688685186928
2025-01-07 08:50:00+00:00,0.8997170419644205,0.9010846718989299,0.896622640767825,0.8979902707023345,1709.5566170694922
2025-01-07 08:55:00+00:00,0.8979902707023345,0.8995001520745994,0.8946290106575333,0.8961388920297982,1244.6634565723314
2025-01-07 09:00:00+00:00,0.8961388920297982,0.8993203086853767,0.8903791082972464,0.8935605249528249,700.5169568050743
2025-01-07 09:05:00+00:00,0.8935605249528249,0.8958680216494275,0.8903622460804621,0.8926697427770647,1135.6541449599063
2025-01-07 09:10:00+00:00,0.8926697427770647,0.8942994877042937,0.8889165102940212,0.8905462552212502,1474.3109468651442
2025-01-07 09:15:00+00:00,0.8905462552212502,0.8925721023780502,0.8867485120491616,0.8887743592059616,1446.1725588284535
2025-01-07 09:20:00+00:00,0.8887743592059616,0.8903720532200988,0.8833255245479932,0.8849232185621304,1101.7956270009888
2025-01-07 09:25:00+00:00,0.8849232185621304,0.8856370112941594,0.8826729648664123,0.8833867575984413,1111.7143243538894
2025-01-07 09:30:00+00:00,0.8833867575984413,0.8850391767654081,0.8783157057956216,0.8799681249625884,993.8936519366132
2025-01-07 09:35:00+00:00,0.8799681249625884,0.8823865229460602,0.8769609907193988,0.8793793887028707,878.5768249507206
2025-01-07 09:40:00+00:00,0.8793793887028707,0.8800175439090793,0.8779682494989348,0.8786064047051434,903.6897836603409
2025-01-07 09:45:00+00:00,0.8786064047051434,0.8817263478611655,0.8737025604230738,0.876822503579096,1246.8298226772972
2025-01-07 09:50:00+00:00,0.876822503579096,0.8781584946346926,0.8744430843326684,0.875779075388265,1037.3363280867643
2025-01-07 09:55:00+00:00,0.875779075388265,0.8788516402733718,0.8716428597565976,0.8747154246417044,807.7815058047526
2025-01-07 10:00:00+00:00,0.8747154246417044,0.876744791178865,0.8713884168118289,0.8734177833489895,690.9956019916668
2025-01-07 10:05:00+00:00,0.8734177833489895,0.8766212194385493,0.8694788422533205,0.8726822783428804,922.639688339146
2025-01-07 10:10:00+00:00,0.8726822783428804,0.875801199724773,0.8683503897036619,0.8714693110855545,1540.497526811026
2025-01-07 10:15:00+00:00,0.8714693110855545,0.8730215965451498,0.86836380266886,0.8699160881284553,1549.3895599049665
2025-01-07 10:20:00+00:00,0.8699160881284553,0.8718101736689645,0.8661643218315238,0.868058407372033,2542.342623714855
2025-01-07 10:25:00+00:00,0.868058407372033,0.8717030579968967,0.8651362292506688,0.8687808798755325,1088.2106266234
2025-01-07 10:30:00+00:00,0.8687808798755325,0.8699673758325522,0.8667976553932697,0.8679841513502894,3427.836902826613
2025-01-07 10:35:00+00:00,0.8679841513502894,0.8704680610380624,0.8644959596441396,0.8669798693319126,3722.6602650582154
2025-01-07 10:40:00+00:00,0.8669798693319126,0.8686163420762474,0.8651184218836907,0.8667548946280255,1353.357614241608
2025-01-07 10:45:00+00:00,0.8667548946280255,0.8677249439571156,0.8644190159455768,0.865389065274667,1388.4533721727707
2025-01-07 10:50:00+00:00,0.865389065274667,0.867123216194852,0.8623019550230776,0.8640361059432626,1299.1110230660602
2025-01-07 10:55:00+00:00,0.8640361059432626,0.8650904410793956,0.8627115400283096,0.8637658751644426,1121.3268759649616
2025-01-07 11:00:00+00:00,0.8637658751644426,0.8653358933717866,0.8622972895645947,0.8638673077719388,1357.610330814186
2025-01-07 11:05:00+00:00,0.8638673077719388,0.8653691798981256,0.8620937134193163,0.8635955855455031,747.0045823468608
2025-01-07 11:10:00+00:00,0.8635955855455031,0.8666570651409264,0.8580393342409424,0.8611008138363657,1055.2714817671067
2025-01-07 11:15:00+00:00,0.8611008138363657,0.8643636947126514,0.8569175697613757,0.8601804506376614,891.3688912744451
2025-01-07 11:20:00+00:00,0.8601804506376614,0.8618368234272139,0.8575075516522487,0.8591639244418012,1367.3593242464094
2025-01-07 11:25:00+00:00,0.8591639244418012,0.8605276520527523,0.8572563847727248,0.8586201123836759,1502.7845007584244
2025-01-07 11:30:00+00:00,0.8586201123836759,0.8594711808963693,0.8558368417328064,0.8566879102454998,1609.8804017529194
2025-01-07 11:35:00+00:00,0.8566879102454998,0.8585944478751087,0.8526635916273787,0.8545701292569876,1451.1312538850023
2025-01-07 11:40:00+00:00,0.8545701292569876,0.8574860268836313,0.8504647164122547,0.8533806140388984,1183.645732863312
2025-01-07 11:45:00+00:00,0.8533806140388984,0.8540410126684158,0.850721150750558,0.8513815493800754,1517.0967387868318
2025-01-07 11:50:00+00:00,0.8513815493800754,0.85214277637834,0.8484177459708284,0.8491789729690931,1533.2904712017619
2025-01-07 11:55:00+00:00,0.8491789729690931,0.8508952256937895,0.8462395428951874,0.8479557956198839,1247.6983833212514
2025-01-07 12:00:00+00:00,0.8479557956198839,0.8492955416939519,0.8463650181347144,0.8477047642087825,1257.9717601402554
2025-01-07 12:05:00+00:00,0.8477047642087825,0.8489537740600303,0.8453721476199146,0.8466211574711624,1101.8682153054774
2025-01-07 12:10:00+00:00,0.8466211574711624,0.8495247645936065,0.8435857561771758,0.8464893632996199,885.42912901318
2025-01-07 12:15:00+00:00,0.8464893632996199,0.8482375043621805,0.8424456295107658,0.8441937705733265,1468.5680226879908
2025-01-07 12:20:00+00:00,0.8441937705733265,0.8452110538379466,0.8425557722782054,0.8435730555428256,1238.0256132043073
2025-01-07 12:25:00+00:00,0.8435730555428256,0.845318644597083,0.8404459727751915,0.8421915618294489,1373.5926886637985
2025-01-07 12:30:00+00:00,0.8421915618294489,0.8437067268230362,0.8383894570789149,0.8399046220725022,1258.4221479572445
2025-01-07 12:35:00+00:00,0.8399046220725022,0.8409197913055431,0.8370248157408613,0.8380399849739022,1691.2397100322291
2025-01-07 12:40:00+00:00,0.8380399849739022,0.8413303632417186,0.8324100500038653,0.8357004282716817,793.6287819893074
2025-01-07 12:45:00+00:00,0.8357004282716817,0.8369346697335089,0.8327278510706609,0.8339620925324882,1171.27948271895
2025-01-07 12:50:00+00:00,0.8339620925324882,0.8345945309464072,0.8310278770974632,0.8316603155113822,3313.707565266643
2025-01-07 12:55:00+00:00,0.8316603155113822,0.8330048470069097,0.8299583339766274,0.8313028654721549,3477.411070585815
2025-01-07 13:00:00+00:00,0.8313028654721549,0.8325810614960767,0.8280308597427867,0.8293090557667084,2466.666350423168
2025-01-07 13:05:00+00:00,0.8293090557667084,0.8316216577312422,0.823923464053541,0.8262360660180748,3206.5958851725973
2025-01-07 13:10:00+00:00,0.8262360660180748,0.827845912571006,0.8227254661120946,0.8243353126650259,2578.153988208276
2025-01-07 13:15:00+00:00,0.8243353126650259,0.8247481025982079,0.8225561547592292,0.8229689446924111,2201.4619189851724
2025-01-07 13:20:00+00:00,0.8229689446924111,0.8240654553564993,0.8197858531014167,0.8208823637655049,1055.1228084661589
2025-01-07 13:25:00+00:00,0.8208823637655049,0.8222942677161774,0.8184999928396123,0.8199118967902848,1180.9832230684008
2025-01-07 13:30:00+00:00,0.8199118967902848,0.8203635410757832,0.8167384325223288,0.8171900768078273,1675.8422434543672
2025-01-07 13:35:00+00:00,0.8171900768078273,0.8203636642773713,0.8113264641247402,0.8145000515942842,937.9689858367218
2025-01-07 13:40:00+00:00,0.8145000515942842,0.8174438133136237,0.8112367738313673,0.8141805355507068,961.8889444157542
2025-01-07 13:45:00+00:00,0.8141805355507068,0.8162741633622992,0.81017808665294,0.8122717144645324,979.7865842868435
2025-01-07 13:50:00+00:00,0.8122717144645324,0.8150264662135881,0.8081043993578393,0.810859151106895,783.903284287373
2025-01-07 13:55:00+00:00,0.810859151106895,0.8125324328916298,0.8077090150917915,0.8093822968765263,1110.1416050610617
2025-01-07 14:00:00+00:00,0.8093822968765263,0.8114007540789335,0.8059478610639023,0.8079663182663095,708.9702729901607
2025-01-07 14:05:00+00:00,0.8079663182663095,0.8089038101982694,0.8050881963099592,0.8060256882419191,1614.64673517656
2025-01-07 14:10:00+00:00,0.8060256882419191,0.8084136629579121,0.8014648634110246,0.8038528381270176,1325.5083405528019
2025-01-07 14:15:00+00:00,0.8038528381270176,0.8064153650951253,0.8003225758971404,0.8028851028652482,757.6175083805836
2025-01-07 14:20:00+00:00,0.8028851028652482,0.8044041637653964,0.7988969606624666,0.8004160215626148,1152.5710290837458
2025-01-07 14:25:00+00:00,0.8004160215626148,0.803066022241582,0.7958719281263361,0.7985219288053033,928.3507827751495
2025-01-07 14:30:00+00:00,0.7985219288053033,0.8006376513644412,0.7950511033697993,0.7971668259289373,1215.0906901216067
2025-01-07 14:35:00+00:00,0.7971668259289373,0.7992028718879695,0.7927605298797581,0.7947965758387903,1286.9410608802298
2025-01-07 14:40:00+00:00,0.7947965758387903,0.7978508892841408,0.7883157825012107,0.7913700959465613,1131.911794438643
2025-01-07 14:45:00+00:00,0.7913700959465613,0.7921230295382289,0.7890710205250684,0.789823954116736,657.4132699513983
2025-01-07 14:50:00+00:00,0.789823954116736,0.7909523885860269,0.7877393047048727,0.7888677391741636,1870.0852244270927
2025-01-07 14:55:00+00:00,0.7888677391741636,0.790369458876978,0.7856538771494738,0.7871555968522881,1436.5080202795375
2025-01-07 15:00:00+00:00,0.7871555968522881,0.7892652383298391,0.7815609912560026,0.7836706327335536,1129.6222140357272
2025-01-07 15:05:00+00:00,0.7836706327335536,0.7867870666632526,0.779240106585821,0.78235654051552,758.9081140286199
2025-01-07 15:10:00+00:00,0.78235654051552,0.7843838991939324,0.7802612720697177,0.7822886307481302,1049.4188972914358
2025-01-07 15:15:00+00:00,0.7822886307481302,0.7832458653975598,0.7780457760530916,0.7790030107025212,649.5131371051403
2025-01-07 15:20:00+00:00,0.7790030107025212,0.7811945617957101,0.7724974739484646,0.7746890250416535,1370.2526979798008
2025-01-07 15:25:00+00:00,0.7746890250416535,0.776234965739655,0.77112469395686,0.7726706346548615,1183.977679581859
2025-01-07 15:30:00+00:00,0.7726706346548615,0.7731416879335894,0.7705067133054824,0.7709777665842102,2354.822439509006
2025-01-07 15:35:00+00:00,0.7709777665842102,0.7722773461516644,0.7686586936229851,0.7699582731904393,2806.834065824149
2025-01-07 15:40:00+00:00,0.7699582731904393,0.7712287334961331,0.7677344228325754,0.7690048831382692,4166.45805236599
2025-01-07 15:45:00+00:00,0.7690048831382692,0.7712066319215602,0.7652275476891701,0.7674292964724612,2275.522688789931
2025-01-07 15:50:00+00:00,0.7674292964724612,0.7687350687777259,0.7649898831657724,0.7662956554710372,2636.2460124148406
2025-01-07 15:55:00+00:00,0.7662956554710372,0.7680987520031022,0.7632103745210326,0.7650134710530976,2281.2659163375747
2025-01-07 16:00:00+00:00,0.7650134710530976,0.7663053705404532,0.7622874750682052,0.7635793745555608,598.1276296920644
2025-01-07 16:05:00+00:00,0.7635793745555608,0.7650498412909048,0.760552212537676,0.76202267927302,1676.938751793111
2025-01-07 16:10:00+00:00,0.76202267927302,0.7642543644437918,0.758188975751587,0.7604206609223587,1335.9140547371378
2025-01-07 16:15:00+00:00,0.7604206609223587,0.7609491198813918,0.7590965214352912,0.7596249803943242,1390.15165236408
2025-01-07 16:20:00+00:00,0.7596249803943242,0.7617577182946228,0.7564697084446196,0.7586024463449181,1130.2335246989346
2025-01-07 16:25:00+00:00,0.7586024463449181,0.7612795112781573,0.7542008826856145,0.7568779476188536,1893.5472637952812
2025-01-07 16:30:00+00:00,0.7568779476188536,0.7584560495021215,0.7549688978233317,0.7565469997065996,1268.4610681002855
2025-01-07 16:35:00+00:00,0.7565469997065996,0.7589256563953864,0.7522586426958005,0.7546372993845873,1073.0205099899174
2025-01-07 16:40:00+00:00,0.7546372993845873,0.7558449129245476,0.7520004826465819,0.7532080961865422,1457.7265359353983
2025-01-07 16:45:00+00:00,0.7532080961865422,0.7544447831833075,0.7509044689810661,0.7521411559778315,1144.6409087621462
2025-01-07 16:50:00+00:00,0.7521411559778315,0.7536344228681011,0.7478234956405729,0.7493167625308426,875.7364853969219
2025-01-07 16:55:00+00:00,0.7493167625308426,0.7499601388736854,0.7472312753622113,0.7478746517050542,1162.4885166081203
2025-01-07 17:00:00+00:00,0.7478746517050542,0.7490703836493608,0.7463533825261731,0.7475491144704798,1831.417254586226
2025-01-07 17:05:00+00:00,0.7475491144704798,0.7490595611836997,0.7457087283798125,0.7472191750930324,785.3636991017464
2025-01-07 17:10:00+00:00,0.7472191750930324,0.7500024851880308,0.74237822911304,0.7451615392080384,1049.7572472943639
2025-01-07 17:15:00+00:00,0.7451615392080384,0.7463703722963656,0.7422468194171034,0.7434556525054306,1067.089687632639
2025-01-07 17:20:00+00:00,0.7434556525054306,0.744476954758753,0.740543973720771,0.7415652759740934,1043.7503796610838
2025-01-07 17:25:00+00:00,0.7415652759740934,0.7419761446182206,0.7400224435722923,0.7404333122164195,1287.5283764610538
2025-01-07 17:30:00+00:00,0.7404333122164195,0.7429959883148514,0.7369112635590526,0.7394739396574844,1337.5126023429832
2025-01-07 17:35:00+00:00,0.7394739396574844,0.7422576826575875,0.7344285173080437,0.7372122603081468,796.3330565166942
2025-01-07 17:40:00+00:00,0.7372122603081468,0.7385097345848604,0.7353264680507804,0.736623942327494,1370.5468900261094
2025-01-07 17:45:00+00:00,0.736623942327494,0.7373486659822495,0.7351139450556299,0.7358386687103854,1611.224562064884
2025-01-07 17:50:00+00:00,0.7358386687103854,0.7377887671721689,0.732992045260826,0.7349421437226095,872.0718794977232
2025-01-07 17:55:00+00:00,0.7349421437226095,0.7377577527052109,0.7307258868222574,0.7335414958048588,734.3150543058084
2025-01-07 18:00:00+00:00,0.7335414958048588,0.7348024948027466,0.731309228242808,0.7325702272406958,1063.1328506200184
2025-01-07 18:05:00+00:00,0.7325702272406958,0.7340619749661733,0.7287476234494238,0.7302393711749013,987.0288945431802
2025-01-07 18:10:00+00:00,0.7302393711749013,0.7311043875357921,0.7287692096055948,0.7296342259664855,2228.2455379620337
2025-01-07 18:15:00+00:00,0.7296342259664855,0.7309771143276492,0.7276689672288749,0.7290118555900386,2150.1771490625165
2025-01-07 18:20:00+00:00,0.7290118555900386,0.7310640042633035,0.7260644897892627,0.7281166384625277,1797.136626153431
2025-01-07 18:25:00+00:00,0.7281166384625277,0.7308921389777373,0.7235272043870863,0.7263027049022959,3096.9846198718355
2025-01-07 18:30:00+00:00,0.7263027049022959,0.7274607955012004,0.7254111146905933,0.7265692052894978,3215.8163006225654
2025-01-07 18:35:00+00:00,0.7265692052894978,0.7275882323336843,0.725683960964193,0.7267029880083795,1866.0712278525043
2025-01-07 18:40:00+00:00,0.7267029880083795,0.7293516157259666,0.7216241621856367,0.7242727899032239,1195.675737503422
2025-01-07 18:45:00+00:00,0.7242727899032239,0.7261622689220963,0.7218805332386735,0.723770012257546,1288.2929126963732
2025-01-07 18:50:00+00:00,0.723770012257546,0.7254732062584361,0.7213253710691191,0.7230285650700092,1261.1040380462555
2025-01-07 18:55:00+00:00,0.7230285650700092,0.7236547129011669,0.7193460675259509,0.7199722153571085,869.7644444844117
2025-01-07 19:00:00+00:00,0.7199722153571085,0.7224426389394989,0.7170294096640891,0.7194998332464795,825.6495532130986
2025-01-07 19:05:00+00:00,0.7194998332464795,0.7202554841416048,0.7183597561548164,0.7191154070499417,1853.1159640572787
2025-01-07 19:10:00+00:00,0.7191154070499417,0.7196152630147987,0.7182643731080087,0.7187642290728657,744.5381908672014
2025-01-07 19:15:00+00:00,0.7187642290728657,0.720679735679581,0.7160000109822456,0.7179155175889609,925.5804659695099
2025-01-07 19:20:00+00:00,0.7179155175889609,0.7199587892148149,0.7143137584595843,0.7163570300854384,1061.165765100793
2025-01-07 19:25:00+00:00,0.7163570300854384,0.7168625185658595,0.7143828914610163,0.7148883799414374,1224.7489101529295
2025-01-07 19:30:00+00:00,0.7148883799414374,0.7171682138731037,0.7119662216563863,0.7142460555880527,826.5497177180856
2025-01-07 19:35:00+00:00,0.7142460555880527,0.7154717418764532,0.7128964263678637,0.7141221126562642,972.4491596059814
2025-01-07 19:40:00+00:00,0.7141221126562642,0.7160503566482784,0.7106512772224519,0.7125795212144661,1597.0234611990825
2025-01-07 19:45:00+00:00,0.7125795212144661,0.7143009820404868,0.7094596137020684,0.7111810745280891,1593.400934145497
2025-01-07 19:50:00+00:00,0.7111810745280891,0.7118379473637463,0.7099037013868906,0.7105605742225478,1113.7020336865594
2025-01-07 19:55:00+00:00,0.7105605742225478,0.7121979999957929,0.7059067447030555,0.7075441704763006,914.4502449595523
2025-01-07 20:00:00+00:00,0.7075441704763006,0.7083664088710699,0.7058276575788328,0.7066498959736022,904.1267738553138
2025-01-07 20:05:00+00:00,0.7066498959736022,0.7071607667783142,0.704651570995629,0.705162441800341,1297.9374572814015
2025-01-07 20:10:00+00:00,0.705162441800341,0.7057100498865567,0.7014833619084726,0.7020309699946883,838.046991402338
2025-01-07 20:15:00+00:00,0.7020309699946883,0.702671590519936,0.7006635233503482,0.7013041438755959,1363.8204371289476
2025-01-07 20:20:00+00:00,0.7013041438755959,0.7029225376176247,0.6975474542764136,0.6991658480184424,915.6684924891119
2025-01-07 20:25:00+00:00,0.6991658480184424,0.7000211996098663,0.6975366778589304,0.6983920294503543,776.1155506746346
2025-01-07 20:30:00+00:00,0.6983920294503543,0.6992224950634148,0.6972330061695464,0.698063471782607,798.1896762487878
2025-01-07 20:35:00+00:00,0.698063471782607,0.699633843144868,0.6939997680456335,0.6955701394078945,1632.8918177658845
2025-01-07 20:40:00+00:00,0.6955701394078945,0.6965289771504484,0.6921347952213208,0.6930936329638747,890.4461314396207
2025-01-07 20:45:00+00:00,0.6930936329638747,0.6940413503216688,0.6906079130500975,0.6915556304078916,1046.8120347268818
2025-01-07 20:50:00+00:00,0.6915556304078916,0.6941275359117193,0.686022424303153,0.6885943298069807,2322.65048901177
2025-01-07 20:55:00+00:00,0.6885943298069807,0.6891212883903497,0.6870825367331427,0.6876094953165117,1602.2359773977553
2025-01-07 21:00:00+00:00,0.6876094953165117,0.6896215285894677,0.6841557238017241,0.68616775707468,2443.610396288544
2025-01-07 21:05:00+00:00,0.68616775707468,0.6867367451692518,0.6847745087580935,0.6853434968526653,2569.3818345052414
2025-01-07 21:10:00+00:00,0.6853434968526653,0.6876201947844558,0.6799786551951222,0.6822553531269128,3032.2694729990703
2025-01-07 21:15:00+00:00,0.6822553531269128,0.6826513355138455,0.6803833236775781,0.6807793060645109,908.3454476179417
2025-01-07 21:20:00+00:00,0.6807793060645109,0.6831951411027527,0.6770834390278978,0.6794992740661396,896.4552890875354
2025-01-07 21:25:00+00:00,0.6794992740661396,0.6809377001833925,0.6749812371817322,0.6764196632989851,1096.2415758897134
2025-01-07 21:30:00+00:00,0.6764196632989851,0.6781408034897343,0.6737422793406925,0.6754634195314417,1219.13944766645
2025-01-07 21:35:00+00:00,0.6754634195314417,0.6776207600327867,0.6705563679446481,0.6727137084459931,1389.6928881885221
2025-01-07 21:40:00+00:00,0.6727137084459931,0.674939496240957,0.6689656240950541,0.671191411890018,1256.9658554604832
2025-01-07 21:45:00+00:00,0.671191411890018,0.6733581911039398,0.6663319753498568,0.6684987545637786,1580.9355936637385
2025-01-07 21:50:00+00:00,0.6684987545637786,0.669086357903695,0.6668675952937101,0.6674551986336265,2279.2737334964695
2025-01-07 21:55:00+00:00,0.6674551986336265,0.6691369490604251,0.665448168284218,0.6671299187110167,2064.470316151934
2025-01-07 22:00:00+00:00,0.6671299187110167,0.668470275634406,0.6641895229277376,0.6655298798511269,3240.409614828665
2025-01-07 22:05:00+00:00,0.6655298798511269,0.6673475383462159,0.6621006977152474,0.6639183562103363,2553.5640785554842
2025-01-07 22:10:00+00:00,0.6639183562103363,0.6661233977195246,0.661098209966392,0.6633032514755802,1303.8633137744844
2025-01-07 22:15:00+00:00,0.6633032514755802,0.6641604971522052,0.6604912163388599,0.6613484620154848,3071.7856724849407
2025-01-07 22:20:00+00:00,0.6613484620154848,0.6627272185485156,0.6584183884058639,0.6597971449388946,1912.4919389849167
2025-01-07 22:25:00+00:00,0.6597971449388946,0.6609672899966929,0.6576882578234241,0.6588584028812223,1957.6200466363546
2025-01-07 22:30:00+00:00,0.6588584028812223,0.6606310423273174,0.6558625123083105,0.6576351517544056,2049.2767711836746
2025-01-07 22:35:00+00:00,0.6576351517544056,0.6595456164212187,0.6554090196031271,0.6573194842699402,1506.449407690468
2025-01-07 22:40:00+00:00,0.6573194842699402,0.6594877579465204,0.6569395373906295,0.6591078110672096,3073.3959690889224
2025-01-07 22:45:00+00:00,0.6591078110672096,0.6639079126951345,0.6566885228710021,0.661488624498927,1590.4265321722166
2025-01-07 22:50:00+00:00,0.661488624498927,0.6644867816116633,0.6594032713668955,0.6624014284796318,1527.7540700365298
2025-01-07 22:55:00+00:00,0.6624014284796318,0.6666471611128579,0.6599838284500092,0.6642295610832354,2187.447899685693
2025-01-07 23:00:00+00:00,0.6642295610832354,0.6655935655491035,0.6632220432944399,0.664586047760308,2230.830436739131
2025-01-07 23:05:00+00:00,0.664586047760308,0.6669502376685221,0.6639533330157219,0.666317522923936,2799.1250727603738
2025-01-07 23:10:00+00:00,0.666317522923936,0.6701710331629431,0.6648986447057276,0.6687521549447347,1451.82547104319
2025-01-07 23:15:00+00:00,0.6687521549447347,0.6742377038343098,0.6662131632931045,0.6716987121826796,2123.700314391879
2025-01-07 23:20:00+00:00,0.6716987121826796,0.6739960385545297,0.6695577621899533,0.6718550885618034,1979.4288818443956
2025-01-07 23:25:00+00:00,0.6718550885618034,0.6741941731293137,0.670557594078314,0.6728966786458243,1479.6559214200881
2025-01-07 23:30:00+00:00,0.6728966786458243,0.6771717007558219,0.6703988957125036,0.6746739178225012,3430.948256172602
2025-01-07 23:35:00+00:00,0.6746739178225012,0.6757121595155157,0.6741941066489784,0.6752323483419929,6801.656280189683
2025-01-07 23:40:00+00:00,0.6752323483419929,0.6773834507836665,0.6748057297797544,0.676956832221428,3220.9264597909337
2025-01-07 23:45:00+00:00,0.676956832221428,0.6792571207304864,0.6764138338758517,0.6787141223849101,4560.215886524846
2025-01-07 23:50:00+00:00,0.6787141223849101,0.6812417157663578,0.6771661480634237,0.6796937414448714,2959.729234028122
2025-01-07 23:55:00+00:00,0.6796937414448714,0.6830066254682097,0.6773556429978833,0.6806685270212216,1940.43110225025
2025-01-08 00:00:00+00:00,0.6806685270212216,0.682447657958266,0.6795912028715185,0.6813703338085629,2491.20385488307
2025-01-08 00:05:00+00:00,0.6813703338085629,0.6835791644917671,0.6808789103879136,0.6830877410711178,1172.1220783775684
2025-01-08 00:10:00+00:00,0.6830877410711178,0.6870830346649849,0.6816187569167107,0.6856140505105778,1884.0741110341216
2025-01-08 00:15:00+00:00,0.6856140505105778,0.6881671073272031,0.6848405852186503,0.6873936420352756,3248.6833603617915
2025-01-08 00:20:00+00:00,0.6873936420352756,0.6929108927578123,0.6856998533663955,0.6912171040889321,2018.6934118497184
2025-01-08 00:25:00+00:00,0.6912171040889321,0.6921198865001473,0.6907290559750011,0.6916318383862163,2244.096402613333
2025-01-08 00:30:00+00:00,0.6916318383862163,0.6931584534032366,0.6912788741131155,0.6928054891301357,1388.5667063078558
2025-01-08 00:35:00+00:00,0.6928054891301357,0.6976995411207713,0.6901327246114398,0.6950267766020753,1899.8939771188757
2025-01-08 00:40:00+00:00,0.6950267766020753,0.6968915520706281,0.6939313233464605,0.6957960988150133,1589.329005296831
2025-01-08 00:45:00+00:00,0.6957960988150133,0.698774669642774,0.6948283974889968,0.6978069683167576,2498.8143884547553
2025-01-08 00:50:00+00:00,0.6978069683167576,0.7026068505197138,0.6954268864428594,0.7002267686458157,1766.074602055148
2025-01-08 00:55:00+00:00,0.7002267686458157,0.7048732519929162,0.6975021053600566,0.7021485887071571,1689.3633267490372
2025-01-08 01:00:00+00:00,0.7021485887071571,0.7065665347781745,0.6993398009370627,0.7037577470080801,1944.2146546929387
2025-01-08 01:05:00+00:00,0.7037577470080801,0.7089332059434412,0.7011739170638226,0.7063493759991837,1286.3869386870304
2025-01-08 01:10:00+00:00,0.7063493759991837,0.7100171320203755,0.7048586301323517,0.7085263861535436,1830.016239914125
2025-01-08 01:15:00+00:00,0.7085263861535436,0.7126190245013124,0.706882206794227,0.7109748451419958,1647.9733077847543
2025-01-08 01:20:00+00:00,0.7109748451419958,0.7161310256885396,0.7081321957038833,0.7132883762504271,1922.007621651596
2025-01-08 01:25:00+00:00,0.7132883762504271,0.7170745929743557,0.7108035183726789,0.7145897350966075,1985.1235804615656
2025-01-08 01:30:00+00:00,0.7145897350966075,0.7175426753125363,0.7125801276795831,0.715533067895512,1996.0100511554356
2025-01-08 01:35:00+00:00,0.715533067895512,0.7191454409036413,0.7134706309645956,0.717083003972725,2243.9457937909247
2025-01-08 01:40:00+00:00,0.717083003972725,0.7195210961221574,0.7166646084588845,0.7191027006083169,2125.1921557006717
2025-01-08 01:45:00+00:00,0.7191027006083169,0.7217436971068452,0.718167423721479,0.7208084202200072,1437.8797357315736
2025-01-08 01:50:00+00:00,0.7208084202200072,0.7251875298257612,0.7190950797305102,0.7234741893362642,970.7153180977205
2025-01-08 01:55:00+00:00,0.7234741893362642,0.7267813095447581,0.7222402859846926,0.7255474061931865,2474.781236429527
2025-01-08 02:00:00+00:00,0.7255474061931865,0.7286225688892805,0.7251479997868759,0.7282231624829699,2367.9788613380592
2025-01-08 02:05:00+00:00,0.7282231624829699,0.7312370549096523,0.7271449996523522,0.7301588920790346,5239.243428563512
2025-01-08 02:10:00+00:00,0.7301588920790346,0.7330230843065463,0.7284952132129228,0.7313594054404344,4172.1809356709555
2025-01-08 02:15:00+00:00,0.7313594054404344,0.7352656469322871,0.7299814101446231,0.7338876516364758,5998.919637015913
2025-01-08 02:20:00+00:00,0.7338876516364758,0.7380017732278835,0.731986911870267,0.7361010334616747,3395.3686272509112
2025-01-08 02:25:00+00:00,0.7361010334616747,0.7380769827190041,0.7351551261609364,0.7371310754182658,3236.722516983587
2025-01-08 02:30:00+00:00,0.7371310754182658,0.7413402548661039,0.7342995938410709,0.738508773288909,9165.061817755115
2025-01-08 02:35:00+00:00,0.738508773288909,0.7432471853582369,0.7379145668138705,0.7426529788831984,1701.7851106363025
2025-01-08 02:40:00+00:00,0.7426529788831984,0.7448584677325449,0.7391714925554197,0.7413769814047663,2261.0313056149007
2025-01-08 02:45:00+00:00,0.7413769814047663,0.7450138198872168,0.7403753826051923,0.7440122210876429,2217.8673752199315
2025-01-08 02:50:00+00:00,0.7440122210876429,0.7484925014414481,0.7411991441111053,0.7456794244649105,2453.122341870351
2025-01-08 02:55:00+00:00,0.7456794244649105,0.7483846981901527,0.7444964058882662,0.7472016796135084,1988.5342265285533
2025-01-08 03:00:00+00:00,0.7472016796135084,0.7503609759138609,0.7453273413835338,0.7484866376838863,2393.156012926068
2025-01-08 03:05:00+00:00,0.7484866376838863,0.752153159258429,0.7458791867102117,0.7495457082847543,2706.289731338729
2025-01-08 03:10:00+00:00,0.7495457082847543,0.7559589866411646,0.7467061105921204,0.7531193889485307,1568.0997198715572
2025-01-08 03:15:00+00:00,0.7531193889485307,0.7561530257471102,0.7511327618408228,0.7541663986394023,1075.7281559867927
2025-01-08 03:20:00+00:00,0.7541663986394023,0.757108539872685,0.7523561756133296,0.7552983168466123,2378.6380278744123
2025-01-08 03:25:00+00:00,0.7552983168466123,0.7593302213067609,0.753348525495819,0.7573804299559675,1162.7189980871476
2025-01-08 03:30:00+00:00,0.7573804299559675,0.7603033515716816,0.756130671398972,0.7590535930146861,2296.8141964961387
2025-01-08 03:35:00+00:00,0.7590535930146861,0.7619549479337929,0.75728449115723,0.7601858460763368,2091.806887903584
2025-01-08 03:40:00+00:00,0.7601858460763368,0.7616806136165093,0.7596905613131563,0.7611853288533288,2791.11637493783
2025-01-08 03:45:00+00:00,0.7611853288533288,0.7637847868401482,0.7586070583643514,0.7612065163511708,2206.015942567996
2025-01-08 03:50:00+00:00,0.7612065163511708,0.7658134297815553,0.7587596799121893,0.7633665933425738,2901.363123625068
2025-01-08 03:55:00+00:00,0.7633665933425738,0.7659034516687502,0.761025474518162,0.7635623328443384,1923.3718575345697
2025-01-08 04:00:00+00:00,0.7635623328443384,0.7661612191835513,0.7598895334214121,0.762488419760625,1299.7300604262846
2025-01-08 04:05:00+00:00,0.762488419760625,0.7657888279222864,0.7612195912980231,0.7645199994596845,2594.4602625890175
2025-01-08 04:10:00+00:00,0.7645199994596845,0.7687600002471788,0.7620162229282263,0.7662562237157207,2474.446126092398
2025-01-08 04:15:00+00:00,0.7662562237157207,0.7691485772318845,0.7647025689756821,0.7675949224918459,2124.565186647543
2025-01-08 04:20:00+00:00,0.7675949224918459,0.7685441820317848,0.7671751104173946,0.7681243699573335,2480.6575887303143
2025-01-08 04:25:00+00:00,0.7681243699573335,0.7712788351556761,0.7670353514486461,0.7701898166469887,2098.398177593734
2025-01-08 04:30:00+00:00,0.7701898166469887,0.7729433447415133,0.7674062970434936,0.7701598251380182,1472.2346508866449
2025-01-08 04:35:00+00:00,0.7701598251380182,0.7709484428542854,0.7683098734924363,0.7690984912087035,1630.7332954049648
2025-01-08 04:40:00+00:00,0.7690984912087035,0.7715084913504738,0.7677559711707872,0.7701659713125575,2219.6031625531587
2025-01-08 04:45:00+00:00,0.7701659713125575,0.7746225882094123,0.7673533000993592,0.771809916996214,7876.152722868019
2025-01-08 04:50:00+00:00,0.771809916996214,0.7744830095664788,0.7706026960843378,0.7732757886546026,5339.6666718179085
2025-01-08 04:55:00+00:00,0.7732757886546026,0.7780145014654591,0.7713379378696227,0.7760766506804793,2057.518499548031
2025-01-08 05:00:00+00:00,0.7760766506804793,0.7796036948228969,0.7742040029913205,0.7777310471337382,4012.006431328708
2025-01-08 05:05:00+00:00,0.7777310471337382,0.780906695039084,0.7752282742573514,0.7784039221626973,2818.0778696404495
2025-01-08 05:10:00+00:00,0.7784039221626973,0.7804096720838355,0.7771030694931901,0.7791088194143283,3481.8358185957877
2025-01-08 05:15:00+00:00,0.7791088194143283,0.7823758041100495,0.7775553249006033,0.7808223095963245,1270.1462620403242
2025-01-08 05:20:00+00:00,0.7808223095963245,0.7846385674220595,0.7778419087703002,0.7816581665960353,2146.3736478304545
2025-01-08 05:25:00+00:00,0.7816581665960353,0.7847890625628452,0.7793043426245763,0.7824352385913862,2067.399478958113
2025-01-08 05:30:00+00:00,0.7824352385913862,0.783652238133029,0.7804895022409856,0.7817065017826283,1995.347053909183
2025-01-08 05:35:00+00:00,0.7817065017826283,0.7852424338273682,0.7788070340576669,0.7823429661024068,2196.047370321375
2025-01-08 05:40:00+00:00,0.7823429661024068,0.7850258609883188,0.7793938659268306,0.7820767608127426,1907.2640782474277
2025-01-08 05:45:00+00:00,0.7820767608127426,0.785183872198524,0.7801482954721373,0.7832554068579187,2157.681921807014
2025-01-08 05:50:00+00:00,0.7832554068579187,0.7865407115100662,0.7810778016058483,0.7843631062579958,3121.3151718372014
2025-01-08 05:55:00+00:00,0.7843631062579958,0.7878697520603495,0.7825301243924131,0.7860367701947668,2033.9712264906418
2025-01-08 06:00:00+00:00,0.7860367701947668,0.7913235334112868,0.7834640055400192,0.7887507687565392,1629.4809118319206
2025-01-08 06:05:00+00:00,0.7887507687565392,0.7922106557590994,0.786188270424665,0.7896481574272253,2718.9164263107373
2025-01-08 06:10:00+00:00,0.7896481574272253,0.7933818327188762,0.7883736659007098,0.7921073411923607,1588.006705895858
2025-01-08 06:15:00+00:00,0.7921073411923607,0.7940883649491906,0.7901904491150058,0.7921714728718356,3338.4225913679634
2025-01-08 06:20:00+00:00,0.7921714728718356,0.7958965448470574,0.7897614110103417,0.7934864829855635,2203.362769513141
2025-01-08 06:25:00+00:00,0.7934864829855635,0.7984216319719731,0.7906596668060243,0.795594815792434,2628.2792452933454
2025-01-08 06:30:00+00:00,0.795594815792434,0.801044105564891,0.793249943605604,0.798699233378061,1861.0429010124822
2025-01-08 06:35:00+00:00,0.798699233378061,0.8016487360883582,0.7959833696871569,0.798932872397454,3097.9424666038967
2025-01-08 06:40:00+00:00,0.798932872397454,0.8030507888162925,0.7958942046009495,0.800012121019788,1912.4193605212454
2025-01-08 06:45:00+00:00,0.800012121019788,0.8025284556458451,0.7989964200871054,0.8015127547131624,1667.8570361207892
2025-01-08 06:50:00+00:00,0.8015127547131624,0.8044178914911948,0.7999186933210789,0.8028238300991113,1943.9492602265916
2025-01-08 06:55:00+00:00,0.8028238300991113,0.8046027763122809,0.8015786855706659,0.8033576317838356,1937.0312513384745
2025-01-08 07:00:00+00:00,0.8033576317838356,0.8041144121907684,0.8025225298785743,0.8032793102855071,2091.581540920454
2025-01-08 07:05:00+00:00,0.8032793102855071,0.8040998463780594,0.8028117803920641,0.8036323164846164,2383.714692270286
2025-01-08 07:10:00+00:00,0.8036323164846164,0.8079765733969806,0.8007816973418993,0.8051259542542635,2562.524471301892
2025-01-08 07:15:00+00:00,0.8051259542542635,0.805996949333017,0.8045757655264427,0.8054467606051963,2293.650411379034
2025-01-08 07:20:00+00:00,0.8054467606051963,0.8109519421133715,0.8033092371500526,0.8088144186582279,2184.654000204018
2025-01-08 07:25:00+00:00,0.8088144186582279,0.8130905128169285,0.8074283624134451,0.8117044565721456,4175.624437030745
2025-01-08 07:30:00+00:00,0.8117044565721456,0.8133054593892317,0.8099928132679947,0.8115938160850807,3153.977109714222
2025-01-08 07:35:00+00:00,0.8115938160850807,0.8144915808093408,0.8099926755918363,0.8128904403160964,4229.819370627308
2025-01-08 07:40:00+00:00,0.8128904403160964,0.8165790894182695,0.812307521682176,0.8159961707843492,5808.298085184642
2025-01-08 07:45:00+00:00,0.8159961707843492,0.8198418433088829,0.8154226025563176,0.8192682750808513,4857.017159245409
2025-01-08 07:50:00+00:00,0.8192682750808513,0.8238816568936663,0.8176439891152936,0.8222573709281086,5683.296323972868
2025-01-08 07:55:00+00:00,0.8222573709281086,0.8251935510779397,0.8198378113430924,0.8227739914929235,2298.3366479440892
2025-01-08 08:00:00+00:00,0.8227739914929235,0.8261182977123132,0.8210217364170851,0.8243660426364747,2825.4975017950524
2025-01-08 08:05:00+00:00,0.8243660426364747,0.8284365438925653,0.8235435460339705,0.827614047290061,1448.1353435364126
2025-01-08 08:10:00+00:00,0.827614047290061,0.831256575909479,0.8260860420400233,0.8297285706594413,1453.3972357389423
2025-01-08 08:15:00+00:00,0.8297285706594413,0.832111616749252,0.8289280920605633,0.831311138150374,1053.6185004390386
2025-01-08 08:20:00+00:00,0.831311138150374,0.8355502081122098,0.8296325011846787,0.8338715711465144,1422.8067017952646
2025-01-08 08:25:00+00:00,0.8338715711465144,0.8395348986019581,0.8312721671170056,0.8369354945724492,1965.6647608320923
2025-01-08 08:30:00+00:00,0.8369354945724492,0.8400329657267493,0.8360739117302449,0.8391713828845451,1400.005426706837
2025-01-08 08:35:00+00:00,0.8391713828845451,0.8426677343173696,0.8380325142054084,0.8415288656382329,3411.750519134083
2025-01-08 08:40:00+00:00,0.8415288656382329,0.8454084356191854,0.8408561271330247,0.8447356971139772,1913.1776432925915
2025-01-08 08:45:00+00:00,0.8447356971139772,0.8495781698584881,0.8414538751138096,0.8462963478583205,1703.2291928932248
2025-01-08 08:50:00+00:00,0.8462963478583205,0.8480965958080459,0.8457029138512087,0.847503161800934,2507.579615443455
2025-01-08 08:55:00+00:00,0.847503161800934,0.8517387707218873,0.8461802936486212,0.8504159025695746,2423.6651249903957
2025-01-08 09:00:00+00:00,0.8504159025695746,0.8534629587789987,0.8482797238742895,0.8513267800837137,2868.3765170354
2025-01-08 09:05:00+00:00,0.8513267800837137,0.8566934513400782,0.8485940364223815,0.8539607076787461,1947.8247032770687
2025-01-08 09:10:00+00:00,0.8539607076787461,0.8569823061058801,0.8523102424556854,0.8553318408828194,1959.1212226276066
2025-01-08 09:15:00+00:00,0.8553318408828194,0.8593346957945908,0.8542986879836895,0.8583015428954608,2373.6675421834943
2025-01-08 09:20:00+00:00,0.8583015428954608,0.8600574903586297,0.8574152675849177,0.8591712150480866,2873.218903619082
2025-01-08 09:25:00+00:00,0.8591712150480866,0.8640575885222813,0.8575324440038948,0.8624188174780896,2486.2602889070613
2025-01-08 09:30:00+00:00,0.8624188174780896,0.8657550026978656,0.8614362210188045,0.8647724062385805,2216.152323707319
2025-01-08 09:35:00+00:00,0.8647724062385805,0.8695523541292597,0.861713718139629,0.8664936660303082,1621.2874807007383
2025-01-08 09:40:00+00:00,0.8664936660303082,0.8703543139220574,0.8637481402520095,0.8676087881437587,1444.9505054732035
2025-01-08 09:45:00+00:00,0.8676087881437587,0.8709287716509452,0.8661093111243536,0.8694292946315401,2596.3764622977214
2025-01-08 09:50:00+00:00,0.8694292946315401,0.8719176322741975,0.867927996773143,0.8704163344158005,1826.0157842801514
2025-01-08 09:55:00+00:00,0.8704163344158005,0.8724578962300833,0.8690403340950181,0.871081895909301,2145.1096934606226
2025-01-08 10:00:00+00:00,0.871081895909301,0.87536862623946,0.8698023727544382,0.8740891030845972,1458.4021401971252
2025-01-08 10:05:00+00:00,0.8740891030845972,0.8782804350016747,0.8723727148977979,0.8765640468148754,6409.532714538979
2025-01-08 10:10:00+00:00,0.8765640468148754,0.882573611777715,0.8736653415105884,0.8796749064734279,6075.453788544745
2025-01-08 10:15:00+00:00,0.8796749064734279,0.8832638270630512,0.8764349498218221,0.8800238704114454,4695.610190493176
2025-01-08 10:20:00+00:00,0.8800238704114454,0.8824304917272389,0.8772952890411719,0.8797019103569654,5726.402742984094
2025-01-08 10:25:00+00:00,0.8797019103569654,0.8803017728903044,0.8791189070188848,0.8797187695522238,3374.5696346405
2025-01-08 10:30:00+00:00,0.8797187695522238,0.8829215608570046,0.8788492552462006,0.8820520465509814,1508.850530363742
2025-01-08 10:35:00+00:00,0.8820520465509814,0.8870944998382629,0.879469291286301,0.8845117445735826,1313.2901904456874
2025-01-08 10:40:00+00:00,0.8845117445735826,0.8859625235544184,0.8826571644616119,0.8841079434424477,2838.9566818994886
2025-01-08 10:45:00+00:00,0.8841079434424477,0.8896946067396195,0.8811269461970562,0.8867136094942281,2120.4369923041336
2025-01-08 10:50:00+00:00,0.8867136094942281,0.8898196724982615,0.884620695585505,0.8877267585895385,2199.4500189804758
2025-01-08 10:55:00+00:00,0.8877267585895385,0.8898504008008365,0.8857634937290959,0.8878871359403939,2352.7653224177816
2025-01-08 11:00:00+00:00,0.8878871359403939,0.8899280216588975,0.8871544834904778,0.8891953692089813,2013.7644287658402
2025-01-08 11:05:00+00:00,0.8891953692089813,0.893590121357131,0.8867605996446585,0.8911553517928081,1603.2468790383389
2025-01-08 11:10:00+00:00,0.8911553517928081,0.8950559390256574,0.8883393327649798,0.892239919997829,924.7768927370022
2025-01-08 11:15:00+00:00,0.892239919997829,0.8955925534059855,0.8899753960568104,0.8933280294649669,1975.723982521507
2025-01-08 11:20:00+00:00,0.8933280294649669,0.8950547955803444,0.8919380859728672,0.8936648520882446,2327.4983420181275
2025-01-08 11:25:00+00:00,0.8936648520882446,0.8948706525778893,0.8921396621905416,0.8933454626801863,1937.9838437626959
2025-01-08 11:30:00+00:00,0.8933454626801863,0.8959392144723671,0.891518561026686,0.8941123128188668,1416.3525643481835
2025-01-08 11:35:00+00:00,0.8941123128188668,0.8949481654150745,0.8926716748264186,0.8935075274226263,1709.3010727219983
2025-01-08 11:40:00+00:00,0.8935075274226263,0.8959023161045359,0.8928684406918312,0.8952632293737408,2562.7386438701474
2025-01-08 11:45:00+00:00,0.8952632293737408,0.8958935411150742,0.8948012276656391,0.8954315394069725,2117.045715208967
2025-01-08 11:50:00+00:00,0.8954315394069725,0.9006658806621891,0.8926719729314369,0.8979063141866535,1427.7808590903364
2025-01-08 11:55:00+00:00,0.8979063141866535,0.8994301336402443,0.8957151130645608,0.8972389325181516,2065.436890744745
2025-01-08 12:00:00+00:00,0.8972389325181516,0.9002576706130334,0.8967643814780675,0.8997831195729493,3300.5213049498516
2025-01-08 12:05:00+00:00,0.8997831195729493,0.9003688925244865,0.8992574777958148,0.8998432507473519,1616.937684014682
2025-01-08 12:10:00+00:00,0.8998432507473519,0.9008027826647014,0.8989230842130392,0.8998826161303887,1375.8798198208663
2025-01-08 12:15:00+00:00,0.8998826161303887,0.9037660778822223,0.8973121784875772,0.9011956402394108,2025.3228829241398
2025-01-08 12:20:00+00:00,0.9011956402394108,0.9053359922868603,0.8990233498471328,0.9031637018945824,1883.555338646931
2025-01-08 12:25:00+00:00,0.9031637018945824,0.9066370551412333,0.9006376710302613,0.9041110242769121,2797.35528149001
2025-01-08 12:30:00+00:00,0.9041110242769121,0.9055029476721812,0.9033244025022088,0.9047163258974779,1635.8924420327635
2025-01-08 12:35:00+00:00,0.9047163258974779,0.91013948106962,0.9024662473975629,0.907889402569705,1411.5599105002173
2025-01-08 12:40:00+00:00,0.907889402569705,0.9128250861625417,0.9045204542452715,0.9094561378381082,2115.5995058874114
2025-01-08 12:45:00+00:00,0.9094561378381082,0.9129154404712394,0.9057072205855216,0.9091665232186528,3315.5817793191013
2025-01-08 12:50:00+00:00,0.9091665232186528,0.911106540194368,0.907977326363878,0.9099173433395932,5013.285139998521
2025-01-08 12:55:00+00:00,0.9099173433395932,0.9156255379428867,0.9071209323830897,0.9128291269863832,2914.159540795433
2025-01-08 13:00:00+00:00,0.9128291269863832,0.9148125648440434,0.912289270867104,0.9142727087247642,3680.8041137689074
2025-01-08 13:05:00+00:00,0.9142727087247642,0.9196169605712718,0.9109437173784793,0.916287969224987,3531.2022956152887
2025-01-08 13:10:00+00:00,0.916287969224987,0.9203559114878302,0.9155999890918668,0.91966793135471,2074.6588884201565
2025-01-08 13:15:00+00:00,0.91966793135471,0.9236420745708094,0.9162051235589461,0.9201792667750455,3213.7306042544196
2025-01-08 13:20:00+00:00,0.9201792667750455,0.9240730756734807,0.9179014016791478,0.9217952105775831,2883.91309814486
2025-01-08 13:25:00+00:00,0.9217952105775831,0.9239283487752018,0.9201599356953744,0.9222930738929931,1351.9271728059582
2025-01-08 13:30:00+00:00,0.9222930738929931,0.9259548664019107,0.919899218111115,0.9235610106200326,3215.2294369206907
2025-01-08 13:35:00+00:00,0.9235610106200326,0.9270391946863306,0.9219950207422781,0.9254732048085761,1160.8057860807235
2025-01-08 13:40:00+00:00,0.9254732048085761,0.9269943854511944,0.9238248002956163,0.9253459809382346,2839.1430082224697
2025-01-08 13:45:00+00:00,0.9253459809382346,0.9297121960387661,0.922541117557642,0.9269073326581735,1573.3200314248609
2025-01-08 13:50:00+00:00,0.9269073326581735,0.9299973480603054,0.9254205670499752,0.9285105824521072,1907.9323115282646
2025-01-08 13:55:00+00:00,0.9285105824521072,0.9345728763194532,0.9251188421878951,0.9311811360552411,2111.7856240148344
2025-01-08 14:00:00+00:00,0.9311811360552411,0.9326048362937721,0.9306335375397833,0.9320572377783143,2021.3966958209612
2025-01-08 14:05:00+00:00,0.9320572377783143,0.9336199332814823,0.9306552809681545,0.9322179764713225,1100.726638838149
2025-01-08 14:10:00+00:00,0.9322179764713225,0.935712575134783,0.9308020572706144,0.9342966559340748,3277.1166841605836
2025-01-08 14:15:00+00:00,0.9342966559340748,0.9354165335786836,0.9335980616106552,0.9347179392552639,2476.7036121870024
2025-01-08 14:20:00+00:00,0.9347179392552639,0.938786769297938,0.9325877132637217,0.9366565433063958,2274.885768948775
2025-01-08 14:25:00+00:00,0.9366565433063958,0.9405636568258138,0.9351733818451831,0.939080495364601,1268.8464199497016
2025-01-08 14:30:00+00:00,0.939080495364601,0.9432783638598911,0.9357242554840746,0.9399221239793646,1866.5323345530428
2025-01-08 14:35:00+00:00,0.9399221239793646,0.9447977333763758,0.9367885275843586,0.9416641369813699,1449.079113079466
2025-01-08 14:40:00+00:00,0.9416641369813699,0.9433223316446462,0.9407572232108942,0.9424154178741705,2292.4212494343965
2025-01-08 14:45:00+00:00,0.9424154178741705,0.9458670440970038,0.9377169399767573,0.9411685661995907,1775.4865663969933
2025-01-08 14:50:00+00:00,0.9411685661995907,0.9433477215938064,0.9393495274004502,0.941528682794666,3396.046114552161
2025-01-08 14:55:00+00:00,0.941528682794666,0.9441057088706526,0.938633879386447,0.9412109054624338,1787.7504151483924
2025-01-08 15:00:00+00:00,0.9412109054624338,0.946449530450575,0.938077106885783,0.9433157318739243,2120.8247195044696
2025-01-08 15:05:00+00:00,0.9433157318739243,0.9470224187113236,0.940519687493215,0.9442263743306144,2237.2415267042466
2025-01-08 15:10:00+00:00,0.9442263743306144,0.9490917522226412,0.9413587237666488,0.9462241016586755,921.3902805853444
2025-01-08 15:15:00+00:00,0.9462241016586755,0.9506028872298524,0.9439866346909566,0.9483654202621334,1151.998223106389
2025-01-08 15:20:00+00:00,0.9483654202621334,0.9551665916335269,0.945011545909611,0.9518127172810045,1928.7862761270517
2025-01-08 15:25:00+00:00,0.9518127172810045,0.9571360201486429,0.9483562515362242,0.9536795544038625,2171.4669534953414
2025-01-08 15:30:00+00:00,0.9536795544038625,0.9563301905222518,0.9528602493098474,0.9555108854282366,1594.6589231075257
2025-01-08 15:35:00+00:00,0.9555108854282366,0.959136105181302,0.9547863904509052,0.9584116102039706,2243.655116023197
2025-01-08 15:40:00+00:00,0.9584116102039706,0.9664580285649008,0.954576821005176,0.9626232393661063,2000.9918201023263
2025-01-08 15:45:00+00:00,0.9626232393661063,0.9682568902963845,0.959268704850487,0.9649023557807652,3027.478611558473
2025-01-08 15:50:00+00:00,0.9649023557807652,0.9691429944626274,0.9634444093114997,0.9676850479933619,927.6623831313268
2025-01-08 15:55:00+00:00,0.9676850479933619,0.9714078167419318,0.9661381417234107,0.9698609104719806,866.4060818811948
2025-01-08 16:00:00+00:00,0.9698609104719806,0.9719839621220212,0.9693287731920345,0.971451824842075,1133.553952554296
2025-01-08 16:05:00+00:00,0.971451824842075,0.9733948978373236,0.9701179324244991,0.9720610054197476,687.86395134248
2025-01-08 16:10:00+00:00,0.9720610054197476,0.9777923080346473,0.968649787073129,0.9743810896880287,1058.741466379938
2025-01-08 16:15:00+00:00,0.9743810896880287,0.9785182481825208,0.972342546497087,0.976479704991579,652.5445005305727
2025-01-08 16:20:00+00:00,0.976479704991579,0.9794314260211237,0.9756448789422082,0.9785965999717529,935.4927194237192
2025-01-08 16:25:00+00:00,0.9785965999717529,0.9847841306978817,0.9771549466591977,0.9833424773853265,1181.2266308195271
2025-01-08 16:30:00+00:00,0.9833424773853265,0.9886082678321537,0.9800752575853718,0.985341048032199,928.8018459076085
2025-01-08 16:35:00+00:00,0.985341048032199,0.9920216049716881,0.9814360603254317,0.9881166172649208,947.28904808781
2025-01-08 16:40:00+00:00,0.9881166172649208,0.9930935656754596,0.9850909128330111,0.9900678612435498,1314.5202290746947
2025-01-08 16:45:00+00:00,0.9900678612435498,0.9968478762791261,0.9870433518135145,0.9938233668490908,939.7166483515049
2025-01-08 16:50:00+00:00,0.9938233668490908,0.9976997229066324,0.9919250757161632,0.9958014317737048,1376.847858867411
2025-01-08 16:55:00+00:00,0.9958014317737048,1.0027404613976032,0.99339714961245,1.0003361792363483,1356.8275685411816
2025-01-08 17:00:00+00:00,1.0003361792363483,1.0054100567389583,0.9972194870022485,1.0022933645048586,1226.6739370754124
2025-01-08 17:05:00+00:00,1.0022933645048586,1.0093447916641396,0.9984221318791383,1.0054735590384194,790.2709388168802
2025-01-08 17:10:00+00:00,1.0054735590384194,1.0118895134278236,1.0025017937820049,1.0089177481714091,1365.8799008965013
2025-01-08 17:15:00+00:00,1.0089177481714091,1.0133635193708608,1.0063580517811064,1.010803822980558,803.1539752442179
2025-01-08 17:20:00+00:00,1.010803822980558,1.0172901040940983,1.0074940023501326,1.0139802834636729,795.1674235847038
2025-01-08 17:25:00+00:00,1.0139802834636729,1.018939202015166,1.0111943996580888,1.0161533182095819,945.9975124167632
2025-01-08 17:30:00+00:00,1.0161533182095819,1.0186704526629267,1.014759115203619,1.0172762496569638,793.5494475355899
2025-01-08 17:35:00+00:00,1.0172762496569638,1.0220947117454116,1.0136400633774159,1.0184585254658636,1403.374562478736
2025-01-08 17:40:00+00:00,1.0184585254658636,1.024736341927514,1.01454738564867,1.0208252021103204,778.5142511197184
2025-01-08 17:45:00+00:00,1.0208252021103204,1.0280821651772596,1.017679511165228,1.0249364742321672,1072.7310791583402
2025-01-08 17:50:00+00:00,1.0249364742321672,1.029026417010526,1.0221084066767645,1.0261983494551234,1291.9746485260828
2025-01-08 17:55:00+00:00,1.0261983494551234,1.0295964375778965,1.025293241086531,1.028691329209304,1375.4785576557447
2025-01-08 18:00:00+00:00,1.028691329209304,1.0314951623680926,1.0266600441488165,1.029463877307605,3138.2395617035086
2025-01-08 18:05:00+00:00,1.029463877307605,1.0344503837772336,1.026517174680583,1.0315036811502116,2430.569326498457
2025-01-08 18:10:00+00:00,1.0315036811502116,1.0322046042010042,1.030856883235089,1.0315578062858817,3297.6471687262447
2025-01-08 18:15:00+00:00,1.0315578062858817,1.0359894565253585,1.0277712834637114,1.0322029337031882,3673.7061449703606
2025-01-08 18:20:00+00:00,1.0322029337031882,1.035470018242162,1.0305035084963228,1.0337705930352965,2822.693226232929
2025-01-08 18:25:00+00:00,1.0337705930352965,1.0353635028826884,1.032777138636641,1.0343700484840328,3323.8364618630967
2025-01-08 18:30:00+00:00,1.0343700484840328,1.0385709865049033,1.0313184025345208,1.0355193405553913,1260.3129128186288
2025-01-08 18:35:00+00:00,1.0355193405553913,1.0418706385922458,1.0318719153851499,1.0382232134220044,1116.2311252570576
2025-01-08 18:40:00+00:00,1.0382232134220044,1.0421081816010789,1.035587978701227,1.0394729468803015,1237.2217951911723
2025-01-08 18:45:00+00:00,1.0394729468803015,1.0426549756896608,1.0367609312057728,1.0399429600151322,873.9957193105225
2025-01-08 18:50:00+00:00,1.0399429600151322,1.042959691713707,1.0367134259650683,1.039730157663643,1227.2564960268242
2025-01-08 18:55:00+00:00,1.039730157663643,1.0439957536259752,1.0360960240171933,1.0403616199795254,735.1441052679418
2025-01-08 19:00:00+00:00,1.0403616199795254,1.0468673878363293,1.0365667520767203,1.0430725199335242,1386.6273357013433
2025-01-08 19:05:00+00:00,1.0430725199335242,1.0479904366208976,1.0392955853880115,1.0442135020753849,1135.6820050673641
2025-01-08 19:10:00+00:00,1.0442135020753849,1.0480462190343665,1.0414162258044168,1.0452489427633984,1475.3276650987261
2025-01-08 19:15:00+00:00,1.0452489427633984,1.0502602234781042,1.0423447564641815,1.0473560371788873,875.0086486715252
2025-01-08 19:20:00+00:00,1.0473560371788873,1.0502010526665326,1.0467501837617463,1.0495951992493917,987.9784032648001
2025-01-08 19:25:00+00:00,1.0495951992493917,1.053109719518666,1.048520387078004,1.0520349073472783,926.7967686984314
2025-01-08 19:30:00+00:00,1.0520349073472783,1.0528023393279824,1.0481922024311132,1.0489596344118173,821.8301519981567
2025-01-08 19:35:00+00:00,1.0489596344118173,1.0498397643367807,1.0443051491119946,1.045185279036958,976.6745824151287
2025-01-08 19:40:00+00:00,1.045185279036958,1.0485056192967206,1.0371582777533546,1.0404786180131171,1104.0477990733223
2025-01-08 19:45:00+00:00,1.0404786180131171,1.0410177901860609,1.036478785616754,1.0370179577896979,728.563054020153
2025-01-08 19:50:00+00:00,1.0370179577896979,1.0397646481946603,1.0312158165376688,1.0339625069426313,1125.1514636175775
2025-01-08 19:55:00+00:00,1.0339625069426313,1.038024758999979,1.0282265893160467,1.0322888413733944,804.1195628892468
2025-01-08 20:00:00+00:00,1.0322888413733944,1.0346980987562875,1.0277123090913198,1.030121566474213,978.0380850343814
2025-01-08 20:05:00+00:00,1.030121566474213,1.032886952566394,1.0241134670496874,1.0268788531418684,990.4550046175767
2025-01-08 20:10:00+00:00,1.0268788531418684,1.0274727094246592,1.0248566866739999,1.0254505429567906,1268.676163327273
2025-01-08 20:15:00+00:00,1.0254505429567906,1.027295063491194,1.0195683715189905,1.0214128920533938,954.3964870751819
2025-01-08 20:20:00+00:00,1.0214128920533938,1.0221299923132434,1.0169504493241972,1.0176675495840468,1506.6613918782834
2025-01-08 20:25:00+00:00,1.0176675495840468,1.0188330340508436,1.0126458005996577,1.0138112850664545,641.8926429445436
2025-01-08 20:30:00+00:00,1.0138112850664545,1.0170974871068699,1.0068162696785645,1.01010247171898,1259.5185574100442
2025-01-08 20:35:00+00:00,1.01010247171898,1.01242403131419,1.0051319440730762,1.0074535036682861,1292.682630405628
2025-01-08 20:40:00+00:00,1.0074535036682861,1.0093499655126152,1.0022362494268982,1.0041327112712273,2780.642266715691
2025-01-08 20:45:00+00:00,1.0041327112712273,1.0070924190332209,0.998003733752555,1.0009634415145485,3193.6735541483827
2025-01-08 20:50:00+00:00,1.0009634415145485,1.0027093302293622,0.9986176829957666,1.00036357171058,1233.6441273880769
2025-01-08 20:55:00+00:00,1.00036357171058,1.0036067331317855,0.9932011473679568,0.9964443087891622,2783.6687506820335
2025-01-08 21:00:00+00:00,0.9964443087891622,0.9976681950984752,0.9918767459997438,0.9931006323090568,2651.660436429151
2025-01-08 21:05:00+00:00,0.9931006323090568,0.9939839599678624,0.9898743891134729,0.9907577167722785,2441.2755860638417
2025-01-08 21:10:00+00:00,0.9907577167722785,0.9946254603201835,0.9854094359460862,0.9892771794939912,1037.1598818929865
2025-01-08 21:15:00+00:00,0.9892771794939912,0.9898029350665306,0.9873717314537349,0.9878974870262743,617.8046622200869
2025-01-08 21:20:00+00:00,0.9878974870262743,0.9906644045704653,0.9829108383974007,0.9856777559415917,1236.2435781127267
2025-01-08 21:25:00+00:00,0.9856777559415917,0.9872516920145015,0.981817635938713,0.9833915720116227,1694.8168604127313
2025-01-08 21:30:00+00:00,0.9833915720116227,0.9858510147304412,0.9788190426238074,0.9812784853426259,1114.7302698153323
2025-01-08 21:35:00+00:00,0.9812784853426259,0.984543473413194,0.9771428162813112,0.9804078043518794,935.3904377881704
2025-01-08 21:40:00+00:00,0.9804078043518794,0.9820666902735917,0.9759711977572678,0.9776300836789802,727.5735517673684
2025-01-08 21:45:00+00:00,0.9776300836789802,0.9809855381494681,0.969880536990985,0.9732359914614729,1509.0021432095875
2025-01-08 21:50:00+00:00,0.9732359914614729,0.9756522615336644,0.9694486039971313,0.9718648740693228,990.8272963708549
2025-01-08 21:55:00+00:00,0.9718648740693228,0.9749523052040916,0.965877464113231,0.9689648952479999,926.4858140338384
2025-01-08 22:00:00+00:00,0.9689648952479999,0.9698029736520691,0.9665697092473648,0.9674077876514341,820.2392895290697
2025-01-08 22:05:00+00:00,0.9674077876514341,0.9713030487518557,0.963683416571819,0.9675786776722406,838.2223800549448
2025-01-08 22:10:00+00:00,0.9675786776722406,0.9705665286957635,0.9633047442299255,0.9662925952534485,1096.2196381948352
2025-01-08 22:15:00+00:00,0.9662925952534485,0.9679379584368423,0.9654195839868732,0.967064947170267,922.5133552926674
2025-01-08 22:20:00+00:00,0.967064947170267,0.9684838605871169,0.9624831696324292,0.963902083049279,1215.0964704020287
2025-01-08 22:25:00+00:00,0.963902083049279,0.967250355892469,0.9595502282350485,0.9628985010782385,862.0242734598983
2025-01-08 22:30:00+00:00,0.9628985010782385,0.9646771421741651,0.960325914565785,0.9621045556617116,644.4895676800261
2025-01-08 22:35:00+00:00,0.9621045556617116,0.9656079319187004,0.9583470116191477,0.9618503878761365,1056.1725395267604
2025-01-08 22:40:00+00:00,0.9618503878761365,0.9631973570964207,0.9584796211660763,0.9598265903863605,1470.7498137939313
2025-01-08 22:45:00+00:00,0.9598265903863605,0.9626235221558659,0.9560597387998417,0.9588566705693471,1239.0255278868322
2025-01-08 22:50:00+00:00,0.9588566705693471,0.9611969406187545,0.9555259151140945,0.9578661851635019,965.7675985625949
2025-01-08 22:55:00+00:00,0.9578661851635019,0.9609813295201093,0.9537448103728718,0.9568599547294793,975.5680574178634
2025-01-08 23:00:00+00:00,0.9568599547294793,0.9576535298315831,0.9534005791853514,0.9541941542874552,1091.9818671784005
2025-01-08 23:05:00+00:00,0.9541941542874552,0.9569521742737738,0.9483887119718496,0.9511467319581681,679.3797331464908
2025-01-08 23:10:00+00:00,0.9511467319581681,0.9526073059931508,0.9492413514502922,0.9507019254852749,663.8447257919721
2025-01-08 23:15:00+00:00,0.9507019254852749,0.9539175520198881,0.9468276093604964,0.9500432358951096,1305.164363624674
2025-01-08 23:20:00+00:00,0.9500432358951096,0.9513248198738314,0.9477540482359149,0.9490356322146367,1688.5520972762838
2025-01-08 23:25:00+00:00,0.9490356322146367,0.9517215297117833,0.9460265098559292,0.9487124073530757,2490.8972488512645
2025-01-08 23:30:00+00:00,0.9487124073530757,0.9518123784361576,0.9457905870969434,0.9488905581800253,2474.399406177409
2025-01-08 23:35:00+00:00,0.9488905581800253,0.9505186953463359,0.9448821033624598,0.9465102405287704,3340.484355153781
2025-01-08 23:40:00+00:00,0.9465102405287704,0.9489575696109979,0.9438848665059839,0.9463321955882114,2945.81049499903
2025-01-08 23:45:00+00:00,0.9463321955882114,0.9498973068676927,0.9433820180865188,0.9469471293660001,2049.1385209230193
2025-01-08 23:50:00+00:00,0.9469471293660001,0.9505752203085703,0.9433863980982983,0.9470144890408685,527.4189525992806
2025-01-08 23:55:00+00:00,0.9470144890408685,0.9476423957070306,0.9459453751500442,0.9465732818162063,895.8737279850527
2025-01-09 00:00:00+00:00,0.9465732818162063,0.9477004952209357,0.945113434742418,0.9462406481471475,1018.4181315942053
2025-01-09 00:05:00+00:00,0.9462406481471475,0.9493202279607441,0.940369229891235,0.9434488097048316,951.7073078270345
2025-01-09 00:10:00+00:00,0.9434488097048316,0.9443398612586922,0.9408171743418425,0.9417082258957031,1424.8509287661923
2025-01-09 00:15:00+00:00,0.9417082258957031,0.9449477721311236,0.9384188094469924,0.9416583556824129,762.4974516550902
2025-01-09 00:20:00+00:00,0.9416583556824129,0.9426070996408105,0.9411442909706623,0.9420930349290599,1063.961016439612
2025-01-09 00:25:00+00:00,0.9420930349290599,0.9443092567256961,0.9391231339400914,0.9413393557367276,1576.9707556195342
2025-01-09 00:30:00+00:00,0.9413393557367276,0.9443156336292768,0.9365403403901698,0.939516618282719,890.897454451294
2025-01-09 00:35:00+00:00,0.939516618282719,0.9405934293204975,0.9369396403579545,0.938016451395733,1055.4476436055884
2025-01-09 00:40:00+00:00,0.938016451395733,0.940681911712741,0.9349284373919426,0.9375938977089506,1025.0156202577073
2025-01-09 00:45:00+00:00,0.9375938977089506,0.9394920181817663,0.9365455809019374,0.9384437013747531,1184.4646533929945
2025-01-09 00:50:00+00:00,0.9384437013747531,0.9412255245370554,0.935086135623521,0.9378679587858234,1548.849492029527
2025-01-09 00:55:00+00:00,0.9378679587858234,0.9386620894600463,0.9349809183101757,0.9357750489843986,817.6206988965232
2025-01-09 01:00:00+00:00,0.9357750489843986,0.9389345852123578,0.9317686830094701,0.9349282192374294,1215.1096342624567
2025-01-09 01:05:00+00:00,0.9349282192374294,0.9376820918082917,0.9310706012678096,0.9338244738386718,1309.7493094479232
2025-01-09 01:10:00+00:00,0.9338244738386718,0.9379990791746401,0.9307049122867668,0.934879517622735,1052.7789836683369
2025-01-09 01:15:00+00:00,0.934879517622735,0.9370783773263972,0.9316678612521365,0.9338667209557987,1124.136484032404
2025-01-09 01:20:00+00:00,0.9338667209557987,0.9361558534937868,0.9298937476732008,0.9321828802111889,1443.6954084365912
2025-01-09 01:25:00+00:00,0.9321828802111889,0.9350652789944843,0.9274498333864057,0.9303322321697012,2359.5690100725546
2025-01-09 01:30:00+00:00,0.9303322321697012,0.9330015351333693,0.9244866641508068,0.9271559671144749,1293.0858352140463
2025-01-09 01:35:00+00:00,0.9271559671144749,0.9288927466021756,0.9224051966377387,0.9241419761254394,1112.9953241908163
2025-01-09 01:40:00+00:00,0.9241419761254394,0.9266998932203555,0.9191747830320658,0.9217327001269819,1030.7823490613255
2025-01-09 01:45:00+00:00,0.9217327001269819,0.9227058294463546,0.9179478301224149,0.9189209594417875,2099.7751562264984
2025-01-09 01:50:00+00:00,0.9189209594417875,0.9212980487970246,0.9148040159711948,0.9171811053264318,1447.6738900585317
2025-01-09 01:55:00+00:00,0.9171811053264318,0.9198891662236058,0.9125988463294634,0.9153069072266374,819.7400110282293
2025-01-09 02:00:00+00:00,0.9153069072266374,0.916417824597664,0.9132129783921398,0.9143238957631663,4474.728429860164
2025-01-09 02:05:00+00:00,0.9143238957631663,0.9155090307896016,0.9127543859477848,0.91393952097422,2063.645147208114
2025-01-09 02:10:00+00:00,0.91393952097422,0.9166994648892136,0.9092730970505102,0.9120330409655037,3048.651974514082
2025-01-09 02:15:00+00:00,0.9120330409655037,0.9132785111257155,0.9084743895378304,0.9097198596980421,1846.1321766500334
2025-01-09 02:20:00+00:00,0.9097198596980421,0.911398492827662,0.9038990850384527,0.9055777181680726,2438.651502877864
2025-01-09 02:25:00+00:00,0.9055777181680726,0.9091672037144989,0.9002672891397502,0.9038567746861764,774.2121307677202
2025-01-09 02:30:00+00:00,0.9038567746861764,0.9058927196067851,0.9003866931823271,0.9024226381029358,1441.2888706583033
2025-01-09 02:35:00+00:00,0.9024226381029358,0.9032770132134931,0.8985731263681269,0.8994275014786842,1135.1583481000764
2025-01-09 02:40:00+00:00,0.8994275014786842,0.9024079137769139,0.8938549676035328,0.8968353799017624,1020.0166177946055
2025-01-09 02:45:00+00:00,0.8968353799017624,0.9003667456466864,0.8903779945202276,0.8939093602651516,1475.4491828321784
2025-01-09 02:50:00+00:00,0.8939093602651516,0.895348404806251,0.8914282545931205,0.8928672991342199,966.3586631055916
2025-01-09 02:55:00+00:00,0.8928672991342199,0.8950359762612373,0.8891834434270101,0.8913521205540275,1248.28804123399
2025-01-09 03:00:00+00:00,0.8913521205540275,0.8936274326337664,0.8881998099410677,0.8904751220208067,1302.3151051926309
2025-01-09 03:05:00+00:00,0.8904751220208067,0.8926536135479372,0.8848392469263971,0.8870177384535276,1004.7292111093353
2025-01-09 03:10:00+00:00,0.8870177384535276,0.8885509260154727,0.8861540199682754,0.8876872075302205,1448.8179281389084
2025-01-09 03:15:00+00:00,0.8876872075302205,0.888400533610956,0.8839114718226634,0.8846247979033989,981.363279830254
2025-01-09 03:20:00+00:00,0.8846247979033989,0.8863027129400757,0.879726315015024,0.8814042300517008,992.5915526122919
2025-01-09 03:25:00+00:00,0.8814042300517008,0.8836920286547261,0.8772007566403573,0.8794885552433827,879.1233222711905
2025-01-09 03:30:00+00:00,0.8794885552433827,0.8802539533560225,0.8760441908195347,0.8768095889321745,1034.7252276460224
2025-01-09 03:35:00+00:00,0.8768095889321745,0.877891828112596,0.8755671533007179,0.8766493924811394,1318.6003816024604
2025-01-09 03:40:00+00:00,0.8766493924811394,0.8797653068546054,0.8710525226617175,0.8741684370351835,1072.288387118432
2025-01-09 03:45:00+00:00,0.8741684370351835,0.875581369270726,0.8700201728563648,0.8714331050919073,1171.921666762878
2025-01-09 03:50:00+00:00,0.8714331050919073,0.8729625582550546,0.8689372180469945,0.8704666712101419,1164.819415415748
2025-01-09 03:55:00+00:00,0.8704666712101419,0.87372519522125,0.8665287904846946,0.8697873144958027,1273.5086298127496
2025-01-09 04:00:00+00:00,0.8697873144958027,0.8728960012869622,0.8638841415999099,0.8669928283910694,994.483814642542
2025-01-09 04:05:00+00:00,0.8669928283910694,0.8674450064197661,0.8641622570842068,0.8646144351129035,1368.067402488049
2025-01-09 04:10:00+00:00,0.8646144351129035,0.8675466362869357,0.8594672225530663,0.8623994237270985,1452.7743438894115
2025-01-09 04:15:00+00:00,0.8623994237270985,0.8643994948311235,0.8584316889976226,0.8604317601016476,827.2588381173343
2025-01-09 04:20:00+00:00,0.8604317601016476,0.8619982969467735,0.858870986258118,0.860437523103244,1492.5214980616433
2025-01-09 04:25:00+00:00,0.860437523103244,0.8622862713276885,0.8581659471966804,0.860014695421125,1012.7890156004437
2025-01-09 04:30:00+00:00,0.860014695421125,0.8609728132909913,0.8584768586956109,0.8594349765654772,744.0068300547887
2025-01-09 04:35:00+00:00,0.8594349765654772,0.8619376327738428,0.8566084667493872,0.8591111229577528,1098.2617391582937
2025-01-09 04:40:00+00:00,0.8591111229577528,0.8609881353049467,0.8556573580628487,0.8575343704100425,2634.7902717477145
2025-01-09 04:45:00+00:00,0.8575343704100425,0.8583998006047737,0.8560160891160392,0.8568815193107704,2804.082921690854
2025-01-09 04:50:00+00:00,0.8568815193107704,0.8592684022421093,0.8529128917840296,0.8552997747153686,2820.9159071221434
2025-01-09 04:55:00+00:00,0.8552997747153686,0.8563221735919726,0.8520447013099901,0.8530671001865942,2544.609477709898
2025-01-09 05:00:00+00:00,0.8530671001865942,0.8544412631455142,0.8519801549610945,0.8533543179200145,3566.5632863010064
2025-01-09 05:05:00+00:00,0.8533543179200145,0.8557960664121325,0.8477408746844164,0.8501826231765344,807.5888237049845
2025-01-09 05:10:00+00:00,0.8501826231765344,0.8513832884821586,0.8476536106800647,0.848854275985689,1161.0081723124874
2025-01-09 05:15:00+00:00,0.848854275985689,0.8501881295914253,0.845643196618904,0.8469770502246403,652.5859607584358
2025-01-09 05:20:00+00:00,0.8469770502246403,0.8478375819608207,0.8431794707709702,0.8440400025071506,1575.562464721062
2025-01-09 05:25:00+00:00,0.8440400025071506,0.845912969554925,0.8405710999164367,0.8424440669642111,1762.3720723138151
2025-01-09 05:30:00+00:00,0.8424440669642111,0.8437204649549689,0.8400629997795426,0.8413393977703003,783.9289863314219
2025-01-09 05:35:00+00:00,0.8413393977703003,0.8436867609439836,0.8383176366860133,0.8406649998596967,756.0017781789952
2025-01-09 05:40:00+00:00,0.8406649998596967,0.8437380730244647,0.8356534011357252,0.8387264743004932,1318.3889501203003
2025-01-09 05:45:00+00:00,0.8387264743004932,0.8417470007974593,0.8353882195970591,0.8384087460940253,804.1056889861209
2025-01-09 05:50:00+00:00,0.8384087460940253,0.840500333977109,0.8355779486883452,0.837669536571429,1099.661240478259
2025-01-09 05:55:00+00:00,0.837669536571429,0.8408268241608448,0.834304322305386,0.8374616098948018,1742.912860009859
2025-01-09 06:00:00+00:00,0.8374616098948018,0.8402967565668206,0.8316951869573787,0.8345303336293974,1265.0365257982105
2025-01-09 06:05:00+00:00,0.8345303336293974,0.8369651816209162,0.8306656955384749,0.8331005435299936,1754.0468480052998
2025-01-09 06:10:00+00:00,0.8331005435299936,0.833535768661975,0.831091130021325,0.8315263551533063,1005.2319722164207
2025-01-09 06:15:00+00:00,0.8315263551533063,0.8327098599510353,0.8299735098295548,0.8311570146272838,1074.228003567073
2025-01-09 06:20:00+00:00,0.8311570146272838,0.8331350524955746,0.827511028673785,0.8294890665420759,1519.632411709752
2025-01-09 06:25:00+00:00,0.8294890665420759,0.8320712862180997,0.8254767803675827,0.8280590000436064,681.0811869046213
2025-01-09 06:30:00+00:00,0.8280590000436064,0.8292116015049456,0.8248581257387332,0.8260107272000723,1352.2971910697167
2025-01-09 06:35:00+00:00,0.8260107272000723,0.8271868217144428,0.8227427946203704,0.8239188891347409,1048.624222326869
2025-01-09 06:40:00+00:00,0.8239188891347409,0.8249432389936386,0.821063580170589,0.8220879300294868,1412.9681793456782
2025-01-09 06:45:00+00:00,0.8220879300294868,0.823266126647214,0.8209502742187961,0.8221284708365233,841.6427863593839
2025-01-09 06:50:00+00:00,0.8221284708365233,0.8234054506436108,0.8188881362221176,0.8201651160292052,1155.0471649012582
2025-01-09 06:55:00+00:00,0.8201651160292052,0.8221975333763376,0.8148177423422887,0.8168501596894211,582.8314041072576
2025-01-09 07:00:00+00:00,0.8168501596894211,0.8184080105220949,0.8146430333973983,0.8162008842300721,1393.0129435695649
2025-01-09 07:05:00+00:00,0.8162008842300721,0.8180881197770394,0.812922072482727,0.8148093080296943,1393.170705836209
2025-01-09 07:10:00+00:00,0.8148093080296943,0.817746063606719,0.8114476876432509,0.8143844432202756,961.5559505661346
2025-01-09 07:15:00+00:00,0.8143844432202756,0.8152362912352665,0.8130704130550331,0.8139222610700241,2798.307749240247
2025-01-09 07:20:00+00:00,0.8139222610700241,0.8164671992287865,0.8100654580180164,0.8126103961767789,2206.8033547204886
2025-01-09 07:25:00+00:00,0.8126103961767789,0.8133335711858567,0.810448153887268,0.8111713288963458,2438.4737027166693
2025-01-09 07:30:00+00:00,0.8111713288963458,0.8125643733421817,0.8081860181127993,0.8095790625586352,3022.6030754132507
2025-01-09 07:35:00+00:00,0.8095790625586352,0.8119955468169142,0.8060721377378258,0.8084886219961048,1831.539240860096
2025-01-09 07:40:00+00:00,0.8084886219961048,0.8103364117986745,0.8047765235134434,0.8066243133160131,2081.056294239214
2025-01-09 07:45:00+00:00,0.8066243133160131,0.8072899967546994,0.8050059739239128,0.805671657362599,1593.3186922047776
2025-01-09 07:50:00+00:00,0.805671657362599,0.8065277674538316,0.804976732325679,0.8058328424169116,1010.3296809922751
2025-01-09 07:55:00+00:00,0.8058328424169116,0.8068913395804099,0.802921807085266,0.8039803042487643,927.0173558534585
2025-01-09 08:00:00+00:00,0.8039803042487643,0.8064852214543139,0.7996277827653095,0.8021326999708591,1062.0817852040602
2025-01-09 08:05:00+00:00,0.8021326999708591,0.8036697442150573,0.7987068296349158,0.800243873879114,726.9666565892231
2025-01-09 08:10:00+00:00,0.800243873879114,0.8021294149716047,0.7976323659964404,0.7995179070889311,945.9191901659664
2025-01-09 08:15:00+00:00,0.7995179070889311,0.8011404116281305,0.7971731770373104,0.7987956815765098,707.7375540392513
2025-01-09 08:20:00+00:00,0.7987956815765098,0.7992813783486319,0.7982942568039247,0.7987799535760468,1009.4590993027289
2025-01-09 08:25:00+00:00,0.7987799535760468,0.8012431449572605,0.7955716697177609,0.7980348610989746,1383.24806197949
2025-01-09 08:30:00+00:00,0.7980348610989746,0.7998206963059271,0.7949062978184335,0.796692133025386,2261.342272891656
2025-01-09 08:35:00+00:00,0.796692133025386,0.798224260044955,0.7940932639036483,0.7956253909232173,1561.4650557374948
2025-01-09 08:40:00+00:00,0.7956253909232173,0.7967236142054639,0.7917459548837985,0.7928441781660451,762.54653104599
2025-01-09 08:45:00+00:00,0.7928441781660451,0.7949678615944803,0.7896849195364289,0.7918086029648641,1180.7712769417335
2025-01-09 08:50:00+00:00,0.7918086029648641,0.7943109934683502,0.7878653609606495,0.7903677514641356,999.2664485978623
2025-01-09 08:55:00+00:00,0.7903677514641356,0.7938258944555702,0.7872371279963527,0.7906952709877872,1302.564241736964
2025-01-09 09:00:00+00:00,0.7906952709877872,0.7928599707372574,0.7881582214374449,0.790322921186915,1146.1560120948127
2025-01-09 09:05:00+00:00,0.790322921186915,0.791304771652932,0.7868540734281692,0.7878359238941861,979.5585108130754
2025-01-09 09:10:00+00:00,0.7878359238941861,0.7903819284506466,0.7830210205299726,0.7855670250864331,1183.2782709829294
2025-01-09 09:15:00+00:00,0.7855670250864331,0.7860298371510382,0.7841683908439822,0.7846312029085873,1014.6674148640209
2025-01-09 09:20:00+00:00,0.7846312029085873,0.785741028844118,0.7797951028323504,0.7809049287678811,1242.696742947368
2025-01-09 09:25:00+00:00,0.7809049287678811,0.7813518649102652,0.7777930737183676,0.7782400098607517,1176.5291004276219
2025-01-09 09:30:00+00:00,0.7782400098607517,0.7795982116771278,0.7753989063058094,0.7767571081221856,1146.698666940804
2025-01-09 09:35:00+00:00,0.7767571081221856,0.778446117692495,0.7738198093853477,0.7755088189556572,625.0231907639511
2025-01-09 09:40:00+00:00,0.7755088189556572,0.7762261652373194,0.7730988168065577,0.7738161630882199,1307.5982072905665
2025-01-09 09:45:00+00:00,0.7738161630882199,0.7767515466698637,0.770080017944178,0.7730154015258218,928.0476637135876
2025-01-09 09:50:00+00:00,0.7730154015258218,0.7757396540960988,0.7681483813521172,0.7708726339223941,818.7181717140213
2025-01-09 09:55:00+00:00,0.7708726339223941,0.7730485195536552,0.7668850083521169,0.769060893983378,4033.417986523557
2025-01-09 10:00:00+00:00,0.769060893983378,0.7704486389768649,0.7655894963359906,0.7669772413294775,3405.5043809184954
2025-01-09 10:05:00+00:00,0.7669772413294775,0.767463501511223,0.7635805982063179,0.7640668583880633,2086.177613719338
2025-01-09 10:10:00+00:00,0.7640668583880633,0.7668152367986348,0.7594534327795759,0.7622018111901474,2500.5657772845198
2025-01-09 10:15:00+00:00,0.7622018111901474,0.7636289084673817,0.7583680334420444,0.7597951307192787,2543.2462943874407
2025-01-09 10:20:00+00:00,0.7597951307192787,0.7625680169053136,0.7551971112434831,0.757969997429518,1782.2871552525232
2025-01-09 10:25:00+00:00,0.757969997429518,0.760374139727916,0.7513102930818497,0.7537144353802477,937.7756693623958
2025-01-09 10:30:00+00:00,0.7537144353802477,0.754133822860835,0.7515193363414631,0.7519387238220503,1030.2015960762733
2025-01-09 10:35:00+00:00,0.7519387238220503,0.7523354608777146,0.7491932050670851,0.7495899421227494,1499.226310861965
2025-01-09 10:40:00+00:00,0.7495899421227494,0.7519122165830027,0.7448724346758681,0.7471947091361213,909.1499505695308
2025-01-09 10:45:00+00:00,0.7471947091361213,0.74995964684764,0.7426450753864119,0.7454100130979306,998.9658634770503
2025-01-09 10:50:00+00:00,0.7454100130979306,0.7462182456089843,0.7423769132244789,0.7431851457355325,1522.2284943463028
2025-01-09 10:55:00+00:00,0.7431851457355325,0.7447207293932921,0.7406921691473883,0.742227752805148,750.6914128402993
2025-01-09 11:00:00+00:00,0.742227752805148,0.7448985740345714,0.7389059823991639,0.7415768036285874,1842.232177911783
2025-01-09 11:05:00+00:00,0.7415768036285874,0.7419897760972004,0.7402128822892751,0.7406258547578881,1777.329255294419
2025-01-09 11:10:00+00:00,0.7406258547578881,0.741159592857289,0.739239418409079,0.73977315650848,766.4637957578476
2025-01-09 11:15:00+00:00,0.73977315650848,0.7402760476938475,0.7379133717268216,0.7384162629121891,1491.314226804723
2025-01-09 11:20:00+00:00,0.7384162629121891,0.7407540047954114,0.734459514559113,0.7367972564423353,805.1354581905584
2025-01-09 11:25:00+00:00,0.7367972564423353,0.7388433940374165,0.7320095586214079,0.7340556962164891,1038.5069884179213
2025-01-09 11:30:00+00:00,0.7340556962164891,0.7346154185238082,0.7315963822405506,0.7321561045478696,1377.8640429547163
2025-01-09 11:35:00+00:00,0.7321561045478696,0.7326649955732639,0.7311681510668087,0.731677042092203,863.6681054404712
2025-01-09 11:40:00+00:00,0.731677042092203,0.7339485273663449,0.7285706145256603,0.7308420997998022,1089.2367619087177
2025-01-09 11:45:00+00:00,0.7308420997998022,0.7329881464787525,0.7268000688041119,0.7289461154830622,1072.4539119389958
2025-01-09 11:50:00+00:00,0.7289461154830622,0.7316929152165939,0.7248646281864742,0.7276114279200059,778.5731133410768
2025-01-09 11:55:00+00:00,0.7276114279200059,0.7280535718794934,0.7266990420058914,0.7271411859653789,876.5161712366038
2025-01-09 12:00:00+00:00,0.7271411859653789,0.7299297103936696,0.722859303231181,0.7256478276594717,985.4331415747791
2025-01-09 12:05:00+00:00,0.7256478276594717,0.7263598805612902,0.7250299309370206,0.7257419838388391,935.9408368129383
2025-01-09 12:10:00+00:00,0.7257419838388391,0.7268859240762964,0.7226636812709111,0.7238076215083683,1417.7188940167407
2025-01-09 12:15:00+00:00,0.7238076215083683,0.7255078568178043,0.7215530402832644,0.7232532755927004,2047.6707607341853
2025-01-09 12:20:00+00:00,0.7232532755927004,0.7246191729227079,0.721287870422414,0.7226537677524216,1115.5684589871885
2025-01-09 12:25:00+00:00,0.7226537677524216,0.7251208003200043,0.7191718367813321,0.7216388693489147,1029.2929449720477
2025-01-09 12:30:00+00:00,0.7216388693489147,0.7236170347870297,0.718793280883926,0.7207714463220409,712.9785238171153
2025-01-09 12:35:00+00:00,0.7207714463220409,0.7234887633956918,0.7174262807098982,0.7201435977835491,2496.0993381247836
2025-01-09 12:40:00+00:00,0.7201435977835491,0.7214084081231615,0.7158685630171133,0.7171333733567258,2147.5444492477486
2025-01-09 12:45:00+00:00,0.7171333733567258,0.7181488024730204,0.7154987099267659,0.7165141390430605,1599.6702930427045
2025-01-09 12:50:00+00:00,0.7165141390430605,0.7181870033393514,0.7148308889127135,0.7165037532090044,1384.178606543521
2025-01-09 12:55:00+00:00,0.7165037532090044,0.7186004496396523,0.713786371828945,0.7158830682595929,3050.516855783132
2025-01-09 13:00:00+00:00,0.7158830682595929,0.7164301066233472,0.7153762862314178,0.715923324595172,2039.5669882816458
2025-01-09 13:05:00+00:00,0.715923324595172,0.7184039482255361,0.7115214509673835,0.7140020745977476,2201.9090128225466
2025-01-09 13:10:00+00:00,0.7140020745977476,0.7167697073626716,0.7102919771643118,0.7130596099292359,1321.424653703067
2025-01-09 13:15:00+00:00,0.7130596099292359,0.7136127052002356,0.7119260639462959,0.7124791592172955,1285.4228569398629
2025-01-09 13:20:00+00:00,0.7124791592172955,0.7137312364474582,0.7101605568863633,0.7114126341165259,634.4638502690192
2025-01-09 13:25:00+00:00,0.7114126341165259,0.7125440038169686,0.710468034472562,0.7115994041730047,723.1766804117839
2025-01-09 13:30:00+00:00,0.7115994041730047,0.7129121026290418,0.7098894164572525,0.7112021149132896,1170.435014811037
2025-01-09 13:35:00+00:00,0.7112021149132896,0.712170949245284,0.7089994149201607,0.7099682492521552,1038.9645861940064
2025-01-09 13:40:00+00:00,0.7099682492521552,0.7127932071017775,0.7070478359749153,0.7098727938245376,1803.160595347096
2025-01-09 13:45:00+00:00,0.7098727938245376,0.7126713001086814,0.7069875900137196,0.7097860962978634,677.4410456815599
2025-01-09 13:50:00+00:00,0.7097860962978634,0.7125466698373035,0.7058780624104982,0.7086386359499384,1002.7029320296228
2025-01-09 13:55:00+00:00,0.7086386359499384,0.7108326686115914,0.7062018964095663,0.7083959290712194,1074.368275500931
2025-01-09 14:00:00+00:00,0.7083959290712194,0.7097216746777968,0.7066156001563483,0.7079413457629257,1021.9877757989357
2025-01-09 14:05:00+00:00,0.7079413457629257,0.7094639535687897,0.7059410594716417,0.7074636672775056,1427.8838926314431
2025-01-09 14:10:00+00:00,0.7074636672775056,0.709398532713062,0.7036869219176075,0.7056217873531638,1629.1916705132817
2025-01-09 14:15:00+00:00,0.7056217873531638,0.7070090113091418,0.7045218012284096,0.7059090251843876,1497.1882096004954
2025-01-09 14:20:00+00:00,0.7059090251843876,0.7072201773344338,0.7043436314712767,0.7056547836213228,848.1404526049915
2025-01-09 14:25:00+00:00,0.7056547836213228,0.7077178839489945,0.7027555379343229,0.7048186382619945,556.7980090238045
2025-01-09 14:30:00+00:00,0.7048186382619945,0.7068863513247171,0.702215668219111,0.7042833812818335,1321.522603967848
2025-01-09 14:35:00+00:00,0.7042833812818335,0.7053635831013118,0.7026393768598523,0.7037195786793305,821.3815035987183
2025-01-09 14:40:00+00:00,0.7037195786793305,0.706509113300599,0.6998082372770721,0.7025977718983405,1314.7898209640014
2025-01-09 14:45:00+00:00,0.7025977718983405,0.703043676908855,0.7007748313428331,0.7012207363533477,993.5597482496619
2025-01-09 14:50:00+00:00,0.7012207363533477,0.7018386276023971,0.699776394563231,0.7003942858122805,1092.5996492273027
2025-01-09 14:55:00+00:00,0.7003942858122805,0.7015412115118148,0.6978155551494841,0.6989624808490185,1477.7810991602526
2025-01-09 15:00:00+00:00,0.6989624808490185,0.7001651251380833,0.6963958241853717,0.6975984684744365,1475.4687846983886
2025-01-09 15:05:00+00:00,0.6975984684744365,0.699751500983554,0.6934892311934866,0.6956422637026041,869.5982394545779
2025-01-09 15:10:00+00:00,0.6956422637026041,0.6974401171134954,0.6926013304258076,0.694399183836699,722.1281271097698
2025-01-09 15:15:00+00:00,0.694399183836699,0.6967258528728949,0.691866016777655,0.694192685813851,3204.0891022816522
2025-01-09 15:20:00+00:00,0.694192685813851,0.6962825508929114,0.6912056784564171,0.6932955435354775,3312.8161242418237
2025-01-09 15:25:00+00:00,0.6932955435354775,0.6942226653970673,0.6913014144719489,0.6922285363335388,4488.65646105222
2025-01-09 15:30:00+00:00,0.6922285363335388,0.6944007854000234,0.6886562477642643,0.6908284968307489,2921.896789440258
2025-01-09 15:35:00+00:00,0.6908284968307489,0.6925131831717862,0.6876217803376691,0.6893064666787064,4117.291440320419
2025-01-09 15:40:00+00:00,0.6893064666787064,0.6914966755201726,0.6846811573451088,0.686871366186575,1677.066889717864
2025-01-09 15:45:00+00:00,0.686871366186575,0.6880504379566564,0.6858203771794997,0.6869994489495812,2250.5564333472867
2025-01-09 15:50:00+00:00,0.6869994489495812,0.6895515078590042,0.6825829635767509,0.6851350224861739,2750.10235958259
2025-01-09 15:55:00+00:00,0.6851350224861739,0.6863226606948285,0.6814209770201702,0.6826086152288249,2114.2997668903345
2025-01-09 16:00:00+00:00,0.6826086152288249,0.6847323917669019,0.6794842279003885,0.6816080044384656,1905.0741520378203
2025-01-09 16:05:00+00:00,0.6816080044384656,0.6823446509366337,0.6797192553198673,0.6804559018180354,2002.9772099348456
2025-01-09 16:10:00+00:00,0.6804559018180354,0.6816972583939201,0.6774034319783026,0.6786447885541873,1424.2130958724697
2025-01-09 16:15:00+00:00,0.6786447885541873,0.6790906704039367,0.6755861742627409,0.6760320561124903,1636.6981382138163
2025-01-09 16:20:00+00:00,0.6760320561124903,0.6764451889504665,0.67549071650164,0.6759038493396162,2849.2134519311726
2025-01-09 16:25:00+00:00,0.6759038493396162,0.6787885186101609,0.67525408503361,0.6781387543041546,1677.013233061457
2025-01-09 16:30:00+00:00,0.6781387543041546,0.680678575142398,0.6764396774854622,0.6789794983237056,1414.5539727800697
2025-01-09 16:35:00+00:00,0.6789794983237056,0.6798187275018349,0.6785183664433417,0.679357595621471,1807.891175089676
2025-01-09 16:40:00+00:00,0.679357595621471,0.6829212338772933,0.6781988914850764,0.6817625297408987,1709.6688744992932
2025-01-09 16:45:00+00:00,0.6817625297408987,0.6845132820342298,0.6794320460297957,0.6821827983231268,1748.9168550516356
2025-01-09 16:50:00+00:00,0.6821827983231268,0.6844487700290701,0.6800050687680727,0.682271040474016,2215.857690808874
2025-01-09 16:55:00+00:00,0.682271040474016,0.6853862496717822,0.6804276296190767,0.6835428388168429,1682.8842827846872
2025-01-09 17:00:00+00:00,0.6835428388168429,0.6856435058676925,0.6825532524054416,0.6846539194562913,1909.6444603845387
2025-01-09 17:05:00+00:00,0.6846539194562913,0.6883643413705817,0.6830257769026676,0.686736198816958,1560.411362193247
2025-01-09 17:10:00+00:00,0.686736198816958,0.6893802106289115,0.6835942546988201,0.6862382665107736,2519.755888899522
2025-01-09 17:15:00+00:00,0.6862382665107736,0.6877870604446767,0.6857009621038807,0.6872497560377838,2089.888714745641
2025-01-09 17:20:00+00:00,0.6872497560377838,0.6892347076392884,0.6846332184848954,0.6866181700864,3377.0958460426937
2025-01-09 17:25:00+00:00,0.6866181700864,0.6890800500661648,0.6852962211917394,0.6877581011715042,2141.2876094014405
2025-01-09 17:30:00+00:00,0.6877581011715042,0.6901363587928276,0.6855969074803171,0.6879751651016406,1428.8253600271587
2025-01-09 17:35:00+00:00,0.6879751651016406,0.6890833186046708,0.6872421047346641,0.6883502582376942,1320.8431505488893
2025-01-09 17:40:00+00:00,0.6883502582376942,0.6888822876725077,0.6879685280729281,0.6885005575077415,1686.6517148256194
2025-01-09 17:45:00+00:00,0.6885005575077415,0.6913444245338459,0.6871134690824521,0.6899573361085565,2045.5336852321134
2025-01-09 17:50:00+00:00,0.6899573361085565,0.6930917703786162,0.688940158678495,0.6920745929485548,1925.1169725150392
2025-01-09 17:55:00+00:00,0.6920745929485548,0.6955344119941136,0.6893251742707873,0.6927849933163461,3918.175310718672
2025-01-09 18:00:00+00:00,0.6927849933163461,0.6950513084076021,0.6910985695096168,0.6933648846008728,4732.393527948183
2025-01-09 18:05:00+00:00,0.6933648846008728,0.6963428874809352,0.6907759721733628,0.6937539750534253,4823.5685132937515
2025-01-09 18:10:00+00:00,0.6937539750534253,0.6975240140698399,0.6912440942879072,0.6950141333043218,5439.996528395956
2025-01-09 18:15:00+00:00,0.6950141333043218,0.6972027456224127,0.6928089353346456,0.6949975476527365,6828.954387987462
2025-01-09 18:20:00+00:00,0.6949975476527365,0.7004148691948225,0.6934100988751614,0.6988274204172474,1377.472750752283
2025-01-09 18:25:00+00:00,0.6988274204172474,0.7002084925685151,0.6981417271605286,0.6995227993117963,1623.3825369575998
2025-01-09 18:30:00+00:00,0.6995227993117963,0.7034171612087274,0.6979856248200099,0.7018799867169411,2176.6213917867644
2025-01-09 18:35:00+00:00,0.7018799867169411,0.7043766700674554,0.7004535504109968,0.7029502337615111,1717.8498239327853
2025-01-09 18:40:00+00:00,0.7029502337615111,0.7049770205517603,0.7007389376220444,0.7027657244122936,1339.3909856969588
2025-01-09 18:45:00+00:00,0.7027657244122936,0.7040011388342593,0.7012140526768011,0.7024494670987669,2612.370893494322
2025-01-09 18:50:00+00:00,0.7024494670987669,0.7038997520344914,0.7016752088352144,0.7031254937709389,1562.2365821908515
2025-01-09 18:55:00+00:00,0.7031254937709389,0.7055173322695272,0.7011913645911528,0.7035832030897411,1325.8555505974498
2025-01-09 19:00:00+00:00,0.7035832030897411,0.7072462986349581,0.7008079551915485,0.7044710507367655,2206.0582432584833
2025-01-09 19:05:00+00:00,0.7044710507367655,0.7062074681781775,0.7028911099306201,0.704627527372032,2960.6863677092742
2025-01-09 19:10:00+00:00,0.704627527372032,0.7101967764229106,0.7022162226083628,0.7077854716592413,1916.746131032131
2025-01-09 19:15:00+00:00,0.7077854716592413,0.7128176929403349,0.7057733161488616,0.7108055374299552,1005.3292449145674
2025-01-09 19:20:00+00:00,0.7108055374299552,0.7136110780286896,0.707699465025937,0.7105050056246713,2124.730816390811
2025-01-09 19:25:00+00:00,0.7105050056246713,0.7147911864747093,0.7079103474269527,0.7121965282769906,2751.661814256526
2025-01-09 19:30:00+00:00,0.7121965282769906,0.7164080575783153,0.7103307321359364,0.7145422614372611,3661.2886476178815
2025-01-09 19:35:00+00:00,0.7145422614372611,0.7179467216144645,0.7122058360605129,0.7156102962377163,3456.250306290439
2025-01-09 19:40:00+00:00,0.7156102962377163,0.7177187227334658,0.7147000074974162,0.7168084339931657,2872.2766602960905
2025-01-09 19:45:00+00:00,0.7168084339931657,0.7218569386092365,0.7141320610547445,0.7191805656708152,1785.1336729230622
2025-01-09 19:50:00+00:00,0.7191805656708152,0.722668619420452,0.7176286974394231,0.7211167511890599,1986.9084844915255
2025-01-09 19:55:00+00:00,0.7211167511890599,0.7226404329848435,0.7200436205670369,0.7215673023628204,2170.4891236642175
2025-01-09 20:00:00+00:00,0.7215673023628204,0.7252004266197598,0.7205372607072605,0.7241703849641999,1911.7155977206075
2025-01-09 20:05:00+00:00,0.7241703849641999,0.7267686702415175,0.7227187235644011,0.7253170088417187,2066.5351611686306
2025-01-09 20:10:00+00:00,0.7253170088417187,0.7289137239572364,0.7249509404194301,0.7285476555349478,2273.2874822768185
2025-01-09 20:15:00+00:00,0.7285476555349478,0.7320919570418674,0.7257999199037944,0.729344221410714,1870.251608266792
2025-01-09 20:20:00+00:00,0.729344221410714,0.7309753124754982,0.7273653730803559,0.7289964641451401,1703.6286752424583
2025-01-09 20:25:00+00:00,0.7289964641451401,0.7324172390629172,0.7273522537908724,0.7307730287086496,1997.246948284668
2025-01-09 20:30:00+00:00,0.7307730287086496,0.7359527875567515,0.7283788401792862,0.7335585990273882,4468.1489089457355
2025-01-09 20:35:00+00:00,0.7335585990273882,0.73796758294845,0.7313471022876796,0.7357560862087414,3476.5693678696102
2025-01-09 20:40:00+00:00,0.7357560862087414,0.7397495322657528,0.7336645366552998,0.7376579827123112,3422.8374510011513
2025-01-09 20:45:00+00:00,0.7376579827123112,0.7399771026872161,0.7363005027574612,0.738619622732366,4389.794557165837
2025-01-09 20:50:00+00:00,0.738619622732366,0.7431490703491882,0.7367059877559248,0.7412354353727469,3195.0815352350573
2025-01-09 20:55:00+00:00,0.7412354353727469,0.7443335884131675,0.73829259081759,0.7413907438580106,5992.161117374565
2025-01-09 21:00:00+00:00,0.7413907438580106,0.7461566056124835,0.7391554013309701,0.743921263085443,2225.9877501172027
2025-01-09 21:05:00+00:00,0.743921263085443,0.7475566073504482,0.7410294232328279,0.7446647674978331,3041.7310717050673
2025-01-09 21:10:00+00:00,0.7446647674978331,0.748033437822861,0.742588998904351,0.745957669229379,1633.0380440387955
2025-01-09 21:15:00+00:00,0.745957669229379,0.7479491196584138,0.744611715313847,0.7466031657428818,1872.2594814580998
2025-01-09 21:20:00+00:00,0.7466031657428818,0.7492395065298321,0.7449728307203884,0.7476091715073387,1329.8174668714166
2025-01-09 21:25:00+00:00,0.7476091715073387,0.7521433778205489,0.7462480341656517,0.7507822404788618,1634.42845910546
2025-01-09 21:30:00+00:00,0.7507822404788618,0.7526867546352334,0.74963305319123,0.7515375673476016,2172.6276616024197
2025-01-09 21:35:00+00:00,0.7515375673476016,0.7546870083972606,0.7503756312329449,0.7535250722826039,2275.5177668938004
2025-01-09 21:40:00+00:00,0.7535250722826039,0.7573301206859169,0.7507934757742285,0.7545985241775415,1321.9566307049447
2025-01-09 21:45:00+00:00,0.7545985241775415,0.7579083278768807,0.754018233933229,0.7573280376325682,1496.1735583593954
2025-01-09 21:50:00+00:00,0.7573280376325682,0.7598272343920298,0.7553595091245725,0.7578587058840341,1895.6709501534262
2025-01-09 21:55:00+00:00,0.7578587058840341,0.7602192096024999,0.7572576196476133,0.759618123366079,1775.8851623282824
2025-01-09 22:00:00+00:00,0.759618123366079,0.7635024272257402,0.7583035236444604,0.7621878275041216,2215.252033498652
2025-01-09 22:05:00+00:00,0.7621878275041216,0.7679478401174854,0.7602378857623432,0.765997898375707,1616.202933275287
2025-01-09 22:10:00+00:00,0.765997898375707,0.7691151908712532,0.7634780464287575,0.7665953389243038,1883.5071940567382
2025-01-09 22:15:00+00:00,0.7665953389243038,0.7679179681229557,0.7661253165528795,0.7674479457515314,1332.5957134375922
2025-01-09 22:20:00+00:00,0.7674479457515314,0.7700404032970927,0.7664452236099522,0.7690376811555134,2835.1067200414036
2025-01-09 22:25:00+00:00,0.7690376811555134,0.7734383706398522,0.7676270168212829,0.7720277063056217,2134.975817358268
2025-01-09 22:30:00+00:00,0.7720277063056217,0.7756696787913651,0.7690068335351292,0.7726488060208726,2237.2104586619666
2025-01-09 22:35:00+00:00,0.7726488060208726,0.7780073887673967,0.7696041079347833,0.7749626906813074,2348.926637686357
2025-01-09 22:40:00+00:00,0.7749626906813074,0.7771912766288762,0.7736549425479513,0.7758835284955201,2121.1329987567105
2025-01-09 22:45:00+00:00,0.7758835284955201,0.7772231022243272,0.7750411689599773,0.7763807426887844,2422.115627902693
2025-01-09 22:50:00+00:00,0.7763807426887844,0.7790862134765674,0.7736113526943642,0.7763168234821471,2717.849998641566
2025-01-09 22:55:00+00:00,0.7763168234821471,0.780319613866527,0.773834449747418,0.7778372401317979,2300.342856733246
2025-01-09 23:00:00+00:00,0.7778372401317979,0.7820481011972983,0.7759131262601812,0.7801239873256816,2687.483441031783
2025-01-09 23:05:00+00:00,0.7801239873256816,0.7826209167288823,0.7788506813719535,0.7813476107751542,3032.383158885991
2025-01-09 23:10:00+00:00,0.7813476107751542,0.78282527829851,0.779141275947021,0.7806189434703767,4033.1376154034037
2025-01-09 23:15:00+00:00,0.7806189434703767,0.7826669246629758,0.7792807399408845,0.7813287211334836,6481.431413187597
2025-01-09 23:20:00+00:00,0.7813287211334836,0.7848077069844216,0.7799733385687663,0.7834523244197042,3003.949727858403
2025-01-09 23:25:00+00:00,0.7834523244197042,0.7861026966091818,0.7828019529140433,0.7854523251035208,4604.313560343424
2025-01-09 23:30:00+00:00,0.7854523251035208,0.7883660159889764,0.7839357451857233,0.7868494360711789,4884.083527646766
2025-01-09 23:35:00+00:00,0.7868494360711789,0.7900296065258465,0.786183671965586,0.7893638424202537,5764.247162125719
2025-01-09 23:40:00+00:00,0.7893638424202537,0.7900990426507578,0.7884783392320451,0.7892135394625492,2052.9404478808797
2025-01-09 23:45:00+00:00,0.7892135394625492,0.7906802464203103,0.7875964554054533,0.7890631623632144,2020.1245749670761
2025-01-09 23:50:00+00:00,0.7890631623632144,0.7933504383573652,0.788072082367876,0.7923593583620268,1838.304023824525
2025-01-09 23:55:00+00:00,0.7923593583620268,0.7968064445079807,0.7895347288621806,0.7939818150081345,2228.5793781345214
2025-01-10 00:00:00+00:00,0.7939818150081345,0.7958577542212261,0.7928587548883317,0.7947346941014233,2479.9340141931757
2025-01-10 00:05:00+00:00,0.7947346941014233,0.7960896377768423,0.7938309215120353,0.7951858651874543,1817.666787477498
2025-01-10 00:10:00+00:00,0.7951858651874543,0.7960744931194274,0.7927049517506206,0.7935935796825937,3078.7782949460834
2025-01-10 00:15:00+00:00,0.7935935796825937,0.7979494989454975,0.7909250443134738,0.7952809635763776,1935.926237409389
2025-01-10 00:20:00+00:00,0.7952809635763776,0.7959532970173439,0.7934653866772128,0.7941377201181791,2526.095746440367
2025-01-10 00:25:00+00:00,0.7941377201181791,0.7960532632381437,0.7911604850018917,0.7930760281218564,2089.7607602759326
2025-01-10 00:30:00+00:00,0.7930760281218564,0.7966002999939671,0.7903290057842308,0.7938532776563415,1674.441690329848
2025-01-10 00:35:00+00:00,0.7938532776563415,0.7988684614643508,0.7911134916373777,0.7961286754453869,1482.4604511619852
2025-01-10 00:40:00+00:00,0.7961286754453869,0.79789880513589,0.7947834285370228,0.7965535582275258,1827.5855671330057
2025-01-10 00:45:00+00:00,0.7965535582275258,0.7981286502610192,0.7961463981550274,0.7977214901885208,1435.9045788066935
2025-01-10 00:50:00+00:00,0.7977214901885208,0.8003362867808249,0.7954863594101393,0.7981011560024435,1923.845883327924
2025-01-10 00:55:00+00:00,0.7981011560024435,0.8011559784846262,0.7962364901399437,0.7992913126221264,2059.510223361598
2025-01-10 01:00:00+00:00,0.7992913126221264,0.8012495939374235,0.7965171817007412,0.7984754630160382,2148.13711922651
2025-01-10 01:05:00+00:00,0.7984754630160382,0.8035163515218,0.796302007502018,0.8013428960077797,1769.215196392922
2025-01-10 01:10:00+00:00,0.8013428960077797,0.8020922664728948,0.8004758595953422,0.8012252300604572,1425.9723854609963
2025-01-10 01:15:00+00:00,0.8012252300604572,0.804028567873277,0.7998078394730022,0.802611177285822,1964.4329506417141
2025-01-10 01:20:00+00:00,0.802611177285822,0.8045766791902166,0.7994954414092276,0.8014609433136222,2203.4407987446702
2025-01-10 01:25:00+00:00,0.8014609433136222,0.8056910077014064,0.7998419647801295,0.8040720291679138,2345.6247003681256
2025-01-10 01:30:00+00:00,0.8040720291679138,0.8080473706372336,0.8014174067262209,0.8053927481955407,2165.1706199489554
2025-01-10 01:35:00+00:00,0.8053927481955407,0.8101670517996598,0.8035123208991684,0.8082866245032874,1441.5715549131983
2025-01-10 01:40:00+00:00,0.8082866245032874,0.8114483105119242,0.8054221757835777,0.8085838617922145,1705.48687062911
2025-01-10 01:45:00+00:00,0.8085838617922145,0.8115469063618075,0.807623401550511,0.810586446120104,2119.3302858078937
2025-01-10 01:50:00+00:00,0.810586446120104,0.811998203784865,0.8100083727836042,0.8114201304483651,4407.272337795025
2025-01-10 01:55:00+00:00,0.8114201304483651,0.8135807426362284,0.8102570061806889,0.8124176183685521,3825.952165028596
2025-01-10 02:00:00+00:00,0.8124176183685521,0.8157828171575366,0.8114226750434915,0.8147878738324761,3878.865982111036
2025-01-10 02:05:00+00:00,0.8147878738324761,0.8159223252668147,0.8138689911662419,0.8150034426005806,3963.806120348315
2025-01-10 02:10:00+00:00,0.8150034426005806,0.8179365977290788,0.8139622629575628,0.816895418086061,5592.384910031646
2025-01-10 02:15:00+00:00,0.816895418086061,0.821314185887506,0.8156209281636732,0.8200396959651182,3270.220905215832
2025-01-10 02:20:00+00:00,0.8200396959651182,0.8235005335833512,0.8195798024892083,0.8230406401074413,3331.241959952031
2025-01-10 02:25:00+00:00,0.8230406401074413,0.8281632833747281,0.8202788476567454,0.8254014909240323,2055.8784440085938
2025-01-10 02:30:00+00:00,0.8254014909240323,0.8291067460272984,0.8233649041185512,0.8270701592218174,2680.1476830900524
2025-01-10 02:35:00+00:00,0.8270701592218174,0.8286679180905543,0.8258731771444255,0.8274709360131625,2208.081207961997
2025-01-10 02:40:00+00:00,0.8274709360131625,0.8323550866057586,0.8254686380135571,0.8303527886061532,3146.13972271653
2025-01-10 02:45:00+00:00,0.8303527886061532,0.834330685427499,0.8271565475590759,0.8311344443804216,2079.701923647242
2025-01-10 02:50:00+00:00,0.8311344443804216,0.8357044811088578,0.8293089969468036,0.8338790336752397,893.6114661958268
2025-01-10 02:55:00+00:00,0.8338790336752397,0.835918558036636,0.833067565440861,0.8351070898022572,1667.596137932366
2025-01-10 03:00:00+00:00,0.8351070898022572,0.8399538413490961,0.831882790413763,0.8367295419606019,3070.363936542292
2025-01-10 03:05:00+00:00,0.8367295419606019,0.8388930872187976,0.8362185837651909,0.8383821290233866,1542.4784302621526
2025-01-10 03:10:00+00:00,0.8383821290233866,0.8420451566314837,0.8370416190520058,0.8407046466601029,1489.7733144366098
2025-01-10 03:15:00+00:00,0.8407046466601029,0.8434619448259207,0.8392372083289964,0.8419945064948142,1113.0293052760258
2025-01-10 03:20:00+00:00,0.8419945064948142,0.845433850336557,0.8405225845223576,0.8439619283641004,2289.7333267970166
2025-01-10 03:25:00+00:00,0.8439619283641004,0.8462642125163,0.8429427481674843,0.8452450323196838,3401.2676371161115
2025-01-10 03:30:00+00:00,0.8452450323196838,0.8506274247870679,0.8422697682879864,0.8476521607553704,1667.600582628493
2025-01-10 03:35:00+00:00,0.8476521607553704,0.8528022744727789,0.8446926884705354,0.8498428021879438,1386.9126148143423
2025-01-10 03:40:00+00:00,0.8498428021879438,0.8530543476660776,0.8490081387047778,0.8522196841829115,2530.240029877981
2025-01-10 03:45:00+00:00,0.8522196841829115,0.855679531181557,0.8498407541066249,0.8533006011052704,2065.2173965790043
2025-01-10 03:50:00+00:00,0.8533006011052704,0.8583797710086389,0.8505523401654802,0.8556315100688487,1549.4948356640991
2025-01-10 03:55:00+00:00,0.8556315100688487,0.8595554190745804,0.8537709408792363,0.857694849884968,1471.7361034476914
2025-01-10 04:00:00+00:00,0.857694849884968,0.8636750063667578,0.8543714831267656,0.8603516396085553,2324.0304924069155
2025-01-10 04:05:00+00:00,0.8603516396085553,0.8629253892455093,0.8598985108597752,0.8624722604967292,1825.076216428052
2025-01-10 04:10:00+00:00,0.8624722604967292,0.8665386155517605,0.8594653251669103,0.8635316802219416,1506.6473237575915
2025-01-10 04:15:00+00:00,0.8635316802219416,0.868967505887821,0.860962817250364,0.8663986429162435,1453.1945718997501
2025-01-10 04:20:00+00:00,0.8663986429162435,0.8705800114876695,0.863617189467624,0.86779855803905,1677.8547572996474
2025-01-10 04:25:00+00:00,0.86779855803905,0.8727871835560966,0.8652331199329152,0.8702217454499618,1104.735991064252
2025-01-10 04:30:00+00:00,0.8702217454499618,0.8725971991529826,0.8677692928939392,0.8701447465969601,5647.417164016349
2025-01-10 04:35:00+00:00,0.8701447465969601,0.8747518782083303,0.8681997593796302,0.8728068909910005,4235.2321147734665
2025-01-10 04:40:00+00:00,0.8728068909910005,0.8766667357913374,0.8717825771219152,0.8756424219222521,5074.993685892701
2025-01-10 04:45:00+00:00,0.8756424219222521,0.8790704726171314,0.873355927480606,0.8767839781754854,4547.450304858511
2025-01-10 04:50:00+00:00,0.8767839781754854,0.8822313374394021,0.8740821408692222,0.8795295001331389,3978.9811244047287
2025-01-10 04:55:00+00:00,0.8795295001331389,0.8820850326790682,0.8786845546750719,0.8812400872210012,2511.917768374381
2025-01-10 05:00:00+00:00,0.8812400872210012,0.8856928099955551,0.8803766834597253,0.8848294062342792,1349.4968732088164
2025-01-10 05:05:00+00:00,0.8848294062342792,0.8891626414437084,0.8833025493711639,0.8876357845805931,1235.440080338278
2025-01-10 05:10:00+00:00,0.8876357845805931,0.8916181540980072,0.8843706281327774,0.8883529976501915,1726.729139959693
2025-01-10 05:15:00+00:00,0.8883529976501915,0.8923313046888319,0.8862006755612055,0.890178982599846,1606.0359999421062
2025-01-10 05:20:00+00:00,0.890178982599846,0.8913998318349531,0.8890605759144633,0.8902814251495704,3836.1534742385466
2025-01-10 05:25:00+00:00,0.8902814251495704,0.8947012909135019,0.8875052271603584,0.8919250929242899,1768.655685218349
2025-01-10 05:30:00+00:00,0.8919250929242899,0.8954597471846696,0.8909488789907419,0.8944835332511216,1945.0332891390262
2025-01-10 05:35:00+00:00,0.8944835332511216,0.8998431325145653,0.891966843208938,0.8973264424723817,1917.8124811737737
2025-01-10 05:40:00+00:00,0.8973264424723817,0.9026129450019789,0.8938265246704942,0.8991130272000913,2598.8409833319956
2025-01-10 05:45:00+00:00,0.8991130272000913,0.9015607797560234,0.8982722611357046,0.9007200136916367,1900.1985310133507
2025-01-10 05:50:00+00:00,0.9007200136916367,0.9055170628614391,0.8979341527443028,0.9027312019141052,2407.357428453946
2025-01-10 05:55:00+00:00,0.9027312019141052,0.9061110009632023,0.9004824386126427,0.9038622376617398,2026.8326375457837
2025-01-10 06:00:00+00:00,0.9038622376617398,0.9090915610530932,0.9007502160409664,0.9059795394323198,2320.6194615730456
2025-01-10 06:05:00+00:00,0.9059795394323198,0.9116151759337487,0.9033024888643577,0.9089381253657867,2054.5214858918744
2025-01-10 06:10:00+00:00,0.9089381253657867,0.9129330864618157,0.9068390238643761,0.9108339849604051,1825.3306952713829
2025-01-10 06:15:00+00:00,0.9108339849604051,0.9148177494536021,0.909448959304537,0.9134327237977339,2116.07467371588
2025-01-10 06:20:00+00:00,0.9134327237977339,0.9177675230269321,0.9098290589244803,0.9141638581536785,2609.4260718612363
2025-01-10 06:25:00+00:00,0.9141638581536785,0.9173514680465524,0.9119862758083829,0.9151738857012568,2209.6787869365376
2025-01-10 06:30:00+00:00,0.9151738857012568,0.918037873533257,0.9142050478793835,0.9170690357113838,1611.9076185068095
2025-01-10 06:35:00+00:00,0.9170690357113838,0.9230532290176746,0.9148295335910902,0.9208137268973811,2406.2094775926807
2025-01-10 06:40:00+00:00,0.9208137268973811,0.9240997859642849,0.920107434952007,0.9233934940189108,1595.5110779672061
2025-01-10 06:45:00+00:00,0.9233934940189108,0.9289752146072603,0.9211434383157129,0.9267251589040624,1710.9959360199057
2025-01-10 06:50:00+00:00,0.9267251589040624,0.9287652501690999,0.9261105350931986,0.9281506263582362,2023.123949738937
2025-01-10 06:55:00+00:00,0.9281506263582362,0.9330201928323046,0.926019590068723,0.9308891565427915,2191.5763414469707
2025-01-10 07:00:00+00:00,0.9308891565427915,0.93263600427065,0.9285295088940771,0.9302763566219356,2336.855178468298
2025-01-10 07:05:00+00:00,0.9302763566219356,0.9353848010289192,0.9270217506680996,0.9321301950750831,2307.8753448367756
2025-01-10 07:10:00+00:00,0.9321301950750831,0.9339342610655381,0.9291853250406403,0.9309893910310953,3463.315491845838
2025-01-10 07:15:00+00:00,0.9309893910310953,0.9350802544322306,0.929493590623984,0.9335844540251192,5330.731591020466
2025-01-10 07:20:00+00:00,0.9335844540251192,0.9367969584552147,0.932090065071512,0.9353025695016075,4221.098910854714
2025-01-10 07:25:00+00:00,0.9353025695016075,0.938560807649498,0.934520842916934,0.9377790810648245,3236.1020486753955
2025-01-10 07:30:00+00:00,0.9377790810648245,0.9430311586436896,0.9341125425950808,0.9393646201739458,5321.708539529427
2025-01-10 07:35:00+00:00,0.9393646201739458,0.9410978136705836,0.938166798033233,0.9398999915298708,2131.8131245964337
2025-01-10 07:40:00+00:00,0.9398999915298708,0.9437320026402612,0.9363039323945066,0.940135943504897,2268.228481609511
2025-01-10 07:45:00+00:00,0.940135943504897,0.9428083438111865,0.9387529466233719,0.9414253469296614,1777.8942910171115
2025-01-10 07:50:00+00:00,0.9414253469296614,0.9448180969399941,0.9408122100640781,0.9442049600744108,2719.7314457271145
2025-01-10 07:55:00+00:00,0.9442049600744108,0.9485473437741931,0.9416376392248225,0.9459800229246048,2430.767915373935
2025-01-10 08:00:00+00:00,0.9459800229246048,0.9476775420700336,0.9447073873181956,0.9464049064636244,3778.7129582655657
2025-01-10 08:05:00+00:00,0.9464049064636244,0.9499321279576913,0.9432679828615329,0.9467952043555998,3319.2180734140607
2025-01-10 08:10:00+00:00,0.9467952043555998,0.9490053448741913,0.9448153243666996,0.947025464885291,1959.2379431010568
2025-01-10 08:15:00+00:00,0.947025464885291,0.9495464766612385,0.945306859919221,0.9478278716951685,1997.3182716667318
2025-01-10 08:20:00+00:00,0.9478278716951685,0.9499344430764461,0.9466702986920291,0.9487768700733068,2441.9145571122585
2025-01-10 08:25:00+00:00,0.9487768700733068,0.9512469211415774,0.9468141436605594,0.94928419472883,1799.7341542904935
2025-01-10 08:30:00+00:00,0.94928419472883,0.952942468013084,0.9467130697553665,0.9503713430396206,1709.7232191324479
2025-01-10 08:35:00+00:00,0.9503713430396206,0.9520117729980816,0.94800388937512,0.9496443193335811,1862.491458563672
2025-01-10 08:40:00+00:00,0.9496443193335811,0.9532762184537253,0.9489340147600017,0.952565913880146,1622.5565452635162
2025-01-10 08:45:00+00:00,0.952565913880146,0.9558551807266699,0.9507030483286767,0.9539923151752006,1968.637170350015
2025-01-10 08:50:00+00:00,0.9539923151752006,0.9598580712455788,0.9510685289977342,0.9569342850681124,2302.4072183433245
2025-01-10 08:55:00+00:00,0.9569342850681124,0.9593432435698633,0.9560638065876297,0.9584727650893806,1721.5203210130026
2025-01-10 09:00:00+00:00,0.9584727650893806,0.9614076783532618,0.9565446719998147,0.9594795852636959,1053.9165427932226
2025-01-10 09:05:00+00:00,0.9594795852636959,0.9632214881680966,0.9571096603924434,0.9608515632968441,1572.3119483147893
2025-01-10 09:10:00+00:00,0.9608515632968441,0.9643060344260972,0.9589662853333191,0.9624207564625722,1270.2510681507201
2025-01-10 09:15:00+00:00,0.9624207564625722,0.9660628303054728,0.9593567665521089,0.9629988403950095,1279.3283749230468
2025-01-10 09:20:00+00:00,0.9629988403950095,0.9658911136564647,0.9610566615719379,0.9639489348333932,1035.8873269922235
2025-01-10 09:25:00+00:00,0.9639489348333932,0.9713137486144068,0.9602659247514767,0.9676307385324903,1347.1677303568513
2025-01-10 09:30:00+00:00,0.9676307385324903,0.9729993241505976,0.9648570981841273,0.9702256838022347,1273.7953572282358
2025-01-10 09:35:00+00:00,0.9702256838022347,0.973250466817657,0.9681296654516586,0.9711544484670809,971.8632420833308
2025-01-10 09:40:00+00:00,0.9711544484670809,0.9765683649374224,0.9679477427876497,0.9733616592579912,1439.4907021821577
2025-01-10 09:45:00+00:00,0.9733616592579912,0.976856704831795,0.9705194338683345,0.9740144794421383,2086.726927102924
2025-01-10 09:50:00+00:00,0.9740144794421383,0.9790463287270011,0.9723388150143641,0.977370664299227,1658.4036874178933
2025-01-10 09:55:00+00:00,0.977370664299227,0.9813565143184618,0.9739351704842856,0.9779210205035204,1882.9522925307479
2025-01-10 10:00:00+00:00,0.9779210205035204,0.984355582107348,0.9743504944377696,0.9807850560415972,2947.5837645919137
2025-01-10 10:05:00+00:00,0.9807850560415972,0.9863979152900282,0.9770602643549058,0.9826731236033368,1935.4598247992562
2025-01-10 10:10:00+00:00,0.9826731236033368,0.9876260624195532,0.9796716263380503,0.9846245651542667,2044.5410090075957
2025-01-10 10:15:00+00:00,0.9846245651542667,0.9875403786623258,0.9827012415073659,0.9856170550154251,1027.0407597460805
2025-01-10 10:20:00+00:00,0.9856170550154251,0.990014137566372,0.982923467899335,0.987320550450282,550.9599336043901
2025-01-10 10:25:00+00:00,0.987320550450282,0.99161405298181,0.9841762080588226,0.9884697105903506,1246.8367227491651
2025-01-10 10:30:00+00:00,0.9884697105903506,0.9933343208780394,0.9846808797722519,0.9895454900599407,1111.9061208765186
2025-01-10 10:35:00+00:00,0.9895454900599407,0.9935270387859576,0.9882766779720472,0.9922582266980641,1261.3180675980213
2025-01-10 10:40:00+00:00,0.9922582266980641,0.9995293606650013,0.9902286185657031,0.9974997525326403,1239.9212460145152
2025-01-10 10:45:00+00:00,0.9974997525326403,1.0025157726817884,0.9943273198119725,0.9993433399611205,859.5526863806087
2025-01-10 10:50:00+00:00,0.9993433399611205,1.0056452400029956,0.9965573362524217,1.002859236294297,1074.871598821659
2025-01-10 10:55:00+00:00,1.002859236294297,1.0067852975745988,1.0012628103717944,1.0051888716520962,1050.1857044707424
2025-01-10 11:00:00+00:00,1.0051888716520962,1.0104095577810075,1.001480882396461,1.0067015685253722,1104.0670576608204
2025-01-10 11:05:00+00:00,1.0067015685253722,1.0115046051460417,1.005958785370033,1.0107618219907024,703.6997194526443
2025-01-10 11:10:00+00:00,1.0107618219907024,1.017574633526813,1.007185770935595,1.0139985824717055,1358.7827916786707
2025-01-10 11:15:00+00:00,1.0139985824717055,1.0188383077302339,1.0130529419952676,1.017892667253796,945.524415130037
2025-01-10 11:20:00+00:00,1.017892667253796,1.0222819827179381,1.0161668307856453,1.0205561462497874,1346.9755830728996
2025-01-10 11:25:00+00:00,1.0205561462497874,1.02556625930135,1.0182730446475683,1.0232831576991308,529.5826028527414
2025-01-10 11:30:00+00:00,1.0232831576991308,1.0271342851663754,1.0209849518021856,1.0248360792694302,773.1432001520247
2025-01-10 11:35:00+00:00,1.0248360792694302,1.0299865807630137,1.021937482249827,1.0270879837434106,1006.419963750422
2025-01-10 11:40:00+00:00,1.0270879837434106,1.0339307600276277,1.0249422253506963,1.0317850016349135,1163.8373021965126
2025-01-10 11:45:00+00:00,1.0317850016349135,1.0329382382494863,1.0303958041602355,1.0315490407748082,1263.0079939337295
2025-01-10 11:50:00+00:00,1.0315490407748082,1.0366049160280628,1.0295950897673551,1.0346509650206097,1403.6404133790763
2025-01-10 11:55:00+00:00,1.0346509650206097,1.0418223889293285,1.0319475466925732,1.039118970601292,881.5455463436627
2025-01-10 12:00:00+00:00,1.039118970601292,1.044006797031513,1.0378662878984044,1.0427541143286254,1163.1087655214938
2025-01-10 12:05:00+00:00,1.0427541143286254,1.0474493811304486,1.0417996021548244,1.0464948689566476,992.593811741312
2025-01-10 12:10:00+00:00,1.0464948689566476,1.0500655907988115,1.0452092520697942,1.048779973911958,794.9229680140697
2025-01-10 12:15:00+00:00,1.048779973911958,1.053712257279874,1.0478964661753787,1.0528287495432946,703.034374447003
2025-01-10 12:20:00+00:00,1.0528287495432946,1.0607547365555128,1.0489808373127878,1.0569068243250057,823.93228998357
2025-01-10 12:25:00+00:00,1.0569068243250057,1.061452966052124,1.0548975607282531,1.0594437024553713,2418.5315725860314
2025-01-10 12:30:00+00:00,1.0594437024553713,1.0674455988315634,1.056161031018922,1.064162927395114,2291.931078601889
2025-01-10 12:35:00+00:00,1.064162927395114,1.0676235043796907,1.062619874091998,1.0660804510765747,3431.7998581130173
2025-01-10 12:40:00+00:00,1.0660804510765747,1.0700277406361296,1.0614467313485803,1.0653940209081352,2206.214993900662
2025-01-10 12:45:00+00:00,1.0653940209081352,1.071829150371285,1.0614192963218443,1.067854425784994,2525.495138102195
2025-01-10 12:50:00+00:00,1.067854425784994,1.0720888103169042,1.0659131526134484,1.0701475371453586,1722.4549866905447
2025-01-10 12:55:00+00:00,1.0701475371453586,1.0746225447449476,1.0669715850840051,1.071446592683594,955.0650248671573
2025-01-10 13:00:00+00:00,1.071446592683594,1.0753970898796532,1.0692586164245865,1.0732091136206456,1647.587720260587
2025-01-10 13:05:00+00:00,1.0732091136206456,1.075562594355753,1.0724702340962193,1.0748237148313267,1220.4615732912318
2025-01-10 13:10:00+00:00,1.0748237148313267,1.076446185108955,1.0692295239358904,1.0708519942135188,1173.3397639522386
2025-01-10 13:15:00+00:00,1.0708519942135188,1.0736690903598534,1.0679823707947118,1.0707994669410463,1195.1588838471916
2025-01-10 13:20:00+00:00,1.0707994669410463,1.0720793245210176,1.0678288380663776,1.069108695646349,648.2431062123175
2025-01-10 13:25:00+00:00,1.069108695646349,1.072280816083804,1.0676594368260008,1.070831557263456,1430.9389262083632
2025-01-10 13:30:00+00:00,1.070831557263456,1.07173269750709,1.068107555784619,1.069008696028253,1331.6885715089024
2025-01-10 13:35:00+00:00,1.069008696028253,1.0721896923530987,1.064484921080581,1.0676659174054266,1081.2807395491243
2025-01-10 13:40:00+00:00,1.0676659174054266,1.0688625033802643,1.0626206513859713,1.063817237360809,1185.0209545339158
2025-01-10 13:45:00+00:00,1.063817237360809,1.0659279791248806,1.0610597263108654,1.063170468074937,1179.0905814110665
2025-01-10 13:50:00+00:00,1.063170468074937,1.0669049443211467,1.0560355561929349,1.0597700324391446,1031.462776509711
2025-01-10 13:55:00+00:00,1.0597700324391446,1.0616448361414732,1.0565337604731144,1.058408564175443,1410.305034959549
2025-01-10 14:00:00+00:00,1.058408564175443,1.059076435484921,1.0568228767656722,1.05749074807515,906.5998552801764
2025-01-10 14:05:00+00:00,1.05749074807515,1.0601539002551899,1.0536548949276239,1.0563180471076636,1044.7779548752153
2025-01-10 14:10:00+00:00,1.0563180471076636,1.0601716201869409,1.0492118454368944,1.0530654185161716,1162.5760064918377
2025-01-10 14:15:00+00:00,1.0530654185161716,1.054823456013025,1.0480567973265709,1.0498148348234242,1183.9458090698954
2025-01-10 14:20:00+00:00,1.0498148348234242,1.0515848619701385,1.0467329470026818,1.048502974149396,1114.8463467180397
2025-01-10 14:25:00+00:00,1.048502974149396,1.051071031310355,1.0451223821389417,1.0476904392999007,862.8516392196361
2025-01-10 14:30:00+00:00,1.0476904392999007,1.0499913249620625,1.0448700169236977,1.0471709025858595,980.2523597319682
2025-01-10 14:35:00+00:00,1.0471709025858595,1.0483090218429525,1.043613708260093,1.0447518275171859,1270.0001305448134
2025-01-10 14:40:00+00:00,1.0447518275171859,1.0458337378538356,1.0411249091583734,1.0422068194950231,1046.2045783173241
2025-01-10 14:45:00+00:00,1.0422068194950231,1.0456875590240167,1.0385422469409507,1.0420229864699442,1253.6155549388593
2025-01-10 14:50:00+00:00,1.0420229864699442,1.0441097325864774,1.0367273423329937,1.038814088449527,908.1280687198059
2025-01-10 14:55:00+00:00,1.038814088449527,1.0414231593655214,1.0346738959336566,1.037282966849651,1082.5877134302136
2025-01-10 15:00:00+00:00,1.037282966849651,1.039144320225091,1.0325301844501622,1.0343915378256021,1140.2290285484573
2025-01-10 15:05:00+00:00,1.0343915378256021,1.0357571820265314,1.028741386586976,1.0301070307879052,2370.5657687992884
2025-01-10 15:10:00+00:00,1.0301070307879052,1.0309001426111724,1.0254124913078744,1.0262056031311415,3165.5590865228983
2025-01-10 15:15:00+00:00,1.0262056031311415,1.0269411014323782,1.0235106118085564,1.024246110109793,2191.9213002244783
2025-01-10 15:20:00+00:00,1.024246110109793,1.0279646000779734,1.0182782896254248,1.0219967795936051,2557.9519674128437
2025-01-10 15:25:00+00:00,1.0219967795936051,1.025318390279558,1.0167622531380445,1.0200838638239973,2300.954655469855
2025-01-10 15:30:00+00:00,1.0200838638239973,1.0221802642070805,1.0150417690741194,1.0171381694572026,2428.144535181668
2025-01-10 15:35:00+00:00,1.0171381694572026,1.02036610417286,1.0107923614745422,1.0140202961901996,895.7339069929278
2025-01-10 15:40:00+00:00,1.0140202961901996,1.0162724528409512,1.0096266027893122,1.0118787594400638,1203.498139297426
2025-01-10 15:45:00+00:00,1.0118787594400638,1.0146417617528922,1.006419873074436,1.0091828753872645,792.6448794905767
2025-01-10 15:50:00+00:00,1.0091828753872645,1.0122797573142635,1.0016860322987022,1.0047829142257012,1028.6961972942206
2025-01-10 15:55:00+00:00,1.0047829142257012,1.00673024370787,0.9998863534706619,1.0018336829528307,1259.352283277762
2025-01-10 16:00:00+00:00,1.0018336829528307,1.0034452470149164,0.9998725127451117,1.0014840768071975,1064.6828293812046
2025-01-10 16:05:00+00:00,1.0014840768071975,1.003868522999803,0.9958088563388209,0.9981933025314262,1244.959003191575
2025-01-10 16:10:00+00:00,0.9981933025314262,0.9994733051533363,0.9952380422999657,0.9965180449218758,1055.1675545085589
2025-01-10 16:15:00+00:00,0.9965180449218758,0.9995044902050069,0.9911313281861952,0.9941177734693263,966.7052828852704
2025-01-10 16:20:00+00:00,0.9941177734693263,0.997453930281071,0.9893921054395387,0.9927282622512834,1174.2004946587488
2025-01-10 16:25:00+00:00,0.9927282622512834,0.9949175628785166,0.9872725876032303,0.9894618882304635,1090.611571994862
2025-01-10 16:30:00+00:00,0.9894618882304635,0.992490413858895,0.9827308349752081,0.9857593606036396,936.826606538137
2025-01-10 16:35:00+00:00,0.9857593606036396,0.9875486156853053,0.9823642914938664,0.9841535465755321,796.9450294995083
2025-01-10 16:40:00+00:00,0.9841535465755321,0.9859488494865687,0.9794357097720313,0.9812310126830679,863.449727144732
2025-01-10 16:45:00+00:00,0.9812310126830679,0.9845249622497586,0.9758509485902126,0.9791448981569033,1016.2054650107223
2025-01-10 16:50:00+00:00,0.9791448981569033,0.9808016138988098,0.9751229777498418,0.9767796934917483,1285.18828449512
2025-01-10 16:55:00+00:00,0.9767796934917483,0.9803363372827776,0.972410842650582,0.9759674864416112,716.6240811361558
2025-01-10 17:00:00+00:00,0.9759674864416112,0.979477270079407,0.9708624489249018,0.9743722325626976,1099.1486771499494
2025-01-10 17:05:00+00:00,0.9743722325626976,0.9758062807854676,0.9712574466235401,0.9726914948463101,1565.9567868874994
2025-01-10 17:10:00+00:00,0.9726914948463101,0.9739660332713825,0.9684841840419579,0.9697587224670303,807.8489669361884
2025-01-10 17:15:00+00:00,0.9697587224670303,0.9728286779827637,0.9631205042119126,0.9661904597276461,929.3555951540418
2025-01-10 17:20:00+00:00,0.9661904597276461,0.9673081019038984,0.9624136159270934,0.9635312581033457,970.7277958976007
2025-01-10 17:25:00+00:00,0.9635312581033457,0.9655990968907999,0.9607954609786691,0.9628632997661233,955.0625823709508
2025-01-10 17:30:00+00:00,0.9628632997661233,0.9637805966359727,0.9611608839287579,0.9620781807986073,1085.9592208688773
2025-01-10 17:35:00+00:00,0.9620781807986073,0.9654485951232475,0.957843913402262,0.9612143277269023,902.7033688255516
2025-01-10 17:40:00+00:00,0.9612143277269023,0.9635872735472248,0.9568855567256936,0.9592585025460162,1238.208927381672
2025-01-10 17:45:00+00:00,0.9592585025460162,0.9604238216738636,0.9554676294806962,0.9566329486085436,1502.3008999662468
2025-01-10 17:50:00+00:00,0.9566329486085436,0.9578767812949728,0.9553118566754549,0.9565556893618841,3046.6798307691224
2025-01-10 17:55:00+00:00,0.9565556893618841,0.9583673506159704,0.9535968797037342,0.9554085409578206,2602.851727814229
2025-01-10 18:00:00+00:00,0.9554085409578206,0.9582562589748647,0.9518581085514572,0.9547058265685013,3653.982421938889
2025-01-10 18:05:00+00:00,0.9547058265685013,0.9560937295342794,0.9509603563673084,0.9523482593330864,1875.7415687161663
2025-01-10 18:10:00+00:00,0.9523482593330864,0.9559410469543983,0.9467323279103381,0.95032511553165,1053.8388638638871
2025-01-10 18:15:00+00:00,0.95032511553165,0.9516559056464463,0.9485253493038692,0.9498561394186655,1551.5189562380317
2025-01-10 18:20:00+00:00,0.9498561394186655,0.9523211055029955,0.9470586468680923,0.9495236129524223,2191.9599259235524
2025-01-10 18:25:00+00:00,0.9495236129524223,0.9521350007741632,0.9446283053894827,0.9472396932112237,1834.8844537205207
2025-01-10 18:30:00+00:00,0.9472396932112237,0.948557039433618,0.9451298275259368,0.9464471737483311,975.3207339519385
2025-01-10 18:35:00+00:00,0.9464471737483311,0.9495666458377068,0.94090167615132,0.9440211482406957,1159.0124045604675
2025-01-10 18:40:00+00:00,0.9440211482406957,0.9465762905094369,0.9417707637861771,0.9443259060549183,934.9845589152968
2025-01-10 18:45:00+00:00,0.9443259060549183,0.9464495902159763,0.9418915265069582,0.9440152106680162,731.4824014517933
2025-01-10 18:50:00+00:00,0.9440152106680162,0.9473290587822872,0.9422289935414444,0.9455428416557154,866.3097883712475
2025-01-10 18:55:00+00:00,0.9455428416557154,0.9492100596766442,0.9425456309785762,0.946212848999505,1190.7746459420523
2025-01-10 19:00:00+00:00,0.946212848999505,0.9488251310086101,0.9418131328869294,0.9444254148960345,795.4751114583619
2025-01-10 19:05:00+00:00,0.9444254148960345,0.9467630350488003,0.9412755477503236,0.9436131679030895,1003.9739906875774
2025-01-10 19:10:00+00:00,0.9436131679030895,0.9446550804730313,0.9409967577790658,0.9420386703490076,1076.0231558496441
2025-01-10 19:15:00+00:00,0.9420386703490076,0.9429283010346714,0.9402689867582862,0.94115861744395,965.5890248907855
2025-01-10 19:20:00+00:00,0.94115861744395,0.944451254672868,0.9377020966218507,0.9409947338507686,1285.9546531840263
2025-01-10 19:25:00+00:00,0.9409947338507686,0.9437465414475249,0.9371772068309635,0.9399290144277198,570.5779446842377
2025-01-10 19:30:00+00:00,0.9399290144277198,0.9415637356704306,0.9372899494756057,0.9389246707183165,1088.2018832044698
2025-01-10 19:35:00+00:00,0.9389246707183165,0.9412177926439534,0.9340377220738747,0.9363308439995116,1230.5588053865536
2025-01-10 19:40:00+00:00,0.9363308439995116,0.9386601732133912,0.9335433526939309,0.9358726819078105,1322.666673244703
2025-01-10 19:45:00+00:00,0.9358726819078105,0.9365740474522285,0.9340237054913422,0.9347250710357602,1049.838394777666
2025-01-10 19:50:00+00:00,0.9347250710357602,0.9379429531211245,0.9310503224732138,0.9342682045585782,1017.4738341615824
2025-01-10 19:55:00+00:00,0.9342682045585782,0.9354642014035163,0.9330518155881213,0.9342478124330594,1076.7098026944343
2025-01-10 20:00:00+00:00,0.9342478124330594,0.9370901525794721,0.9302239563256622,0.933066296472075,904.3650573677861
2025-01-10 20:05:00+00:00,0.933066296472075,0.9335992777643747,0.9320639961358869,0.9325969774281866,1083.3288094836128
2025-01-10 20:10:00+00:00,0.9325969774281866,0.9362740413123923,0.9269595312227091,0.9306365951069149,1182.5216635621875
2025-01-10 20:15:00+00:00,0.9306365951069149,0.9329326710903263,0.9280720307175263,0.9303681067009377,941.3920685697676
2025-01-10 20:20:00+00:00,0.9303681067009377,0.9325262277957056,0.9268231781767053,0.9289812992714732,1608.4843968316115
2025-01-10 20:25:00+00:00,0.9289812992714732,0.9308093072893308,0.9250934920760886,0.9269215000939461,2407.030625472513
2025-01-10 20:30:00+00:00,0.9269215000939461,0.9300317199653773,0.9221136435225578,0.9252238633939889,3074.9929020062027
2025-01-10 20:35:00+00:00,0.9252238633939889,0.9271373158802624,0.9202578915910437,0.9221713440773172,1520.3101211470985
2025-01-10 20:40:00+00:00,0.9221713440773172,0.9247557826780328,0.9173472667200111,0.9199317053207268,2290.4954565082135
2025-01-10 20:45:00+00:00,0.9199317053207268,0.923564211940947,0.9142614145463085,0.9178939211665287,3713.3638702171293
2025-01-10 20:50:00+00:00,0.9178939211665287,0.9198158791972819,0.9143918817588377,0.9163138397895909,1040.8366798131551
2025-01-10 20:55:00+00:00,0.9163138397895909,0.9195408136694152,0.911339354331854,0.9145663282116783,1085.4559058699938
2025-01-10 21:00:00+00:00,0.9145663282116783,0.9179758743216049,0.9087581581422548,0.9121677042521814,1586.0352365549782
2025-01-10 21:05:00+00:00,0.9121677042521814,0.9132786844383727,0.9091184434677964,0.9102294236539876,1033.0606732209485
2025-01-10 21:10:00+00:00,0.9102294236539876,0.9112389628412503,0.9051207196238116,0.9061302588110742,1000.5384426438254
2025-01-10 21:15:00+00:00,0.9061302588110742,0.9086938940487412,0.9018497903877991,0.9044134256254661,1162.8415245066553
2025-01-10 21:20:00+00:00,0.9044134256254661,0.9053088586466425,0.9022647223790415,0.9031601554002179,899.8614166536946
2025-01-10 21:25:00+00:00,0.9031601554002179,0.9054867283040167,0.8997886101421976,0.9021151830459964,1007.0684109645268
2025-01-10 21:30:00+00:00,0.9021151830459964,0.9056692849006822,0.8977875152514336,0.9013416171061195,960.0328299433099
2025-01-10 21:35:00+00:00,0.9013416171061195,0.9043261523986078,0.8961639718365636,0.8991485071290519,846.3803482219319
2025-01-10 21:40:00+00:00,0.8991485071290519,0.9023541918972963,0.8938482818745789,0.8970539666428232,1438.8933937235026
2025-01-10 21:45:00+00:00,0.8970539666428232,0.8995095388108526,0.8920514094969472,0.8945069816649766,1035.0801340644468
2025-01-10 21:50:00+00:00,0.8945069816649766,0.8976999989355591,0.8887361613496165,0.891929178620199,1219.9199526073335
2025-01-10 21:55:00+00:00,0.891929178620199,0.8948344400037831,0.887067435381744,0.8899726967653281,1232.481113987012
2025-01-10 22:00:00+00:00,0.8899726967653281,0.8915435986613763,0.8877161449184366,0.8892870468144849,1436.1114756699835
2025-01-10 22:05:00+00:00,0.8892870468144849,0.8907334173601575,0.8839148630287499,0.8853612335744225,1436.4351689100513
2025-01-10 22:10:00+00:00,0.8853612335744225,0.888145282663426,0.8799041656524564,0.8826882147414599,1032.7786065913594
2025-01-10 22:15:00+00:00,0.8826882147414599,0.8855071564528301,0.8779963361499987,0.8808152778613689,1002.8086551002293
2025-01-10 22:20:00+00:00,0.8808152778613689,0.883068179522226,0.8753399602271656,0.8775928618880228,1218.9938423736564
2025-01-10 22:25:00+00:00,0.8775928618880228,0.8798600301794013,0.873575658964922,0.8758428272563005,864.7023159861853
2025-01-10 22:30:00+00:00,0.8758428272563005,0.8770738956355183,0.8709921795157523,0.8722232478949701,1360.910741166102
2025-01-10 22:35:00+00:00,0.8722232478949701,0.8754218644744723,0.8664745201203347,0.8696731366998369,1321.1638145408044
2025-01-10 22:40:00+00:00,0.8696731366998369,0.8713883108659144,0.8640606123992889,0.8657757865653664,766.9278623588688
2025-01-10 22:45:00+00:00,0.8657757865653664,0.8689565290009352,0.8606967705008658,0.8638775129364347,2304.2503430294623
2025-01-10 22:50:00+00:00,0.8638775129364347,0.8658996304911889,0.8588728263024664,0.8608949438572207,1136.7102229405236
2025-01-10 22:55:00+00:00,0.8608949438572207,0.863696841706716,0.8565915178613462,0.8593934157108416,1510.0504624834903
2025-01-10 23:00:00+00:00,0.8593934157108416,0.860203114503617,0.8561300202887315,0.8569397190815069,1625.6419808153128
2025-01-10 23:05:00+00:00,0.8569397190815069,0.8595619072905765,0.8512024066694804,0.85382459487855,2673.7906852140854
2025-01-10 23:10:00+00:00,0.85382459487855,0.8558924300662427,0.849213170727642,0.8512810059153347,2854.857943711384
2025-01-10 23:15:00+00:00,0.8512810059153347,0.8522741422458409,0.8483193877621934,0.8493125240926995,3730.1201860473348
2025-01-10 23:20:00+00:00,0.8493125240926995,0.8525083435303716,0.8440317555562468,0.8472275749939189,2128.1433437784185
2025-01-10 23:25:00+00:00,0.8472275749939189,0.8495485693343218,0.8426017025770639,0.8449226969174668,3622.573600849268
2025-01-10 23:30:00+00:00,0.8449226969174668,0.8481903597803516,0.8392860523032323,0.8425537151661171,921.1537819559279
2025-01-10 23:35:00+00:00,0.8425537151661171,0.8454682968661975,0.8376638083603861,0.8405783900604665,1045.3071356188125
2025-01-10 23:40:00+00:00,0.8405783900604665,0.8435256132634642,0.8365226555776344,0.8394698787806321,1586.7054344219976
2025-01-10 23:45:00+00:00,0.8394698787806321,0.8413303759212266,0.8351203507017108,0.8369808478423053,977.4670299508358
2025-01-10 23:50:00+00:00,0.8369808478423053,0.8392153704563627,0.8333020928693011,0.8355366154833586,740.9317685361308
2025-01-10 23:55:00+00:00,0.8355366154833586,0.8364345094249779,0.8314817698720158,0.8323796638136352,957.2724551571133
2025-01-11 00:00:00+00:00,0.8323796638136352,0.8354435144109621,0.8284298820848237,0.8314937326821507,1058.5306277253276
2025-01-11 00:05:00+00:00,0.8314937326821507,0.8334489304604362,0.8281375170543466,0.8300927148326321,1346.1420428358206
2025-01-11 00:10:00+00:00,0.8300927148326321,0.8330485098503246,0.8250736508855244,0.8280294459032169,1488.6770531174946
2025-01-11 00:15:00+00:00,0.8280294459032169,0.8292801266638352,0.824782205460781,0.8260328862213993,1180.8274124764494
2025-01-11 00:20:00+00:00,0.8260328862213993,0.8277197627610678,0.821055878675919,0.8227427552155876,1828.8148683115533
2025-01-11 00:25:00+00:00,0.8227427552155876,0.8259891080763198,0.8180052376884377,0.8212515905491699,768.005232404339
2025-01-11 00:30:00+00:00,0.8212515905491699,0.8231283856255194,0.8175988365283755,0.819475631604725,949.0989549172488
2025-01-11 00:35:00+00:00,0.819475631604725,0.8201017522747875,0.8160005919557202,0.8166267126257827,1258.7680788107612
2025-01-11 00:40:00+00:00,0.8166267126257827,0.819598748640507,0.8117802191915793,0.8147522552063036,1057.0888025181134
2025-01-11 00:45:00+00:00,0.8147522552063036,0.8168329600931843,0.8118265541696084,0.8139072590564891,792.108591142002
2025-01-11 00:50:00+00:00,0.8139072590564891,0.8160951427552845,0.8105288174454902,0.8127167011442856,1205.0136719330042
2025-01-11 00:55:00+00:00,0.8127167011442856,0.8149334721213671,0.8094437654741785,0.81166053645126,1255.6183192369303
2025-01-11 01:00:00+00:00,0.81166053645126,0.8137917862909569,0.8077165452479325,0.8098477950876294,1032.4598267148372
2025-01-11 01:05:00+00:00,0.8098477950876294,0.8116290227321966,0.8076436120305925,0.8094248396751598,1028.7329823069097
2025-01-11 01:10:00+00:00,0.8094248396751598,0.8105612841962562,0.8070645593341511,0.8082010038552475,1012.1204186782317
2025-01-11 01:15:00+00:00,0.8082010038552475,0.8090606346828771,0.8069921946307839,0.8078518254584135,753.0455973987162
2025-01-11 01:20:00+00:00,0.8078518254584135,0.8097283365229414,0.8069719322186175,0.8088484432831454,1269.0359350922706
2025-01-11 01:25:00+00:00,0.8088484432831454,0.8093725676498958,0.8053057907697883,0.8058299151365387,962.0871789958366
2025-01-11 01:30:00+00:00,0.8058299151365387,0.8076993539264601,0.802414156053695,0.8042835948436164,1268.112088480598
2025-01-11 01:35:00+00:00,0.8042835948436164,0.8057851871231624,0.8017522007741144,0.8032537930536603,1414.8793084410568
2025-01-11 01:40:00+00:00,0.8032537930536603,0.8060708711340813,0.7987261078308208,0.8015431859112417,2119.879347069957
2025-01-11 01:45:00+00:00,0.8015431859112417,0.8044313024865557,0.7986531798051266,0.8015412963804406,2408.023102581745
2025-01-11 01:50:00+00:00,0.8015412963804406,0.8042924741623686,0.7974943315371321,0.8002455093190601,3438.0394055561974
2025-01-11 01:55:00+00:00,0.8002455093190601,0.8039690325580628,0.7971675448635398,0.8008910681025425,2600.0853320257934
2025-01-11 02:00:00+00:00,0.8008910681025425,0.8038496252669858,0.797723385188289,0.8006819423527323,2203.155641980051
2025-01-11 02:05:00+00:00,0.8006819423527323,0.8016862319349143,0.799163950310921,0.800168239893103,1697.5540238662588
2025-01-11 02:10:00+00:00,0.800168239893103,0.802056098827433,0.7973560302232564,0.7992438891575864,712.1291645231565
2025-01-11 02:15:00+00:00,0.7992438891575864,0.799796290456699,0.7985961889345313,0.7991485902336439,1322.1401264453282
2025-01-11 02:20:00+00:00,0.7991485902336439,0.8018536058056954,0.796017508051192,0.7987225236232435,804.7747679027079
2025-01-11 02:25:00+00:00,0.7987225236232435,0.8017567633508834,0.796192464801956,0.799226704529596,1108.388090431867
2025-01-11 02:30:00+00:00,0.799226704529596,0.8002617740765677,0.79769865025718,0.7987337198041518,1493.6507406315309
2025-01-11 02:35:00+00:00,0.7987337198041518,0.8001299818448692,0.7974215511669266,0.798817813207644,1411.6230597394454
2025-01-11 02:40:00+00:00,0.798817813207644,0.7998890253734386,0.7972322523441265,0.7983034645099212,895.4801522307357
2025-01-11 02:45:00+00:00,0.7983034645099212,0.8006516873765309,0.7953619289957855,0.7977101518623952,1626.564947597452
2025-01-11 02:50:00+00:00,0.7977101518623952,0.8003182072586825,0.7927075588324259,0.7953156142287132,590.622704096371
2025-01-11 02:55:00+00:00,0.7953156142287132,0.7961339065949565,0.7935713534466111,0.7943896458128544,1092.3399966856375
2025-01-11 03:00:00+00:00,0.7943896458128544,0.7954527922617749,0.792744640618303,0.7938077870672235,1160.6164727979817
2025-01-11 03:05:00+00:00,0.7938077870672235,0.7953926228712214,0.7901552099516161,0.791740045755614,1159.0928312467431
2025-01-11 03:10:00+00:00,0.791740045755614,0.7926279331364176,0.7885588325858525,0.789446719966656,1236.3303665594556
2025-01-11 03:15:00+00:00,0.789446719966656,0.7908053385222917,0.7867875783645654,0.788146196920201,1173.739716152788
2025-01-11 03:20:00+00:00,0.788146196920201,0.7906742982568602,0.7848514778205502,0.7873795791572094,1078.71271419006
2025-01-11 03:25:00+00:00,0.7873795791572094,0.7879972890441757,0.7841051231731949,0.7847228330601612,1036.2130861732637
2025-01-11 03:30:00+00:00,0.7847228330601612,0.786718984293727,0.7819189669598923,0.783915118193458,941.5098181022975
2025-01-11 03:35:00+00:00,0.783915118193458,0.7870443799309627,0.7805470742955604,0.783676336033065,954.2639721882356
2025-01-11 03:40:00+00:00,0.783676336033065,0.7862856176359069,0.779670943199332,0.7822802248021739,1525.5108268045253
2025-01-11 03:45:00+00:00,0.7822802248021739,0.7832143988510494,0.7803706603903,0.7813048344391755,1473.3544298337679
2025-01-11 03:50:00+00:00,0.7813048344391755,0.7843389453397631,0.7774681711380484,0.780502282038636,876.4194152942672
2025-01-11 03:55:00+00:00,0.780502282038636,0.7814105649631244,0.7777125380916294,0.7786208210161178,1060.813609844721
2025-01-11 04:00:00+00:00,0.7786208210161178,0.7792473948964445,0.777262438792585,0.7778890126729117,633.4832202824718
2025-01-11 04:05:00+00:00,0.7778890126729117,0.7783077593825796,0.7765435839523958,0.7769623306620637,963.4915837727931
2025-01-11 04:10:00+00:00,0.7769623306620637,0.7799116013792,0.7714932346451931,0.7744425053623295,1025.9411496035993
2025-01-11 04:15:00+00:00,0.7744425053623295,0.776899831743198,0.7710464776981512,0.7735038040790196,957.1913862974252
2025-01-11 04:20:00+00:00,0.7735038040790196,0.7753232809819427,0.7710362055246943,0.7728556824276174,2909.5108620299593
2025-01-11 04:25:00+00:00,0.7728556824276174,0.7741446419619433,0.7690914398277264,0.7703803993620524,2607.0183274774395
2025-01-11 04:30:00+00:00,0.7703803993620524,0.7710204759804151,0.7690125441971454,0.7696526208155081,2189.404197415078
2025-01-11 04:35:00+00:00,0.7696526208155081,0.7703626371435373,0.767143604848805,0.7678536211768341,1905.5525411483836
2025-01-11 04:40:00+00:00,0.7678536211768341,0.7686253326654524,0.7642725637100121,0.7650442751986304,2265.3491791235333
2025-01-11 04:45:00+00:00,0.7650442751986304,0.766065738667191,0.7614641134964981,0.7624855769650587,4158.189094405806
2025-01-11 04:50:00+00:00,0.7624855769650587,0.7644995162730147,0.7580256988188682,0.7600396381268242,731.2519028621193
2025-01-11 04:55:00+00:00,0.7600396381268242,0.7616984412499392,0.7571940233177104,0.7588528264408254,1008.8065132065066
2025-01-11 05:00:00+00:00,0.7588528264408254,0.7618685891956716,0.7537030829386628,0.756718845693509,1430.7947412039573
2025-01-11 05:05:00+00:00,0.756718845693509,0.7596256835884273,0.7517351039296453,0.7546419418245636,1037.074120726626
2025-01-11 05:10:00+00:00,0.7546419418245636,0.7552548561546877,0.7511516791754627,0.7517645935055868,910.9737327505856
2025-01-11 05:15:00+00:00,0.7517645935055868,0.7538741728717373,0.7479098549933529,0.7500194343595035,921.3438175730845
2025-01-11 05:20:00+00:00,0.7500194343595035,0.7527541491752816,0.7443955987268323,0.7471303135426104,1291.429274503539
2025-01-11 05:25:00+00:00,0.7471303135426104,0.7496555192972726,0.7422145758069378,0.7447397815616,1544.8878692942733
2025-01-11 05:30:00+00:00,0.7447397815616,0.7455046337131759,0.7427081506173158,0.7434730027688916,548.4366794474047
2025-01-11 05:35:00+00:00,0.7434730027688916,0.7440319519211792,0.741680583223397,0.7422395323756846,1204.2023006280228
2025-01-11 05:40:00+00:00,0.7422395323756846,0.7426386664324084,0.7395436696965774,0.7399428037533011,1013.4918688057232
2025-01-11 05:45:00+00:00,0.7399428037533011,0.7427021755860358,0.735304851216034,0.7380642230487686,1528.162290256231
2025-01-11 05:50:00+00:00,0.7380642230487686,0.7409044912250174,0.733853327182249,0.7366935953584979,1319.6682207305857
2025-01-11 05:55:00+00:00,0.7366935953584979,0.7392475280745379,0.7322929853306065,0.7348469180466465,1391.7056543535998
2025-01-11 06:00:00+00:00,0.7348469180466465,0.7376953345565402,0.7312143290968173,0.734062745606711,1239.6243999651015
2025-01-11 06:05:00+00:00,0.734062745606711,0.7353363410290064,0.7321249736795007,0.733398569101796,1077.4841901663342
2025-01-11 06:10:00+00:00,0.733398569101796,0.7345843748369334,0.7303098178671691,0.7314956236023065,846.5176221229053
2025-01-11 06:15:00+00:00,0.7314956236023065,0.7322262799536272,0.7278810168311711,0.7286116731824919,1017.587159873963
2025-01-11 06:20:00+00:00,0.7286116731824919,0.7300360537279438,0.7252540250029841,0.726678405548436,1175.1129132363055
2025-01-11 06:25:00+00:00,0.726678405548436,0.7292334995341648,0.7235016027960028,0.7260566967817317,1718.2191318379844
2025-01-11 06:30:00+00:00,0.7260566967817317,0.7289355393759572,0.7223802497223186,0.7252590923165442,1153.0703098300194
2025-01-11 06:35:00+00:00,0.7252590923165442,0.7278857366107753,0.7219008996367767,0.7245275439310078,827.3129621006791
2025-01-11 06:40:00+00:00,0.7245275439310078,0.7252518158967248,0.723033522994417,0.723757794960134,1179.9361576533122
2025-01-11 06:45:00+00:00,0.723757794960134,0.7265869909422997,0.7187782669408338,0.7216074629229995,1373.485361285589
2025-01-11 06:50:00+00:00,0.7216074629229995,0.7223444723085639,0.7194255365133796,0.720162545898944,1597.8117906234863
2025-01-11 06:55:00+00:00,0.720162545898944,0.7223015062249732,0.7172994008752885,0.7194383612013178,1485.5736992654483
2025-01-11 07:00:00+00:00,0.7194383612013178,0.7201065284408755,0.7173725071738474,0.7180406744134051,2253.3551354305496
2025-01-11 07:05:00+00:00,0.7180406744134051,0.7190843801169545,0.7161547276568601,0.7171984333604094,2280.1283055036124
2025-01-11 07:10:00+00:00,0.7171984333604094,0.7181896979754552,0.7137876046176949,0.7147788692327406,1369.905059571355
2025-01-11 07:15:00+00:00,0.7147788692327406,0.7158521244288469,0.7111459575054497,0.7122192127015561,2136.2704448001514
2025-01-11 07:20:00+00:00,0.7122192127015561,0.7129739286723114,0.7116835687899534,0.7124382847607087,1507.4882403859635
2025-01-11 07:25:00+00:00,0.7124382847607087,0.7152276040805742,0.7088465851581239,0.7116359044779894,2311.3001276010277
2025-01-11 07:30:00+00:00,0.7116359044779894,0.7127437595888803,0.7096275676428461,0.7107354227537369,1500.4284712105198
2025-01-11 07:35:00+00:00,0.7107354227537369,0.7111979718527938,0.7101326472064198,0.7105951963054766,1204.1332846059177
2025-01-11 07:40:00+00:00,0.7105951963054766,0.711705114753983,0.7100268788786015,0.7111367973271079,729.7837772568154
2025-01-11 07:45:00+00:00,0.7111367973271079,0.714075872865688,0.7093316992321472,0.7122707747707273,1329.8636883810125
2025-01-11 07:50:00+00:00,0.7122707747707273,0.7146291484688231,0.7066005695294892,0.708958943227585,1245.848235705944
2025-01-11 07:55:00+00:00,0.708958943227585,0.7107270422447743,0.7062861679232055,0.7080542669403949,737.995593448103
2025-01-11 08:00:00+00:00,0.7080542669403949,0.7091218915808049,0.7066648924354827,0.7077325170758927,885.5947772278811
2025-01-11 08:05:00+00:00,0.7077325170758927,0.708214908117358,0.7044754959285247,0.70495788696999,1336.0956070603418
2025-01-11 08:10:00+00:00,0.70495788696999,0.7056455668043051,0.7016482903616483,0.7023359701959635,1137.7849359814302
2025-01-11 08:15:00+00:00,0.7023359701959635,0.703428241007348,0.7000130330636468,0.7011053038750313,1216.4143177331955
2025-01-11 08:20:00+00:00,0.7011053038750313,0.7035070702543518,0.6992398457363179,0.7016416121156384,711.9420549367671
2025-01-11 08:25:00+00:00,0.7016416121156384,0.7020390379209547,0.7010175023928817,0.7014149281981981,1102.9541244690315
2025-01-11 08:30:00+00:00,0.7014149281981981,0.7031231668080468,0.7005316215293567,0.7022398601392054,1338.484062826837
2025-01-11 08:35:00+00:00,0.7022398601392054,0.703197210023536,0.700566879444227,0.7015242293285576,911.0111980385901
2025-01-11 08:40:00+00:00,0.7015242293285576,0.7018756399495154,0.7011460413275171,0.7014974519484749,1050.0380812404817
2025-01-11 08:45:00+00:00,0.7014974519484749,0.702420723878225,0.7009515968192995,0.7018748687490496,992.8040651339433
2025-01-11 08:50:00+00:00,0.7018748687490496,0.7041583272639712,0.6990991045551629,0.7013825630700845,1055.318974899311
2025-01-11 08:55:00+00:00,0.7013825630700845,0.7027506249434691,0.6991427292215889,0.7005107910949735,1146.4859936346118
2025-01-11 09:00:00+00:00,0.7005107910949735,0.7020091087145535,0.69828047669563,0.69977879431521,1396.2370078648778
2025-01-11 09:05:00+00:00,0.69977879431521,0.7009164888288851,0.6947377095273494,0.6958754040410245,2068.8762401685094
2025-01-11 09:10:00+00:00,0.6958754040410245,0.6984479607713885,0.6927730961258525,0.6953456528562164,1791.254380725253
2025-01-11 09:15:00+00:00,0.6953456528562164,0.6960554687275451,0.6923002175213264,0.6930100333926551,3243.6549561892134
2025-01-11 09:20:00+00:00,0.6930100333926551,0.694166052110914,0.6904014233521486,0.6915574420704075,1894.6062154937151
2025-01-11 09:25:00+00:00,0.6915574420704075,0.6928805098184219,0.6900562641250038,0.6913793318730181,2022.6213405445565
2025-01-11 09:30:00+00:00,0.6913793318730181,0.693734864376335,0.6885957031091696,0.6909512356124865,1669.96348926379
2025-01-11 09:35:00+00:00,0.6909512356124865,0.6931100785698314,0.6863827707618388,0.6885416137191838,1879.2516051866533
2025-01-11 09:40:00+00:00,0.6885416137191838,0.6895830143509423,0.6871831740929184,0.6882245747246769,3296.1094648108988
2025-01-11 09:45:00+00:00,0.6882245747246769,0.6890942469471091,0.687222124434435,0.6880917966568671,3895.359995350623
2025-01-11 09:50:00+00:00,0.6880917966568671,0.688977364983098,0.6866126335980874,0.6874982019243183,3685.53189039733
2025-01-11 09:55:00+00:00,0.6874982019243183,0.6901551136847458,0.6846447971753769,0.6873017089358043,2713.9415382690418
2025-01-11 10:00:00+00:00,0.6873017089358043,0.691097645091654,0.6856796322443833,0.6894755684002329,3086.9437856446084
2025-01-11 10:05:00+00:00,0.6894755684002329,0.6922642638721264,0.6869701804177031,0.6897588758895965,1764.3767605520538
2025-01-11 10:10:00+00:00,0.6897588758895965,0.6919947371810773,0.6890314505641693,0.69126731185565,2220.4822432115984
2025-01-11 10:15:00+00:00,0.69126731185565,0.6932298788548388,0.690726939067144,0.6926895060663327,1566.756058340213
2025-01-11 10:20:00+00:00,0.6926895060663327,0.6937388895362848,0.6922801584106251,0.6933295418805772,1647.5979925334336
2025-01-11 10:25:00+00:00,0.6933295418805772,0.6974071204521862,0.6908455605942382,0.6949231391658472,1615.2830056865487
2025-01-11 10:30:00+00:00,0.6949231391658472,0.698064301551041,0.69271452312887,0.6958556855140638,1396.825068594482
2025-01-11 10:35:00+00:00,0.6958556855140638,0.699161226742109,0.6940726961234304,0.6973782373514755,1836.679529357731
2025-01-11 10:40:00+00:00,0.6973782373514755,0.7001958358756714,0.6954043146008773,0.6982219131250731,2724.557353759756
2025-01-11 10:45:00+00:00,0.6982219131250731,0.702491089193312,0.696377157543576,0.7006463336118149,1784.7660679498597
2025-01-11 10:50:00+00:00,0.7006463336118149,0.7059607790273255,0.6987231820208843,0.7040376274363949,1591.932312529735
2025-01-11 10:55:00+00:00,0.7040376274363949,0.7060533881660922,0.7030322357445601,0.7050479964742574,2098.2546134951494
2025-01-11 11:00:00+00:00,0.7050479964742574,0.7081709437779612,0.7034247172117845,0.7065476645154882,2612.939805797194
2025-01-11 11:05:00+00:00,0.7065476645154882,0.7104889112671313,0.7040868379820246,0.7080280847336677,2626.1741246857923
2025-01-11 11:10:00+00:00,0.7080280847336677,0.7104252503951637,0.7074143265317597,0.7098114921932557,2094.8959977181103
2025-01-11 11:15:00+00:00,0.7098114921932557,0.7130903006438504,0.7077575613603238,0.7110363698109184,2627.6948575584242
2025-01-11 11:20:00+00:00,0.7110363698109184,0.7129430541759384,0.7085632288336791,0.710469913198699,1430.0357528539487
2025-01-11 11:25:00+00:00,0.710469913198699,0.7139783531988518,0.7085647246221431,0.712073164622296,1586.5552599268465
2025-01-11 11:30:00+00:00,0.712073164622296,0.713612428184166,0.7116906030597329,0.7132298666216029,1766.3240230908402
2025-01-11 11:35:00+00:00,0.7132298666216029,0.7145248541087303,0.7122460218620194,0.7135410093491468,2477.1322910990075
2025-01-11 11:40:00+00:00,0.7135410093491468,0.7163514907058083,0.7117550078484903,0.7145654892051518,1162.1204244190656
2025-01-11 11:45:00+00:00,0.7145654892051518,0.7160475382425107,0.7138089924908902,0.7152910415282491,1990.8644242499684
2025-01-11 11:50:00+00:00,0.7152910415282491,0.7170843720858001,0.7148285600770428,0.7166218906345938,1750.656675266287
2025-01-11 11:55:00+00:00,0.7166218906345938,0.7189985422557289,0.7150647650207459,0.717441416641881,2806.5017622140795
2025-01-11 12:00:00+00:00,0.717441416641881,0.7193030623079416,0.7163993183558658,0.7182609640219264,1621.309609758167
2025-01-11 12:05:00+00:00,0.7182609640219264,0.7206872269506007,0.7169570838104427,0.719383346739117,2379.566001653195
2025-01-11 12:10:00+00:00,0.719383346739117,0.7211035381138142,0.7188759775433635,0.7205961689180608,2072.8423104169683
2025-01-11 12:15:00+00:00,0.7205961689180608,0.723248933969414,0.7189291934281221,0.7215819584794754,2283.260621259774
2025-01-11 12:20:00+00:00,0.7215819584794754,0.7250800295199423,0.7200475903586624,0.7235456613991293,5668.504291366022
2025-01-11 12:25:00+00:00,0.7235456613991293,0.725103401981821,0.7231208084974037,0.7246785490800953,5060.226277494263
2025-01-11 12:30:00+00:00,0.7246785490800953,0.727224344302068,0.7223600901419099,0.7249058853638826,4498.885836001354
2025-01-11 12:35:00+00:00,0.7249058853638826,0.7283756666905266,0.7238214459625755,0.7272912272892195,4231.469910456879
2025-01-11 12:40:00+00:00,0.7272912272892195,0.7306338262234036,0.7249116973120825,0.7282542962462666,3493.5343271528914
2025-01-11 12:45:00+00:00,0.7282542962462666,0.7312107655641168,0.7275126213267455,0.7304690906445958,1578.3600690579174
2025-01-11 12:50:00+00:00,0.7304690906445958,0.7326323630828081,0.7281988413892961,0.7303621138275085,2252.880919048606
2025-01-11 12:55:00+00:00,0.7303621138275085,0.7341695020766486,0.7278641581333318,0.7316715463824719,1406.907431561832
2025-01-11 13:00:00+00:00,0.7316715463824719,0.7367087095680948,0.7289566886273738,0.7339938518129967,1778.6412812020594
2025-01-11 13:05:00+00:00,0.7339938518129967,0.7376567761414429,0.7322539185368747,0.7359168428653209,1135.4130787420647
2025-01-11 13:10:00+00:00,0.7359168428653209,0.7379302526096282,0.7347797156649004,0.7367931254092077,2045.9552162265854
2025-01-11 13:15:00+00:00,0.7367931254092077,0.7396771101118198,0.734182258320487,0.7370662430230991,2283.5914528225235
2025-01-11 13:20:00+00:00,0.7370662430230991,0.7385476278102472,0.7358410313666142,0.7373224161537623,1877.4137142880427
2025-01-11 13:25:00+00:00,0.7373224161537623,0.7391614872930721,0.7361129606964795,0.7379520318357893,1569.3046347067548
2025-01-11 13:30:00+00:00,0.7379520318357893,0.7384808708863417,0.7373600174937173,0.7378888565442697,1873.5010733320235
2025-01-11 13:35:00+00:00,0.7378888565442697,0.739235222431912,0.7366857799948393,0.7380321458824816,2163.3096603899776
2025-01-11 13:40:00+00:00,0.7380321458824816,0.7395604818489289,0.7364361407792709,0.7379644767457182,1309.2671716376988
2025-01-11 13:45:00+00:00,0.7379644767457182,0.7397249623687043,0.7361441620503578,0.737904647673344,2275.524692734947
2025-01-11 13:50:00+00:00,0.737904647673344,0.7395985265974664,0.7372647332607695,0.7389586121848919,1533.1808284528934
2025-01-11 13:55:00+00:00,0.7389586121848919,0.7406429176143974,0.7365651208335017,0.7382494262630072,2622.2904444949954
2025-01-11 14:00:00+00:00,0.7382494262630072,0.7399151628184365,0.7376091682645436,0.7392749048199729,2053.0564221174877
2025-01-11 14:05:00+00:00,0.7392749048199729,0.742950455646953,0.7371149372318836,0.7407904880588636,1942.757979936572
2025-01-11 14:10:00+00:00,0.7407904880588636,0.7414845170072392,0.7401846323922897,0.7408786613406653,1873.4639669282024
2025-01-11 14:15:00+00:00,0.7408786613406653,0.7433167808554177,0.738582872608819,0.7410209921235715,1520.1699573763713
2025-01-11 14:20:00+00:00,0.7410209921235715,0.7448352902438634,0.7382094242499818,0.7420237223702737,2062.6127622980102
2025-01-11 14:25:00+00:00,0.7420237223702737,0.743553406237631,0.7414695229975223,0.7429992068648796,1541.1606440847513
2025-01-11 14:30:00+00:00,0.7429992068648796,0.7475756421185603,0.7403195653191934,0.7448960005728741,2204.956731249132
2025-01-11 14:35:00+00:00,0.7448960005728741,0.7469996098191862,0.7420892331643806,0.7441928424106927,1789.4176156928302
2025-01-11 14:40:00+00:00,0.7441928424106927,0.746365765653722,0.7430724181160075,0.7452453413590369,1590.3406841456076
2025-01-11 14:45:00+00:00,0.7452453413590369,0.7482211474891156,0.7446811839702147,0.7476569901002934,1608.3870695259634
2025-01-11 14:50:00+00:00,0.7476569901002934,0.7513624566684232,0.7452191740133298,0.7489246405814596,2233.872685242061
2025-01-11 14:55:00+00:00,0.7489246405814596,0.7536552465593367,0.7470222723128714,0.7517528782907485,6877.5845805190675
2025-01-11 15:00:00+00:00,0.7517528782907485,0.7572704556300612,0.7494871425664281,0.7550047199057408,2818.1650000186182
2025-01-11 15:05:00+00:00,0.7550047199057408,0.7563101627935004,0.7545187939529611,0.7558242368407206,5594.332725932819
2025-01-11 15:10:00+00:00,0.7558242368407206,0.7592592132464445,0.7551126978483534,0.7585476742540773,4839.531579201349
2025-01-11 15:15:00+00:00,0.7585476742540773,0.7629726864559108,0.755998161954536,0.7604231741563694,2556.1494201732044
2025-01-11 15:20:00+00:00,0.7604231741563694,0.7641040689584034,0.7581730438296613,0.7618539386316954,4000.944598974232
2025-01-11 15:25:00+00:00,0.7618539386316954,0.763908393112464,0.7610260053318163,0.7630804598125849,1384.443350840911
2025-01-11 15:30:00+00:00,0.7630804598125849,0.7665618258294246,0.7609198005246517,0.7644011665414914,1552.1712712634733
2025-01-11 15:35:00+00:00,0.7644011665414914,0.7679695396195302,0.7615565337495843,0.7651249068276231,1804.2715763836334
2025-01-11 15:40:00+00:00,0.7651249068276231,0.7669681674531186,0.7647248206466741,0.7665680812721696,2495.980605314952
2025-01-11 15:45:00+00:00,0.7665680812721696,0.771743992636621,0.7638968355884725,0.7690727469529239,1453.1486040474122
2025-01-11 15:50:00+00:00,0.7690727469529239,0.7735956403847861,0.7673939074930598,0.771916800924922,3094.7510765296147
2025-01-11 15:55:00+00:00,0.771916800924922,0.7755431889861056,0.7696487332826057,0.7732751213437894,2004.5599056113977
2025-01-11 16:00:00+00:00,0.7732751213437894,0.7768131046144695,0.771977987995098,0.7755159712657781,2286.208093103762
2025-01-11 16:05:00+00:00,0.7755159712657781,0.7807117229433742,0.7725465587614163,0.7777423104390124,2145.1566114871944
2025-01-11 16:10:00+00:00,0.7777423104390124,0.7798918836539828,0.7751940300699154,0.7773436032848857,1384.1844334329319
2025-01-11 16:15:00+00:00,0.7773436032848857,0.7811694520002287,0.7760196950684931,0.7798455437838361,1611.1464716545483
2025-01-11 16:20:00+00:00,0.7798455437838361,0.7832147692115423,0.777178295369995,0.7805475207977013,1943.6493773122015
2025-01-11 16:25:00+00:00,0.7805475207977013,0.782873058969715,0.7790246053984784,0.7813501435704922,2329.2903483175346
2025-01-11 16:30:00+00:00,0.7813501435704922,0.7845623950011664,0.7808287309743043,0.7840409824049785,1249.7847245272314
2025-01-11 16:35:00+00:00,0.7840409824049785,0.7889388220267471,0.7826492588493721,0.7875470984711407,1731.2214233616774
2025-01-11 16:40:00+00:00,0.7875470984711407,0.7900454931604698,0.7859336313902425,0.7884320260795716,2601.1241363551726
2025-01-11 16:45:00+00:00,0.7884320260795716,0.7926470508899115,0.7853251316332102,0.78954015644355,1796.1316151506007
2025-01-11 16:50:00+00:00,0.78954015644355,0.7935468066543094,0.7865862309994275,0.7905928812101869,3155.422673679349
2025-01-11 16:55:00+00:00,0.7905928812101869,0.7927248441006369,0.7899179342698656,0.7920498971603156,1078.0702100163571
2025-01-11 17:00:00+00:00,0.7920498971603156,0.7956166944240263,0.79008009368095,0.7936468909446607,1289.727574844437
2025-01-11 17:05:00+00:00,0.7936468909446607,0.7962976560826664,0.792165652567239,0.7948164177052448,1292.3936828260473
2025-01-11 17:10:00+00:00,0.7948164177052448,0.7982192315674697,0.7918132097986094,0.7952160236608342,3086.0577054691908
2025-01-11 17:15:00+00:00,0.7952160236608342,0.8007919450726763,0.793290651493255,0.798866572905097,1773.9185896812403
2025-01-11 17:20:00+00:00,0.798866572905097,0.8011824566293353,0.7980166907655875,0.8003325744898258,2800.0446801504017
2025-01-11 17:25:00+00:00,0.8003325744898258,0.8042047095925016,0.7976618614513298,0.8015339965540056,2417.359585084664
2025-01-11 17:30:00+00:00,0.8015339965540056,0.8071047526054489,0.798754899507074,0.8043256555585173,1579.519678265222
2025-01-11 17:35:00+00:00,0.8043256555585173,0.8071802681892446,0.803024582215034,0.8058791948457613,3030.264219046411
2025-01-11 17:40:00+00:00,0.8058791948457613,0.8104432929187405,0.804259272649052,0.8088233707220311,4471.464940081297
2025-01-11 17:45:00+00:00,0.8088233707220311,0.8131163536409896,0.8071681876737875,0.8114611705927459,7912.725298314471
2025-01-11 17:50:00+00:00,0.8114611705927459,0.8161214342524399,0.8096181461305467,0.8142784097902407,3888.492677210974
2025-01-11 17:55:00+00:00,0.8142784097902407,0.8187337779403759,0.8112601724107147,0.8157155405608499,6544.626046196762
2025-01-11 18:00:00+00:00,0.8157155405608499,0.8211710736445028,0.8126867545321609,0.8181422876158138,2989.356549855343
2025-01-11 18:05:00+00:00,0.8181422876158138,0.8205997295151148,0.8159302819396128,0.8183877238389139,2721.2270263584915
2025-01-11 18:10:00+00:00,0.8183877238389139,0.8215046690850707,0.8156563796156799,0.8187733248618367,1552.9263568068034
2025-01-11 18:15:00+00:00,0.8187733248618367,0.8235458611589902,0.8157720200456408,0.8205445563427942,1611.1260532298952
2025-01-11 18:20:00+00:00,0.8205445563427942,0.8249810036920342,0.8174761454298926,0.8219125927791325,2001.8554799511996
2025-01-11 18:25:00+00:00,0.8219125927791325,0.8257748705994051,0.8210184096955966,0.8248806875158692,2288.6717524225705
2025-01-11 18:30:00+00:00,0.8248806875158692,0.8266817485228602,0.8244112286107803,0.8262122896177714,1683.484450930278
2025-01-11 18:35:00+00:00,0.8262122896177714,0.8282718040470147,0.823958404471865,0.8260179189011083,2408.113678228877
2025-01-11 18:40:00+00:00,0.8260179189011083,0.8294837812650362,0.8241369478531984,0.8276028102171262,2084.4267327058997
2025-01-11 18:45:00+00:00,0.8276028102171262,0.8320924196443069,0.8243047519621033,0.828794361389284,1368.2763539536174
2025-01-11 18:50:00+00:00,0.828794361389284,0.8327992480325139,0.8264252826721707,0.8304301693154007,1954.1710207730334
2025-01-11 18:55:00+00:00,0.8304301693154007,0.8311000403700453,0.8300031870355528,0.8306730580901973,2070.1308915006634
2025-01-11 19:00:00+00:00,0.8306730580901973,0.8318672837337272,0.8300697785091328,0.8312640041526627,2052.863279509572
2025-01-11 19:05:00+00:00,0.8312640041526627,0.8356420433968585,0.828276044851292,0.8326540840954879,1530.391629830212
2025-01-11 19:10:00+00:00,0.8326540840954879,0.8364612340783398,0.8308804952691412,0.8346876452519931,2964.2858861616623
2025-01-11 19:15:00+00:00,0.8346876452519931,0.8390216670315657,0.8320223416979845,0.836356363477557,2157.906319681391
2025-01-11 19:20:00+00:00,0.836356363477557,0.8402931962877426,0.8343979648301741,0.8383347976403597,2363.515544604182
2025-01-11 19:25:00+00:00,0.8383347976403597,0.8397824454955689,0.8366088013152657,0.838056449170475,2202.8401139633847
2025-01-11 19:30:00+00:00,0.838056449170475,0.8411338126322725,0.8359156093960229,0.8389929728578205,1836.9808895412389
2025-01-11 19:35:00+00:00,0.8389929728578205,0.8431564902282787,0.8361715908409282,0.8403351082113864,1427.0452483063202
2025-01-11 19:40:00+00:00,0.8403351082113864,0.8450109572639488,0.837728381960859,0.8424042310134214,2667.3351333357687
2025-01-11 19:45:00+00:00,0.8424042310134214,0.8453686722558875,0.8407754796352633,0.8437399208777294,1751.6845398901207
2025-01-11 19:50:00+00:00,0.8437399208777294,0.846023452741665,0.8422544028236958,0.8445379346876314,2285.9827531798596
2025-01-11 19:55:00+00:00,0.8445379346876314,0.8463160277363857,0.8436576673451063,0.8454357603938606,2413.5140099677687
2025-01-11 20:00:00+00:00,0.8454357603938606,0.8486648123173015,0.8431148022965312,0.8463438542199722,1994.166461954589
2025-01-11 20:05:00+00:00,0.8463438542199722,0.8470565684449103,0.8451591858112186,0.8458719000361568,1819.9883599572388
2025-01-11 20:10:00+00:00,0.8458719000361568,0.8500517142642025,0.8426861153509755,0.8468659295790212,1898.6133025861411
2025-01-11 20:15:00+00:00,0.8468659295790212,0.8494767216972643,0.8460288674137842,0.8486396595320274,3319.535516856756
2025-01-11 20:20:00+00:00,0.8486396595320274,0.8518551199697917,0.847094155512555,0.8503096159503193,5744.6588164943705
2025-01-11 20:25:00+00:00,0.8503096159503193,0.8515165186936698,0.8481380875237057,0.8493449902670562,4152.655702371405
2025-01-11 20:30:00+00:00,0.8493449902670562,0.8531960868387196,0.8464251290353393,0.8502762256070027,5174.560899057079
2025-01-11 20:35:00+00:00,0.8502762256070027,0.8518182294844717,0.848128971914545,0.849670975792014,7402.295171960026
2025-01-11 20:40:00+00:00,0.849670975792014,0.8522439807571407,0.8491478425502987,0.8517208475154254,3719.7242637292884
2025-01-11 20:45:00+00:00,0.8517208475154254,0.8549394677055341,0.8499931606429201,0.8532117808330287,2742.590527568976
2025-01-11 20:50:00+00:00,0.8532117808330287,0.8577862654015626,0.8503117244169847,0.8548862089855185,1954.7581032338237
2025-01-11 20:55:00+00:00,0.8548862089855185,0.8579712079215157,0.8520756389416853,0.8551606378776825,2413.158521889582
2025-01-11 21:00:00+00:00,0.8551606378776825,0.8579230972147103,0.8513834370184062,0.854145896355434,1377.8662511406706
2025-01-11 21:05:00+00:00,0.854145896355434,0.8573124889994976,0.8508951958471708,0.8540617884912344,2529.983021708221
2025-01-11 21:10:00+00:00,0.8540617884912344,0.8571242849892369,0.8516431504891425,0.854705646987145,1213.0609222274545
2025-01-11 21:15:00+00:00,0.854705646987145,0.8554166264060957,0.853483330129941,0.8541943095488918,1624.4764991008915
2025-01-11 21:20:00+00:00,0.8541943095488918,0.8553532739809547,0.8530541439379586,0.8542131083700216,1977.9512010037065
2025-01-11 21:25:00+00:00,0.8542131083700216,0.8602800574559558,0.8510279651515475,0.8570949142374817,3055.8550308740346
2025-01-11 21:30:00+00:00,0.8570949142374817,0.8582122329757319,0.855731351308873,0.8568486700471232,2491.781341765698
2025-01-11 21:35:00+00:00,0.8568486700471232,0.8614041075772301,0.8540006609720485,0.8585560985021554,1325.4168698493063
2025-01-11 21:40:00+00:00,0.8585560985021554,0.8591960680645485,0.85717224859388,0.8578122181562731,2875.7994002384667
2025-01-11 21:45:00+00:00,0.8578122181562731,0.8611081665022222,0.85598874096721,0.8592846893131592,2964.2711276036157
2025-01-11 21:50:00+00:00,0.8592846893131592,0.8625745042968991,0.8581124426503572,0.8614022576340972,1334.2410304854748
2025-01-11 21:55:00+00:00,0.8614022576340972,0.8647260947921545,0.8598350104501198,0.8631588476081771,1076.3424414553679
2025-01-11 22:00:00+00:00,0.8631588476081771,0.8685789744413626,0.8603271703801774,0.8657472972133629,1859.353001854195
2025-01-11 22:05:00+00:00,0.8657472972133629,0.8719946218301132,0.8627544163388275,0.8690017409555779,1787.5640400777186
2025-01-11 22:10:00+00:00,0.8690017409555779,0.8698380969838947,0.8681553738651978,0.8689917298935146,1942.8992477335435
2025-01-11 22:15:00+00:00,0.8689917298935146,0.8733598526164713,0.8663752450272906,0.8707433677502473,1826.6869047803839
2025-01-11 22:20:00+00:00,0.8707433677502473,0.8735291920156261,0.8700255196724748,0.8728113439378535,1763.884382227654
2025-01-11 22:25:00+00:00,0.8728113439378535,0.8767940089358167,0.870847506604641,0.8748301716026042,1436.6825159950247
2025-01-11 22:30:00+00:00,0.8748301716026042,0.8792178962068857,0.8737397816806854,0.8781275062849669,1747.8881815558655
2025-01-11 22:35:00+00:00,0.8781275062849669,0.882894244015511,0.8753295570342625,0.8800962947648066,1893.1197749664173
2025-01-11 22:40:00+00:00,0.8800962947648066,0.8849963522538118,0.8781970337893039,0.8830970912783092,1247.5109607703741
2025-01-11 22:45:00+00:00,0.8830970912783092,0.8892503765867339,0.8799516019380802,0.8861048872465049,2492.4469308040248
2025-01-11 22:50:00+00:00,0.8861048872465049,0.8892606939468164,0.8849356394662065,0.8880914461665179,3072.923062025888
2025-01-11 22:55:00+00:00,0.8880914461665179,0.8938457594878134,0.8847991580905968,0.8905534714118923,5883.066105509691
2025-01-11 23:00:00+00:00,0.8905534714118923,0.8950857423822953,0.8871259399953964,0.8916582109657993,3691.0807383578476
2025-01-11 23:05:00+00:00,0.8916582109657993,0.896324379409316,0.8892964839653069,0.8939626524088236,4366.531698567757
2025-01-11 23:10:00+00:00,0.8939626524088236,0.8986021484179761,0.8915390144900076,0.8961785104991602,3796.6572280244977
2025-01-11 23:15:00+00:00,0.8961785104991602,0.9011678160138904,0.8930821110414245,0.8980714165561547,3807.179122652161
2025-01-11 23:20:00+00:00,0.8980714165561547,0.9017861828396959,0.8959503079112136,0.8996650741947547,2490.2219763454705
2025-01-11 23:25:00+00:00,0.8996650741947547,0.9048718197481523,0.8976378544525117,0.9028446000059093,1201.6331257739516
2025-01-11 23:30:00+00:00,0.9028446000059093,0.9056284411983188,0.9021094889346954,0.9048933301271049,1936.75895643388
2025-01-11 23:35:00+00:00,0.9048933301271049,0.9120264822910388,0.9024444982662854,0.9095776504302192,3720.693306678285
2025-01-11 23:40:00+00:00,0.9095776504302192,0.9154187695899118,0.9074074497811631,0.9132485689408556,2008.4031930592791
2025-01-11 23:45:00+00:00,0.9132485689408556,0.9197617257369738,0.9098403568690697,0.9163535136651879,2959.2015812029276
2025-01-11 23:50:00+00:00,0.9163535136651879,0.9187251096748095,0.915638717434838,0.9180103134444596,2683.355512890273
2025-01-11 23:55:00+00:00,0.9180103134444596,0.9222132743978828,0.9171260337960708,0.921328994749494,1858.5412303769692
2025-01-12 00:00:00+00:00,0.921328994749494,0.9249845469979546,0.9201689215496051,0.9238244737980656,1809.1879211765379
2025-01-12 00:05:00+00:00,0.9238244737980656,0.9291712415899855,0.9209304324388536,0.9262772002307735,2916.3496501515474
2025-01-12 00:10:00+00:00,0.9262772002307735,0.9300710105268147,0.923631697041629,0.9274255073376702,2675.727685140198
2025-01-12 00:15:00+00:00,0.9274255073376702,0.9309672643413335,0.92690585912741,0.9304476161310733,2454.6723091157664
2025-01-12 00:20:00+00:00,0.9304476161310733,0.9343704437495801,0.9291846780347259,0.9331075056532327,1534.550168072703
2025-01-12 00:25:00+00:00,0.9331075056532327,0.9356626919029511,0.9324173944961753,0.9349725807458937,1924.369057475346
2025-01-12 00:30:00+00:00,0.9349725807458937,0.9396145773375479,0.9319577590908292,0.9365997556824834,1926.3313008275745
2025-01-12 00:35:00+00:00,0.9365997556824834,0.9392367561442783,0.9360316790073542,0.938668679469149,1858.0089073474362
2025-01-12 00:40:00+00:00,0.938668679469149,0.9418485121479675,0.9363654556204936,0.939545288299312,2059.379644323329
2025-01-12 00:45:00+00:00,0.939545288299312,0.9425296105527889,0.9382916683476414,0.9412759906011183,1801.517661854712
2025-01-12 00:50:00+00:00,0.9412759906011183,0.9463619079196796,0.940089940692807,0.9451758580113683,2411.8758834233795
2025-01-12 00:55:00+00:00,0.9451758580113683,0.9488888488067989,0.9430488986231232,0.9467618894185539,1127.314161364229
2025-01-12 01:00:00+00:00,0.9467618894185539,0.9525917978710062,0.9458663552085685,0.9516962636610209,1330.093359435197
2025-01-12 01:05:00+00:00,0.9516962636610209,0.9558777542761,0.9482661497376836,0.9524476403527627,2246.5614645799646
2025-01-12 01:10:00+00:00,0.9524476403527627,0.9572783607373854,0.9511170533124453,0.955947773697068,1881.5651779168747
2025-01-12 01:15:00+00:00,0.955947773697068,0.9608524560089857,0.9545149739008529,0.9594196562127707,1539.5406403628053
2025-01-12 01:20:00+00:00,0.9594196562127707,0.9649082298822225,0.9574669060971099,0.9629554797665617,1752.8066155915274
2025-01-12 01:25:00+00:00,0.9629554797665617,0.9691639092707004,0.9595728877995253,0.965781317303664,1402.2064571826231
2025-01-12 01:30:00+00:00,0.965781317303664,0.9665676283934769,0.9652603484795305,0.9660466595693433,2502.2056328870317
2025-01-12 01:35:00+00:00,0.9660466595693433,0.9717477955948559,0.9637610029974754,0.969462139022988,4598.194000861647
2025-01-12 01:40:00+00:00,0.969462139022988,0.974974159838903,0.9672419205268269,0.972753941342742,4974.40679192887
2025-01-12 01:45:00+00:00,0.972753941342742,0.9774671098971461,0.9700942383491296,0.9748074069035337,6930.905414725556
2025-01-12 01:50:00+00:00,0.9748074069035337,0.9756689652992585,0.9731473382951609,0.9740088966908856,3690.3232996184756
2025-01-12 01:55:00+00:00,0.9740088966908856,0.9807730645224457,0.9704121957393862,0.9771763635709463,5320.278894253227
2025-01-12 02:00:00+00:00,0.9771763635709463,0.9807051431044634,0.9744277374128353,0.9779565169463524,1876.5761452957129
2025-01-12 02:05:00+00:00,0.9779565169463524,0.9802568499853613,0.9771508061879906,0.9794511392269994,2188.335476207032
2025-01-12 02:10:00+00:00,0.9794511392269994,0.9863676224629354,0.9757668564496873,0.9826833396856233,2381.9617578645093
2025-01-12 02:15:00+00:00,0.9826833396856233,0.9892690868889671,0.9793941714821593,0.9859799186855032,1958.256917789166
2025-01-12 02:20:00+00:00,0.9859799186855032,0.9913468008971114,0.9827524555715399,0.9881193377831481,3323.2911086454405
2025-01-12 02:25:00+00:00,0.9881193377831481,0.9917042444832457,0.9855127414549756,0.9890976481550732,2120.88136877367
2025-01-12 02:30:00+00:00,0.9890976481550732,0.9950456725137355,0.98677217187182,0.9927201962304824,740.5482743930841
2025-01-12 02:35:00+00:00,0.9927201962304824,0.997756480218056,0.9906138354178139,0.9956501194053875,1084.8494804803847
2025-01-12 02:40:00+00:00,0.9956501194053875,0.998309085241761,0.9943189754495563,0.9969779412859298,807.8718533514038
2025-01-12 02:45:00+00:00,0.9969779412859298,1.0012536755155013,0.9930190094959543,0.9972947437255257,869.9565751951212
2025-01-12 02:50:00+00:00,0.9972947437255257,0.9996322166667269,0.9967275118512271,0.9990649847924282,699.6283862914354
2025-01-12 02:55:00+00:00,0.9990649847924282,1.002975582265271,0.9949190831827106,0.9988296806555534,1245.7873241583923
2025-01-12 03:00:00+00:00,0.9988296806555534,1.0053782493673808,0.9957589448360018,1.0023075135478292,619.32791386782
2025-01-12 03:05:00+00:00,1.0023075135478292,1.0067800347265332,0.9997659122813375,1.0042384334600414,941.0379183208248
2025-01-12 03:10:00+00:00,1.0042384334600414,1.0059093671367951,1.0034263055446304,1.0050972392213842,1365.8348145715818
2025-01-12 03:15:00+00:00,1.0050972392213842,1.0103557011891244,1.001593438061365,1.0068519000291052,993.5597146480654
2025-01-12 03:20:00+00:00,1.0068519000291052,1.0075455940595353,1.00537296058185,1.00606665461228,788.9272244351259
2025-01-12 03:25:00+00:00,1.00606665461228,1.0086168071438915,1.0046452113200797,1.007195363851691,1121.911546069639
2025-01-12 03:30:00+00:00,1.007195363851691,1.0089866909352214,1.005819936890911,1.0076112639744415,899.6064478433162
2025-01-12 03:35:00+00:00,1.0076112639744415,1.0108629721338873,1.0036178128970519,1.0068695210564977,833.3277399129425
2025-01-12 03:40:00+00:00,1.0068695210564977,1.0102116275098088,1.0039193373697977,1.0072614438231087,1268.7216503580905
2025-01-12 03:45:00+00:00,1.0072614438231087,1.0118796622096362,1.0042151957856529,1.0088334141721804,1293.9082680031386
2025-01-12 03:50:00+00:00,1.0088334141721804,1.0111666068544793,1.0059100258408595,1.0082432185231585,1501.7530333320706
2025-01-12 03:55:00+00:00,1.0082432185231585,1.0123971446255673,1.0049929413965093,1.0091468674989181,1362.6321550629768
2025-01-12 04:00:00+00:00,1.0091468674989181,1.0125217726411626,1.005147675117303,1.0085225802595474,1082.5458519969395
2025-01-12 04:05:00+00:00,1.0085225802595474,1.0111743619774072,1.0072623275569386,1.0099141092747983,1345.8915174417104
2025-01-12 04:10:00+00:00,1.0099141092747983,1.01123594046226,1.0076105637792112,1.0089323949666729,2261.467934031132
2025-01-12 04:15:00+00:00,1.0089323949666729,1.0144349964081447,1.005466441846121,1.0109690432875929,2361.5062596866296
2025-01-12 04:20:00+00:00,1.0109690432875929,1.0151074395532063,1.0088264399804998,1.0129648362461132,3234.7173711450323
2025-01-12 04:25:00+00:00,1.0129648362461132,1.017128910573371,1.0110249720772935,1.0151890464045512,2076.0992670808096
2025-01-12 04:30:00+00:00,1.0151890464045512,1.0196301749605885,1.0141948060641082,1.0186359346201455,1630.1030128621107
2025-01-12 04:35:00+00:00,1.0186359346201455,1.0218823975335118,1.0168647528606056,1.020111215773972,2206.5528487140054
2025-01-12 04:40:00+00:00,1.020111215773972,1.0248635658291703,1.0167994296191978,1.021551779674396,1749.52787585097
2025-01-12 04:45:00+00:00,1.021551779674396,1.0257468844262547,1.019429271340479,1.0236243760923376,1147.5941638832742
2025-01-12 04:50:00+00:00,1.0236243760923376,1.026568541448154,1.021471312529029,1.0244154778848453,1120.8588167038477
2025-01-12 04:55:00+00:00,1.0244154778848453,1.026942050929895,1.020952032254073,1.0234786052991227,1278.9394799526265
2025-01-12 05:00:00+00:00,1.0234786052991227,1.0245598375042155,1.022329479650981,1.0234107118560738,750.7044099754219
2025-01-12 05:05:00+00:00,1.0234107118560738,1.0255713835308997,1.021227950558326,1.0233886222331519,860.2241296881226
2025-01-12 05:10:00+00:00,1.0233886222331519,1.0265767138247743,1.0219671010119247,1.0251551926035471,1236.9790652893826
2025-01-12 05:15:00+00:00,1.0251551926035471,1.029038264167146,1.0220591122422373,1.0259421838058362,946.7760023487663
2025-01-12 05:20:00+00:00,1.0259421838058362,1.0299357820450783,1.0230847529067801,1.0270783511460222,763.7114647136125
2025-01-12 05:25:00+00:00,1.0270783511460222,1.033238385976684,1.0232912331436752,1.029451267974337,770.6860622864972
2025-01-12 05:30:00+00:00,1.029451267974337,1.0324879426929803,1.0283773850619446,1.0314140597805879,1178.1016513129857
2025-01-12 05:35:00+00:00,1.0314140597805879,1.0367609456566529,1.0303415067793777,1.0356883926554428,858.1666536663099
2025-01-12 05:40:00+00:00,1.0356883926554428,1.0384811901297926,1.034675614174369,1.0374684116487187,1042.4156076796594
2025-01-12 05:45:00+00:00,1.0374684116487187,1.039788511719457,1.0358680929975488,1.038188193068287,803.7565956438715
2025-01-12 05:50:00+00:00,1.038188193068287,1.0423827272536936,1.0375335889960944,1.041728123181501,952.08570874656
2025-01-12 05:55:00+00:00,1.041728123181501,1.0456820802046745,1.0392637786455288,1.0432177356687022,703.4124481265825
2025-01-12 06:00:00+00:00,1.0432177356687022,1.0493594579615644,1.03905124393976,1.045192966232622,969.234573733273
2025-01-12 06:05:00+00:00,1.045192966232622,1.0525497691566899,1.0412111165235092,1.048567919447577,1362.3793609625654
2025-01-12 06:10:00+00:00,1.048567919447577,1.0536409453560276,1.0459007257196329,1.0509737516280835,1027.392404918354
2025-01-12 06:15:00+00:00,1.0509737516280835,1.0571992855906063,1.04786632432861,1.0540918582911327,1090.827361436675
2025-01-12 06:20:00+00:00,1.0540918582911327,1.0578308785073884,1.0518529240266807,1.0555919442429365,813.8560031658831
2025-01-12 06:25:00+00:00,1.0555919442429365,1.0605225738051354,1.0526249624870616,1.0575555920492605,1200.6310665697206
2025-01-12 06:30:00+00:00,1.0575555920492605,1.064295176928804,1.0540237738880656,1.060763358767609,890.8470176177747
2025-01-12 06:35:00+00:00,1.060763358767609,1.0654450773787167,1.0578391946867083,1.062520913297816,995.0522052792106
2025-01-12 06:40:00+00:00,1.062520913297816,1.0685049564106377,1.0585190101267352,1.064503053239557,917.8292976852204
2025-01-12 06:45:00+00:00,1.064503053239557,1.0688283689478022,1.0626588085739332,1.0669841242821785,1335.2417199914403
2025-01-12 06:50:00+00:00,1.0669841242821785,1.0697015249218647,1.0650433260858392,1.0677607267255254,3391.4445794578965
2025-01-12 06:55:00+00:00,1.0677607267255254,1.07112082264487,1.0650590929791306,1.0684191888984753,2064.326521955117
2025-01-12 07:00:00+00:00,1.0684191888984753,1.0704180263499425,1.0655119698856246,1.0675108073370918,3064.854239593836
2025-01-12 07:05:00+00:00,1.0675108073370918,1.070679825496899,1.063252195772231,1.0664212139320381,2483.085141007753
2025-01-12 07:10:00+00:00,1.0664212139320381,1.067274160610143,1.0635201981027638,1.0643731447808686,3434.2793483060254
2025-01-12 07:15:00+00:00,1.0643731447808686,1.0668132901964802,1.0624934294907449,1.0649335749063564,2022.6767485358525
2025-01-12 07:20:00+00:00,1.0649335749063564,1.0666621923974542,1.062615953449603,1.0643445709407007,861.9564512620215
2025-01-12 07:25:00+00:00,1.0643445709407007,1.0661392433682355,1.0626541186180627,1.0644487910455975,1261.4104670843938
2025-01-12 07:30:00+00:00,1.0644487910455975,1.0654102318946965,1.0605928110218086,1.0615542518709076,675.371377258211
2025-01-12 07:35:00+00:00,1.0615542518709076,1.0644117370834107,1.0586341895448448,1.061491674757348,1399.5056109855725
2025-01-12 07:40:00+00:00,1.061491674757348,1.062590059533885,1.0594996373625931,1.0605980221391302,1413.6625167515035
2025-01-12 07:45:00+00:00,1.0605980221391302,1.0647489454427361,1.0563190896408976,1.0604700129445035,1120.1164206162189
2025-01-12 07:50:00+00:00,1.0604700129445035,1.0633989231737133,1.0577625026527968,1.0606914128820066,974.0449517693844
2025-01-12 07:55:00+00:00,1.0606914128820066,1.0640987176195749,1.0561861149224572,1.0595934196600254,778.1379479705774
2025-01-12 08:00:00+00:00,1.0595934196600254,1.0615449375310972,1.0560486958553816,1.0580002137264535,993.9714871732099
2025-01-12 08:05:00+00:00,1.0580002137264535,1.0600263614086705,1.0557082868618526,1.0577344345440696,1308.4026677669374
2025-01-12 08:10:00+00:00,1.0577344345440696,1.061388151972199,1.0513794897829796,1.055033207211109,1308.5101496728362
2025-01-12 08:15:00+00:00,1.055033207211109,1.0590210067307733,1.0516651052942207,1.055652904813885,1391.5871613529741
2025-01-12 08:20:00+00:00,1.055652904813885,1.0572579484973863,1.0532642916068014,1.0548693352903027,946.7530656283024
2025-01-12 08:25:00+00:00,1.0548693352903027,1.055706894575763,1.0513707906060388,1.0522083498914991,1546.6608427298138
2025-01-12 08:30:00+00:00,1.0522083498914991,1.054770231915496,1.0499935134093161,1.052555395433313,1003.0491542653021
2025-01-12 08:35:00+00:00,1.052555395433313,1.0537019884860492,1.0513076317619514,1.0524542248146878,1346.138099677992
2025-01-12 08:40:00+00:00,1.0524542248146878,1.0543774484027395,1.0511134390785932,1.053036662666645,1056.9769061608226
2025-01-12 08:45:00+00:00,1.053036662666645,1.0563720099465777,1.0495698183050564,1.052905165584989,1152.395218456642
2025-01-12 08:50:00+00:00,1.052905165584989,1.0569195682713397,1.0480741203902193,1.05208852307657,1200.333138103717
2025-01-12 08:55:00+00:00,1.05208852307657,1.0555936685506537,1.0470491010664353,1.050554246540519,1178.58666412414
2025-01-12 09:00:00+00:00,1.050554246540519,1.0525693975623414,1.0456745872445494,1.0476897382663717,1124.2697399778601
2025-01-12 09:05:00+00:00,1.0476897382663717,1.0494479011823168,1.0453072521292965,1.0470654150452416,1061.9304400908466
2025-01-12 09:10:00+00:00,1.0470654150452416,1.050865687194053,1.0423896524546539,1.0461899246034652,1084.4066067736821
2025-01-12 09:15:00+00:00,1.0461899246034652,1.0472997380550058,1.042880875455703,1.0439906889072437,1001.7628272529286
2025-01-12 09:20:00+00:00,1.0439906889072437,1.0465595363627311,1.0404489208898011,1.0430177683452886,984.7247837242907
2025-01-12 09:25:00+00:00,1.0430177683452886,1.0455095935275913,1.0376437411021253,1.040135566284428,1768.4566080796615
2025-01-12 09:30:00+00:00,1.040135566284428,1.0408295544805024,1.0389529981301913,1.0396469863262656,1670.7777868710955
2025-01-12 09:35:00+00:00,1.0396469863262656,1.043727031889076,1.0338951682207949,1.0379752137836051,2660.6134720032246
2025-01-12 09:40:00+00:00,1.0379752137836051,1.0410027684436856,1.0333432654124886,1.036370820072569,1961.9428849758028
2025-01-12 09:45:00+00:00,1.036370820072569,1.0386093626758455,1.0312695767387445,1.033508119342021,2279.686663125431
2025-01-12 09:50:00+00:00,1.033508119342021,1.0354569981122352,1.0307332973010164,1.0326821760712306,3052.9631813748165
2025-01-12 09:55:00+00:00,1.0326821760712306,1.034500205903244,1.0290188978513668,1.0308369276833802,1996.0233760669607
2025-01-12 10:00:00+00:00,1.0308369276833802,1.0326228097327435,1.026251857981775,1.0280377400311382,1144.460064445752
2025-01-12 10:05:00+00:00,1.0280377400311382,1.0287744976687854,1.0256501573374979,1.026386914975145,1086.6207248464334
2025-01-12 10:10:00+00:00,1.026386914975145,1.0294275229462695,1.0209232248089146,1.023963832780039,1620.360773273927
2025-01-12 10:15:00+00:00,1.023963832780039,1.0254013625731346,1.0216052517470522,1.0230427815401477,1350.3616032189325
2025-01-12 10:20:00+00:00,1.0230427815401477,1.0242415769289932,1.0177444341168869,1.0189432295057324,1396.7328077735147
2025-01-12 10:25:00+00:00,1.0189432295057324,1.021209610891552,1.013011067003408,1.0152774483892277,973.8909777359556
2025-01-12 10:30:00+00:00,1.0152774483892277,1.016435655114564,1.0142989741159885,1.0154571808413246,1387.2059710921496
2025-01-12 10:35:00+00:00,1.0154571808413246,1.016926461789896,1.011070021539516,1.0125393024880875,2001.3550724502275
2025-01-12 10:40:00+00:00,1.0125393024880875,1.0155802842834134,1.0077657636520974,1.0108067454474232,896.7199009495789
2025-01-12 10:45:00+00:00,1.0108067454474232,1.0116707361767192,1.0071030312234464,1.0079670219527423,1081.1138623644133
2025-01-12 10:50:00+00:00,1.0079670219527423,1.010877361369879,1.0029518252513443,1.0058621646684809,1226.3590593748304
2025-01-12 10:55:00+00:00,1.0058621646684809,1.0105342205772476,1.0019831303580502,1.006655186266817,1340.3153830804342
2025-01-12 11:00:00+00:00,1.006655186266817,1.0084003768858225,1.0001417753404875,1.0018869659594931,1281.6161200610068
2025-01-12 11:05:00+00:00,1.0018869659594931,1.003003731284596,0.9990438519367706,1.0001606172618736,1126.1552017907425
2025-01-12 11:10:00+00:00,1.0001606172618736,1.0007409299147474,0.9972667851822816,0.9978470978351555,844.6586813825246
2025-01-12 11:15:00+00:00,0.9978470978351555,0.9984917148544628,0.9948675303287984,0.9955121473481057,985.9885493781405
2025-01-12 11:20:00+00:00,0.9955121473481057,0.9992632164632274,0.9884534700596157,0.9922045391747374,1095.0874602752313
2025-01-12 11:25:00+00:00,0.9922045391747374,0.9950885306670871,0.9858378356451389,0.9887218271374887,856.857637427171
2025-01-12 11:30:00+00:00,0.9887218271374887,0.9902953877634908,0.9864331537325945,0.9880067143585967,1434.2041341037311
2025-01-12 11:35:00+00:00,0.9880067143585967,0.9912846006844361,0.9830134647183773,0.9862913510442167,963.3090618667926
2025-01-12 11:40:00+00:00,0.9862913510442167,0.9884940367487915,0.9803765987757875,0.9825792844803624,1497.1009055846434
2025-01-12 11:45:00+00:00,0.9825792844803624,0.9843815415862324,0.9785154342192695,0.9803176913251395,757.4808072037213
2025-01-12 11:50:00+00:00,0.9803176913251395,0.9821714319065814,0.9746573474639967,0.9765110880454386,1140.7007558931193
2025-01-12 11:55:00+00:00,0.9765110880454386,0.9787825433604219,0.9754082053247479,0.9776796606397312,823.940312851768
2025-01-12 12:00:00+00:00,0.9776796606397312,0.9787317649185179,0.9748952504030614,0.975947354681848,800.4603858501944
2025-01-12 12:05:00+00:00,0.975947354681848,0.9770079867557875,0.9706384019253456,0.971699033999285,1174.6202996555971
2025-01-12 12:10:00+00:00,0.971699033999285,0.9749220801577886,0.9674602520352841,0.9706832981937876,3268.4149185785245
2025-01-12 12:15:00+00:00,0.9706832981937876,0.9719605652518497,0.968078330288478,0.9693555973465401,2031.2343610480978
2025-01-12 12:20:00+00:00,0.9693555973465401,0.9730870629909789,0.963971451223929,0.9677029168683678,2975.752404951086
2025-01-12 12:25:00+00:00,0.9677029168683678,0.9696391246163945,0.9640030211752239,0.9659392289232505,2276.171646391341
2025-01-12 12:30:00+00:00,0.9659392289232505,0.967739322326009,0.9615733020500258,0.9633733954527843,2383.270785537061
2025-01-12 12:35:00+00:00,0.9633733954527843,0.9640473258089779,0.9606012442294313,0.9612751745856248,1044.2955849171733
2025-01-12 12:40:00+00:00,0.9612751745856248,0.9637797470250201,0.9546107890659432,0.9571153615053385,1181.1581604847033
2025-01-12 12:45:00+00:00,0.9571153615053385,0.9592664731981221,0.9546898838224581,0.9568409955152417,1303.4158609226265
2025-01-12 12:50:00+00:00,0.9568409955152417,0.9583537757724325,0.9559081338956322,0.957420914152823,1036.9381403344344
2025-01-12 12:55:00+00:00,0.957420914152823,0.9583877416345117,0.9553474508761833,0.956314278357872,1145.759425440224
2025-01-12 13:00:00+00:00,0.956314278357872,0.9592430121177282,0.952459404666397,0.9553881384262533,1158.6514178386317
2025-01-12 13:05:00+00:00,0.9553881384262533,0.9573264225555278,0.9503004447425238,0.9522387288717984,1355.003131294341
2025-01-12 13:10:00+00:00,0.9522387288717984,0.9532859415405549,0.9491697878103635,0.95021700047912,1255.5714626197432
2025-01-12 13:15:00+00:00,0.95021700047912,0.9524890234202693,0.9448441680241312,0.9471161909652804,967.906116625213
2025-01-12 13:20:00+00:00,0.9471161909652804,0.94802349638543,0.9432865059604434,0.944193811380593,1337.4281864145519
2025-01-12 13:25:00+00:00,0.944193811380593,0.9474822591939943,0.940131358146092,0.9434198059594934,1176.2628828788283
2025-01-12 13:30:00+00:00,0.9434198059594934,0.9466434022136535,0.9404633298671518,0.9436869261213119,1153.4484520448068
2025-01-12 13:35:00+00:00,0.9436869261213119,0.9443237618639987,0.941674266642814,0.9423111023855008,843.898236316685
2025-01-12 13:40:00+00:00,0.9423111023855008,0.9462751282853177,0.9399023986270744,0.9438664245268913,979.0647353845496
2025-01-12 13:45:00+00:00,0.9438664245268913,0.9472071426619036,0.9402392720103228,0.9435799901453351,1062.0556159560094
2025-01-12 13:50:00+00:00,0.9435799901453351,0.9451071813330837,0.9383095650530415,0.9398367562407901,1048.1387889306561
2025-01-12 13:55:00+00:00,0.9398367562407901,0.9434511973962224,0.9346170168041746,0.9382314579596069,829.5498993577129
2025-01-12 14:00:00+00:00,0.9382314579596069,0.9409604319406083,0.9358600834535531,0.9385890574345545,1538.9831455543292
2025-01-12 14:05:00+00:00,0.9385890574345545,0.9406683223158276,0.9356008254874122,0.9376800903686854,877.0761456708906
2025-01-12 14:10:00+00:00,0.9376800903686854,0.9397363787554995,0.9357362914368907,0.9377925798237049,1349.3413148841785
2025-01-12 14:15:00+00:00,0.9377925798237049,0.93931060636432,0.9333393806425813,0.9348574071831963,1062.3365561824805
2025-01-12 14:20:00+00:00,0.9348574071831963,0.9389719335196618,0.9311660365196923,0.9352805628561578,740.1036043454478
2025-01-12 14:25:00+00:00,0.9352805628561578,0.9381726517751459,0.9300598844731458,0.9329519733921339,1625.2363209795835
2025-01-12 14:30:00+00:00,0.9329519733921339,0.9337075256270846,0.93159918609192,0.9323547383268708,1393.1229196563331
2025-01-12 14:35:00+00:00,0.9323547383268708,0.9362778107425804,0.9298434429637971,0.9337665153795067,992.9286721341565
2025-01-12 14:40:00+00:00,0.9337665153795067,0.9369475505862758,0.9297053607355036,0.9328863959422726,1509.3196264485116
2025-01-12 14:45:00+00:00,0.9328863959422726,0.9343769339431688,0.9301760808984351,0.9316666188993312,1217.9054961646025
2025-01-12 14:50:00+00:00,0.9316666188993312,0.9349515511752837,0.9282811972221833,0.9315661294981358,2071.900644045017
2025-01-12 14:55:00+00:00,0.9315661294981358,0.9324559821870011,0.9287847703720787,0.9296746230609441,2593.3687743582095
2025-01-12 15:00:00+00:00,0.9296746230609441,0.9307058514208387,0.9266159660182559,0.9276471943781506,3145.9231950020144
2025-01-12 15:05:00+00:00,0.9276471943781506,0.9307750775249616,0.9246402494663636,0.9277681326131746,2404.146289060132
2025-01-12 15:10:00+00:00,0.9277681326131746,0.9295742464063151,0.9233136544478281,0.9251197682409686,2954.3422018395945
2025-01-12 15:15:00+00:00,0.9251197682409686,0.9265435858090564,0.9213163023392485,0.9227401199073363,1057.343661404904
2025-01-12 15:20:00+00:00,0.9227401199073363,0.9258252129732117,0.9205973128423675,0.9236824059082429,964.2560605009855
2025-01-12 15:25:00+00:00,0.9236824059082429,0.9244910173977369,0.9204477457600234,0.9212563572495174,792.4267550570866
2025-01-12 15:30:00+00:00,0.9212563572495174,0.9233475533514683,0.9185984405416829,0.9206896366436339,1209.5489490164796
2025-01-12 15:35:00+00:00,0.9206896366436339,0.9223863705204,0.9191351506466656,0.9208318845234317,1665.2783300351462
2025-01-12 15:40:00+00:00,0.9208318845234317,0.9218104168224064,0.9186728037683894,0.9196513360673642,1026.9416080679493
2025-01-12 15:45:00+00:00,0.9196513360673642,0.923106217975565,0.9138746654594717,0.9173295473676726,819.2607289355807
2025-01-12 15:50:00+00:00,0.9173295473676726,0.9206429718811929,0.9137465257210516,0.917059950234572,1020.8392860730268
2025-01-12 15:55:00+00:00,0.917059950234572,0.9201470446062127,0.9117266753831079,0.9148137697547486,1156.6547816267725
2025-01-12 16:00:00+00:00,0.9148137697547486,0.9190611964018442,0.9116470666049334,0.9158944932520291,1526.0877037230598
2025-01-12 16:05:00+00:00,0.9158944932520291,0.9203763361143643,0.9125661818689579,0.9170480247312931,1065.7355750444203
2025-01-12 16:10:00+00:00,0.9170480247312931,0.9193316201271005,0.9122947854205362,0.9145783808163436,1217.5459726085637
2025-01-12 16:15:00+00:00,0.9145783808163436,0.9150531731150151,0.9133671894787728,0.9138419817774444,1093.5387369417704
2025-01-12 16:20:00+00:00,0.9138419817774444,0.9171334915877928,0.9083565124599664,0.9116480222703148,894.6779451026932
2025-01-12 16:25:00+00:00,0.9116480222703148,0.9132564362079759,0.9089940526313955,0.9106024665690566,1011.0390105690971
2025-01-12 16:30:00+00:00,0.9106024665690566,0.9119976434092654,0.9074238911157779,0.9088190679559867,983.8652945074156
2025-01-12 16:35:00+00:00,0.9088190679559867,0.9114723151089942,0.903545073703803,0.9061983208568105,899.8315487823313
2025-01-12 16:40:00+00:00,0.9061983208568105,0.9088798899032433,0.9024879785032767,0.9051695475497095,1016.2606334646661
2025-01-12 16:45:00+00:00,0.9051695475497095,0.9075379281671476,0.8993692856354867,0.9017376662529248,1073.4882081000244
2025-01-12 16:50:00+00:00,0.9017376662529248,0.904081381933845,0.8980559148310304,0.9003996305119506,746.1843480609394
2025-01-12 16:55:00+00:00,0.9003996305119506,0.9029059046959103,0.896006468927059,0.8985127431110187,1795.436607615996
2025-01-12 17:00:00+00:00,0.8985127431110187,0.8992426983377236,0.8951781208393805,0.8959080760660855,1571.769686723805
2025-01-12 17:05:00+00:00,0.8959080760660855,0.8989904994518845,0.8920020451359698,0.8950844685217688,1144.151343584186
2025-01-12 17:10:00+00:00,0.8950844685217688,0.8962123772083928,0.8921627276090281,0.8932906362956521,884.81786197446
2025-01-12 17:15:00+00:00,0.8932906362956521,0.8938279441104289,0.8905051355911173,0.8910424434058941,869.4608779981615
2025-01-12 17:20:00+00:00,0.8910424434058941,0.8932372076841721,0.8867606784477069,0.8889554427259849,935.9741612491398
2025-01-12 17:25:00+00:00,0.8889554427259849,0.8899460489767569,0.8857828305396227,0.8867734367903947,1926.6402061147796
2025-01-12 17:30:00+00:00,0.8867734367903947,0.8890942209805728,0.88347528975202,0.8857960739421982,2725.810054456239
2025-01-12 17:35:00+00:00,0.8857960739421982,0.8865897420689867,0.8826903426148531,0.8834840107416416,1188.079129715443
2025-01-12 17:40:00+00:00,0.8834840107416416,0.8866146288554597,0.8752515673138165,0.8783821854276346,1898.3203221370463
2025-01-12 17:45:00+00:00,0.8783821854276346,0.8807515488613933,0.8706928341524585,0.8730621975862172,1635.0894779431724
2025-01-12 17:50:00+00:00,0.8730621975862172,0.8757282479796066,0.8672326663214582,0.8698987167148476,2288.438075956573
2025-01-12 17:55:00+00:00,0.8698987167148476,0.8724743582672473,0.8639359963343054,0.866511637886705,839.7509450330499
2025-01-12 18:00:00+00:00,0.866511637886705,0.8678785407067379,0.8627756719597611,0.864142574779794,1215.4676494168814
2025-01-12 18:05:00+00:00,0.864142574779794,0.8651796208491845,0.8596025271768998,0.8606395732462904,718.2801671682082
2025-01-12 18:10:00+00:00,0.8606395732462904,0.8618904813257556,0.8564554674548942,0.8577063755343595,1415.474660371493
2025-01-12 18:15:00+00:00,0.8577063755343595,0.8594708052935711,0.8552031172163554,0.8569675469755671,1125.6332660471728
2025-01-12 18:20:00+00:00,0.8569675469755671,0.8598626092995746,0.8505901907274025,0.85348525305141,1827.6978245129476
2025-01-12 18:25:00+00:00,0.85348525305141,0.8555156550034186,0.8502244449395379,0.8522548468915465,1184.5267784088694
2025-01-12 18:30:00+00:00,0.8522548468915465,0.8536467307132568,0.8486395551461371,0.8500314389678474,1294.7556948910392
2025-01-12 18:35:00+00:00,0.8500314389678474,0.850879848415779,0.8484256856972986,0.8492740951452302,1201.1679659551914
2025-01-12 18:40:00+00:00,0.8492740951452302,0.8505389054941679,0.8468460188434521,0.8481108291923898,535.2322172238839
2025-01-12 18:45:00+00:00,0.8481108291923898,0.8488687911495394,0.8453495565636122,0.8461075185207618,1236.0737627767483
2025-01-12 18:50:00+00:00,0.8461075185207618,0.8484406592243208,0.8428286822424161,0.8451618229459751,822.3082740569199
2025-01-12 18:55:00+00:00,0.8451618229459751,0.8472788910428327,0.841247058675056,0.8433641267719136,760.1673775866158
2025-01-12 19:00:00+00:00,0.8433641267719136,0.8465469578091577,0.8370415554366952,0.8402243864739393,1678.3424867597182
2025-01-12 19:05:00+00:00,0.8402243864739393,0.8411639139036458,0.8378154112585781,0.8387549386882845,1343.249561585112
2025-01-12 19:10:00+00:00,0.8387549386882845,0.8418854890837467,0.8341902494530088,0.837320799848471,1050.34802012587
2025-01-12 19:15:00+00:00,0.837320799848471,0.8387755597514718,0.8338391669842382,0.835293926887239,1477.3074854106883
2025-01-12 19:20:00+00:00,0.835293926887239,0.8374171183774309,0.8315552478983589,0.8336784393885508,826.6978766025009
2025-01-12 19:25:00+00:00,0.8336784393885508,0.8349922976066885,0.8300901949499385,0.8314040531680762,1396.9232735176295
2025-01-12 19:30:00+00:00,0.8314040531680762,0.833210982639459,0.8281217518635845,0.8299286813349673,1153.0095283404403
2025-01-12 19:35:00+00:00,0.8299286813349673,0.8322000827375196,0.8256207325827454,0.8278921339852976,951.3834695577342
2025-01-12 19:40:00+00:00,0.8278921339852976,0.8298418466640975,0.8226862064938039,0.8246359191726038,1505.299107744322
2025-01-12 19:45:00+00:00,0.8246359191726038,0.8276269104816332,0.8197015153238418,0.8226925066328712,1168.0718218802588
2025-01-12 19:50:00+00:00,0.8226925066328712,0.8243926002366951,0.8209336769823109,0.8226337705861348,763.6312587055406
2025-01-12 19:55:00+00:00,0.8226337705861348,0.8256848708762311,0.818804107393693,0.8218552076837893,675.9111988256525
2025-01-12 20:00:00+00:00,0.8218552076837893,0.8249873303949599,0.8186544406041741,0.8217865633153447,667.9533966394189
2025-01-12 20:05:00+00:00,0.8217865633153447,0.8234156885778184,0.8186449192779471,0.8202740445404209,1756.04458209835
2025-01-12 20:10:00+00:00,0.8202740445404209,0.8234133752498857,0.8152634292475426,0.8184027599570074,3396.6205351170834
2025-01-12 20:15:00+00:00,0.8184027599570074,0.8205825160428025,0.8137500430286146,0.8159297991144098,2043.9307809230268
2025-01-12 20:20:00+00:00,0.8159297991144098,0.8176660935198736,0.8129613845821023,0.8146976789875662,2527.0299454325686
2025-01-12 20:25:00+00:00,0.8146976789875662,0.8167004070225391,0.8123580953650702,0.8143608234000431,2065.268507864185
2025-01-12 20:30:00+00:00,0.8143608234000431,0.816817143808443,0.8114080409839468,0.8138643613923466,2371.950949851008
2025-01-12 20:35:00+00:00,0.8138643613923466,0.815950377800802,0.8112476107146515,0.8133336271231069,1154.253331497001
2025-01-12 20:40:00+00:00,0.8133336271231069,0.8164001364717715,0.8085532829953767,0.8116197923440412,1551.5220469631558
2025-01-12 20:45:00+00:00,0.8116197923440412,0.8145477855746249,0.8076212076540851,0.8105492008846688,1872.5502846058819
2025-01-12 20:50:00+00:00,0.8105492008846688,0.8134586362226192,0.8057479216110839,0.8086573569490343,853.6920470341697
2025-01-12 20:55:00+00:00,0.8086573569490343,0.8118676436819733,0.8051520077234856,0.8083622944564246,866.495297979171
2025-01-12 21:00:00+00:00,0.8083622944564246,0.8113358840992224,0.8049062411580039,0.8078798308008017,1083.6505329179067
2025-01-12 21:05:00+00:00,0.8078798308008017,0.8100225143451188,0.8040855880180159,0.806228271562333,1588.2331447997512
2025-01-12 21:10:00+00:00,0.806228271562333,0.8066711294039414,0.8049073564386154,0.8053502142802238,862.8557117703259
2025-01-12 21:15:00+00:00,0.8053502142802238,0.8085382192728658,0.7989993100976799,0.8021873150903219,1295.7635203812385
2025-01-12 21:20:00+00:00,0.8021873150903219,0.8038097069822302,0.8003018961146753,0.8019242880065836,1058.210392817749
2025-01-12 21:25:00+00:00,0.8019242880065836,0.8044333904744329,0.7977067685220245,0.8002158709898738,1052.2291778329156
2025-01-12 21:30:00+00:00,0.8002158709898738,0.8032364843247428,0.7959441908965889,0.7989648042314579,936.0611045542805
2025-01-12 21:35:00+00:00,0.7989648042314579,0.8011408690022319,0.7964925053117831,0.7986685700825571,1546.377257122272
2025-01-12 21:40:00+00:00,0.7986685700825571,0.7998494290630975,0.7972764888002546,0.798457347780795,896.7726177841168
2025-01-12 21:45:00+00:00,0.798457347780795,0.8015820118237532,0.7938399374074415,0.7969646014503997,858.6059564925864
2025-01-12 21:50:00+00:00,0.7969646014503997,0.7984961528479071,0.7961245351947996,0.797656086592307,606.7015749612062
2025-01-12 21:55:00+00:00,0.797656086592307,0.8009146299507061,0.7955095778356532,0.7987681211940523,1208.7170577151867
2025-01-12 22:00:00+00:00,0.7987681211940523,0.8021784211193849,0.7959270580134387,0.7993373579387713,641.2625803762942
2025-01-12 22:05:00+00:00,0.7993373579387713,0.8002790845594357,0.7988351857408696,0.7997769123615341,578.5271530268484
2025-01-12 22:10:00+00:00,0.7997769123615341,0.8009588015875587,0.7978272352998635,0.7990091245258881,1053.5072755543156
2025-01-12 22:15:00+00:00,0.7990091245258881,0.8001944158875163,0.7983372555065232,0.7995225468681514,1251.1855219705808
2025-01-12 22:20:00+00:00,0.7995225468681514,0.8015783220737219,0.7957913523706419,0.7978471275762125,1921.508030405596
2025-01-12 22:25:00+00:00,0.7978471275762125,0.7999089861110662,0.7938810218494918,0.7959428803843456,885.009921950853
2025-01-12 22:30:00+00:00,0.7959428803843456,0.7987647750154419,0.7924273213880645,0.7952492160191608,756.7327159504711
2025-01-12 22:35:00+00:00,0.7952492160191608,0.7971700930698012,0.7927106654314668,0.7946315424821073,1296.4525817250667
2025-01-12 22:40:00+00:00,0.7946315424821073,0.7961279292008838,0.7914314630991396,0.7929278498179161,882.2743882350994
2025-01-12 22:45:00+00:00,0.7929278498179161,0.7953121241176021,0.791345896271728,0.793730170571414,1789.542460760603
2025-01-12 22:50:00+00:00,0.793730170571414,0.7948478477038653,0.7902976305279185,0.7914153076603697,1834.1887740079173
2025-01-12 22:55:00+00:00,0.7914153076603697,0.7943286954175749,0.7855938632493528,0.7885072510065579,1398.840457962564
2025-01-12 23:00:00+00:00,0.7885072510065579,0.7901142439785475,0.7855519977035315,0.787158990675521,3609.9270984042473
2025-01-12 23:05:00+00:00,0.787158990675521,0.7882799565558801,0.7865967276049733,0.7877176934853325,2692.312848309091
2025-01-12 23:10:00+00:00,0.7877176934853325,0.7892873110763327,0.7858315053009285,0.7874011228919287,1848.8626534096102
2025-01-12 23:15:00+00:00,0.7874011228919287,0.7898897397006692,0.7841834727393244,0.786672089548065,1313.7264782549616
2025-01-12 23:20:00+00:00,0.786672089548065,0.7893895127743297,0.7829938469451438,0.7857112701714085,1157.4431456503892
2025-01-12 23:25:00+00:00,0.7857112701714085,0.78829799760083,0.7825305227888122,0.7851172502182336,1173.921587510496
2025-01-12 23:30:00+00:00,0.7851172502182336,0.7870201229562207,0.7823555364865489,0.7842584092245359,1192.8027779652257
2025-01-12 23:35:00+00:00,0.7842584092245359,0.7858245318749967,0.7815884037296184,0.7831545263800791,995.1384922951692
2025-01-12 23:40:00+00:00,0.7831545263800791,0.7852123622917447,0.7797453448692292,0.7818031807808948,920.8949085767499
2025-01-12 23:45:00+00:00,0.7818031807808948,0.7832691709573991,0.7775584791313308,0.7790244693078351,1373.419757005062
2025-01-12 23:50:00+00:00,0.7790244693078351,0.7812645640796406,0.7763845088177905,0.7786246035895961,2110.6388780508933
2025-01-12 23:55:00+00:00,0.7786246035895961,0.7809255218908934,0.7745748288294277,0.776875747130725,1258.5939474619975
2025-01-13 00:00:00+00:00,0.776875747130725,0.7799178889210493,0.7728019189637552,0.7758440607540794,1114.6798372618734
2025-01-13 00:05:00+00:00,0.7758440607540794,0.777100235314702,0.7736252252778993,0.7748813998385219,1552.2827303629651
2025-01-13 00:10:00+00:00,0.7748813998385219,0.7774575531825048,0.7718118105076388,0.7743879638516217,1351.158856659329
2025-01-13 00:15:00+00:00,0.7743879638516217,0.7766757317382956,0.7698700771156395,0.7721578450023134,1148.8454281891
2025-01-13 00:20:00+00:00,0.7721578450023134,0.7732752500665602,0.7702759883268263,0.771393393391073,1977.9886377759653
2025-01-13 00:25:00+00:00,0.771393393391073,0.7732621403986321,0.7687500788789595,0.7706188258865185,1059.1510742226606
2025-01-13 00:30:00+00:00,0.7706188258865185,0.7735470779479227,0.7659926314080931,0.7689208834694973,971.9210254664
2025-01-13 00:35:00+00:00,0.7689208834694973,0.7693744362568548,0.7667925691763562,0.7672461219637137,832.3437534457852
2025-01-13 00:40:00+00:00,0.7672461219637137,0.7702902648230744,0.7626827138346882,0.7657268566940489,1370.6181585506588
2025-01-13 00:45:00+00:00,0.7657268566940489,0.7666027235756844,0.7622263931119414,0.7631022599935768,1007.8545203030633
2025-01-13 00:50:00+00:00,0.7631022599935768,0.7637345535661476,0.7603451334934205,0.7609774270659913,1229.101628377894
2025-01-13 00:55:00+00:00,0.7609774270659913,0.7631639838350123,0.7560239791679673,0.7582105359369883,1560.789780702116
2025-01-13 01:00:00+00:00,0.7582105359369883,0.7591488793602281,0.756605558616814,0.7575439020400538,605.0796880384052
2025-01-13 01:05:00+00:00,0.7575439020400538,0.7585311618796386,0.7540767566411319,0.7550640164807167,738.0000385845058
2025-01-13 01:10:00+00:00,0.7550640164807167,0.7571242999420045,0.7502484908526907,0.7523087743139785,1026.4708222612796
2025-01-13 01:15:00+00:00,0.7523087743139785,0.7531089884643504,0.7498521389177714,0.7506523530681433,787.9529753863073
2025-01-13 01:20:00+00:00,0.7506523530681433,0.7533030702319069,0.7466786894292549,0.7493294065930185,794.5704396897132
2025-01-13 01:25:00+00:00,0.7493294065930185,0.7519760633673745,0.7445334897464728,0.7471801465208289,2300.639676269877
2025-01-13 01:30:00+00:00,0.7471801465208289,0.7491369077431825,0.742548121871198,0.7445048830935517,1972.0657055902238
2025-01-13 01:35:00+00:00,0.7445048830935517,0.7451296862445651,0.742431144578236,0.7430559477292494,3480.814741336688
2025-01-13 01:40:00+00:00,0.7430559477292494,0.7451560088526475,0.7398895844237066,0.7419896455471047,3557.282549175187
2025-01-13 01:45:00+00:00,0.7419896455471047,0.7439725673361699,0.7367257544000549,0.7387086761891202,2510.6897823485947
2025-01-13 01:50:00+00:00,0.7387086761891202,0.7409904726030986,0.7354141227293275,0.7376959191433059,1043.3720524738949
2025-01-13 01:55:00+00:00,0.7376959191433059,0.7386724436242954,0.7333400480968342,0.7343165725778237,901.2778172032125
2025-01-13 02:00:00+00:00,0.7343165725778237,0.7369649353202297,0.7304519978752098,0.7331003606176157,1128.6649531722512
2025-01-13 02:05:00+00:00,0.7331003606176157,0.735103804932536,0.7289245810982471,0.7309280254131674,845.3093142902529
2025-01-13 02:10:00+00:00,0.7309280254131674,0.733375983952268,0.726489248503374,0.7289372070424747,1037.1682635298205
2025-01-13 02:15:00+00:00,0.7289372070424747,0.7314084262827135,0.7253438095849903,0.7278150288252292,1317.8125972755183
2025-01-13 02:20:00+00:00,0.7278150288252292,0.7302065461347199,0.7249520661533192,0.7273435834628099,957.4826673434883
2025-01-13 02:25:00+00:00,0.7273435834628099,0.7282170580117028,0.7265809207307176,0.7274543952796104,1127.7018599189728
2025-01-13 02:30:00+00:00,0.7274543952796104,0.7285137021396382,0.7258990579221595,0.7269583647821872,969.6651228413966
2025-01-13 02:35:00+00:00,0.7269583647821872,0.7279942136499086,0.724854110603729,0.7258899594714503,1023.0940655992615
2025-01-13 02:40:00+00:00,0.7258899594714503,0.7280870626767451,0.7208887591275787,0.7230858623328734,2399.5993170641595
2025-01-13 02:45:00+00:00,0.7230858623328734,0.7239031125734811,0.7203091030869001,0.7211263533275077,2269.476254342764
2025-01-13 02:50:00+00:00,0.7211263533275077,0.723774679462743,0.7170166580256565,0.7196649841608918,2148.5002054547654
2025-01-13 02:55:00+00:00,0.7196649841608918,0.7201455634750684,0.7171243917032692,0.7176049710174459,1628.0383462629775
2025-01-13 03:00:00+00:00,0.7176049710174459,0.7181880064176676,0.7160166782078293,0.716599713608051,2319.376449540923
2025-01-13 03:05:00+00:00,0.716599713608051,0.7194357224266619,0.7120802930589171,0.714916301877528,1074.659739881833
2025-01-13 03:10:00+00:00,0.714916301877528,0.7174014865854923,0.7125305265711102,0.7150157112790745,2112.627632395642
2025-01-13 03:15:00+00:00,0.7150157112790745,0.71574393321162,0.7127258426613774,0.7134540645939229,1882.251794587327
2025-01-13 03:20:00+00:00,0.7134540645939229,0.7148866635817588,0.7095709901370139,0.7110035891248497,2043.3501780609374
2025-01-13 03:25:00+00:00,0.7110035891248497,0.7120145089424553,0.7082285036699056,0.7092394234875112,2438.011396660143
2025-01-13 03:30:00+00:00,0.7092394234875112,0.7117264677667435,0.7048523428451736,0.7073393871244059,2192.6487653584
2025-01-13 03:35:00+00:00,0.7073393871244059,0.7077773020814294,0.7062524767395296,0.7066903916965531,1885.6319883763667
