timestamp,open,high,low,close,volume
2025-01-01 00:00:00+00:00,1.1046839575016836,1.1073982000554843,1.1019697149478829,1.1046839575016836,2260.523917725911
2025-01-01 00:05:00+00:00,1.1046839575016836,1.1052788781985643,1.1027459380750153,1.103340858771896,2577.437511922636
2025-01-01 00:10:00+00:00,1.103340858771896,1.1076506464741582,1.1016844069482004,1.1059941946504626,3148.2225548914435
2025-01-01 00:15:00+00:00,1.1059941946504626,1.1097276716471423,1.1036643969098314,1.1073978739065111,1753.493932815416
2025-01-01 00:20:00+00:00,1.1073978739065111,1.1095817248734001,1.1068266643396,1.109010515306489,1593.5729942170817
2025-01-01 00:25:00+00:00,1.109010515306489,1.1116518354872347,1.1083531164841218,1.1109944366648674,2077.955991287286
2025-01-01 00:30:00+00:00,1.1109944366648674,1.1131977325146791,1.1084228442668091,1.1106261401166209,4474.21537262145
2025-01-01 00:35:00+00:00,1.1106261401166209,1.113768124413556,1.1095507265796347,1.1126927108765698,4472.731904238988
2025-01-01 00:40:00+00:00,1.1126927108765698,1.1176469628583883,1.109010113106652,1.1139643650884705,5453.287642595977
2025-01-01 00:45:00+00:00,1.1139643650884705,1.1229949696893429,1.1118721646624483,1.1209027692633207,4614.291173480933
2025-01-01 00:50:00+00:00,1.1209027692633207,1.1276723389381518,1.1169744823630903,1.1237440520379214,5533.641896842957
2025-01-01 00:55:00+00:00,1.1237440520379214,1.1279760641723937,1.121620074488403,1.1258520866228754,2052.3168954121816
2025-01-01 01:00:00+00:00,1.1258520866228754,1.1300065293595516,1.1239446408941973,1.1280990836308735,1970.034835719829
2025-01-01 01:05:00+00:00,1.1280990836308735,1.1332637594238057,1.1246968037926979,1.12986147958563,1640.4737840618577
2025-01-01 01:10:00+00:00,1.12986147958563,1.1341152971067678,1.1268794224272385,1.1311332399483762,2401.9408292461867
2025-01-01 01:15:00+00:00,1.1311332399483762,1.1359730962801773,1.1284984775374707,1.1333383338692717,2049.3285711452454
2025-01-01 01:20:00+00:00,1.1333383338692717,1.1379982177343815,1.13210295818503,1.1367628420501397,2749.2484830273706
2025-01-01 01:25:00+00:00,1.1367628420501397,1.140381045646512,1.1356156473993915,1.1392338509957638,2373.4464681733803
2025-01-01 01:30:00+00:00,1.1392338509957638,1.1476482282231657,1.1349537827308205,1.1433681599582224,1773.944467664856
2025-01-01 01:35:00+00:00,1.1433681599582224,1.1481387331676915,1.1411678233890274,1.1459383965984966,2140.7440307869597
2025-01-01 01:40:00+00:00,1.1459383965984966,1.153216390033257,1.1415550433186599,1.1488330367534203,1970.7021726597054
2025-01-01 01:45:00+00:00,1.1488330367534203,1.1551602473291627,1.14751831498559,1.1538455255613325,1948.9796724111266
2025-01-01 01:50:00+00:00,1.1538455255613325,1.1606565342028252,1.150679601373682,1.1574906100151747,1431.2600802876893
2025-01-01 01:55:00+00:00,1.1574906100151747,1.1631429286435402,1.154029659283269,1.1596819779116345,2122.2383033828214
2025-01-01 02:00:00+00:00,1.1596819779116345,1.1662139378044571,1.1557882840136202,1.1623202439064428,2054.466550847687
2025-01-01 02:05:00+00:00,1.1623202439064428,1.1674364206713408,1.160848994620946,1.1659651713858439,1487.702919539881
2025-01-01 02:10:00+00:00,1.1659651713858439,1.1752018283661176,1.162328656168697,1.1715653131489707,2162.1792808815403
2025-01-01 02:15:00+00:00,1.1715653131489707,1.1749770004509756,1.1706510693511598,1.1740627566531647,2200.575714884758
2025-01-01 02:20:00+00:00,1.1740627566531647,1.1811568139016198,1.1694849866248485,1.1765790438733035,1514.834330205199
2025-01-01 02:25:00+00:00,1.1765790438733035,1.1819656847992948,1.1754509952878238,1.180837636213815,1516.8913732078129
2025-01-01 02:30:00+00:00,1.180837636213815,1.1851723504158875,1.1780629073395745,1.182397621541647,2136.3247811425013
2025-01-01 02:35:00+00:00,1.182397621541647,1.1893340570593203,1.1778339073716444,1.1847703428893177,2416.677003266229
2025-01-01 02:40:00+00:00,1.1847703428893177,1.1909454278874687,1.1826086206447732,1.1887837056429242,2153.53854390968
2025-01-01 02:45:00+00:00,1.1887837056429242,1.1952900241310414,1.1858304281293444,1.1923367466174615,1285.95575088061
2025-01-01 02:50:00+00:00,1.1923367466174615,1.197889469980591,1.1896018184659727,1.1951545418291023,1523.208711210001
2025-01-01 02:55:00+00:00,1.1951545418291023,1.202094910447146,1.191823203150678,1.1987635717687215,2280.766471198713
2025-01-01 03:00:00+00:00,1.1987635717687215,1.2021103257834587,1.193949859625424,1.1972966136401613,1551.1151218673815
2025-01-01 03:05:00+00:00,1.1972966136401613,1.2032565307223442,1.195355879244684,1.2013157963268668,5696.6272240266535
2025-01-01 03:10:00+00:00,1.2013157963268668,1.203125819102321,1.2006220861468724,1.2024321089223267,5779.0565267949205
2025-01-01 03:15:00+00:00,1.2024321089223267,1.2055750996477919,1.1993267385939295,1.2024697293193947,3569.3941250258304
2025-01-01 03:20:00+00:00,1.2024697293193947,1.2095879435367713,1.1981413578870648,1.2052595721044415,4655.223151626782
2025-01-01 03:25:00+00:00,1.2052595721044415,1.2120942821901686,1.2017770146582216,1.2086117247439487,5217.831362220518
2025-01-01 03:30:00+00:00,1.2086117247439487,1.2149641532470699,1.2038961553111804,1.2102485838143016,4926.527378976484
2025-01-01 03:35:00+00:00,1.2102485838143016,1.212064863967701,1.2090925254690856,1.210908805622485,1778.4684086242762
2025-01-01 03:40:00+00:00,1.210908805622485,1.2147725886563059,1.2092486416536044,1.2131124246874252,1892.1635407193828
2025-01-01 03:45:00+00:00,1.2131124246874252,1.2194480303360526,1.2088084337689768,1.2151440394176043,1947.8896605249258
2025-01-01 03:50:00+00:00,1.2151440394176043,1.2198826064307058,1.2145116339523476,1.2192502009654491,2950.302063232691
2025-01-01 03:55:00+00:00,1.2192502009654491,1.2241787597006444,1.2174155664334678,1.222344125168663,2338.821183540676
2025-01-01 04:00:00+00:00,1.222344125168663,1.2252834821194634,1.2216334116664218,1.224572768617222,2651.6171356873288
2025-01-01 04:05:00+00:00,1.224572768617222,1.2297250827449349,1.2229469263203019,1.2280992404480147,2116.188606787834
2025-01-01 04:10:00+00:00,1.2280992404480147,1.2336175221936416,1.224115821248106,1.229634102993733,2278.075529758538
2025-01-01 04:15:00+00:00,1.229634102993733,1.2318126370683296,1.2278738391903212,1.2300523732649178,2467.32874569051
2025-01-01 04:20:00+00:00,1.2300523732649178,1.2336823811195743,1.2290197695292822,1.2326497773839387,1907.1866195597406
2025-01-01 04:25:00+00:00,1.2326497773839387,1.2372118107659829,1.230638184496494,1.2352002178785382,1659.573096046851
2025-01-01 04:30:00+00:00,1.2352002178785382,1.2402446396541633,1.2314802510907918,1.236524672866417,2193.779454405018
2025-01-01 04:35:00+00:00,1.236524672866417,1.2404877686249072,1.2329995421749553,1.2369626379334455,1799.3186365872905
2025-01-01 04:40:00+00:00,1.2369626379334455,1.2422942185050059,1.2335313930040657,1.238862973575626,1735.6965076405056
2025-01-01 04:45:00+00:00,1.238862973575626,1.2434198721588556,1.232123722622713,1.2366806212059427,1644.9007575981668
2025-01-01 04:50:00+00:00,1.2366806212059427,1.241708158798355,1.2341661558908643,1.2391936934832766,1410.5439495012674
2025-01-01 04:55:00+00:00,1.2391936934832766,1.24439898178196,1.236179973989764,1.2413852622884476,2049.587153307037
2025-01-01 05:00:00+00:00,1.2413852622884476,1.2452535054119294,1.2365111149884074,1.2403793581118892,1574.1907384294223
2025-01-01 05:05:00+00:00,1.2403793581118892,1.242792166562659,1.2394702913452078,1.2418830997959776,1635.899725054531
2025-01-01 05:10:00+00:00,1.2418830997959776,1.2451704750086412,1.2385540394394146,1.2418414146520782,1836.8306637333926
2025-01-01 05:15:00+00:00,1.2418414146520782,1.2488902769278043,1.2373047212479944,1.2443535835237205,1468.0475350339543
2025-01-01 05:20:00+00:00,1.2443535835237205,1.247007225438834,1.240038164077961,1.2426918059930745,2256.851214518595
2025-01-01 05:25:00+00:00,1.2426918059930745,1.246875255600074,1.2385124201647333,1.2426958697717327,2459.266706351199
2025-01-01 05:30:00+00:00,1.2426958697717327,1.2495525022316822,1.2382670697202598,1.2451237021802093,1503.8117511385628
2025-01-01 05:35:00+00:00,1.2451237021802093,1.252703226491286,1.2406498795476009,1.2482294038586776,1811.6517834380022
2025-01-01 05:40:00+00:00,1.2482294038586776,1.2510378854450128,1.243575800492453,1.2463842820787883,1872.9973383359345
2025-01-01 05:45:00+00:00,1.2463842820787883,1.2480401068462406,1.2453805457733518,1.247036370540804,4100.998180693691
2025-01-01 05:50:00+00:00,1.247036370540804,1.2526432328715094,1.243336681078057,1.2489435434087623,4442.344969857131
2025-01-01 05:55:00+00:00,1.2489435434087623,1.2502753087689487,1.248137470241809,1.2494692356019954,4744.778228570868
2025-01-01 06:00:00+00:00,1.2494692356019954,1.2566355860322118,1.2461588115858164,1.2533251620160328,3722.103595695374
2025-01-01 06:05:00+00:00,1.2533251620160328,1.256542444255995,1.24981582122451,1.2530331034644722,5213.6789250262245
2025-01-01 06:10:00+00:00,1.2530331034644722,1.2600702672703052,1.248063714732564,1.255100878538397,2715.0949495964587
2025-01-01 06:15:00+00:00,1.255100878538397,1.258715172650961,1.2514806901743396,1.2550949842869035,1535.9103089271323
2025-01-01 06:20:00+00:00,1.2550949842869035,1.2604010484180899,1.253526295005729,1.2588323591369155,2486.6230590009213
2025-01-01 06:25:00+00:00,1.2588323591369155,1.2613169901007164,1.257979781931851,1.260464412895652,1784.4866777558086
2025-01-01 06:30:00+00:00,1.260464412895652,1.266014702253289,1.2560652411428452,1.2616155305004824,2156.1931534712016
2025-01-01 06:35:00+00:00,1.2616155305004824,1.2642435829337435,1.2581524275981038,1.260780480031365,2643.88893149882
2025-01-01 06:40:00+00:00,1.260780480031365,1.2699898352406902,1.2559411682932582,1.2651505235025835,3015.903256190086
2025-01-01 06:45:00+00:00,1.2651505235025835,1.2726110515735736,1.2607165388288766,1.2681770668998666,1511.3246428911157
2025-01-01 06:50:00+00:00,1.2681770668998666,1.2739734393067614,1.2654737845467159,1.2712701569536107,1646.2463432302543
2025-01-01 06:55:00+00:00,1.2712701569536107,1.2797158650235836,1.2665729776529573,1.2750186857229302,1651.9164512440846
2025-01-01 07:00:00+00:00,1.2750186857229302,1.2790464780399555,1.2736024540574398,1.277630246374465,1662.022062260602
2025-01-01 07:05:00+00:00,1.277630246374465,1.2829682952297423,1.2734542396121755,1.2787922884674527,2119.95161139225
2025-01-01 07:10:00+00:00,1.2787922884674527,1.2847272341803626,1.273836871597552,1.279771817310462,1231.1644387801753
2025-01-01 07:15:00+00:00,1.279771817310462,1.2815130088368911,1.2790751942928411,1.2808163858192703,2194.077254687513
2025-01-01 07:20:00+00:00,1.2808163858192703,1.2882082223183773,1.2778773158794383,1.2852691523785453,1955.2738373450766
2025-01-01 07:25:00+00:00,1.2852691523785453,1.2898226606422716,1.2808751123161795,1.2854286205799057,2837.1697564640554
2025-01-01 07:30:00+00:00,1.2854286205799057,1.290273524152179,1.2821408227992481,1.2869857263715214,1356.1629663895842
2025-01-01 07:35:00+00:00,1.2869857263715214,1.2933885413282749,1.2826306609292923,1.2890334758860458,2310.484383539604
2025-01-01 07:40:00+00:00,1.2890334758860458,1.294043962253195,1.2869822308174255,1.2919927171845746,1793.8599608228694
2025-01-01 07:45:00+00:00,1.2919927171845746,1.2990498572601525,1.288507673284007,1.295564813359585,1660.9441285746166
2025-01-01 07:50:00+00:00,1.295564813359585,1.2977085143749254,1.2942210853562859,1.2963647863716263,2439.0670067780698
2025-01-01 07:55:00+00:00,1.2963647863716263,1.3013988806504861,1.2914398301551613,1.296473924434021,2445.455989401418
2025-01-01 08:00:00+00:00,1.296473924434021,1.3031170498474869,1.2926823480820033,1.2993254734954691,1412.6874328508884
2025-01-01 08:05:00+00:00,1.2993254734954691,1.3070698259730351,1.2963958281464671,1.3041401806240331,2419.6602336611654
2025-01-01 08:10:00+00:00,1.3041401806240331,1.3122948655181705,1.3001506158433824,1.3083053007375198,1845.5285655304915
2025-01-01 08:15:00+00:00,1.3083053007375198,1.3166612272681666,1.3033216868351065,1.3116776133657533,1793.9062421124502
2025-01-01 08:20:00+00:00,1.3116776133657533,1.3156096111279465,1.3103289997789307,1.314260997541124,1752.068762054112
2025-01-01 08:25:00+00:00,1.314260997541124,1.320229613273644,1.3118850645785136,1.3178536803110337,4255.123790731766
2025-01-01 08:30:00+00:00,1.3178536803110337,1.32421898694315,1.314275743578823,1.3206410502109394,3745.667580907044
2025-01-01 08:35:00+00:00,1.3206410502109394,1.3278936925382903,1.3178984566655094,1.3251510989928603,4444.332882499268
2025-01-01 08:40:00+00:00,1.3251510989928603,1.3300979764126337,1.3221877709065981,1.3271346483263715,2387.396228520261
2025-01-01 08:45:00+00:00,1.3271346483263715,1.3351431416051165,1.322617509783304,1.330626003062049,5432.156688861888
2025-01-01 08:50:00+00:00,1.330626003062049,1.3347975878366123,1.3295810266741899,1.3337526114487532,4653.572830152427
2025-01-01 08:55:00+00:00,1.3337526114487532,1.3397247355607256,1.3319779095325635,1.3379500336445358,1716.1383498651235
2025-01-01 09:00:00+00:00,1.3379500336445358,1.342924407731955,1.3366819656872486,1.341656339774668,2162.596544499001
2025-01-01 09:05:00+00:00,1.341656339774668,1.3506329904838745,1.3401598427320682,1.3491364934412748,1869.5301606656706
2025-01-01 09:10:00+00:00,1.3491364934412748,1.358028517720053,1.3460550059521577,1.3549470302309359,2277.980209514672
2025-01-01 09:15:00+00:00,1.3549470302309359,1.364889973561705,1.3508308429214189,1.360773786252188,2549.9501793772874
2025-01-01 09:20:00+00:00,1.360773786252188,1.3629875610817823,1.35861429808022,1.3608280729098143,2207.065510265945
2025-01-01 09:25:00+00:00,1.3608280729098143,1.366413006753389,1.3580597235652547,1.3636446574088295,933.9089980691039
2025-01-01 09:30:00+00:00,1.3636446574088295,1.3687984491039755,1.3608532159194195,1.3660070076145656,2716.781674789166
2025-01-01 09:35:00+00:00,1.3660070076145656,1.3743938135346754,1.3618371191384275,1.3702239250585373,2001.1168891726136
2025-01-01 09:40:00+00:00,1.3702239250585373,1.3709293302080097,1.3690892621523632,1.3697946673018355,2322.788180980458
2025-01-01 09:45:00+00:00,1.3697946673018355,1.3786784891481298,1.366134477684584,1.3750182995308784,1619.6955877603555
2025-01-01 09:50:00+00:00,1.3750182995308784,1.3852783808404205,1.3697853450033313,1.3800454263128734,1889.4385643494359
2025-01-01 09:55:00+00:00,1.3800454263128734,1.3851427500430362,1.3760191336805763,1.381116457410739,1858.7938225508549
2025-01-01 10:00:00+00:00,1.381116457410739,1.3868961165777638,1.3768990406524837,1.3826786998195084,2254.113426491348
2025-01-01 10:05:00+00:00,1.3826786998195084,1.3880583107952706,1.3791077769960782,1.3844873879718405,2345.762475689445
2025-01-01 10:10:00+00:00,1.3844873879718405,1.389249969211382,1.3828879348562717,1.3876505160958132,2144.345969021535
2025-01-01 10:15:00+00:00,1.3876505160958132,1.3968229711053697,1.382589579451012,1.3917620344605683,2092.225871636859
2025-01-01 10:20:00+00:00,1.3917620344605683,1.3994221773462632,1.3905244789257951,1.39818462181149,2433.8251760727285
2025-01-01 10:25:00+00:00,1.39818462181149,1.405378564307935,1.3936009581953737,1.4007949006918188,2580.034859035814
2025-01-01 10:30:00+00:00,1.4007949006918188,1.40717899956357,1.3985871907348841,1.4049712896066353,2316.5710977710087
2025-01-01 10:35:00+00:00,1.4049712896066353,1.4125078106132989,1.4005221917320254,1.408058712738689,1805.1323358929371
2025-01-01 10:40:00+00:00,1.408058712738689,1.415466858371456,1.4063958801336836,1.4138040257664506,2405.7464684512083
2025-01-01 10:45:00+00:00,1.4138040257664506,1.4230128202227141,1.4085613664456629,1.4177701609019264,1692.477928393682
2025-01-01 10:50:00+00:00,1.4177701609019264,1.427128295115746,1.4133873947692006,1.4227455289830202,2084.3938555841783
2025-01-01 10:55:00+00:00,1.4227455289830202,1.4244835168988743,1.4217439651618884,1.4234819530777425,2804.5325916938577
2025-01-01 11:00:00+00:00,1.4234819530777425,1.427517013924742,1.421626111459373,1.4256611723063723,1370.0443659864732
2025-01-01 11:05:00+00:00,1.4256611723063723,1.4284261337267001,1.42394280859922,1.4267077700195478,3255.0704238655635
2025-01-01 11:10:00+00:00,1.4267077700195478,1.4329490353803007,1.4254210789318826,1.4316623442926355,2486.9621101682756
2025-01-01 11:15:00+00:00,1.4316623442926355,1.4377659034328256,1.4290004416110704,1.4351040007512605,6805.82825250711
2025-01-01 11:20:00+00:00,1.4351040007512605,1.4382628581458272,1.4336651812356,1.4368240386301667,4445.192091427507
2025-01-01 11:25:00+00:00,1.4368240386301667,1.443423816089861,1.4316249172661513,1.4382246947258455,4785.573085312092
2025-01-01 11:30:00+00:00,1.4382246947258455,1.442922398172918,1.4364836842228987,1.4411813876699713,2066.4438967055253
2025-01-01 11:35:00+00:00,1.4411813876699713,1.4454539391056602,1.4377547014481173,1.4420272528838063,1874.1915420563894
2025-01-01 11:40:00+00:00,1.4420272528838063,1.4442484324408702,1.4401957881057788,1.4424169676628427,1562.7122136472592
2025-01-01 11:45:00+00:00,1.4424169676628427,1.4489129647066117,1.4387002428710223,1.4451962399147913,2042.4108623799495
2025-01-01 11:50:00+00:00,1.4451962399147913,1.455201007637867,1.4413698963806083,1.451374664103684,1530.9743557768716
2025-01-01 11:55:00+00:00,1.451374664103684,1.4536218222955697,1.450550959462851,1.4527981176547367,2252.8688987676233
2025-01-01 12:00:00+00:00,1.4527981176547367,1.4546418906102514,1.4517923779501465,1.4536361509056612,2837.525151789238
2025-01-01 12:05:00+00:00,1.4536361509056612,1.4593796463083482,1.447615423493274,1.453358918895961,3365.4498945951123
2025-01-01 12:10:00+00:00,1.453358918895961,1.4578374017384481,1.448279741144411,1.4527582239868981,1547.8032645002563
2025-01-01 12:15:00+00:00,1.4527582239868981,1.460788887057903,1.4473386293205528,1.4553692923915578,1749.0868528620965
2025-01-01 12:20:00+00:00,1.4553692923915578,1.462401703596031,1.451494190275045,1.4585266014795182,1547.5621624155847
2025-01-01 12:25:00+00:00,1.4585266014795182,1.4649825161159544,1.4537356295835397,1.460191544219976,1270.872222406514
2025-01-01 12:30:00+00:00,1.460191544219976,1.4634316573234398,1.4591670021497571,1.462407115253221,1438.5147561583278
2025-01-01 12:35:00+00:00,1.462407115253221,1.4667316535284332,1.4599072002227054,1.4642317384979175,1850.040180581894
2025-01-01 12:40:00+00:00,1.4642317384979175,1.4697466397622005,1.4605753876798466,1.4660902889441296,2439.27248633178
2025-01-01 12:45:00+00:00,1.4660902889441296,1.4696739102301686,1.4614347921146273,1.4650184134006663,2585.5689775344113
2025-01-01 12:50:00+00:00,1.4650184134006663,1.4683933486240517,1.462452071684137,1.4658270069075223,1541.0161165205259
2025-01-01 12:55:00+00:00,1.4658270069075223,1.4685577886564471,1.4649155837959746,1.4676463655448995,2254.070204377548
2025-01-01 13:00:00+00:00,1.4676463655448995,1.4712171657616948,1.4643331995723734,1.4679039997891687,1824.9220595526365
2025-01-01 13:05:00+00:00,1.4679039997891687,1.474322651405037,1.4623014830280245,1.4687201346438927,2034.8861959536205
2025-01-01 13:10:00+00:00,1.4687201346438927,1.4732926744232073,1.4643830377373204,1.468955577516635,2472.635525888013
2025-01-01 13:15:00+00:00,1.468955577516635,1.4748595516288066,1.4641715440448857,1.4700755181570573,2448.982900497953
2025-01-01 13:20:00+00:00,1.4700755181570573,1.479172715109303,1.4642284316254432,1.473325628577689,2428.3186150634783
2025-01-01 13:25:00+00:00,1.473325628577689,1.4800854577172258,1.4676303913698978,1.4743902205094346,2084.4536406857715
2025-01-01 13:30:00+00:00,1.4743902205094346,1.480839159388848,1.469496325258018,1.4759452641374313,2070.4602902351116
2025-01-01 13:35:00+00:00,1.4759452641374313,1.4847461110703428,1.4704641912808147,1.4792650382137262,2065.7877321494166
2025-01-01 13:40:00+00:00,1.4792650382137262,1.4843162068246822,1.4772912663843487,1.4823424349953047,2244.5803322507904
2025-01-01 13:45:00+00:00,1.4823424349953047,1.4928842200705341,1.4768127209296595,1.487354506004889,4181.880630509589
2025-01-01 13:50:00+00:00,1.487354506004889,1.4905219684259456,1.4825099191621682,1.485677381583225,4772.7316565440215
2025-01-01 13:55:00+00:00,1.485677381583225,1.4904774857815413,1.4845214682497028,1.489321572448019,4428.174504825273
2025-01-01 14:00:00+00:00,1.489321572448019,1.4926258197750502,1.4873376700205483,1.4906419173475793,5975.130526075186
2025-01-01 14:05:00+00:00,1.4906419173475793,1.4983571672859148,1.4854203431974244,1.49313559313576,3385.350372236167
2025-01-01 14:10:00+00:00,1.49313559313576,1.5024155384813647,1.4876853501942384,1.4969652955398431,1768.556315712603
2025-01-01 14:15:00+00:00,1.4969652955398431,1.5066431138914373,1.4916409109408628,1.501318729292457,1988.7130327938437
2025-01-01 14:20:00+00:00,1.501318729292457,1.5110363786092367,1.495961227553527,1.5056788768703067,1907.3072477567355
2025-01-01 14:25:00+00:00,1.5056788768703067,1.5144584374574785,1.499745330542388,1.50852489112956,1130.0405367966487
2025-01-01 14:30:00+00:00,1.50852489112956,1.5172456485355428,1.5053715864993857,1.5140923439053686,2531.273891831235
2025-01-01 14:35:00+00:00,1.5140923439053686,1.517229999678601,1.5131713428530311,1.5163089986262634,2792.5987267566125
2025-01-01 14:40:00+00:00,1.5163089986262634,1.5198756109254508,1.5152973419726843,1.5188639542718716,1294.6747713370148
2025-01-01 14:45:00+00:00,1.5188639542718716,1.5276908664294815,1.5143901400112767,1.5232170521688866,1398.09144741832
2025-01-01 14:50:00+00:00,1.5232170521688866,1.5281905644510587,1.5202104943326817,1.5251840066148539,2680.0021620346624
2025-01-01 14:55:00+00:00,1.5251840066148539,1.5339598216997297,1.5234307928153332,1.532206607900209,1348.9484120547554
2025-01-01 15:00:00+00:00,1.532206607900209,1.5391902415762106,1.5302436881103916,1.5372273217863932,1998.8184781376785
2025-01-01 15:05:00+00:00,1.5372273217863932,1.546563375455398,1.535141580918936,1.5444776345879407,1899.6708146423568
2025-01-01 15:10:00+00:00,1.5444776345879407,1.5506517907779331,1.5415620665939287,1.547736222783921,1758.1411076434472
2025-01-01 15:15:00+00:00,1.547736222783921,1.5563870589578228,1.5417542280721588,1.5504050642460605,2121.8797244213683
2025-01-01 15:20:00+00:00,1.5504050642460605,1.558898258671978,1.5456747875614938,1.5541679819874112,1493.4025807029825
2025-01-01 15:25:00+00:00,1.5541679819874112,1.5607498691123953,1.5524801615796104,1.5590620487045945,1311.0977103959056
2025-01-01 15:30:00+00:00,1.5590620487045945,1.5643650869063646,1.5562463795461703,1.5615494177479403,1679.4907557916945
2025-01-01 15:35:00+00:00,1.5615494177479403,1.5703019784501975,1.5571575493978544,1.5659101101001116,1854.305951486483
2025-01-01 15:40:00+00:00,1.5659101101001116,1.5749340079286798,1.5605610635663996,1.5695849613949677,2039.8166590528913
2025-01-01 15:45:00+00:00,1.5695849613949677,1.5785778562594917,1.567405150896676,1.5763980457612,2364.4250218263446
2025-01-01 15:50:00+00:00,1.5763980457612,1.5837751527602808,1.5715806628978308,1.5789577698969117,2786.4276624275753
2025-01-01 15:55:00+00:00,1.5789577698969117,1.5886157126044738,1.5751450898080226,1.5848030325155846,2203.0821828093594
2025-01-01 16:00:00+00:00,1.5848030325155846,1.59364105816581,1.5786390009246003,1.5874770265748257,1910.5173315740808
2025-01-01 16:05:00+00:00,1.5874770265748257,1.5911058996539607,1.5859467084879906,1.5895755815671255,2176.544361557015
2025-01-01 16:10:00+00:00,1.5895755815671255,1.596139043971231,1.5856105615968863,1.5921740240009918,1445.9129663453837
2025-01-01 16:15:00+00:00,1.5921740240009918,1.5980716381507898,1.5879742731060982,1.5938718872558961,1625.460873462282
2025-01-01 16:20:00+00:00,1.5938718872558961,1.6036882762255025,1.5883238708037726,1.598140259773379,3534.4546047434424
2025-01-01 16:25:00+00:00,1.598140259773379,1.608868785134842,1.5933958853110652,1.6041244106725283,2911.1940380129954
2025-01-01 16:30:00+00:00,1.6041244106725283,1.614529520158072,1.5980476997457598,1.6084528092313035,5142.778682012055
2025-01-01 16:35:00+00:00,1.6084528092313035,1.6180161966238609,1.6041102547939183,1.6136736421864757,1830.226754954887
2025-01-01 16:40:00+00:00,1.6136736421864757,1.6231490456538125,1.6113795491289842,1.620854952596321,1670.0750641886907
2025-01-01 16:45:00+00:00,1.620854952596321,1.6299125159817849,1.6163302749506678,1.6253878383361318,1850.6720396102874
2025-01-01 16:50:00+00:00,1.6253878383361318,1.6322696738424052,1.622878112109875,1.6297599476161484,1538.9699820605374
2025-01-01 16:55:00+00:00,1.6297599476161484,1.6396283541680654,1.6233209942108482,1.6331894007627652,1456.8990669529514
2025-01-01 17:00:00+00:00,1.6331894007627652,1.6361897834258092,1.6309715557478741,1.6339719384109181,1142.285848822029
2025-01-01 17:05:00+00:00,1.6339719384109181,1.6413519186670358,1.6319835631032347,1.6393635433593523,1258.4605225247826
2025-01-01 17:10:00+00:00,1.6393635433593523,1.6437258736579405,1.6354036731935344,1.6397660034921226,684.2897040216549
2025-01-01 17:15:00+00:00,1.6397660034921226,1.647389329317641,1.6372407896549526,1.6448641154804708,857.7438502314383
2025-01-01 17:20:00+00:00,1.6448641154804708,1.6510929709207642,1.6423715882314023,1.6486004436716957,1149.24768889246
2025-01-01 17:25:00+00:00,1.6486004436716957,1.6568032272117226,1.6463447362532095,1.6545475197932364,827.6466712885722
2025-01-01 17:30:00+00:00,1.6545475197932364,1.6594171297473543,1.6532020067680568,1.6580716167221747,754.7618967140819
2025-01-01 17:35:00+00:00,1.6580716167221747,1.6655695947349822,1.652530224453159,1.6600282024659665,890.3893283563964
2025-01-01 17:40:00+00:00,1.6600282024659665,1.6683397401395261,1.65596005863348,1.6642715963070396,1287.172101651969
2025-01-01 17:45:00+00:00,1.6642715963070396,1.6720425139681347,1.65884194886126,1.6666128665223552,1526.2814605808876
2025-01-01 17:50:00+00:00,1.6666128665223552,1.6746393322665698,1.6616125651022604,1.669639030846475,828.9281547172257
2025-01-01 17:55:00+00:00,1.669639030846475,1.6788876757414162,1.6637890373205506,1.6730376822154918,1484.6967778845844
2025-01-01 18:00:00+00:00,1.6730376822154918,1.6771283765645197,1.6719156295498687,1.6760063238988967,783.5920754032064
2025-01-01 18:05:00+00:00,1.6760063238988967,1.6849809319046376,1.669812968398569,1.6787875764043099,1097.1812474592173
2025-01-01 18:10:00+00:00,1.6787875764043099,1.6824019064692535,1.6765766600212608,1.6801909900862044,1053.5434685714713
2025-01-01 18:15:00+00:00,1.6801909900862044,1.686002063360699,1.6769985643513108,1.6828096376258053,973.930694935146
2025-01-01 18:20:00+00:00,1.6828096376258053,1.6884339571140639,1.6757859653583922,1.6814102848466508,1614.7716041506635
2025-01-01 18:25:00+00:00,1.6814102848466508,1.6889389474877035,1.6763979906148843,1.683926653255937,1295.691283584699
2025-01-01 18:30:00+00:00,1.683926653255937,1.6891792397930632,1.6790064187894262,1.6842590053265525,1081.2049728994134
2025-01-01 18:35:00+00:00,1.6842590053265525,1.6949974187697918,1.6784642877293803,1.6892027011726196,1382.6259034262844
2025-01-01 18:40:00+00:00,1.6892027011726196,1.699250036778801,1.6843377249369882,1.6943850605431696,906.9813671456924
2025-01-01 18:45:00+00:00,1.6943850605431696,1.701049665137454,1.6862844660412653,1.6929490706355497,1185.8632715785902
2025-01-01 18:50:00+00:00,1.6929490706355497,1.7018354902982775,1.6868123733347575,1.6956987929974854,1521.7937194695214
2025-01-01 18:55:00+00:00,1.6956987929974854,1.7038073708650814,1.6897193239663666,1.6978279018339626,1186.9555707961465
2025-01-01 19:00:00+00:00,1.6978279018339626,1.7042665067441714,1.6915758203666031,1.698014425276812,3795.0933244869166
2025-01-01 19:05:00+00:00,1.698014425276812,1.7076160458944762,1.6917537127661153,1.7013553333837796,1816.61455882033
2025-01-01 19:10:00+00:00,1.7013553333837796,1.7088316708333773,1.6951346142715724,1.70261095172117,1752.2410499975247
2025-01-01 19:15:00+00:00,1.70261095172117,1.7082158548247128,1.6955380311209378,1.7011429342244806,2209.36651622533
2025-01-01 19:20:00+00:00,1.7011429342244806,1.707272996812529,1.696558342988744,1.7026884055767926,2246.332175121346
2025-01-01 19:25:00+00:00,1.7026884055767926,1.706282973714338,1.700836056100443,1.7044306242379883,2085.9933778123764
2025-01-01 19:30:00+00:00,1.7044306242379883,1.7121129735214977,1.6989721534521232,1.7066545027356326,1524.5466037733147
2025-01-01 19:35:00+00:00,1.7066545027356326,1.7092066429107577,1.703552109181404,1.7061042493565293,1175.8575913744821
2025-01-01 19:40:00+00:00,1.7061042493565293,1.7136163717874986,1.7017957317017387,1.709307854132708,847.0112876991758
2025-01-01 19:45:00+00:00,1.709307854132708,1.7149895649332998,1.707057192143818,1.7127389029444098,912.7596353198276
2025-01-01 19:50:00+00:00,1.7127389029444098,1.7154702186786364,1.7095568086758823,1.712288124410109,1198.646762247903
2025-01-01 19:55:00+00:00,1.712288124410109,1.7158164069761745,1.7092971430999866,1.7128254256660522,797.5243395606033
2025-01-01 20:00:00+00:00,1.7128254256660522,1.7195164494283612,1.7078552060260372,1.7145462297883463,1180.4817571857106
2025-01-01 20:05:00+00:00,1.7145462297883463,1.720950281708524,1.708864574306061,1.7152686262262389,838.3396178344095
2025-01-01 20:10:00+00:00,1.7152686262262389,1.724931658150974,1.711096820316111,1.720759852240846,1062.6729543795866
2025-01-01 20:15:00+00:00,1.720759852240846,1.7243307312902187,1.71953218183833,1.7231030608877027,1143.0999362519005
2025-01-01 20:20:00+00:00,1.7231030608877027,1.7283289987802082,1.7177196520691878,1.7229455899616932,752.0052995259151
2025-01-01 20:25:00+00:00,1.7229455899616932,1.7271534580352819,1.7190644677146982,1.7232723357882869,961.2201005388692
2025-01-01 20:30:00+00:00,1.7232723357882869,1.730183193403369,1.7182302938962992,1.7251411515113813,975.3669339384351
2025-01-01 20:35:00+00:00,1.7251411515113813,1.7341544713114485,1.7229185240757543,1.7319318438758216,1105.833358520391
2025-01-01 20:40:00+00:00,1.7319318438758216,1.7381824755576964,1.7273858867666916,1.7336365184485665,1287.5464971055196
2025-01-01 20:45:00+00:00,1.7336365184485665,1.7382763062611952,1.7313870131509164,1.7360268009635451,1053.15765853542
2025-01-01 20:50:00+00:00,1.7360268009635451,1.74015868501355,1.7288973389958466,1.7330292230458515,768.4611925616111
2025-01-01 20:55:00+00:00,1.7330292230458515,1.7344723789203038,1.7275004940793997,1.728943649953852,969.37815490246
2025-01-01 21:00:00+00:00,1.728943649953852,1.7329573635247786,1.7257258752643099,1.7297395888352365,860.7485420154773
2025-01-01 21:05:00+00:00,1.7297395888352365,1.7329148285875255,1.7215961775810824,1.7247714173333715,1019.1436312965459
2025-01-01 21:10:00+00:00,1.7247714173333715,1.7306721648157828,1.7166210040534888,1.7225217515359001,1359.6770846563536
2025-01-01 21:15:00+00:00,1.7225217515359001,1.7245412756620244,1.7171236246695103,1.7191431487956346,1336.5962130692367
2025-01-01 21:20:00+00:00,1.7191431487956346,1.7232886932659017,1.7126503999989193,1.7167959444691865,1422.2731549706064
2025-01-01 21:25:00+00:00,1.7167959444691865,1.7228563636458718,1.7047750704528832,1.7108354896295686,878.4514490137362
2025-01-01 21:30:00+00:00,1.7108354896295686,1.7135584487455384,1.708288711306453,1.711011670422423,710.665574787553
2025-01-01 21:35:00+00:00,1.711011670422423,1.7140338554298726,1.7043722837780868,1.7073944687855365,851.1858830326196
2025-01-01 21:40:00+00:00,1.7073944687855365,1.7141714879098187,1.6974100230800635,1.7041870422043457,2349.6880528227566
2025-01-01 21:45:00+00:00,1.7041870422043457,1.7053146637024847,1.6979655728867105,1.6990931943848495,2042.6223039367028
2025-01-01 21:50:00+00:00,1.6990931943848495,1.701769253888275,1.6918408545285362,1.6945169140319616,1764.7104701785024
2025-01-01 21:55:00+00:00,1.6945169140319616,1.698888990315529,1.6882920330009272,1.6926641092844947,2323.2186551935165
2025-01-01 22:00:00+00:00,1.6926641092844947,1.6938466952323645,1.6905725052752307,1.6917550912231005,3188.7923452629725
2025-01-01 22:05:00+00:00,1.6917550912231005,1.696867857583674,1.6853446364742093,1.6904574028347827,2192.6137107558916
2025-01-01 22:10:00+00:00,1.6904574028347827,1.6924169598390477,1.6882080346960022,1.6901675917002672,1186.1212684195068
2025-01-01 22:15:00+00:00,1.6901675917002672,1.6962577047871152,1.6828665681722903,1.6889566812591383,1783.253740758336
2025-01-01 22:20:00+00:00,1.6889566812591383,1.6955811027539471,1.679812584004178,1.6864370054989868,939.6051304313831
2025-01-01 22:25:00+00:00,1.6864370054989868,1.688042413073584,1.6840261260279576,1.685631533602555,1313.2803651391089
2025-01-01 22:30:00+00:00,1.685631533602555,1.686699815218571,1.6833410688781307,1.6844093504941469,754.9731356650328
2025-01-01 22:35:00+00:00,1.6844093504941469,1.6891060507385192,1.6771605344563267,1.681857234700699,878.8481424227708
2025-01-01 22:40:00+00:00,1.681857234700699,1.6829356094246366,1.6799644512896075,1.681042826013545,1036.5646055193627
2025-01-01 22:45:00+00:00,1.681042826013545,1.6833480663423592,1.6791156463110666,1.6814208866398808,1411.9722666334055
2025-01-01 22:50:00+00:00,1.6814208866398808,1.6826079374950782,1.6785510794747072,1.6797381303299046,1121.420104306226
2025-01-01 22:55:00+00:00,1.6797381303299046,1.6818695193884592,1.674790991025835,1.6769223800843895,962.1070816220056
2025-01-01 23:00:00+00:00,1.6769223800843895,1.6826422070580023,1.6706021084988407,1.6763219354724535,1269.4331624746203
2025-01-01 23:05:00+00:00,1.6763219354724535,1.682889097307227,1.6715778911975152,1.6781450530322888,1572.8121825646222
2025-01-01 23:10:00+00:00,1.6781450530322888,1.6793422934490598,1.6745615221832184,1.6757587625999895,1557.4278264141801
2025-01-01 23:15:00+00:00,1.6757587625999895,1.6776027303674048,1.6718033814384312,1.6736473492058466,881.6671117693601
2025-01-01 23:20:00+00:00,1.6736473492058466,1.6792622097326375,1.6658636674400087,1.6714785279667996,1269.809229505249
2025-01-01 23:25:00+00:00,1.6714785279667996,1.6766782995473306,1.6668607357825014,1.6720605073630324,948.986713857595
2025-01-01 23:30:00+00:00,1.6720605073630324,1.676220350844325,1.6623684319264989,1.6665282754077915,1295.3643365408182
2025-01-01 23:35:00+00:00,1.6665282754077915,1.6716593839006113,1.6602909497139613,1.6654220582067811,1424.7111252769662
2025-01-01 23:40:00+00:00,1.6654220582067811,1.6713074566313038,1.6600872741765091,1.6659726726010318,828.4871233634063
2025-01-01 23:45:00+00:00,1.6659726726010318,1.6670611942541638,1.6614275826578742,1.6625161043110062,1844.8974976306736
2025-01-01 23:50:00+00:00,1.6625161043110062,1.6668581815139016,1.659307455223435,1.6636495324263305,683.26201999657
2025-01-01 23:55:00+00:00,1.6636495324263305,1.6653322886855708,1.6611836933623063,1.6628664496215466,1134.6701226969126
2025-01-02 00:00:00+00:00,1.6628664496215466,1.6687029026154585,1.6540669151210063,1.6599033681149182,708.3599624797582
2025-01-02 00:05:00+00:00,1.6599033681149182,1.6645856011916065,1.6537367695963905,1.6584190026730787,960.636334709387
2025-01-02 00:10:00+00:00,1.6584190026730787,1.6627233577902945,1.6491478878915602,1.653452243008776,1596.1691217394507
2025-01-02 00:15:00+00:00,1.653452243008776,1.6591227414529408,1.6447119232830882,1.6503824217272531,1504.0964236654015
2025-01-02 00:20:00+00:00,1.6503824217272531,1.6568733130759739,1.645522513336373,1.6520134046850936,3834.3865695414634
2025-01-02 00:25:00+00:00,1.6520134046850936,1.6551568897858708,1.6450663539867165,1.6482098390874937,2217.717663935217
2025-01-02 00:30:00+00:00,1.6482098390874937,1.6510011762020125,1.6469852818591524,1.6497766189736711,1889.60547895962
2025-01-02 00:35:00+00:00,1.6497766189736711,1.653605077061458,1.6436485415256359,1.6474769996134229,1890.0348124325878
2025-01-02 00:40:00+00:00,1.6474769996134229,1.6533356874732337,1.6413883088378927,1.6472469966977035,4929.1904706309215
2025-01-02 00:45:00+00:00,1.6472469966977035,1.6482076175984601,1.6441147962615326,1.6450754171622892,3081.4221936970966
2025-01-02 00:50:00+00:00,1.6450754171622892,1.651319156930131,1.6320966121759257,1.6383403519437676,862.6928162847337
2025-01-02 00:55:00+00:00,1.6383403519437676,1.642120323736582,1.6310536179067252,1.6348335896995396,1095.9629569083472
2025-01-02 01:00:00+00:00,1.6348335896995396,1.6380900651936992,1.6294983634342242,1.6327548389283837,1069.5177629099085
2025-01-02 01:05:00+00:00,1.6327548389283837,1.6369495826958729,1.6237872313003539,1.627981975067843,1382.1075315967573
2025-01-02 01:10:00+00:00,1.627981975067843,1.634425996811071,1.6163193619510252,1.6227633836942532,941.8129133918819
2025-01-02 01:15:00+00:00,1.6227633836942532,1.628326157806705,1.6152497109517416,1.6208124850641934,707.3555767467623
2025-01-02 01:20:00+00:00,1.6208124850641934,1.6268305489864743,1.6107943303155186,1.6168123942377994,902.4579049656141
2025-01-02 01:25:00+00:00,1.6168123942377994,1.6219805884309724,1.6055496454220302,1.610717839615203,1250.1891943350506
2025-01-02 01:30:00+00:00,1.610717839615203,1.6116500559526945,1.6055826844234329,1.6065149007609243,1111.997909811845
2025-01-02 01:35:00+00:00,1.6065149007609243,1.6128268786945674,1.5989034585830464,1.6052154365166895,948.2067134250339
2025-01-02 01:40:00+00:00,1.6052154365166895,1.609836384012318,1.5966495249396153,1.6012704724352438,795.7408389592606
2025-01-02 01:45:00+00:00,1.6012704724352438,1.6034994873308426,1.5977290238801432,1.599958038775742,1471.376028434421
2025-01-02 01:50:00+00:00,1.599958038775742,1.6013133461145244,1.5983502978926152,1.5997056052313976,1267.184927066268
2025-01-02 01:55:00+00:00,1.5997056052313976,1.6040626190722413,1.5921534225851517,1.5965104364259954,880.6610787559151
2025-01-02 02:00:00+00:00,1.5965104364259954,1.5990857333644994,1.5884516186854278,1.5910269156239318,950.8303278873536
2025-01-02 02:05:00+00:00,1.5910269156239318,1.5962219321373425,1.5799686393744323,1.585163655887843,1716.1055268109387
2025-01-02 02:10:00+00:00,1.585163655887843,1.5910177153206317,1.575818025728621,1.5816720851614097,1015.554555602546
2025-01-02 02:15:00+00:00,1.5816720851614097,1.5859189460742855,1.575594968414678,1.5798418293275538,1519.8932859661836
2025-01-02 02:20:00+00:00,1.5798418293275538,1.5858092911005455,1.5708255898383234,1.576793051611315,1051.3408747938386
2025-01-02 02:25:00+00:00,1.576793051611315,1.5777567796576881,1.5732536725265183,1.5742174005728913,1051.3394962786722
2025-01-02 02:30:00+00:00,1.5742174005728913,1.5775776286024141,1.566364434790414,1.5697246628199368,973.6498781866134
2025-01-02 02:35:00+00:00,1.5697246628199368,1.5717110682602327,1.5646061725893656,1.5665925780296615,1267.5516165629676
2025-01-02 02:40:00+00:00,1.5665925780296615,1.56824728969777,1.5603196486722188,1.5619743603403273,1233.3312987470865
2025-01-02 02:45:00+00:00,1.5619743603403273,1.5681261604026457,1.551449947812914,1.5576017478752324,880.875944869841
2025-01-02 02:50:00+00:00,1.5576017478752324,1.5588198672884168,1.55018733803666,1.5514054574498444,1678.0597159274087
2025-01-02 02:55:00+00:00,1.5514054574498444,1.5553694458928524,1.540720733347576,1.5446847217905841,990.5312207034448
2025-01-02 03:00:00+00:00,1.5446847217905841,1.5500648813402087,1.53460167224435,1.5399818317939746,2104.0312747965395
2025-01-02 03:05:00+00:00,1.5399818317939746,1.5432785580506128,1.5308249606642381,1.5341216869208762,3222.2795306336857
2025-01-02 03:10:00+00:00,1.5341216869208762,1.5361381733022057,1.52652647492367,1.5285429613049994,2000.484687092671
2025-01-02 03:15:00+00:00,1.5285429613049994,1.533512367915578,1.520988190088707,1.5259575966992855,2296.9277532003734
2025-01-02 03:20:00+00:00,1.5259575966992855,1.5302104262065548,1.5176990615520856,1.5219518910593548,2573.487127998887
2025-01-02 03:25:00+00:00,1.5219518910593548,1.5272995605945003,1.5181248704065111,1.5234725399416567,1374.9263064778058
2025-01-02 03:30:00+00:00,1.5234725399416567,1.5257371163141984,1.519104888357741,1.5213694647302827,735.3307487655302
2025-01-02 03:35:00+00:00,1.5213694647302827,1.5269716701722238,1.5108399781731812,1.5164421836151223,865.3922859165282
2025-01-02 03:40:00+00:00,1.5164421836151223,1.5198250258383477,1.5107286327251843,1.5141114749484097,603.627620991133
2025-01-02 03:45:00+00:00,1.5141114749484097,1.5175510831741668,1.507604775544463,1.51104438377022,1250.306940935734
2025-01-02 03:50:00+00:00,1.51104438377022,1.516750535363931,1.5004210543585144,1.5061272059522253,1167.9603843008083
2025-01-02 03:55:00+00:00,1.5061272059522253,1.509429596416425,1.501182514898444,1.5044849053626437,1257.8719071236137
2025-01-02 04:00:00+00:00,1.5044849053626437,1.5067745162404373,1.4972104511344837,1.4995000620122774,1173.5626120126549
2025-01-02 04:05:00+00:00,1.4995000620122774,1.504910043760995,1.4850756603806736,1.4904856421293913,929.0277543067428
2025-01-02 04:10:00+00:00,1.4904856421293913,1.4942109609447671,1.4847120005927992,1.488437319408175,1258.7309595368943
2025-01-02 04:15:00+00:00,1.488437319408175,1.4935940507903511,1.4787708272912423,1.4839275586734184,836.0824319357791
2025-01-02 04:20:00+00:00,1.4839275586734184,1.4874549077004038,1.479697554297912,1.4832249033248974,861.7423746877498
2025-01-02 04:25:00+00:00,1.4832249033248974,1.4879596524951515,1.4740512364241605,1.4787859855944145,999.3597408281377
2025-01-02 04:30:00+00:00,1.4787859855944145,1.4828561792392023,1.4694107806371617,1.4734809742819495,1391.8075805875565
2025-01-02 04:35:00+00:00,1.4734809742819495,1.4754421492736776,1.4711150199528753,1.4730761949446034,785.9735772349163
2025-01-02 04:40:00+00:00,1.4730761949446034,1.4740474382371334,1.4671366362563218,1.4681078795488518,2268.3305339766575
2025-01-02 04:45:00+00:00,1.4681078795488518,1.4699610161419105,1.4636185649633704,1.4654717015564291,903.7424938376041
2025-01-02 04:50:00+00:00,1.4654717015564291,1.4693819248960942,1.461189494685183,1.4650997180248482,735.1262837787467
2025-01-02 04:55:00+00:00,1.4650997180248482,1.4678679047821057,1.459685956343,1.4624541431002576,1123.586044481844
2025-01-02 05:00:00+00:00,1.4624541431002576,1.4663078036509511,1.455690264985132,1.4595439255358256,873.3829063516811
2025-01-02 05:05:00+00:00,1.4595439255358256,1.4634850374598374,1.4530911867867298,1.4570322987107416,1274.3180891954494
2025-01-02 05:10:00+00:00,1.4570322987107416,1.4627646309134439,1.450152120542151,1.4558844527448533,1338.3190938584835
2025-01-02 05:15:00+00:00,1.4558844527448533,1.4589448218109198,1.4488797321714626,1.451940101237529,840.7357231730803
2025-01-02 05:20:00+00:00,1.451940101237529,1.4558570181227732,1.4466270271393569,1.450543944024601,1222.6762756298908
2025-01-02 05:25:00+00:00,1.450543944024601,1.4526462400517473,1.447060044197903,1.449162340225049,940.1808292585611
2025-01-02 05:30:00+00:00,1.449162340225049,1.4549533854777046,1.4451148664154756,1.450905911668131,1151.884135494639
2025-01-02 05:35:00+00:00,1.450905911668131,1.4520086334041384,1.4469721908097024,1.4480749125457097,953.9940698290364
2025-01-02 05:40:00+00:00,1.4480749125457097,1.4504590860244841,1.4419294668336995,1.444313640312474,2294.5983727442635
2025-01-02 05:45:00+00:00,1.444313640312474,1.446879132438868,1.440917238352245,1.443482730478639,2572.944116191493
2025-01-02 05:50:00+00:00,1.443482730478639,1.4486489509282268,1.435588148059222,1.4407543685088098,3384.034611752327
2025-01-02 05:55:00+00:00,1.4407543685088098,1.44149369711486,1.4385355609347645,1.4392748895408147,2139.3676751746902
2025-01-02 06:00:00+00:00,1.4392748895408147,1.4408797954613246,1.435977716897595,1.4375826228181048,2868.811084691318
2025-01-02 06:05:00+00:00,1.4375826228181048,1.4398104263686706,1.4355027553350266,1.4377305588855924,1583.5168105895823
2025-01-02 06:10:00+00:00,1.4377305588855924,1.4389339327973287,1.4335777330412913,1.4347811069530276,883.4356940320004
2025-01-02 06:15:00+00:00,1.4347811069530276,1.437107648014928,1.4305260076813064,1.4328525487432069,1413.6359025717954
2025-01-02 06:20:00+00:00,1.4328525487432069,1.4374701037468565,1.4221315831883203,1.42674913819197,999.0383925284985
2025-01-02 06:25:00+00:00,1.42674913819197,1.429655773631824,1.4206369901780522,1.4235436256179064,1175.377978319531
2025-01-02 06:30:00+00:00,1.4235436256179064,1.4295169599834976,1.418544853176484,1.4245181875420752,1211.4666150102362
2025-01-02 06:35:00+00:00,1.4245181875420752,1.4266724573255372,1.4195767690938406,1.4217310388773026,1011.9966310824659
2025-01-02 06:40:00+00:00,1.4217310388773026,1.4224552995709536,1.4182126072302839,1.418936867923935,1559.4124573868576
2025-01-02 06:45:00+00:00,1.418936867923935,1.4231385048383371,1.4110857640396994,1.4152874009541017,1477.7495397381354
2025-01-02 06:50:00+00:00,1.4152874009541017,1.4165645519689958,1.4134303266416084,1.4147074776565025,1119.0141262430902
2025-01-02 06:55:00+00:00,1.4147074776565025,1.4192262747840008,1.408933714743985,1.4134525118714834,1071.2070291990178
2025-01-02 07:00:00+00:00,1.4134525118714834,1.4166870922335435,1.4066544009934399,1.4098889813555,1099.2434552728632
2025-01-02 07:05:00+00:00,1.4098889813555,1.4120282249016025,1.407324304203204,1.4094635477493065,1242.351814871716
2025-01-02 07:10:00+00:00,1.4094635477493065,1.4131727158185927,1.4046317049612849,1.408340873030571,1238.8418798091423
2025-01-02 07:15:00+00:00,1.408340873030571,1.4122863709477682,1.4040941218871745,1.4080396198043716,769.3588165583523
2025-01-02 07:20:00+00:00,1.4080396198043716,1.4130271247355273,1.4003767701680307,1.4053642750991864,1280.3081443683363
2025-01-02 07:25:00+00:00,1.4053642750991864,1.4096507059189005,1.402394968181213,1.406681399000927,1222.929830871714
2025-01-02 07:30:00+00:00,1.406681399000927,1.410016492601045,1.4023941482797586,1.4057292418798766,991.6617926216255
2025-01-02 07:35:00+00:00,1.4057292418798766,1.4081037944613013,1.4014826783090086,1.4038572308904333,895.1430076971885
2025-01-02 07:40:00+00:00,1.4038572308904333,1.405464428916648,1.39966731385191,1.4012745118781247,712.5316622132331
2025-01-02 07:45:00+00:00,1.4012745118781247,1.406737877744095,1.3936518827618516,1.399115248627822,1171.37108861993
2025-01-02 07:50:00+00:00,1.399115248627822,1.401322825505437,1.3965577712455257,1.3987653481231408,916.1240258806059
2025-01-02 07:55:00+00:00,1.3987653481231408,1.4013650733915706,1.3938756896276785,1.3964754148961083,972.0437932616145
2025-01-02 08:00:00+00:00,1.3964754148961083,1.3977284356327235,1.395139390097187,1.3963924108338022,2041.228022132767
2025-01-02 08:05:00+00:00,1.3963924108338022,1.3982556126727,1.393557342357387,1.3954205441962848,752.584557094784
2025-01-02 08:10:00+00:00,1.3954205441962848,1.3980964175753654,1.3929970315786628,1.3956729049577434,666.2036896172801
2025-01-02 08:15:00+00:00,1.3956729049577434,1.400558806350674,1.390086771353671,1.3949726727466016,2846.342843806666
2025-01-02 08:20:00+00:00,1.3949726727466016,1.399865705740561,1.3878498058111313,1.3927428388050906,1521.695135726338
2025-01-02 08:25:00+00:00,1.3927428388050906,1.3974383710260023,1.382678458185737,1.3873739904066487,2057.315188779069
2025-01-02 08:30:00+00:00,1.3873739904066487,1.3906382529526409,1.3823614957690133,1.3856257583150056,2366.9253958065833
2025-01-02 08:35:00+00:00,1.3856257583150056,1.3904176077623955,1.3798348346924205,1.3846266841398105,1858.583760960652
2025-01-02 08:40:00+00:00,1.3846266841398105,1.3854520895254532,1.3816949466004471,1.3825203519860898,3137.4676203344334
2025-01-02 08:45:00+00:00,1.3825203519860898,1.385906591817817,1.3776138448085065,1.3810000846402337,1073.2568856654104
2025-01-02 08:50:00+00:00,1.3810000846402337,1.3836666229176846,1.3750449313223914,1.3777114695998423,1105.9303852500398
2025-01-02 08:55:00+00:00,1.3777114695998423,1.3801880512591973,1.3720354707004645,1.3745120523598195,894.581377276837
2025-01-02 09:00:00+00:00,1.3745120523598195,1.3755235266965982,1.3693159585768984,1.370327432913677,822.6535308025831
2025-01-02 09:05:00+00:00,1.370327432913677,1.3757920576695941,1.364406364271342,1.3698709890272591,1002.4697770095961
2025-01-02 09:10:00+00:00,1.3698709890272591,1.375104956928159,1.362138328266948,1.3673722961678478,1693.3825238350726
2025-01-02 09:15:00+00:00,1.3673722961678478,1.3721977313067493,1.3589226784193045,1.363748113558206,1041.9290097791256
2025-01-02 09:20:00+00:00,1.363748113558206,1.364723239969398,1.357726784054332,1.358701910465524,1218.2197556214867
2025-01-02 09:25:00+00:00,1.358701910465524,1.3631536444225485,1.3510784091957069,1.3555301431527313,1192.1850947295397
2025-01-02 09:30:00+00:00,1.3555301431527313,1.357964690557004,1.3524661304766337,1.3549006778809063,849.9148491943411
2025-01-02 09:35:00+00:00,1.3549006778809063,1.355668878294688,1.3518557872623342,1.352623987676116,1281.1109025403512
2025-01-02 09:40:00+00:00,1.352623987676116,1.3557064996539638,1.3452959667760884,1.3483784787539363,932.1134831279611
2025-01-02 09:45:00+00:00,1.3483784787539363,1.349548545562891,1.3464069507709708,1.3475770175799255,688.7604966915945
2025-01-02 09:50:00+00:00,1.3475770175799255,1.35150869786986,1.3427981851612032,1.3467298654511377,671.1250859068521
2025-01-02 09:55:00+00:00,1.3467298654511377,1.3502151598537062,1.3416342733251523,1.3451195677277208,1245.6687324576546
2025-01-02 10:00:00+00:00,1.3451195677277208,1.3458242908613824,1.342460304282203,1.3431650274158646,1703.8696847159235
2025-01-02 10:05:00+00:00,1.3431650274158646,1.3449631741096821,1.3399731856045627,1.3417713322983802,1250.4814455524165
2025-01-02 10:10:00+00:00,1.3417713322983802,1.345515610209785,1.335622006675697,1.3393662845871017,1398.1768802408283
2025-01-02 10:15:00+00:00,1.3393662845871017,1.3433068714831162,1.3333731532478852,1.3373137401438997,800.9162606736314
2025-01-02 10:20:00+00:00,1.3373137401438997,1.3409416183441083,1.3291281269117594,1.332756005111968,516.2737051536317
2025-01-02 10:25:00+00:00,1.332756005111968,1.3338834801546975,1.3307102861411246,1.331837761183854,1651.5355431411715
2025-01-02 10:30:00+00:00,1.331837761183854,1.3359719265914327,1.324752200881814,1.3288863662893926,1355.0987216416643
2025-01-02 10:35:00+00:00,1.3288863662893926,1.3341769876747644,1.3235020841936993,1.3287927055790711,712.9659993289475
2025-01-02 10:40:00+00:00,1.3287927055790711,1.3310958657380787,1.3199279337420877,1.3222310939010953,1131.7208999863017
2025-01-02 10:45:00+00:00,1.3222310939010953,1.3236649148805886,1.3186180715936207,1.320051892573114,1058.132548015827
2025-01-02 10:50:00+00:00,1.320051892573114,1.324518608672006,1.3138556610358811,1.3183223771347732,1031.8434148047506
2025-01-02 10:55:00+00:00,1.3183223771347732,1.321436398527148,1.3114044392352182,1.314518460627593,1801.8547110741463
2025-01-02 11:00:00+00:00,1.314518460627593,1.3152881621260577,1.3112261016841067,1.3119958031825714,2593.9620904578505
2025-01-02 11:05:00+00:00,1.3119958031825714,1.3133974244347537,1.308564506238125,1.3099661274903074,2796.098358063567
2025-01-02 11:10:00+00:00,1.3099661274903074,1.3112765826474175,1.3063882959808637,1.3076987511379738,1676.2860905603518
2025-01-02 11:15:00+00:00,1.3076987511379738,1.3119489479920246,1.2994679600105323,1.303718156864583,2577.6867192934064
2025-01-02 11:20:00+00:00,1.303718156864583,1.3078035598623612,1.2963202553710167,1.3004056583687948,1627.3273630260796
2025-01-02 11:25:00+00:00,1.3004056583687948,1.3050504492002377,1.2943044397251822,1.298949230556625,1263.4977901446753
2025-01-02 11:30:00+00:00,1.298949230556625,1.3003541606862894,1.296534622606442,1.2979395527361064,1012.1975723937268
2025-01-02 11:35:00+00:00,1.2979395527361064,1.300817011241332,1.292266853562368,1.2951443120675936,1340.0209568453101
2025-01-02 11:40:00+00:00,1.2951443120675936,1.2985208860930038,1.2889937821358775,1.2923703561612876,1200.4767303404255
2025-01-02 11:45:00+00:00,1.2923703561612876,1.2962767887026099,1.2859390901380061,1.2898455226793284,713.7795184435537
2025-01-02 11:50:00+00:00,1.2898455226793284,1.2944415558670812,1.2840781783030304,1.2886742114907832,821.5295105248185
2025-01-02 11:55:00+00:00,1.2886742114907832,1.2908629352755727,1.282144448115343,1.2843331719001325,1089.8159143032988
2025-01-02 12:00:00+00:00,1.2843331719001325,1.2850917757205556,1.2788844592426785,1.2796430630631015,1236.129071431754
2025-01-02 12:05:00+00:00,1.2796430630631015,1.2823957519448619,1.2745032619975674,1.2772559508793278,1446.1105532763718
2025-01-02 12:10:00+00:00,1.2772559508793278,1.280833695397208,1.269475464157274,1.2730532086751543,797.466591637906
2025-01-02 12:15:00+00:00,1.2730532086751543,1.2742558716571821,1.2685152358667529,1.2697178988487807,1033.9775860949187
2025-01-02 12:20:00+00:00,1.2697178988487807,1.2727314811916322,1.2644646483498276,1.267478230692679,1942.2923891240441
2025-01-02 12:25:00+00:00,1.267478230692679,1.2693375234737847,1.2640484329447002,1.2659077257258058,1100.1029230185407
2025-01-02 12:30:00+00:00,1.2659077257258058,1.2700479411255277,1.2579059426176933,1.2620461580174152,851.2869516258618
2025-01-02 12:35:00+00:00,1.2620461580174152,1.26533843389892,1.2577994370232883,1.2610917129047932,690.0025231871898
2025-01-02 12:40:00+00:00,1.2610917129047932,1.2642342342508879,1.2531695869597619,1.2563121083058566,1196.321725998586
2025-01-02 12:45:00+00:00,1.2563121083058566,1.2570065000672446,1.2544055976459003,1.2550999894072883,1348.1826276353663
2025-01-02 12:50:00+00:00,1.2550999894072883,1.2560639168658658,1.249794681851734,1.2507586093103116,887.1221721760478
2025-01-02 12:55:00+00:00,1.2507586093103116,1.253427291599183,1.2442750440366053,1.2469437263254768,1326.870746680153
2025-01-02 13:00:00+00:00,1.2469437263254768,1.249918660368504,1.2430854464691818,1.246060380512209,1420.6009115425352
2025-01-02 13:05:00+00:00,1.246060380512209,1.2483032577820565,1.2414234669191289,1.2436663441889764,1538.6347925608102
2025-01-02 13:10:00+00:00,1.2436663441889764,1.2451754013131537,1.2392403121808144,1.2407493693049918,1279.4287635671867
2025-01-02 13:15:00+00:00,1.2407493693049918,1.2418460325613276,1.2373130885949555,1.2384097518512913,1011.9080038602563
2025-01-02 13:20:00+00:00,1.2384097518512913,1.2395944721799044,1.2362865405504853,1.2374712608790983,901.0294633545053
2025-01-02 13:25:00+00:00,1.2374712608790983,1.2405643157268793,1.2327137563914647,1.2358068112392457,1358.6501828519908
2025-01-02 13:30:00+00:00,1.2358068112392457,1.238745801646601,1.2312821000567544,1.2342210904641098,770.5578522252796
2025-01-02 13:35:00+00:00,1.2342210904641098,1.2365543379303832,1.2319453063991153,1.2342785538653887,3483.409971876926
2025-01-02 13:40:00+00:00,1.2342785538653887,1.237850188729683,1.2281764042734322,1.2317480391377267,2788.1390110357984
2025-01-02 13:45:00+00:00,1.2317480391377267,1.2356828215072646,1.2256773568159465,1.2296121391854844,2219.901693711936
2025-01-02 13:50:00+00:00,1.2296121391854844,1.2339620394878312,1.223080404742557,1.2274303050449038,1509.1134353534774
2025-01-02 13:55:00+00:00,1.2274303050449038,1.2308153316510881,1.2243772658404228,1.2277622924466072,1919.8091099617698
2025-01-02 14:00:00+00:00,1.2277622924466072,1.2316123573062334,1.2239991225203828,1.227849187380009,1632.030572741191
2025-01-02 14:05:00+00:00,1.227849187380009,1.2328054427432646,1.2234276792400345,1.22838393460329,826.0543951742447
2025-01-02 14:10:00+00:00,1.22838393460329,1.2311384211122247,1.2242258488067417,1.2269803353156763,1213.9402984603416
2025-01-02 14:15:00+00:00,1.2269803353156763,1.2308973789957824,1.2214836269893061,1.2254006706694123,1885.338216938305
2025-01-02 14:20:00+00:00,1.2254006706694123,1.2273630909823305,1.2233430344315532,1.2253054547444715,829.2504949094964
2025-01-02 14:25:00+00:00,1.2253054547444715,1.22678873025738,1.2218891243514822,1.2233723998643906,876.6372249808122
2025-01-02 14:30:00+00:00,1.2233723998643906,1.2277535046217702,1.2188483232559189,1.2232294280132985,1808.5474785469455
2025-01-02 14:35:00+00:00,1.2232294280132985,1.227096336541507,1.2190492016057504,1.222916110133959,1101.1313458829081
2025-01-02 14:40:00+00:00,1.222916110133959,1.225598265578017,1.2178168857397418,1.2204990411838,1175.0492811702795
2025-01-02 14:45:00+00:00,1.2204990411838,1.224287980300868,1.2151746814751367,1.2189636205922048,904.2907570286632
2025-01-02 14:50:00+00:00,1.2189636205922048,1.2230670530178305,1.213247441398907,1.2173508738245327,1597.3797194059327
2025-01-02 14:55:00+00:00,1.2173508738245327,1.221428269099266,1.21433809829492,1.2184154935696532,1101.7035963297062
2025-01-02 15:00:00+00:00,1.2184154935696532,1.224664989334883,1.2144483257077954,1.2206978214730253,1304.2235430102737
2025-01-02 15:05:00+00:00,1.2206978214730253,1.2214451094016099,1.218261192134596,1.2190084800631806,1327.3608750010933
2025-01-02 15:10:00+00:00,1.2190084800631806,1.2236125154974795,1.2128428530996882,1.217446888533987,1590.1258694039564
2025-01-02 15:15:00+00:00,1.217446888533987,1.2217616128815283,1.2081835971109995,1.2124983214585408,1195.976428950854
2025-01-02 15:20:00+00:00,1.2124983214585408,1.2159734250178609,1.2076659709336683,1.2111410744929885,932.2544071139749
2025-01-02 15:25:00+00:00,1.2111410744929885,1.2154623804642901,1.2050972515006173,1.209418557471919,1239.5298607410962
2025-01-02 15:30:00+00:00,1.209418557471919,1.2120453233506399,1.203476307255237,1.206103073133958,1060.2607658777645
2025-01-02 15:35:00+00:00,1.206103073133958,1.2088638127151943,1.2026674296895066,1.205428169270743,697.1889193164029
2025-01-02 15:40:00+00:00,1.205428169270743,1.206060526722592,1.2006711741735925,1.2013035316254415,927.254826411328
2025-01-02 15:45:00+00:00,1.2013035316254415,1.201947380683727,1.198434479166914,1.1990783282251996,737.0092622178529
2025-01-02 15:50:00+00:00,1.1990783282251996,1.2013039281754538,1.1950815885085853,1.1973071884588395,1034.8395716308416
2025-01-02 15:55:00+00:00,1.1973071884588395,1.1994771199645198,1.1913203629233589,1.193490294429039,956.2710490177859
2025-01-02 16:00:00+00:00,1.193490294429039,1.198055391181247,1.1880709235835467,1.1926360203357547,984.6895400137536
2025-01-02 16:05:00+00:00,1.1926360203357547,1.196941811643446,1.1877010774065395,1.192006868714231,712.5693398398435
2025-01-02 16:10:00+00:00,1.192006868714231,1.1936414373699473,1.1861977116721618,1.1878322803278782,1231.2444729910533
2025-01-02 16:15:00+00:00,1.1878322803278782,1.1903281797833292,1.1810867871949997,1.1835826866504506,2473.4098051472715
2025-01-02 16:20:00+00:00,1.1835826866504506,1.1854595337635727,1.1802610550742425,1.1821379021873646,3084.2620519852094
2025-01-02 16:25:00+00:00,1.1821379021873646,1.1852850381308109,1.1765940158986827,1.179741151842129,1752.5719066541371
2025-01-02 16:30:00+00:00,1.179741151842129,1.1831219986981911,1.1722450003833758,1.1756258472394379,2084.9691585833716
2025-01-02 16:35:00+00:00,1.1756258472394379,1.1765484649044613,1.171836381462446,1.1727589991274694,1998.8307314371093
2025-01-02 16:40:00+00:00,1.1727589991274694,1.1743886444212697,1.168480310140711,1.1701099554345114,1201.2153499637932
2025-01-02 16:45:00+00:00,1.1701099554345114,1.1715435324942174,1.1659329402484138,1.1673665173081198,1621.5820767721093
2025-01-02 16:50:00+00:00,1.1673665173081198,1.1700108269994192,1.163294065120066,1.1659383748113654,2209.452756345483
2025-01-02 16:55:00+00:00,1.1659383748113654,1.1679890610878516,1.1617962950470726,1.1638469813235588,1464.4889480694053
2025-01-02 17:00:00+00:00,1.1638469813235588,1.1662955727504727,1.1612006122824887,1.1636492037094026,2153.6943511370623
2025-01-02 17:05:00+00:00,1.1636492037094026,1.1654153126487832,1.1610938930383805,1.162860001977761,2001.7196012418071
2025-01-02 17:10:00+00:00,1.162860001977761,1.1642247021536212,1.1596998895127937,1.1610645896886538,1905.6096682023765
2025-01-02 17:15:00+00:00,1.1610645896886538,1.1629436842933683,1.1579141371300923,1.1597932317348068,1843.5746352799122
2025-01-02 17:20:00+00:00,1.1597932317348068,1.160528308331461,1.1581014464099806,1.1588365230066349,1880.5041824985685
2025-01-02 17:25:00+00:00,1.1588365230066349,1.1615124665627008,1.154320428182243,1.156996371738309,2445.2381535985605
2025-01-02 17:30:00+00:00,1.156996371738309,1.1584328462674647,1.151025788329233,1.1524622628583887,2488.454542217614
2025-01-02 17:35:00+00:00,1.1524622628583887,1.15560750366907,1.1476583576639474,1.1508035984746288,2416.035815999864
2025-01-02 17:40:00+00:00,1.1508035984746288,1.155960943184643,1.1470311754001248,1.152188520110139,1998.3061193330484
2025-01-02 17:45:00+00:00,1.152188520110139,1.15677040196582,1.1511257727231585,1.1557076545788396,1697.636299926814
2025-01-02 17:50:00+00:00,1.1557076545788396,1.1590401996812085,1.153778882920931,1.1571114280233,1658.7536740111568
2025-01-02 17:55:00+00:00,1.1571114280233,1.1624920264094158,1.1537357461400815,1.1591163445261974,1811.5270725902813
2025-01-02 18:00:00+00:00,1.1591163445261974,1.1623658956641085,1.1576038021230186,1.1608533532609298,1894.281499556011
2025-01-02 18:05:00+00:00,1.1608533532609298,1.1688328496657785,1.1565069844180473,1.164486480822896,1669.6734781503555
2025-01-02 18:10:00+00:00,1.164486480822896,1.167729103803584,1.1627925009043671,1.166035123885055,1430.1998188945374
2025-01-02 18:15:00+00:00,1.166035123885055,1.170203170639345,1.1628067129367818,1.1669747596910718,1485.3841558120635
2025-01-02 18:20:00+00:00,1.1669747596910718,1.1715351706419062,1.1641847107127226,1.168745121663557,2323.7010624087175
2025-01-02 18:25:00+00:00,1.168745121663557,1.1738239701136841,1.164410991503814,1.1694898399539413,1622.0663872380092
2025-01-02 18:30:00+00:00,1.1694898399539413,1.1749370479110222,1.165659440551198,1.1711066485082788,1902.6772041223555
2025-01-02 18:35:00+00:00,1.1711066485082788,1.1762059363075843,1.1674181869550857,1.1725174747543912,1728.152240555031
2025-01-02 18:40:00+00:00,1.1725174747543912,1.1751210895813844,1.1717535259988006,1.1743571408257938,2064.4927365640633
2025-01-02 18:45:00+00:00,1.1743571408257938,1.1800484256300758,1.1728793642982223,1.1785706491025043,1801.911458972168
2025-01-02 18:50:00+00:00,1.1785706491025043,1.1841448111780035,1.1739647331694565,1.1795388952449557,2539.494170877113
2025-01-02 18:55:00+00:00,1.1795388952449557,1.1823149850953452,1.178402805014705,1.1811788948650945,4433.204642849714
2025-01-02 19:00:00+00:00,1.1811788948650945,1.1863570277236517,1.1773539887758357,1.182532121634393,3190.208607023018
2025-01-02 19:05:00+00:00,1.182532121634393,1.1898916342262864,1.1778161790407775,1.185175691632671,4226.81840581713
2025-01-02 19:10:00+00:00,1.185175691632671,1.1865069045441208,1.1839054252982488,1.1852366382096986,3210.754713167503
2025-01-02 19:15:00+00:00,1.1852366382096986,1.1907262643303456,1.1805570034276531,1.1860466295483,3834.1763924352354
2025-01-02 19:20:00+00:00,1.1860466295483,1.1918476825016944,1.1820422047088255,1.1878432576622198,2390.801963272894
2025-01-02 19:25:00+00:00,1.1878432576622198,1.1911437520872747,1.1872353939225886,1.1905358883476436,1358.155546528076
2025-01-02 19:30:00+00:00,1.1905358883476436,1.193334729109573,1.1896460098385848,1.1924448506005143,2192.6165740171723
2025-01-02 19:35:00+00:00,1.1924448506005143,1.1946640868220777,1.191546276998511,1.1937655132200744,1879.5490276715223
2025-01-02 19:40:00+00:00,1.1937655132200744,1.1961118394976646,1.1922755381739951,1.1946218644515854,2468.5259414096245
2025-01-02 19:45:00+00:00,1.1946218644515854,1.1982343166855043,1.1939058679519978,1.1975183201859168,1919.9184322164583
2025-01-02 19:50:00+00:00,1.1975183201859168,1.2031059563110194,1.1962355712971822,1.2018232074222848,2413.9653087818288
2025-01-02 19:55:00+00:00,1.2018232074222848,1.20872036144668,1.197687553371992,1.2045847073963871,1967.786943387534
2025-01-02 20:00:00+00:00,1.2045847073963871,1.2115381609441294,1.2002634878915834,1.2072169414393257,2563.366051570512
2025-01-02 20:05:00+00:00,1.2072169414393257,1.2136889366995967,1.2038130356084054,1.2102850308686763,2032.2162108817809
2025-01-02 20:10:00+00:00,1.2102850308686763,1.2139003452462263,1.2077859836408307,1.2114012980183806,1594.148302603561
2025-01-02 20:15:00+00:00,1.2114012980183806,1.216973713138799,1.2079206593966774,1.2134930745170958,2002.2483056853875
2025-01-02 20:20:00+00:00,1.2134930745170958,1.2194240172730162,1.2097756091526577,1.2157065519085781,1933.147685233407
2025-01-02 20:25:00+00:00,1.2157065519085781,1.2216207399789973,1.2128854779815683,1.2187996660519875,2956.3287788404805
2025-01-02 20:30:00+00:00,1.2187996660519875,1.2223527227444737,1.217917749361793,1.2214708060542792,1578.1291200416072
2025-01-02 20:35:00+00:00,1.2214708060542792,1.2230927596846766,1.2208345334623463,1.2224564870927437,1312.3168563052395
2025-01-02 20:40:00+00:00,1.2224564870927437,1.2283017604713435,1.2210848371321317,1.2269301105107315,2614.703702903274
2025-01-02 20:45:00+00:00,1.2269301105107315,1.2339944147771587,1.2252357033522179,1.232300007618645,1639.951560217037
2025-01-02 20:50:00+00:00,1.232300007618645,1.2394909123856568,1.2276395437020553,1.234830448469067,1263.2736381289797
2025-01-02 20:55:00+00:00,1.234830448469067,1.2420049182524124,1.2312096781087483,1.2383841478920936,1523.735541006158
2025-01-02 21:00:00+00:00,1.2383841478920936,1.2451530622436713,1.235013864746466,1.2417827790980436,1588.0336347055688
2025-01-02 21:05:00+00:00,1.2417827790980436,1.248966039109915,1.2388080405898694,1.245991300601741,1728.7133475186542
2025-01-02 21:10:00+00:00,1.245991300601741,1.250892748417891,1.241942945516506,1.2468443933326563,3292.322307645916
2025-01-02 21:15:00+00:00,1.2468443933326563,1.2553394024638225,1.243861096754932,1.2523561058860981,1803.7831721134764
2025-01-02 21:20:00+00:00,1.2523561058860981,1.2597770132523534,1.2473486473329052,1.2547695546991604,2231.747761651285
2025-01-02 21:25:00+00:00,1.2547695546991604,1.2644561826447611,1.2501268513689185,1.2598134793145193,2154.440589189182
2025-01-02 21:30:00+00:00,1.2598134793145193,1.264778465718942,1.2581230566930868,1.2630880430975095,3646.250721508538
2025-01-02 21:35:00+00:00,1.2630880430975095,1.2691296796649183,1.2596161049808605,1.2656577415482693,2732.3358914369937
2025-01-02 21:40:00+00:00,1.2656577415482693,1.271986888085819,1.26227910591161,1.2686082524491598,6663.711809249432
2025-01-02 21:45:00+00:00,1.2686082524491598,1.2781318724065989,1.2636181326283373,1.2731417525857764,3725.8031687923294
2025-01-02 21:50:00+00:00,1.2731417525857764,1.2788207815767725,1.2693033818928805,1.2749824108838765,3419.3966088684333
2025-01-02 21:55:00+00:00,1.2749824108838765,1.2824175125523114,1.2701214782668968,1.2775565799353317,4825.388773773235
2025-01-02 22:00:00+00:00,1.2775565799353317,1.2826330459012087,1.2748734525235406,1.2799499184894176,1543.357645653067
2025-01-02 22:05:00+00:00,1.2799499184894176,1.2842274153626552,1.2761479059210006,1.280425402794238,1668.3872943975623
2025-01-02 22:10:00+00:00,1.280425402794238,1.2863570768715396,1.279583184442453,1.2855148585197544,2422.9073781852585
2025-01-02 22:15:00+00:00,1.2855148585197544,1.291838632737729,1.283149401463878,1.2894731756818525,1697.1010596028339
2025-01-02 22:20:00+00:00,1.2894731756818525,1.294729238479461,1.2872180407927227,1.2924741035903313,2006.7822392539103
2025-01-02 22:25:00+00:00,1.2924741035903313,1.3020821678294348,1.2876752620583778,1.2972833262974812,1741.7990412873926
2025-01-02 22:30:00+00:00,1.2972833262974812,1.3010947578971612,1.2949448537315147,1.2987562853311947,2764.6193868143578
2025-01-02 22:35:00+00:00,1.2987562853311947,1.3057455088252867,1.2945711243707125,1.3015603478648046,1286.706510946522
2025-01-02 22:40:00+00:00,1.3015603478648046,1.3084352768985348,1.3002620195366978,1.307136948570428,960.7790902139589
2025-01-02 22:45:00+00:00,1.307136948570428,1.3142905617085636,1.3043544927759734,1.311508105914109,1956.9111725212822
2025-01-02 22:50:00+00:00,1.311508105914109,1.3141374809352417,1.3081555762506765,1.3107849512718093,1761.0198476567832
2025-01-02 22:55:00+00:00,1.3107849512718093,1.3125229899206654,1.3065260258014844,1.3082640644503405,3846.3245190129846
2025-01-02 23:00:00+00:00,1.3082640644503405,1.3114135184338307,1.3061367934841062,1.3092862474675964,1954.7471767318686
2025-01-02 23:05:00+00:00,1.3092862474675964,1.3142554925214414,1.308581639132829,1.313550884186674,1963.1091301057688
2025-01-02 23:10:00+00:00,1.313550884186674,1.3188629826570868,1.3100296087132848,1.3153417071836975,2319.614246936762
2025-01-02 23:15:00+00:00,1.3153417071836975,1.3226130791465947,1.3102007465190872,1.3174721184819844,2059.2029473316716
2025-01-02 23:20:00+00:00,1.3174721184819844,1.322830679606723,1.3154898887129987,1.3208484498377373,2230.665552081101
2025-01-02 23:25:00+00:00,1.3208484498377373,1.3239104373153618,1.3187338765109917,1.3217958639886163,1530.5953250258754
2025-01-02 23:30:00+00:00,1.3217958639886163,1.3258884173488223,1.3203290918203305,1.3244216451805366,1773.0082817002242
2025-01-02 23:35:00+00:00,1.3244216451805366,1.3328735987264437,1.3194572711720585,1.3279092247179656,2748.315779933729
2025-01-02 23:40:00+00:00,1.3279092247179656,1.3359558324903653,1.3227746552803752,1.330821263052775,1427.58539488773
2025-01-02 23:45:00+00:00,1.330821263052775,1.3351986163193728,1.3291841872546115,1.3335615405212093,1744.6775251703102
2025-01-02 23:50:00+00:00,1.3335615405212093,1.3395167836432385,1.3286898676565797,1.3346451107786088,2103.942038813368
2025-01-02 23:55:00+00:00,1.3346451107786088,1.3411396992240887,1.3309642534860293,1.3374588419315092,2308.3437410346055
2025-01-03 00:00:00+00:00,1.3374588419315092,1.341535994643909,1.3346281197718761,1.3387052724842758,1943.632552569757
2025-01-03 00:05:00+00:00,1.3387052724842758,1.3470729953681329,1.3343170396445017,1.3426847625283587,2253.922187690583
2025-01-03 00:10:00+00:00,1.3426847625283587,1.3526942311660748,1.338658282874919,1.348667751512635,5177.874095824476
2025-01-03 00:15:00+00:00,1.348667751512635,1.3535009314648192,1.344422767351687,1.3492559473038712,4353.539097305754
2025-01-03 00:20:00+00:00,1.3492559473038712,1.3510187297604828,1.345711865452185,1.3474746479087965,3534.9297574660527
2025-01-03 00:25:00+00:00,1.3474746479087965,1.3499300787210249,1.3460232319715328,1.3484786627837613,4764.259536637438
2025-01-03 00:30:00+00:00,1.3484786627837613,1.35550679728126,1.3437143905425621,1.3507425250400609,3682.984114500632
2025-01-03 00:35:00+00:00,1.3507425250400609,1.3554070102753006,1.3494024831485056,1.3540669683837454,3702.5175129166646
2025-01-03 00:40:00+00:00,1.3540669683837454,1.3615832698043255,1.3498976482687508,1.357413949689331,2629.20279662781
2025-01-03 00:45:00+00:00,1.357413949689331,1.3604615027602198,1.354654650230656,1.357702203301545,2171.010613056996
2025-01-03 00:50:00+00:00,1.357702203301545,1.3618261926343396,1.3538276081262852,1.35795159745908,1467.6198613128993
2025-01-03 00:55:00+00:00,1.35795159745908,1.364665786098176,1.354830162112037,1.3615443507511331,1249.9791983203413
2025-01-03 01:00:00+00:00,1.3615443507511331,1.3667784681245507,1.3560379530566746,1.3612720704300922,1579.2463101808057
2025-01-03 01:05:00+00:00,1.3612720704300922,1.3690028974858819,1.3568287358467659,1.3645595629025555,2052.0660563368992
2025-01-03 01:10:00+00:00,1.3645595629025555,1.3706391658479316,1.3596104338655435,1.3656900368109195,2235.4168029006937
2025-01-03 01:15:00+00:00,1.3656900368109195,1.3691939251611942,1.3649479290020534,1.3684518173523281,1914.4517801745692
2025-01-03 01:20:00+00:00,1.3684518173523281,1.374882883948487,1.364694161605775,1.371125228201934,3171.5220667063745
2025-01-03 01:25:00+00:00,1.371125228201934,1.3750384738427497,1.3700169271901173,1.373930172830933,1873.279349322105
2025-01-03 01:30:00+00:00,1.373930172830933,1.3788594451679244,1.3718989153446188,1.3768281876816102,1506.1706988736707
2025-01-03 01:35:00+00:00,1.3768281876816102,1.3820123552652366,1.3715747428398788,1.3767589104235052,1879.1855070987428
2025-01-03 01:40:00+00:00,1.3767589104235052,1.3830424852906003,1.372558283569663,1.378841858436758,2426.0600826619107
2025-01-03 01:45:00+00:00,1.378841858436758,1.3848387795368404,1.3744904487597527,1.380487369859835,2150.761740036721
2025-01-03 01:50:00+00:00,1.380487369859835,1.3853693378441687,1.3777749701851532,1.3826569381694869,2099.7589373738383
2025-01-03 01:55:00+00:00,1.3826569381694869,1.3914432975862354,1.3776193687519256,1.3864057281686741,2669.9446975119054
2025-01-03 02:00:00+00:00,1.3864057281686741,1.391425877280073,1.3826794265815059,1.3876995756929047,2505.074765585872
2025-01-03 02:05:00+00:00,1.3876995756929047,1.3925579029368007,1.3834477632216022,1.3883060904654982,2844.3494205015145
2025-01-03 02:10:00+00:00,1.3883060904654982,1.3902208773796525,1.3870209307553831,1.3889357176695374,1746.3115056125262
2025-01-03 02:15:00+00:00,1.3889357176695374,1.3910925100421832,1.3881580418711634,1.3903148342438092,2146.805013078471
2025-01-03 02:20:00+00:00,1.3903148342438092,1.3982858017939164,1.3855578906685782,1.3935288582186853,2076.129672836106
2025-01-03 02:25:00+00:00,1.3935288582186853,1.397214367466367,1.390499409816413,1.3941849190640947,2028.0203722479735
2025-01-03 02:30:00+00:00,1.3941849190640947,1.4024783714142632,1.389917983661855,1.3982114360120235,3117.937487701126
2025-01-03 02:35:00+00:00,1.3982114360120235,1.4041516265852503,1.3949125566315346,1.4008527472047614,2227.9926919742447
2025-01-03 02:40:00+00:00,1.4008527472047614,1.4049414856630518,1.3986069034864104,1.4026956419447008,2230.0910920671845
2025-01-03 02:45:00+00:00,1.4026956419447008,1.404232058642359,1.401210316726804,1.402746733424462,1484.4324088829187
2025-01-03 02:50:00+00:00,1.402746733424462,1.410522643757004,1.397747586148094,1.4055234964806358,4062.1673001632375
2025-01-03 02:55:00+00:00,1.4055234964806358,1.410874410969509,1.403779901379378,1.4091308158682512,4976.563169800874
2025-01-03 03:00:00+00:00,1.4091308158682512,1.4098440770597345,1.407945210902176,1.4086584720936592,4533.579498879568
2025-01-03 03:05:00+00:00,1.4086584720936592,1.415892981506818,1.406029727411949,1.4132642368251078,3446.59257698564
2025-01-03 03:10:00+00:00,1.4132642368251078,1.4221390780668217,1.4098569991946448,1.4187318404363587,5114.310158672459
2025-01-03 03:15:00+00:00,1.4187318404363587,1.4265819524980345,1.4142052707923016,1.4220553828539775,4347.3086880253895
2025-01-03 03:20:00+00:00,1.4220553828539775,1.4272057556992772,1.4205683519904353,1.425718724835735,2590.581395826373
2025-01-03 03:25:00+00:00,1.425718724835735,1.4360836290330146,1.4223958128445224,1.432760717041802,2356.1702000885816
2025-01-03 03:30:00+00:00,1.432760717041802,1.440112377825291,1.4305126927551994,1.4378643535386884,2564.6781514637078
2025-01-03 03:35:00+00:00,1.4378643535386884,1.4405054693439612,1.4367274519347106,1.4393685677399835,1620.443302954073
2025-01-03 03:40:00+00:00,1.4393685677399835,1.4471075777882776,1.4347227286622415,1.4424617387105356,1713.4903984533933
2025-01-03 03:45:00+00:00,1.4424617387105356,1.4483053416209768,1.4395351102911065,1.4453787132015476,2511.6421186074394
2025-01-03 03:50:00+00:00,1.4453787132015476,1.452927867582219,1.4408205144277515,1.4483696688084229,4167.235957692532
2025-01-03 03:55:00+00:00,1.4483696688084229,1.4509664632055779,1.44497438590363,1.447571180300785,2422.0571693190914
2025-01-03 04:00:00+00:00,1.447571180300785,1.458055858105883,1.4417682637688822,1.4522529415739802,2362.894454871866
2025-01-03 04:05:00+00:00,1.4522529415739802,1.4565972637050764,1.450217722373344,1.45456204450444,1870.1497281436043
2025-01-03 04:10:00+00:00,1.45456204450444,1.460129923410088,1.452749749216434,1.458317628122082,3419.3962205163502
2025-01-03 04:15:00+00:00,1.458317628122082,1.4663479955736023,1.453565220197732,1.4615955876492523,2229.4635037620737
2025-01-03 04:20:00+00:00,1.4615955876492523,1.4703682508410898,1.4579139957058118,1.4666866588976493,2059.3275818433003
2025-01-03 04:25:00+00:00,1.4666866588976493,1.4715296748634696,1.4649223376919978,1.4697653536578181,2287.317269918956
2025-01-03 04:30:00+00:00,1.4697653536578181,1.4750508954873867,1.466706673177448,1.4719922150070166,1837.8026554425455
2025-01-03 04:35:00+00:00,1.4719922150070166,1.4804325379970424,1.468152519540339,1.476592842530365,2445.7742129757376
2025-01-03 04:40:00+00:00,1.476592842530365,1.4865221970063927,1.4728443980812296,1.4827737525572573,2152.4139784386307
2025-01-03 04:45:00+00:00,1.4827737525572573,1.486702516183771,1.4819823763061994,1.4859111399327132,1990.7032135565041
2025-01-03 04:50:00+00:00,1.4859111399327132,1.4977715573967738,1.480220920257096,1.4920813377211566,1460.4279885869305
2025-01-03 04:55:00+00:00,1.4920813377211566,1.5007673634314274,1.4875991135326692,1.49628513924294,1568.4609505623257
2025-01-03 05:00:00+00:00,1.49628513924294,1.5050406705132962,1.4903075552987375,1.4990630865690937,1883.127533436898
2025-01-03 05:05:00+00:00,1.4990630865690937,1.509554338138493,1.495055799176039,1.5055470507454383,1184.2315816949313
2025-01-03 05:10:00+00:00,1.5055470507454383,1.5097996644089282,1.503541862010295,1.5077944756737849,1647.0574242313562
2025-01-03 05:15:00+00:00,1.5077944756737849,1.5160688679642171,1.5050722659072981,1.5133466581977304,2025.6418647169492
2025-01-03 05:20:00+00:00,1.5133466581977304,1.5214752350368324,1.5080085037805184,1.5161370806196204,2011.7016324738345
2025-01-03 05:25:00+00:00,1.5161370806196204,1.5251498941889285,1.511616040515552,1.5206288540848603,3447.3537431440413
2025-01-03 05:30:00+00:00,1.5206288540848603,1.5245590549906485,1.5180858503141692,1.5220160512199574,2704.557752185114
2025-01-03 05:35:00+00:00,1.5220160512199574,1.529140467439678,1.5169621611535014,1.524086577373222,4207.578488307862
2025-01-03 05:40:00+00:00,1.524086577373222,1.5336951919358968,1.519992119049133,1.5296007336118078,4003.583092339181
2025-01-03 05:45:00+00:00,1.5296007336118078,1.5366108686933078,1.526458102710581,1.533468237792081,4742.127383413287
2025-01-03 05:50:00+00:00,1.533468237792081,1.5389191059864706,1.5315622054551894,1.537013073649579,4115.515761798905
2025-01-03 05:55:00+00:00,1.537013073649579,1.5418641214543714,1.5347716072065427,1.539622655011335,1652.2590001395145
2025-01-03 06:00:00+00:00,1.539622655011335,1.5470426688449375,1.5363943798967592,1.5438143937303617,2092.370409498078
2025-01-03 06:05:00+00:00,1.5438143937303617,1.5490587139984613,1.5392855543601152,1.5445298746282148,1862.7884252265007
2025-01-03 06:10:00+00:00,1.5445298746282148,1.5496358728567134,1.5405848051763333,1.545690803404832,3380.537992179874
2025-01-03 06:15:00+00:00,1.545690803404832,1.550823561614252,1.5434351181001786,1.5485678763095987,1831.4039139340475
2025-01-03 06:20:00+00:00,1.5485678763095987,1.5562521927220594,1.5424332715317177,1.5501175879441784,2238.6063362636883
2025-01-03 06:25:00+00:00,1.5501175879441784,1.5535698289450846,1.548390084064395,1.551842325065301,2507.8426092823574
2025-01-03 06:30:00+00:00,1.551842325065301,1.5576436381817713,1.5488640801376592,1.5546653932541294,2221.3281250362725
2025-01-03 06:35:00+00:00,1.5546653932541294,1.5584878886413216,1.553469926290751,1.5572924216779431,1914.1739291223892
2025-01-03 06:40:00+00:00,1.5572924216779431,1.5629142201702912,1.5540646720260853,1.5596864705184335,1962.0697649533079
2025-01-03 06:45:00+00:00,1.5596864705184335,1.5693279439714396,1.555906725656552,1.5655481991095581,1902.5073434020962
2025-01-03 06:50:00+00:00,1.5655481991095581,1.5739904557287407,1.5616780385203914,1.570120295139574,1615.1438007998731
2025-01-03 06:55:00+00:00,1.570120295139574,1.5791705189205707,1.5659907946040361,1.5750410183850327,2036.1988575154364
2025-01-03 07:00:00+00:00,1.5750410183850327,1.5790030323737378,1.573555113700469,1.5775171276891742,2988.9527876656366
2025-01-03 07:05:00+00:00,1.5775171276891742,1.583903729390414,1.5726319221079703,1.57901852380921,2866.9425068956925
2025-01-03 07:10:00+00:00,1.57901852380921,1.5823430687867126,1.5753241408119663,1.5786486857894688,1616.7393472898355
2025-01-03 07:15:00+00:00,1.5786486857894688,1.5857451319813807,1.5732070192273204,1.5803034654192323,2466.6001945659377
2025-01-03 07:20:00+00:00,1.5803034654192323,1.586152637805751,1.5727469551610995,1.5785961275476184,1995.6915306001974
2025-01-03 07:25:00+00:00,1.5785961275476184,1.5855254635901919,1.5727411873847479,1.5796705234273214,1932.082246780989
2025-01-03 07:30:00+00:00,1.5796705234273214,1.5889777660046245,1.5739354611470364,1.5832427037243395,1875.9412277397328
2025-01-03 07:35:00+00:00,1.5832427037243395,1.5924285844040797,1.5792119244184513,1.5883978050981915,2473.1503500982626
2025-01-03 07:40:00+00:00,1.5883978050981915,1.5960407613069805,1.5846184006401032,1.5922613568488921,1601.835528036151
2025-01-03 07:45:00+00:00,1.5922613568488921,1.5949494288224901,1.5899001256686534,1.5925881976422513,1610.781316232568
2025-01-03 07:50:00+00:00,1.5925881976422513,1.598815645352225,1.5892326928698937,1.5954601405798674,2707.611330637531
2025-01-03 07:55:00+00:00,1.5954601405798674,1.5982282425476975,1.5930717693220457,1.5958398712898758,1297.7378567774388
2025-01-03 08:00:00+00:00,1.5958398712898758,1.6030824736268847,1.5920322389871502,1.599274841324159,1760.356561225887
2025-01-03 08:05:00+00:00,1.599274841324159,1.6069868052081302,1.593178673598717,1.6008906374826881,2226.9848488740536
2025-01-03 08:10:00+00:00,1.6008906374826881,1.6086579607385167,1.596581064986899,1.6043483882427276,4330.4565335598045
2025-01-03 08:15:00+00:00,1.6043483882427276,1.6119659051293922,1.6034880300529573,1.6111055469396218,4094.4225574582006
2025-01-03 08:20:00+00:00,1.6111055469396218,1.6178120369463391,1.6079695979405406,1.614676087947258,6972.0169114146565
2025-01-03 08:25:00+00:00,1.614676087947258,1.6264676135022136,1.6091949138964015,1.6209864394513571,6109.121725813169
2025-01-03 08:30:00+00:00,1.6209864394513571,1.6253701398636815,1.6187323936050015,1.623116094017326,4814.206528946713
2025-01-03 08:35:00+00:00,1.623116094017326,1.6293419408050434,1.6180372220035928,1.6242630687913102,2578.7306988954892
2025-01-03 08:40:00+00:00,1.6242630687913102,1.6302162044132142,1.622714657820529,1.628667793442433,1983.991236463609
2025-01-03 08:45:00+00:00,1.628667793442433,1.6352969257018088,1.6272361400927242,1.6338652723521,1856.3747858002216
2025-01-03 08:50:00+00:00,1.6338652723521,1.637028791829283,1.6314594933187085,1.6346230127958914,2714.611834851934
2025-01-03 08:55:00+00:00,1.6346230127958914,1.6395068069331367,1.6317638767196225,1.6366476708568678,2826.9686053793707
2025-01-03 09:00:00+00:00,1.6366476708568678,1.6420222721200937,1.630363385251393,1.6357379865146189,1509.8099266197362
2025-01-03 09:05:00+00:00,1.6357379865146189,1.63881104445173,1.6342167559193597,1.6372898138564709,2947.6336816701864
2025-01-03 09:10:00+00:00,1.6372898138564709,1.6463025684242394,1.6320148444048899,1.6410275989726584,3370.6800666456443
2025-01-03 09:15:00+00:00,1.6410275989726584,1.64757361550881,1.6363528790778248,1.6428988956139765,2567.2058029703926
2025-01-03 09:20:00+00:00,1.6428988956139765,1.6449188101649124,1.6418521307831777,1.6438720453341136,1533.4536533086161
2025-01-03 09:25:00+00:00,1.6438720453341136,1.6462076200082572,1.6409137876699518,1.6432493623440954,2438.0251128244827
2025-01-03 09:30:00+00:00,1.6432493623440954,1.650165400244938,1.6392754964650993,1.646191534365942,1741.4164740476062
2025-01-03 09:35:00+00:00,1.646191534365942,1.6519776683051126,1.6442677189707373,1.650053852909908,2752.501683503969
2025-01-03 09:40:00+00:00,1.650053852909908,1.6571698680683615,1.6464790434355023,1.6535950585939558,2027.1043079831063
2025-01-03 09:45:00+00:00,1.6535950585939558,1.6615151973353661,1.6486174765280106,1.656537615269421,1989.1564566920517
2025-01-03 09:50:00+00:00,1.656537615269421,1.6612928031724492,1.6517623191238446,1.656517507026873,1638.3225103295924
2025-01-03 09:55:00+00:00,1.656517507026873,1.6656677781469784,1.653470427492262,1.6626206986123675,1995.2080664212583
2025-01-03 10:00:00+00:00,1.6626206986123675,1.6703637222058023,1.6574458391647988,1.6651888627582336,2114.2699932754563
2025-01-03 10:05:00+00:00,1.6651888627582336,1.6703720061337437,1.6624827096500356,1.6676658530255457,1444.3480203786348
2025-01-03 10:10:00+00:00,1.6676658530255457,1.6741725693533762,1.6654827563788666,1.671989472706697,970.346702932498
2025-01-03 10:15:00+00:00,1.671989472706697,1.6748953394795747,1.667686364699312,1.6705922314721897,879.9024124727008
2025-01-03 10:20:00+00:00,1.6705922314721897,1.6747539356744285,1.6693276631760117,1.6734893673782505,1452.3280807708782
2025-01-03 10:25:00+00:00,1.6734893673782505,1.6823394816143202,1.66748008974751,1.6763302039835797,1169.3104768931883
2025-01-03 10:30:00+00:00,1.6763302039835797,1.6819482253273963,1.6746677776087644,1.680285798952581,992.550883910253
2025-01-03 10:35:00+00:00,1.680285798952581,1.6899916518042828,1.6765995298675553,1.6863053827192571,1453.314677992011
2025-01-03 10:40:00+00:00,1.6863053827192571,1.6934561898823242,1.6835017765205271,1.6906525836835942,1152.0925899529504
2025-01-03 10:45:00+00:00,1.6906525836835942,1.694215920994662,1.6868473316680026,1.6904106689790703,2329.1139187556023
2025-01-03 10:50:00+00:00,1.6904106689790703,1.6943265480193204,1.6893618570625957,1.6932777361028457,2228.8333159436806
2025-01-03 10:55:00+00:00,1.6932777361028457,1.703252392259252,1.6873594874532145,1.6973341436096208,3283.143575619411
2025-01-03 11:00:00+00:00,1.6973341436096208,1.704868025287221,1.6938200025644856,1.701353884242086,2529.9798636979535
2025-01-03 11:05:00+00:00,1.701353884242086,1.7056859971946026,1.6981997201063435,1.7025318330588601,1602.1852144541924
2025-01-03 11:10:00+00:00,1.7025318330588601,1.7045522494632546,1.70097402120538,1.7029944376097745,2106.8487600399408
2025-01-03 11:15:00+00:00,1.7029944376097745,1.7135890667903158,1.6974535047197987,1.70804813390034,1042.439957849756
2025-01-03 11:20:00+00:00,1.70804813390034,1.7142777162343212,1.706522333513722,1.7127519158477034,627.358478871232
2025-01-03 11:25:00+00:00,1.7127519158477034,1.721553041651141,1.707968590946772,1.7167697167502096,1408.6075873344955
2025-01-03 11:30:00+00:00,1.7167697167502096,1.7206506491490914,1.7134484661710156,1.7173293985698974,1529.2286926534578
2025-01-03 11:35:00+00:00,1.7173293985698974,1.7283644360414232,1.7141261480928134,1.7251611855643392,890.428339614295
2025-01-03 11:40:00+00:00,1.7251611855643392,1.7271247764598372,1.7214086495249965,1.7233722404204945,1446.5966201644835
2025-01-03 11:45:00+00:00,1.7233722404204945,1.7306409253363129,1.7195953490343496,1.726864033950168,1263.1707829916231
2025-01-03 11:50:00+00:00,1.726864033950168,1.7386008504094919,1.7237575035056856,1.7354943199650095,1181.357671503424
2025-01-03 11:55:00+00:00,1.7354943199650095,1.740581816648881,1.734400040046342,1.7394875367302134,898.9545157443549
2025-01-03 12:00:00+00:00,1.7394875367302134,1.7497684385465748,1.7340377333629406,1.744318635179302,1758.7241362538186
2025-01-03 12:05:00+00:00,1.744318635179302,1.7530152968640293,1.7375142187574268,1.7462108804421541,1216.9292689122085
2025-01-03 12:10:00+00:00,1.7462108804421541,1.760274447819769,1.7393743749068225,1.7534379422844373,932.2693727775725
2025-01-03 12:15:00+00:00,1.7534379422844373,1.7605921726121687,1.747942643105103,1.7550968734328345,1360.118389840825
2025-01-03 12:20:00+00:00,1.7550968734328345,1.766836069622465,1.748270936143315,1.7600101323329456,1149.0749473107305
2025-01-03 12:25:00+00:00,1.7600101323329456,1.76960591753706,1.7550703418021438,1.7646661270062582,900.5330558304939
2025-01-03 12:30:00+00:00,1.7646661270062582,1.7689965472618112,1.7624643427986746,1.7667947630542276,1334.0593201534475
2025-01-03 12:35:00+00:00,1.7667947630542276,1.776297373250944,1.7635110158087899,1.7730136260055063,1223.8687062169113
2025-01-03 12:40:00+00:00,1.7730136260055063,1.778930473186055,1.7683910295047414,1.77430787668529,690.0248027141051
2025-01-03 12:45:00+00:00,1.77430787668529,1.7811844604993017,1.7702457761205193,1.777122359934531,1104.0667937515068
2025-01-03 12:50:00+00:00,1.777122359934531,1.7873764952152267,1.7710385358297913,1.781292671110487,1233.0916622637403
2025-01-03 12:55:00+00:00,1.781292671110487,1.7910071961880947,1.7748829585319623,1.78459748360957,1390.3365485477586
2025-01-03 13:00:00+00:00,1.78459748360957,1.7930997964733135,1.7812374136739846,1.7897397265377282,1476.7505781709167
2025-01-03 13:05:00+00:00,1.7897397265377282,1.7990881141074662,1.7864680102857287,1.7958163978554667,1155.6899157675032
2025-01-03 13:10:00+00:00,1.7958163978554667,1.8024026468804617,1.7926281290338044,1.7992143780587995,1196.9077371275716
2025-01-03 13:15:00+00:00,1.7992143780587995,1.8048833028830256,1.7963419874297502,1.8020109122539762,844.6023711716854
2025-01-03 13:20:00+00:00,1.8020109122539762,1.80893522340714,1.7978644950319211,1.804788806185085,1080.4765098988878
2025-01-03 13:25:00+00:00,1.804788806185085,1.8105501411494498,1.802058528996108,1.8078198639604728,2056.4610274264146
2025-01-03 13:30:00+00:00,1.8078198639604728,1.814464892352299,1.8066839019566108,1.813328930348437,3011.949233093435
2025-01-03 13:35:00+00:00,1.813328930348437,1.8189078812796344,1.8109497436446451,1.8165286945758425,3299.943461984745
2025-01-03 13:40:00+00:00,1.8165286945758425,1.8250685990876117,1.8124722836442881,1.8210121881560573,2128.8019050018524
2025-01-03 13:45:00+00:00,1.8210121881560573,1.8275569747760512,1.8177800944022149,1.8243248810222088,1425.5654046771795
2025-01-03 13:50:00+00:00,1.8243248810222088,1.8309859726795803,1.8192403037705265,1.825901395427898,2648.475593748147
2025-01-03 13:55:00+00:00,1.825901395427898,1.8378296812681831,1.8192090390026407,1.831137324842926,1433.116690817128
2025-01-03 14:00:00+00:00,1.831137324842926,1.837313811455075,1.825933614180187,1.8321101007923362,1044.0595563257034
2025-01-03 14:05:00+00:00,1.8321101007923362,1.8397265893680292,1.8276733172758697,1.8352898058515628,782.139464043814
2025-01-03 14:10:00+00:00,1.8352898058515628,1.8459565681244985,1.8309864634723998,1.8416532257453355,1310.2031380464657
2025-01-03 14:15:00+00:00,1.8416532257453355,1.8471283336716968,1.8367601110036949,1.8422352189300562,904.604389032223
2025-01-03 14:20:00+00:00,1.8422352189300562,1.8488193859362778,1.8384408737435076,1.8450250407497293,1131.297466553333
2025-01-03 14:25:00+00:00,1.8450250407497293,1.8468558420909496,1.8425128167892693,1.8443436181304895,1059.7033139925247
2025-01-03 14:30:00+00:00,1.8443436181304895,1.851454487170793,1.8322143261544157,1.8393251951947192,1329.6801769926933
2025-01-03 14:35:00+00:00,1.8393251951947192,1.8429039651767531,1.8284935488052039,1.8320723187872379,792.7613144583546
2025-01-03 14:40:00+00:00,1.8320723187872379,1.837487802666562,1.8218380985207308,1.8272535824000549,1503.4104714461348
2025-01-03 14:45:00+00:00,1.8272535824000549,1.8341922737770506,1.8150491568229323,1.821987848199928,1200.9417533164278
2025-01-03 14:50:00+00:00,1.821987848199928,1.824456377355373,1.8156616125191363,1.8181301416745812,1892.1088809946796
2025-01-03 14:55:00+00:00,1.8181301416745812,1.8208359783276724,1.8146749724106628,1.817380809063754,860.414097005109
2025-01-03 15:00:00+00:00,1.817380809063754,1.8195207880805024,1.8115976659122452,1.8137376449289937,648.6503741770724
2025-01-03 15:05:00+00:00,1.8137376449289937,1.8189725095327132,1.8056277178589109,1.8108625824626303,1075.8986983520022
2025-01-03 15:10:00+00:00,1.8108625824626303,1.8131791166581035,1.804089384252835,1.8064059184483081,776.4489144095178
2025-01-03 15:15:00+00:00,1.8064059184483081,1.8087966511620872,1.7991073238960869,1.801498056609866,1111.3819076175964
2025-01-03 15:20:00+00:00,1.801498056609866,1.8032406103072494,1.7935534488395843,1.7952960025369677,675.7822880425706
2025-01-03 15:25:00+00:00,1.7952960025369677,1.799939358051359,1.7823663213281273,1.7870096768425185,1350.6108851342176
2025-01-03 15:30:00+00:00,1.7870096768425185,1.7889728454869536,1.7807685170786138,1.7827316857230489,1126.6600277080781
2025-01-03 15:35:00+00:00,1.7827316857230489,1.7851256528026527,1.779384885145714,1.7817788522253177,1311.4079942437174
2025-01-03 15:40:00+00:00,1.7817788522253177,1.7867075753566408,1.773423731209866,1.778352454341189,1072.5340053805141
2025-01-03 15:45:00+00:00,1.778352454341189,1.7852156630530271,1.7659131102299686,1.7727763189418067,787.6625045350465
2025-01-03 15:50:00+00:00,1.7727763189418067,1.7765122497191597,1.7681186492368084,1.7718545800141614,1438.9606758653272
2025-01-03 15:55:00+00:00,1.7718545800141614,1.7727429969442214,1.7656328324857697,1.7665212494158298,1509.6092587840644
2025-01-03 16:00:00+00:00,1.7665212494158298,1.7708506156489192,1.7564943539893478,1.7608237202224373,1615.4019208775803
2025-01-03 16:05:00+00:00,1.7608237202224373,1.761813158860723,1.7529242447355275,1.7539136833738134,2145.586763082266
2025-01-03 16:10:00+00:00,1.7539136833738134,1.757277035083437,1.74421841016323,1.7475817618728537,2529.6236581296525
2025-01-03 16:15:00+00:00,1.7475817618728537,1.7544872796887272,1.735894617209047,1.7428001350249205,2808.4117887144375
2025-01-03 16:20:00+00:00,1.7428001350249205,1.7447996738156486,1.7407585571419204,1.7427580959326485,2126.668894142288
2025-01-03 16:25:00+00:00,1.7427580959326485,1.7437230103507753,1.7371882198244766,1.7381531342426033,2456.254873003672
2025-01-03 16:30:00+00:00,1.7381531342426033,1.7413063275066432,1.7287388745626862,1.731892067826726,2511.685428861254
2025-01-03 16:35:00+00:00,1.731892067826726,1.736148338571787,1.7223326116690862,1.7265888824141473,1389.905807430516
2025-01-03 16:40:00+00:00,1.7265888824141473,1.73211186145383,1.716626741526966,1.7221497205666487,700.7209749647578
2025-01-03 16:45:00+00:00,1.7221497205666487,1.7289843360235113,1.7078827406470252,1.7147173561038878,1611.1580227765348
2025-01-03 16:50:00+00:00,1.7147173561038878,1.7215169987263037,1.7043536917911766,1.7111533344135925,1128.951373685996
2025-01-03 16:55:00+00:00,1.7111533344135925,1.712774539049792,1.7072215905917627,1.7088427952279621,1141.0688913316858
2025-01-03 17:00:00+00:00,1.7088427952279621,1.7153846486761637,1.6992885347683289,1.7058303882165304,974.7909533179592
2025-01-03 17:05:00+00:00,1.7058303882165304,1.7084960227891919,1.7008054282939398,1.7034710628666012,1452.6231213843532
2025-01-03 17:10:00+00:00,1.7034710628666012,1.7063767821095353,1.6944330405709394,1.6973387598138734,1324.2124686427142
2025-01-03 17:15:00+00:00,1.6973387598138734,1.7017779181717154,1.6860394590910857,1.6904786174489277,1146.9636833325858
2025-01-03 17:20:00+00:00,1.6904786174489277,1.6964250223808652,1.683821579063925,1.6897679839958626,1431.3320721728621
2025-01-03 17:25:00+00:00,1.6897679839958626,1.6937296778609399,1.6847915839726406,1.688753277837718,972.9686370351874
2025-01-03 17:30:00+00:00,1.688753277837718,1.6937827798009322,1.6774661810117997,1.682495682975014,1373.8044137986194
2025-01-03 17:35:00+00:00,1.682495682975014,1.6882498788001192,1.6741084785396063,1.6798626743647116,908.2019537097162
2025-01-03 17:40:00+00:00,1.6798626743647116,1.6820393335184929,1.6747774514486122,1.6769541106023935,1027.6365485983413
2025-01-03 17:45:00+00:00,1.6769541106023935,1.678901986780068,1.6732302322712778,1.6751781084489523,1762.0232558854393
2025-01-03 17:50:00+00:00,1.6751781084489523,1.6770175529749984,1.6709723767887563,1.6728118213148024,961.1091004605128
2025-01-03 17:55:00+00:00,1.6728118213148024,1.673950863056987,1.6679674416429022,1.6691064833850868,931.9056800795157
2025-01-03 18:00:00+00:00,1.6691064833850868,1.6708383207598174,1.665151785482619,1.6668836228573496,1070.458587885594
2025-01-03 18:05:00+00:00,1.6668836228573496,1.6696858415097848,1.6618630328923163,1.6646652515447515,1183.4819650461402
2025-01-03 18:10:00+00:00,1.6646652515447515,1.6665420549041112,1.6602381087673537,1.6621149121267134,1288.1726605306749
2025-01-03 18:15:00+00:00,1.6621149121267134,1.6666736166338194,1.6514937285331464,1.6560524330402524,1158.9584961219941
2025-01-03 18:20:00+00:00,1.6560524330402524,1.66026273078915,1.6436093864947332,1.6478196842436308,1133.6520909446222
2025-01-03 18:25:00+00:00,1.6478196842436308,1.6533617257299624,1.6384951999517183,1.64403724143805,1146.3478410284865
2025-01-03 18:30:00+00:00,1.64403724143805,1.6480946819673445,1.6346056138195213,1.6386630543488159,2151.2866228896896
2025-01-03 18:35:00+00:00,1.6386630543488159,1.6404231864096017,1.6353065699084093,1.6370667019691951,762.8707827513381
2025-01-03 18:40:00+00:00,1.6370667019691951,1.6405234047509398,1.6329777052677552,1.6364344080495,1229.0225612326549
2025-01-03 18:45:00+00:00,1.6364344080495,1.6427430793640563,1.6286525545254944,1.6349612258400508,3102.200426861853
2025-01-03 18:50:00+00:00,1.6349612258400508,1.639684964668515,1.6275688228443703,1.6322925616728345,1985.262594691954
2025-01-03 18:55:00+00:00,1.6322925616728345,1.638121592982951,1.6246975564213033,1.6305265877314197,2918.846866795294
2025-01-03 19:00:00+00:00,1.6305265877314197,1.636557706801668,1.6249089789273758,1.630940097997624,2905.86267237628
2025-01-03 19:05:00+00:00,1.630940097997624,1.6334534489233266,1.625159422573611,1.6276727734993135,1292.5696855986107
2025-01-03 19:10:00+00:00,1.6276727734993135,1.630114645270534,1.6252129693920792,1.6276548411632996,1861.4911114473675
2025-01-03 19:15:00+00:00,1.6276548411632996,1.631928232703195,1.6229597094299384,1.6272331009698338,1483.6397799447775
2025-01-03 19:20:00+00:00,1.6272331009698338,1.6309135791033742,1.6222703157772327,1.6259507939107731,1298.2945078309112
2025-01-03 19:25:00+00:00,1.6259507939107731,1.631551596384143,1.6213946407266322,1.626995443200002,937.4130620760295
2025-01-03 19:30:00+00:00,1.626995443200002,1.6326400146928939,1.6181606900315677,1.6238052615244596,1099.3398614293
2025-01-03 19:35:00+00:00,1.6238052615244596,1.6265422910149832,1.6211084938083422,1.6238455232988658,966.3251542770282
2025-01-03 19:40:00+00:00,1.6238455232988658,1.629808481211008,1.6142663609984482,1.6202293189105905,958.657991505236
2025-01-03 19:45:00+00:00,1.6202293189105905,1.626433137154128,1.61071209028571,1.6169159085292475,1492.3273843975387
2025-01-03 19:50:00+00:00,1.6169159085292475,1.618568625740145,1.6113649721770262,1.6130176893879238,669.7675300435351
2025-01-03 19:55:00+00:00,1.6130176893879238,1.6175562716831229,1.607469635309207,1.6120082176044062,651.4416043729699
2025-01-03 20:00:00+00:00,1.6120082176044062,1.6178535296317533,1.6024420236865906,1.6082873357139378,980.1411632940061
2025-01-03 20:05:00+00:00,1.6082873357139378,1.6100786520246992,1.6046540830977836,1.606445399408545,1375.1321146205562
2025-01-03 20:10:00+00:00,1.606445399408545,1.6109791983892432,1.5977387074778313,1.6022725064585295,883.9670456305557
2025-01-03 20:15:00+00:00,1.6022725064585295,1.6069941982182647,1.5975689091687966,1.6022906009285318,1372.878555968958
2025-01-03 20:20:00+00:00,1.6022906009285318,1.6085946631063994,1.5974310981150959,1.6037351602929635,964.0070398812339
2025-01-03 20:25:00+00:00,1.6037351602929635,1.605061237749162,1.6006978973184118,1.6020239747746103,1108.6063372568028
2025-01-03 20:30:00+00:00,1.6020239747746103,1.6042639856162437,1.600736157367416,1.6029761682090493,1121.5062432091213
2025-01-03 20:35:00+00:00,1.6029761682090493,1.6088552344058613,1.5959013895637926,1.6017804557606046,1241.6285210923274
2025-01-03 20:40:00+00:00,1.6017804557606046,1.604597315820512,1.6007923315923598,1.6036091916522672,1313.9618655426423
2025-01-03 20:45:00+00:00,1.6036091916522672,1.606369831800112,1.5986253344062622,1.601385974554107,1087.028395633003
2025-01-03 20:50:00+00:00,1.601385974554107,1.6045537389010107,1.5927222733639705,1.5958900377108742,894.3121053692205
2025-01-03 20:55:00+00:00,1.5958900377108742,1.6025409982626608,1.589538601556492,1.5961895621082787,796.8696912622753
2025-01-03 21:00:00+00:00,1.5961895621082787,1.5999445389099471,1.5895618745885323,1.5933168513902007,1546.988510796323
2025-01-03 21:05:00+00:00,1.5933168513902007,1.5994602272474414,1.5824925434089778,1.5886359192662185,1251.1775406748643
2025-01-03 21:10:00+00:00,1.5886359192662185,1.5922849117466507,1.5809622114808497,1.5846112039612819,1486.6030818962352
2025-01-03 21:15:00+00:00,1.5846112039612819,1.5903417893244558,1.5729479238295043,1.5786785091926783,961.8990447348662
2025-01-03 21:20:00+00:00,1.5786785091926783,1.5796889953966071,1.5744337048701589,1.5754441910740877,1330.198478952965
2025-01-03 21:25:00+00:00,1.5754441910740877,1.5809455970630137,1.5649328071162976,1.5704342131052236,3162.899389964569
2025-01-03 21:30:00+00:00,1.5704342131052236,1.5758232239388714,1.5647813220535756,1.5701703328872234,3450.198195595197
2025-01-03 21:35:00+00:00,1.5701703328872234,1.5731478665924763,1.5653091437345061,1.568286677439759,2488.1872492660764
2025-01-03 21:40:00+00:00,1.568286677439759,1.574176863611571,1.556076630193834,1.561966816365646,3499.04164364708
2025-01-03 21:45:00+00:00,1.561966816365646,1.5639800864092013,1.5538689121917735,1.5558821822353288,1819.1842450055449
2025-01-03 21:50:00+00:00,1.5558821822353288,1.5574739152836976,1.5499134859717398,1.5515052190201086,1079.2318190172523
2025-01-03 21:55:00+00:00,1.5515052190201086,1.5562164843252775,1.5398433318010976,1.5445545971062664,892.1016213922976
2025-01-03 22:00:00+00:00,1.5445545971062664,1.545577000938995,1.5399022557727295,1.5409246596054582,824.8531230070089
2025-01-03 22:05:00+00:00,1.5409246596054582,1.543407421715691,1.5348828880925807,1.5373656502028135,1172.051142852402
2025-01-03 22:10:00+00:00,1.5373656502028135,1.5434614797192268,1.5263209864439287,1.532416815960342,1449.6683421185073
2025-01-03 22:15:00+00:00,1.532416815960342,1.5367805415121751,1.523482959286006,1.5278466848378391,947.37647406741
2025-01-03 22:20:00+00:00,1.5278466848378391,1.53283748944115,1.5201635772940059,1.5251543818973168,1005.920349217424
2025-01-03 22:25:00+00:00,1.5251543818973168,1.5279340099082679,1.5213307178701938,1.524110345881145,986.4419747544429
2025-01-03 22:30:00+00:00,1.524110345881145,1.527062520634112,1.5202113630668603,1.5231635378198274,993.0423343402398
2025-01-03 22:35:00+00:00,1.5231635378198274,1.5286844061915466,1.5139955732458938,1.519516441617613,1400.888929226817
2025-01-03 22:40:00+00:00,1.519516441617613,1.5240644727474593,1.512796455634432,1.5173444867642782,1472.225923172533
2025-01-03 22:45:00+00:00,1.5173444867642782,1.5195758559685617,1.5100249077804642,1.5122562769847476,784.3931141490223
2025-01-03 22:50:00+00:00,1.5122562769847476,1.5152636077494135,1.5062414646537092,1.509248795418375,1284.9259180206484
2025-01-03 22:55:00+00:00,1.509248795418375,1.5120218797687777,1.5009841741408263,1.5037572584912289,1266.779948002122
2025-01-03 23:00:00+00:00,1.5037572584912289,1.5096436428833795,1.4954320902888254,1.501318474680976,1006.5982675908344
2025-01-03 23:05:00+00:00,1.501318474680976,1.5053264403312363,1.4913380806786456,1.4953460463289059,738.545994593166
2025-01-03 23:10:00+00:00,1.4953460463289059,1.4992000354406114,1.4860352907276304,1.489889279839336,1077.3416010855199
2025-01-03 23:15:00+00:00,1.489889279839336,1.4921195600387358,1.4839360706108249,1.4861663508102247,829.4913608200939
2025-01-03 23:20:00+00:00,1.4861663508102247,1.4880696551831432,1.4815694027984585,1.483472707171377,1254.5306962991601
2025-01-03 23:25:00+00:00,1.483472707171377,1.4868076189388353,1.4739270726189655,1.4772619843864239,1246.5135081704168
2025-01-03 23:30:00+00:00,1.4772619843864239,1.4790264326235072,1.4709292633116213,1.4726937115487047,1615.4838246354825
2025-01-03 23:35:00+00:00,1.4726937115487047,1.4769756321434921,1.4650706663687951,1.4693525869635826,988.1101203839049
2025-01-03 23:40:00+00:00,1.4693525869635826,1.4722774548336206,1.4632931015981474,1.4662179694681854,1189.0843120112972
2025-01-03 23:45:00+00:00,1.4662179694681854,1.4693992378841825,1.458073367560526,1.461254635976523,1042.860469089525
2025-01-03 23:50:00+00:00,1.461254635976523,1.4627060382295856,1.4565353181455887,1.4579867203986512,1266.294249942919
2025-01-03 23:55:00+00:00,1.4579867203986512,1.4629770399708157,1.4491468788092838,1.4541371983814484,973.0077806587216
2025-01-04 00:00:00+00:00,1.4541371983814484,1.459277444756822,1.4481192359867041,1.4532594823620777,2200.7391111127927
2025-01-04 00:05:00+00:00,1.4532594823620777,1.4570376586680924,1.447182834966173,1.4509610112721878,1892.6874352742564
2025-01-04 00:10:00+00:00,1.4509610112721878,1.4552193231026167,1.4411988369986923,1.4454571488291212,2514.4740051185427
2025-01-04 00:15:00+00:00,1.4454571488291212,1.4472490804488278,1.436726785939561,1.4385187175592675,2558.871046258999
2025-01-04 00:20:00+00:00,1.4385187175592675,1.4398414906298123,1.434312609201077,1.4356353822716217,3830.2640343369903
2025-01-04 00:25:00+00:00,1.4356353822716217,1.4406000236056642,1.4297200075550243,1.4346846488890668,2743.9307014429824
2025-01-04 00:30:00+00:00,1.4346846488890668,1.4371617952338889,1.4295905388922696,1.4320676852370917,1066.2804142655518
2025-01-04 00:35:00+00:00,1.4320676852370917,1.434820581538603,1.427986734892874,1.4307396311943854,1465.335562101729
2025-01-04 00:40:00+00:00,1.4307396311943854,1.433664183183708,1.4242156096932113,1.4271401616825339,1443.162393420259
2025-01-04 00:45:00+00:00,1.4271401616825339,1.4326723492535878,1.4165869250351715,1.4221191126062254,1015.7031788787978
2025-01-04 00:50:00+00:00,1.4221191126062254,1.427344042108465,1.4155589012987009,1.4207838308009406,1184.4469352311594
2025-01-04 00:55:00+00:00,1.4207838308009406,1.4243178981597184,1.4148808785153433,1.418414945874121,1043.679507891154
2025-01-04 01:00:00+00:00,1.418414945874121,1.4209339395310219,1.4145961239380915,1.4171151175949923,1063.139344547382
2025-01-04 01:05:00+00:00,1.4171151175949923,1.417917096564011,1.4115804669828949,1.4123824459519136,1148.371571682796
2025-01-04 01:10:00+00:00,1.4123824459519136,1.4157438239254951,1.4070166169542813,1.4103779949278628,1068.1265520673824
2025-01-04 01:15:00+00:00,1.4103779949278628,1.4151798148697357,1.402279445774776,1.407081265716649,956.1697832111257
2025-01-04 01:20:00+00:00,1.407081265716649,1.4122992970942714,1.4010553288284622,1.4062733602060846,1237.76590843315
2025-01-04 01:25:00+00:00,1.4062733602060846,1.4080840152713945,1.401382091277502,1.4031927463428118,983.611529309764
2025-01-04 01:30:00+00:00,1.4031927463428118,1.4068924536032192,1.396436572203333,1.4001362794637404,702.3264828619449
2025-01-04 01:35:00+00:00,1.4001362794637404,1.4022618127645627,1.395056904467524,1.3971824377683464,954.17598719758
2025-01-04 01:40:00+00:00,1.3971824377683464,1.4002929375704385,1.3942788452984374,1.3973893451005295,1456.4938526701674
2025-01-04 01:45:00+00:00,1.3973893451005295,1.4027393494657772,1.3902304628062718,1.3955804671715195,1208.7916925252703
2025-01-04 01:50:00+00:00,1.3955804671715195,1.3971213804245652,1.3909643962112355,1.3925053094642812,1288.632426094714
2025-01-04 01:55:00+00:00,1.3925053094642812,1.39779060334133,1.3837602832336438,1.3890455771106927,1172.4057242810145
2025-01-04 02:00:00+00:00,1.3890455771106927,1.3899215687249147,1.3847250656595407,1.3856010572737627,907.0192494659317
2025-01-04 02:05:00+00:00,1.3856010572737627,1.38726597412635,1.3847024884381391,1.3863674052907264,761.5186737297471
2025-01-04 02:10:00+00:00,1.3863674052907264,1.3887843550081465,1.379306493323048,1.3817234430404681,788.0753189703202
2025-01-04 02:15:00+00:00,1.3817234430404681,1.3862850089211756,1.3741575949639602,1.3787191608446676,1103.9780401358473
2025-01-04 02:20:00+00:00,1.3787191608446676,1.3830353265253519,1.3738892401259146,1.378205405806599,1027.2980239655456
2025-01-04 02:25:00+00:00,1.378205405806599,1.3833886000304492,1.373422887443393,1.3786060816672432,1144.1921192088798
2025-01-04 02:30:00+00:00,1.3786060816672432,1.3831438559637077,1.3722906665224006,1.3768284408188651,951.4401525836555
2025-01-04 02:35:00+00:00,1.3768284408188651,1.379571479138722,1.3738622268795508,1.3766052651994076,1936.9886140619462
2025-01-04 02:40:00+00:00,1.3766052651994076,1.3794461359105623,1.3735040335734658,1.3763449042846205,1984.6984384499033
2025-01-04 02:45:00+00:00,1.3763449042846205,1.3794266745684303,1.373377598408492,1.3764593686923017,3434.630049787036
2025-01-04 02:50:00+00:00,1.3764593686923017,1.3794196669604826,1.3720576482756792,1.3750179465438601,2220.2646967994283
2025-01-04 02:55:00+00:00,1.3750179465438601,1.3809342066881714,1.3703063821927295,1.3762226423370407,3396.9594712528783
2025-01-04 03:00:00+00:00,1.3762226423370407,1.3780124515373682,1.373248149678744,1.3750379588790715,3951.3461721392596
2025-01-04 03:05:00+00:00,1.3750379588790715,1.3775139611829466,1.3735571056472053,1.3760331079510804,3835.3356285204977
2025-01-04 03:10:00+00:00,1.3760331079510804,1.380652693551753,1.3680450098260832,1.3726645954267558,1618.9608788492699
2025-01-04 03:15:00+00:00,1.3726645954267558,1.3744736774739306,1.370828723166237,1.3726378052134118,1281.789292157186
2025-01-04 03:20:00+00:00,1.3726378052134118,1.3768361878350994,1.3647682189000139,1.3689666015217015,764.2620335347096
2025-01-04 03:25:00+00:00,1.3689666015217015,1.371085963459045,1.362755009004928,1.3648743709422717,733.5409224889544
2025-01-04 03:30:00+00:00,1.3648743709422717,1.3689657213026782,1.3599337883307105,1.364025138691117,1185.438217892617
2025-01-04 03:35:00+00:00,1.364025138691117,1.3689140903233625,1.3560767742968745,1.36096572592912,1406.501294730225
2025-01-04 03:40:00+00:00,1.36096572592912,1.3650300902206538,1.3558826888724138,1.3599470531639477,792.4211635476815
2025-01-04 03:45:00+00:00,1.3599470531639477,1.3643561682038883,1.3519983225066108,1.3564074375465514,1500.1194715234424
2025-01-04 03:50:00+00:00,1.3564074375465514,1.3608644502990923,1.352722783668799,1.35717979642134,1127.9269205164098
2025-01-04 03:55:00+00:00,1.35717979642134,1.3625167191677334,1.349961875805606,1.3552987985519995,848.9040127181402
2025-01-04 04:00:00+00:00,1.3552987985519995,1.3594381108566558,1.347371828600511,1.3515111409051672,1181.3059502807312
2025-01-04 04:05:00+00:00,1.3515111409051672,1.3560918261980623,1.3452119034384573,1.3497925887313524,1996.1472666719148
2025-01-04 04:10:00+00:00,1.3497925887313524,1.3539397987996002,1.345011988599391,1.3491591986676388,960.0575624246183
2025-01-04 04:15:00+00:00,1.3491591986676388,1.350880361153082,1.3440710458594676,1.3457922083449108,1207.6783205961665
2025-01-04 04:20:00+00:00,1.3457922083449108,1.3482802508733094,1.341957038125572,1.3444450806539707,1223.4221929504056
2025-01-04 04:25:00+00:00,1.3444450806539707,1.3485292795347394,1.3414189275328676,1.3455031264136363,1013.2454061498868
2025-01-04 04:30:00+00:00,1.3455031264136363,1.3497042251155322,1.3403915505014221,1.344592649203318,1489.888973900471
2025-01-04 04:35:00+00:00,1.344592649203318,1.3475347025299669,1.339261141573848,1.3422031949004969,1621.0694769886384
2025-01-04 04:40:00+00:00,1.3422031949004969,1.3469234973946298,1.3341324730334634,1.3388527755275963,1315.377180963693
2025-01-04 04:45:00+00:00,1.3388527755275963,1.3413656016324753,1.3347735012023607,1.3372863273072397,1649.3496972984162
2025-01-04 04:50:00+00:00,1.3372863273072397,1.3402169972334654,1.3293741698383181,1.3323048397645438,1167.2471616471726
2025-01-04 04:55:00+00:00,1.3323048397645438,1.3332354899815413,1.3239252448221563,1.3248558950391538,1365.1451069025743
2025-01-04 05:00:00+00:00,1.3248558950391538,1.3294303071891547,1.3165690710978901,1.321143483247891,856.4270440155694
2025-01-04 05:05:00+00:00,1.321143483247891,1.326256590817116,1.31161222001745,1.316725327586675,1492.4033310487432
2025-01-04 05:10:00+00:00,1.316725327586675,1.318376705906524,1.3150741419463352,1.316725520266184,1077.2678926662466
2025-01-04 05:15:00+00:00,1.316725520266184,1.3216480147639569,1.3092158764770878,1.3141383709748606,713.9790494724913
2025-01-04 05:20:00+00:00,1.3141383709748606,1.3174716580866617,1.30640220818944,1.309735495301241,2398.436978086565
2025-01-04 05:25:00+00:00,1.309735495301241,1.3115790774406701,1.303177512002542,1.305021094141971,1679.6608781932118
2025-01-04 05:30:00+00:00,1.305021094141971,1.3076257510409341,1.3002710167641875,1.3028756736631506,1833.3903275369382
2025-01-04 05:35:00+00:00,1.3028756736631506,1.3074775740178257,1.2940161221592306,1.2986180225139057,2939.9050753869315
2025-01-04 05:40:00+00:00,1.2986180225139057,1.3006037680101736,1.2927365500314156,1.2947222955276836,2914.3684113364798
2025-01-04 05:45:00+00:00,1.2947222955276836,1.2991112262150852,1.2871768295935135,1.2915657602809152,1843.3365950238526
2025-01-04 05:50:00+00:00,1.2915657602809152,1.2946871229541095,1.28554439040479,1.2886657530779844,606.5035061595548
2025-01-04 05:55:00+00:00,1.2886657530779844,1.2930795196063398,1.2813478084149499,1.2857615749433053,1258.5886141848446
2025-01-04 06:00:00+00:00,1.2857615749433053,1.287133231676547,1.2814993030960637,1.2828709598293053,789.8455237655402
2025-01-04 06:05:00+00:00,1.2828709598293053,1.287482574926031,1.277184288208266,1.2817959033049917,1297.1917025404655
2025-01-04 06:10:00+00:00,1.2817959033049917,1.2840481001865771,1.2790726256586187,1.281324822540204,1299.9895147438717
2025-01-04 06:15:00+00:00,1.281324822540204,1.2820878365657329,1.2749381779462767,1.2757011919718055,1198.6697813835283
2025-01-04 06:20:00+00:00,1.2757011919718055,1.2791006154029134,1.2731641391396813,1.2765635625707892,1824.1346035458516
2025-01-04 06:25:00+00:00,1.2765635625707892,1.2787196249879311,1.2715253480360638,1.2736814104532057,1304.03612825072
2025-01-04 06:30:00+00:00,1.2736814104532057,1.2746641101428846,1.2715309057329365,1.2725136054226154,1041.9480173023167
2025-01-04 06:35:00+00:00,1.2725136054226154,1.274630295573958,1.2662181421747718,1.2683348323261143,956.328553657074
2025-01-04 06:40:00+00:00,1.2683348323261143,1.2724779545367153,1.2616583518101514,1.2658014740207524,1072.8496176839817
2025-01-04 06:45:00+00:00,1.2658014740207524,1.269249215025733,1.259677608663909,1.2631253496688897,1171.0484550789186
2025-01-04 06:50:00+00:00,1.2631253496688897,1.2660659699094252,1.257383815421182,1.2603244356617176,767.8199699747332
2025-01-04 06:55:00+00:00,1.2603244356617176,1.262029994520627,1.2569677509441248,1.2586733098030343,992.9703388496773
2025-01-04 07:00:00+00:00,1.2586733098030343,1.2603299738784124,1.2550669161835772,1.2567235802589554,1077.815234742713
2025-01-04 07:05:00+00:00,1.2567235802589554,1.261147706371866,1.247924814708528,1.2523489408214385,722.5499757288364
2025-01-04 07:10:00+00:00,1.2523489408214385,1.2530133869053455,1.2486939849191498,1.2493584310030568,761.0089797281344
2025-01-04 07:15:00+00:00,1.2493584310030568,1.2505955360728345,1.2464470048474876,1.2476841099172653,1153.9982996514866
2025-01-04 07:20:00+00:00,1.2476841099172653,1.2510665457414993,1.2426124267498326,1.2459948625740667,738.7938246869381
2025-01-04 07:25:00+00:00,1.2459948625740667,1.2509426692659695,1.2378815340712748,1.2428293407631776,1460.2715994614093
2025-01-04 07:30:00+00:00,1.2428293407631776,1.2435587169564681,1.239075319084476,1.2398046952777666,1222.269099668588
2025-01-04 07:35:00+00:00,1.2398046952777666,1.2408917384793954,1.235941572381801,1.2370286155834298,1154.4902379899147
2025-01-04 07:40:00+00:00,1.2370286155834298,1.2412038778192753,1.2287315612108336,1.2329068234466791,903.0941858295971
2025-01-04 07:45:00+00:00,1.2329068234466791,1.2354805623822278,1.226011614260367,1.2285853531959157,820.2702416404165
2025-01-04 07:50:00+00:00,1.2285853531959157,1.2325538744676319,1.224573045966434,1.2285415672381501,1127.535116295789
2025-01-04 07:55:00+00:00,1.2285415672381501,1.232010216835668,1.2221959746224433,1.2256646242199611,1178.7640502405682
2025-01-04 08:00:00+00:00,1.2256646242199611,1.2282937379381846,1.2209456035199535,1.223574717238177,3053.0489141549724
2025-01-04 08:05:00+00:00,1.223574717238177,1.2281764927868286,1.2157118499283697,1.2203136254770213,1185.1931387215727
2025-01-04 08:10:00+00:00,1.2203136254770213,1.2227881349528544,1.2176390274062228,1.220113536882056,2674.4464814804833
2025-01-04 08:15:00+00:00,1.220113536882056,1.2236805424023995,1.2170738658147635,1.2206408713351071,2881.160810978015
2025-01-04 08:20:00+00:00,1.2206408713351071,1.2231131951221361,1.2158704195385266,1.2183427433255556,2006.611027638614
2025-01-04 08:25:00+00:00,1.2183427433255556,1.2196731665436331,1.215850938518602,1.2171813617366796,2597.504357817059
2025-01-04 08:30:00+00:00,1.2171813617366796,1.2206064350060408,1.2108044383840897,1.214229511653451,923.8507061868601
2025-01-04 08:35:00+00:00,1.214229511653451,1.2171236470273576,1.2121173780506356,1.2150115134245423,944.6520176528535
2025-01-04 08:40:00+00:00,1.2150115134245423,1.2156429549582204,1.2139955582601605,1.2146269997938386,742.73768274653
2025-01-04 08:45:00+00:00,1.2146269997938386,1.2171601969185837,1.2091940884441208,1.2117272855688659,1293.5259819480598
2025-01-04 08:50:00+00:00,1.2117272855688659,1.2142772879452763,1.2093696334109783,1.2119196357873887,1100.6135169537397
2025-01-04 08:55:00+00:00,1.2119196357873887,1.2130464402095507,1.2097448206345454,1.2108716250567073,979.6217969587601
2025-01-04 09:00:00+00:00,1.2108716250567073,1.2134520190297464,1.2073695453358195,1.2099499393088586,979.6141288772933
2025-01-04 09:05:00+00:00,1.2099499393088586,1.2106471225435134,1.2082948215969096,1.2089920048315643,1168.3433567166503
2025-01-04 09:10:00+00:00,1.2089920048315643,1.2112917290753566,1.2042897615932002,1.2065894858369925,1558.5562338298482
2025-01-04 09:15:00+00:00,1.2065894858369925,1.2081448343465968,1.2028631037464148,1.204418452256019,1561.4553301864828
2025-01-04 09:20:00+00:00,1.204418452256019,1.2052681266337042,1.2031117299876737,1.2039614043653588,1124.6423479909993
2025-01-04 09:25:00+00:00,1.2039614043653588,1.2050767487182192,1.2014494148212143,1.2025647591740747,873.9362092764743
2025-01-04 09:30:00+00:00,1.2025647591740747,1.2050363149218153,1.1974301136341425,1.1999016693818831,1256.172127215647
2025-01-04 09:35:00+00:00,1.1999016693818831,1.205309728025281,1.1961478383203097,1.2015558969637075,702.5650532394784
2025-01-04 09:40:00+00:00,1.2015558969637075,1.205635315933345,1.1959205305470277,1.1999999495166653,1602.0710385384352
2025-01-04 09:45:00+00:00,1.1999999495166653,1.2007743590701567,1.1971833167981185,1.19795772635161,1319.444280956159
2025-01-04 09:50:00+00:00,1.19795772635161,1.2008948222859215,1.1927938791457653,1.1957309750800769,946.8886505931675
2025-01-04 09:55:00+00:00,1.1957309750800769,1.1965607987572666,1.1946744229010064,1.1955042465781962,1028.585472148406
2025-01-04 10:00:00+00:00,1.1955042465781962,1.1969152750727483,1.1942768412222595,1.1956878697168116,899.1564847233092
2025-01-04 10:05:00+00:00,1.1956878697168116,1.1998189962577335,1.1906925631697,1.194823689710622,1193.84953447381
2025-01-04 10:10:00+00:00,1.194823689710622,1.196172007744141,1.1934987410036544,1.1948470590371734,856.1765727902232
2025-01-04 10:15:00+00:00,1.1948470590371734,1.196898165057344,1.1894176817436877,1.1914687877638583,1097.797364399114
2025-01-04 10:20:00+00:00,1.1914687877638583,1.195693174985276,1.1854690828952774,1.189693470116695,1646.6671088467092
2025-01-04 10:25:00+00:00,1.189693470116695,1.1904095381302042,1.1870446916998623,1.1877607597133715,1227.2715262556235
2025-01-04 10:30:00+00:00,1.1877607597133715,1.1908155439531851,1.1834300078270379,1.1864847920668515,1931.7570633790565
2025-01-04 10:35:00+00:00,1.1864847920668515,1.1876185253057494,1.1847366296299593,1.1858703628688572,1744.7310887491778
2025-01-04 10:40:00+00:00,1.1858703628688572,1.188361873179419,1.1791433774799065,1.1816348877904683,3390.6687741179144
2025-01-04 10:45:00+00:00,1.1816348877904683,1.1861332694491158,1.1802022210506742,1.1847006027093216,3072.8645748581516
2025-01-04 10:50:00+00:00,1.1847006027093216,1.187344758408817,1.1794139130358339,1.1820580687353293,3721.9758175514503
2025-01-04 10:55:00+00:00,1.1820580687353293,1.1852730029286724,1.177881660448311,1.1810965946416543,3766.262460601016
2025-01-04 11:00:00+00:00,1.1810965946416543,1.1832085121690479,1.1786635137269492,1.1807754312543428,3457.1029175047606
2025-01-04 11:05:00+00:00,1.1807754312543428,1.1831802105543843,1.1780354025332456,1.180440181833287,1636.4661952061701
2025-01-04 11:10:00+00:00,1.180440181833287,1.1851026223954804,1.17452798243143,1.1791904229936234,1794.4818982833503
2025-01-04 11:15:00+00:00,1.1791904229936234,1.18290863639816,1.169725225593544,1.1734434389980806,1526.4827495331037
2025-01-04 11:20:00+00:00,1.1734434389980806,1.1788610995946605,1.169029983898069,1.1744476444946488,2379.6510808699645
2025-01-04 11:25:00+00:00,1.1744476444946488,1.1804811543705402,1.1719690572110344,1.1780025670869259,2090.6191527889214
2025-01-04 11:30:00+00:00,1.1780025670869259,1.1800421647148847,1.1770895037870384,1.1791291014149972,2264.301790597867
2025-01-04 11:35:00+00:00,1.1791291014149972,1.1822034393385616,1.1769320670248744,1.180006404948439,1541.717561230426
2025-01-04 11:40:00+00:00,1.180006404948439,1.1812408786267241,1.1777486032953943,1.1789830769736795,1722.0876908089049
2025-01-04 11:45:00+00:00,1.1789830769736795,1.1837917435400644,1.1781522018526756,1.1829608684190605,2011.257512514669
2025-01-04 11:50:00+00:00,1.1829608684190605,1.1901505404228379,1.1786919155579487,1.1858815875617261,1912.1511962685233
2025-01-04 11:55:00+00:00,1.1858815875617261,1.1890481023097532,1.1835800303421735,1.1867465450902006,1639.904335922425
2025-01-04 12:00:00+00:00,1.1867465450902006,1.190294472347494,1.1850856141668524,1.1886335414241458,1660.9104736671818
2025-01-04 12:05:00+00:00,1.1886335414241458,1.192666124397269,1.1864748268388103,1.1905074098119335,2246.201732344742
2025-01-04 12:10:00+00:00,1.1905074098119335,1.191887994335482,1.1894897801881048,1.1908703647116534,2445.199233431323
2025-01-04 12:15:00+00:00,1.1908703647116534,1.1935597283525037,1.1896887545021586,1.1923781181430089,2894.877242273658
2025-01-04 12:20:00+00:00,1.1923781181430089,1.197858563671038,1.1891062805769261,1.1945867261049552,1816.3419439331626
2025-01-04 12:25:00+00:00,1.1945867261049552,1.2003385067556718,1.1914198927023603,1.1971716733530768,2342.584429862863
2025-01-04 12:30:00+00:00,1.1971716733530768,1.2015616349413039,1.1963459001437324,1.2007358617319595,2396.7423666419904
2025-01-04 12:35:00+00:00,1.2007358617319595,1.203209917836408,1.1999984861259283,1.2024725422303768,2095.580964652123
2025-01-04 12:40:00+00:00,1.2024725422303768,1.207276711139285,1.1986488062343998,1.203452975143308,2029.9749498956703
2025-01-04 12:45:00+00:00,1.203452975143308,1.2081261849872427,1.2009659028504291,1.2056391126943637,1964.8052723709468
2025-01-04 12:50:00+00:00,1.2056391126943637,1.208527609980919,1.203402861006245,1.2062913582928003,2434.5947146359604
2025-01-04 12:55:00+00:00,1.2062913582928003,1.207140744744637,1.2051550186757063,1.206004405127543,2439.2388576121803
2025-01-04 13:00:00+00:00,1.206004405127543,1.2132375072395127,1.2019192599299464,1.2091523620419162,1596.4842972004785
2025-01-04 13:05:00+00:00,1.2091523620419162,1.2126025070606175,1.206610625807852,1.2100607708265532,1815.42475013331
2025-01-04 13:10:00+00:00,1.2100607708265532,1.2134535908809407,1.208279342519532,1.2116721625739195,1590.4154205632085
2025-01-04 13:15:00+00:00,1.2116721625739195,1.2146461480141526,1.2110582076016172,1.2140321930418503,2056.824594625465
2025-01-04 13:20:00+00:00,1.2140321930418503,1.2164450647117353,1.211402437401813,1.213815309071698,3819.2946511413224
2025-01-04 13:25:00+00:00,1.213815309071698,1.2201750720309976,1.2097733636545074,1.216133126613807,4717.132220337539
2025-01-04 13:30:00+00:00,1.216133126613807,1.2229635541269137,1.211335406686335,1.218165834199442,6118.0836537777695
2025-01-04 13:35:00+00:00,1.218165834199442,1.2212534254782796,1.216305325896119,1.2193929171749567,3822.2406277967148
2025-01-04 13:40:00+00:00,1.2193929171749567,1.2235339344397047,1.2172003934886935,1.2213414107534415,5663.062800772248
2025-01-04 13:45:00+00:00,1.2213414107534415,1.2223558505525218,1.2205924886315613,1.2216069284306417,2084.648971022584
2025-01-04 13:50:00+00:00,1.2216069284306417,1.2240580598895183,1.2173058816236573,1.219757013082534,1892.5619343960498
2025-01-04 13:55:00+00:00,1.219757013082534,1.221814385022113,1.2186767504084393,1.2207341223480184,1901.179304822771
2025-01-04 14:00:00+00:00,1.2207341223480184,1.2239722330947855,1.2175692682190027,1.2208073789657699,1915.9638277930908
2025-01-04 14:05:00+00:00,1.2208073789657699,1.226047014698916,1.2182712808253955,1.2235109165585416,2344.92575220933
2025-01-04 14:10:00+00:00,1.2235109165585416,1.2267529074169654,1.2221141550923171,1.225356145950741,3157.380905405593
2025-01-04 14:15:00+00:00,1.225356145950741,1.2280465660503812,1.2233727559886156,1.2260631760882559,2028.6857159083293
2025-01-04 14:20:00+00:00,1.2260631760882559,1.2289378085214477,1.2247782964868381,1.22765292892003,1829.5838135463075
2025-01-04 14:25:00+00:00,1.22765292892003,1.2342029366857588,1.2246580596350953,1.2312080674008241,2664.011289401029
2025-01-04 14:30:00+00:00,1.2312080674008241,1.235149698990307,1.2305485821765776,1.2344902137660605,2349.4564653676425
2025-01-04 14:35:00+00:00,1.2344902137660605,1.2379400301938808,1.2332369153081102,1.2366867317359305,1644.9132877962384
2025-01-04 14:40:00+00:00,1.2366867317359305,1.2398942883243294,1.2358175210270912,1.23902507761549,2447.781304521081
2025-01-04 14:45:00+00:00,1.23902507761549,1.2449745780132573,1.2344119605238906,1.2403614609216578,1832.7424629687673
2025-01-04 14:50:00+00:00,1.2403614609216578,1.2465815927033017,1.2357509325751552,1.2419710643567992,2108.847737966912
2025-01-04 14:55:00+00:00,1.2419710643567992,1.2478085948943116,1.2388738343467127,1.2447113648842252,2374.129404489947
2025-01-04 15:00:00+00:00,1.2447113648842252,1.2480678860956556,1.2430970685578355,1.246453589769266,1729.172930487127
2025-01-04 15:05:00+00:00,1.246453589769266,1.251913005287723,1.2434240199630542,1.2488834354815113,1894.2067797871455
2025-01-04 15:10:00+00:00,1.2488834354815113,1.2512109890496925,1.246927402948402,1.2492549565165834,2222.716854758037
2025-01-04 15:15:00+00:00,1.2492549565165834,1.2511592616851799,1.2469538335845152,1.2488581387531117,1375.4190691527856
2025-01-04 15:20:00+00:00,1.2488581387531117,1.2514876157179784,1.245848451122894,1.2484779280877607,1797.3149228990467
2025-01-04 15:25:00+00:00,1.2484779280877607,1.2545569695906793,1.2439720851696505,1.2500511266725691,1254.1504059490042
2025-01-04 15:30:00+00:00,1.2500511266725691,1.2572058800183477,1.2471891922323983,1.2543439455781769,2076.8993144095894
2025-01-04 15:35:00+00:00,1.2543439455781769,1.2632739001306235,1.249566183880225,1.2584961384326716,1881.506225836168
2025-01-04 15:40:00+00:00,1.2584961384326716,1.2625042195104292,1.2554164180941236,1.2594244991718813,1515.5806215081227
2025-01-04 15:45:00+00:00,1.2594244991718813,1.2603460323664044,1.2586483192232578,1.259569852417781,1635.589858721525
2025-01-04 15:50:00+00:00,1.259569852417781,1.2681327622120944,1.25477042968336,1.2633333394776733,1270.248822991156
2025-01-04 15:55:00+00:00,1.2633333394776733,1.2696131842143494,1.2603866105906112,1.2666664553272873,4169.733286569053
2025-01-04 16:00:00+00:00,1.2666664553272873,1.2716920480264031,1.2622517218586522,1.267277314557768,3438.712894796332
2025-01-04 16:05:00+00:00,1.267277314557768,1.2767154027897043,1.2622045507172654,1.2716426389492017,4337.1972670219
2025-01-04 16:10:00+00:00,1.2716426389492017,1.2760769786581527,1.2702911001710204,1.2747254398799714,5331.21662085711
2025-01-04 16:15:00+00:00,1.2747254398799714,1.2832123523571737,1.2711440814748245,1.2796309939520267,3796.0203910918326
2025-01-04 16:20:00+00:00,1.2796309939520267,1.2863084845688493,1.2764150768557287,1.2830925674725513,3274.2085743309794
2025-01-04 16:25:00+00:00,1.2830925674725513,1.2882074883278196,1.2823410569679303,1.2874559778231986,2665.050267385132
2025-01-04 16:30:00+00:00,1.2874559778231986,1.294618039446327,1.283833203565461,1.2909952651885892,1668.4311062111747
2025-01-04 16:35:00+00:00,1.2909952651885892,1.2965301798526336,1.2870704137446658,1.2926053284087102,2572.951668765285
2025-01-04 16:40:00+00:00,1.2926053284087102,1.2972200884128091,1.2907566093220224,1.2953713693261213,2181.4895730965054
2025-01-04 16:45:00+00:00,1.2953713693261213,1.29989809882994,1.292955087510603,1.2974818170144218,2609.806757131484
2025-01-04 16:50:00+00:00,1.2974818170144218,1.3050000804429362,1.2944593754077804,1.301977638836295,1740.5526593480051
2025-01-04 16:55:00+00:00,1.301977638836295,1.3045673602813084,1.3010614175728368,1.3036511390178502,1285.7128605648638
2025-01-04 17:00:00+00:00,1.3036511390178502,1.309226885870252,1.298928008629412,1.3045037554818137,1714.5989611383163
2025-01-04 17:05:00+00:00,1.3045037554818137,1.3098482121630153,1.3035030651315642,1.3088475218127658,2015.3796775579417
2025-01-04 17:10:00+00:00,1.3088475218127658,1.3161293206790121,1.3066653188066846,1.313947117672931,3044.0044185525853
2025-01-04 17:15:00+00:00,1.313947117672931,1.323034054575355,1.3104580639774885,1.3195450008799126,1582.4812910606697
2025-01-04 17:20:00+00:00,1.3195450008799126,1.3281039718812135,1.3160466948491167,1.3246056658504177,2206.372622259459
2025-01-04 17:25:00+00:00,1.3246056658504177,1.3302155748895585,1.3199271628510267,1.3255370718901676,1406.0803359770282
2025-01-04 17:30:00+00:00,1.3255370718901676,1.3293342294611366,1.3239538693886068,1.3277510269595758,1789.9942012389815
2025-01-04 17:35:00+00:00,1.3277510269595758,1.333967757108777,1.3239746077399082,1.3301913378891093,2561.219841871227
2025-01-04 17:40:00+00:00,1.3301913378891093,1.3347263899592499,1.3289230012593458,1.3334580533294864,2493.670357795036
2025-01-04 17:45:00+00:00,1.3334580533294864,1.3374007296840587,1.3293514241620743,1.3332941005166465,2186.9298021279706
2025-01-04 17:50:00+00:00,1.3332941005166465,1.3398681722497365,1.3299633264434498,1.3365373981765398,2002.226140438798
2025-01-04 17:55:00+00:00,1.3365373981765398,1.3449893838681948,1.3317648579431043,1.3402168436347592,2206.860870594666
2025-01-04 18:00:00+00:00,1.3402168436347592,1.346595858150331,1.3355123604383072,1.341891374953879,2482.455623321824
2025-01-04 18:05:00+00:00,1.341891374953879,1.3459393787500669,1.3412036256097153,1.3452516294059031,1893.6742763160782
2025-01-04 18:10:00+00:00,1.3452516294059031,1.3521340234758843,1.3434317536892706,1.3503141477592517,1894.4603812474538
2025-01-04 18:15:00+00:00,1.3503141477592517,1.3570602382216506,1.3467396766140438,1.3534857670764426,2040.5134812799997
2025-01-04 18:20:00+00:00,1.3534857670764426,1.360573592048307,1.351172057816749,1.3582598827886134,2123.0439982158146
2025-01-04 18:25:00+00:00,1.3582598827886134,1.363721887033192,1.3574637027526621,1.3629257069972407,1269.8271733807144
2025-01-04 18:30:00+00:00,1.3629257069972407,1.3712730565648459,1.3582118441647633,1.3665591937323684,1837.3295083019887
2025-01-04 18:35:00+00:00,1.3665591937323684,1.3753904354486688,1.36126670019733,1.3700979419136303,3949.518017886638
2025-01-04 18:40:00+00:00,1.3700979419136303,1.3739623371606726,1.3684740200473868,1.3723384152944291,4224.707816109743
2025-01-04 18:45:00+00:00,1.3723384152944291,1.3788307191824392,1.3706884140222144,1.3771807179102245,3648.698772526731
2025-01-04 18:50:00+00:00,1.3771807179102245,1.383428322465266,1.3728892639786647,1.3791368685337062,5546.977561819705
2025-01-04 18:55:00+00:00,1.3791368685337062,1.3833775553472503,1.376412234522659,1.380652921336203,5187.966442964285
2025-01-04 19:00:00+00:00,1.380652921336203,1.3898242575016082,1.375259983056216,1.384431319221621,4395.145843842515
2025-01-04 19:05:00+00:00,1.384431319221621,1.3882159228985145,1.3819823501349189,1.3857669538118123,4134.57851079982
2025-01-04 19:10:00+00:00,1.3857669538118123,1.3923158445221127,1.3824042189814336,1.388953109691734,2398.9475255560187
2025-01-04 19:15:00+00:00,1.388953109691734,1.397482006413638,1.384602835911766,1.3931317326336699,2708.66566667227
2025-01-04 19:20:00+00:00,1.3931317326336699,1.3984860148797051,1.3902632171956544,1.3956174994416897,2144.1049682350026
2025-01-04 19:25:00+00:00,1.3956174994416897,1.4031646689869188,1.3905341563824236,1.3980813259276528,2291.109717022198
2025-01-04 19:30:00+00:00,1.3980813259276528,1.4043906414008929,1.3955400820122246,1.4018493974854647,2560.496731345259
2025-01-04 19:35:00+00:00,1.4018493974854647,1.4079985650624216,1.3991350990209146,1.4052842665978715,1660.1108620855846
2025-01-04 19:40:00+00:00,1.4052842665978715,1.4104729807104093,1.3996026531574728,1.4047913672700105,1369.1905346722262
2025-01-04 19:45:00+00:00,1.4047913672700105,1.4070459084801443,1.4023696652914441,1.404624206501578,3264.9885047612306
2025-01-04 19:50:00+00:00,1.404624206501578,1.4144337114310934,1.3990490360812609,1.4088585410107763,1305.9568241386985
2025-01-04 19:55:00+00:00,1.4088585410107763,1.416271124198383,1.4040421557496463,1.411454738937253,1411.3428990429497
2025-01-04 20:00:00+00:00,1.411454738937253,1.4123193729403436,1.4089506319552627,1.4098152659583534,1851.8667845362656
2025-01-04 20:05:00+00:00,1.4098152659583534,1.4151073183012832,1.40407524539857,1.4093672977415,1686.7821073756581
2025-01-04 20:10:00+00:00,1.4093672977415,1.4126092771643541,1.407956945949299,1.4111989253721533,2028.399773375174
2025-01-04 20:15:00+00:00,1.4111989253721533,1.4121648340717536,1.4103224784635013,1.4112883871631017,2918.443129471567
2025-01-04 20:20:00+00:00,1.4112883871631017,1.4180378976221661,1.4070482146075407,1.4137977250666052,2413.769166145892
2025-01-04 20:25:00+00:00,1.4137977250666052,1.4191268777451818,1.4102862029062295,1.4156153555848061,1173.22706749692
2025-01-04 20:30:00+00:00,1.4156153555848061,1.4236655079981926,1.4100584337010398,1.4181085861144263,1696.6281574313755
2025-01-04 20:35:00+00:00,1.4181085861144263,1.4221004538481044,1.4137657052030257,1.4177575729367038,2077.0197015728313
2025-01-04 20:40:00+00:00,1.4177575729367038,1.4231585580657746,1.4150342059823082,1.420435191111379,1892.2756603564678
2025-01-04 20:45:00+00:00,1.420435191111379,1.4282453792608123,1.4175818271507292,1.4253920153001625,1195.6790585298875
2025-01-04 20:50:00+00:00,1.4253920153001625,1.4293097914459056,1.4217194873595327,1.4256372635052759,1681.282098044174
2025-01-04 20:55:00+00:00,1.4256372635052759,1.4325915089766816,1.4225385220582003,1.429492767529606,2574.8066120303183
2025-01-04 21:00:00+00:00,1.429492767529606,1.435971121888697,1.4263109161256846,1.4327892704847756,1959.085986872113
2025-01-04 21:05:00+00:00,1.4327892704847756,1.44103692933496,1.4272710383686529,1.4355186972188374,1709.650659222659
2025-01-04 21:10:00+00:00,1.4355186972188374,1.4408826841566915,1.4316765451198188,1.437040532057673,1406.2044274004218
2025-01-04 21:15:00+00:00,1.437040532057673,1.440435402031143,1.4332947912047278,1.4366896611781979,5529.88400617233
2025-01-04 21:20:00+00:00,1.4366896611781979,1.4419183030724747,1.4316219425105416,1.4368505844048185,7995.332005158459
2025-01-04 21:25:00+00:00,1.4368505844048185,1.4432510208035616,1.4334722621098912,1.4398726985086343,3554.8199282314436
2025-01-04 21:30:00+00:00,1.4398726985086343,1.4464485523513837,1.436729686253649,1.4433055400963983,5550.404199548844
2025-01-04 21:35:00+00:00,1.4433055400963983,1.448148059956941,1.4423637413833998,1.4472062612439425,4407.640414270126
2025-01-04 21:40:00+00:00,1.4472062612439425,1.4562360369212832,1.4416718313141281,1.4507016069914689,3309.154134269128
2025-01-04 21:45:00+00:00,1.4507016069914689,1.4555672935527635,1.4492850617202993,1.4541507482815939,1371.4451059166438
2025-01-04 21:50:00+00:00,1.4541507482815939,1.4581676410508555,1.4513020531479754,1.455318945917237,2149.992705218843
2025-01-04 21:55:00+00:00,1.455318945917237,1.4563079056007564,1.4542011319194321,1.4551900916029514,1916.8107952979294
2025-01-04 22:00:00+00:00,1.4551900916029514,1.4610339416439762,1.4517415181134359,1.4575853681544606,1648.626740909247
2025-01-04 22:05:00+00:00,1.4575853681544606,1.4621775983707408,1.4559711912842346,1.4605634215005148,2099.5081966125977
2025-01-04 22:10:00+00:00,1.4605634215005148,1.4666434163435578,1.4568026608426394,1.4628826556856824,2210.4989922776604
2025-01-04 22:15:00+00:00,1.4628826556856824,1.4682090341920158,1.4571231988856612,1.4624495773919945,3736.9696753039025
2025-01-04 22:20:00+00:00,1.4624495773919945,1.4650905618695442,1.4611989594024657,1.4638399438800154,1918.980175848456
2025-01-04 22:25:00+00:00,1.4638399438800154,1.4666119369202717,1.4608477573359855,1.4636197503762418,1643.7642683897923
2025-01-04 22:30:00+00:00,1.4636197503762418,1.471787588177595,1.4581558456234927,1.4663236834248459,1532.9486044384325
2025-01-04 22:35:00+00:00,1.4663236834248459,1.4679830802371372,1.465339043406906,1.4669984402191973,2248.237180150672
2025-01-04 22:40:00+00:00,1.4669984402191973,1.4714013989519543,1.4649005067455052,1.4693034654782622,2425.8816759621614
2025-01-04 22:45:00+00:00,1.4693034654782622,1.4746370796771124,1.4672175358364583,1.4725511500353086,1897.2305109027325
2025-01-04 22:50:00+00:00,1.4725511500353086,1.480762202394405,1.4673412399482078,1.4755522923073041,2531.3807905507806
2025-01-04 22:55:00+00:00,1.4755522923073041,1.4842339369883812,1.4721386458881311,1.4808202905692083,2044.5963652456019
2025-01-04 23:00:00+00:00,1.4808202905692083,1.4871923375826368,1.4754042717598266,1.481776318773255,1875.9945849352873
2025-01-04 23:05:00+00:00,1.481776318773255,1.487173555865242,1.4754906320701942,1.480887869162181,1760.2186977650729
2025-01-04 23:10:00+00:00,1.480887869162181,1.4900947007407388,1.4764316960854589,1.4856385276640167,2012.6314906019313
2025-01-04 23:15:00+00:00,1.4856385276640167,1.4934864732892414,1.4834447178399446,1.4912926634651693,2115.047652314394
2025-01-04 23:20:00+00:00,1.4912926634651693,1.502086792351,1.4862961719599672,1.4970903008457979,1824.7945120286622
2025-01-04 23:25:00+00:00,1.4970903008457979,1.5025238432684922,1.495475111693122,1.5009086541158163,1533.5596196506
2025-01-04 23:30:00+00:00,1.5009086541158163,1.508874955858088,1.497293394447785,1.5052596961900568,1523.2016099971345
2025-01-04 23:35:00+00:00,1.5052596961900568,1.5145732965991767,1.4996155509932907,1.5089291514024106,2656.210126408515
2025-01-04 23:40:00+00:00,1.5089291514024106,1.5158089080479522,1.5032133444882299,1.5100931011337715,1727.019602828989
2025-01-04 23:45:00+00:00,1.5100931011337715,1.5171940453063297,1.505523342290319,1.5126242864628772,3138.378197730608
2025-01-04 23:50:00+00:00,1.5126242864628772,1.5179143832708175,1.511861128790791,1.5171512255987314,1411.9459673676704
2025-01-04 23:55:00+00:00,1.5171512255987314,1.5234313587670851,1.5134965918574033,1.519776725025757,4289.301491270276
2025-01-05 00:00:00+00:00,1.519776725025757,1.5328214193092193,1.5139482796586963,1.5269929739421586,4046.590690086626
2025-01-05 00:05:00+00:00,1.5269929739421586,1.5333279961900488,1.5216078749408497,1.5279428971887399,3143.9720876789956
2025-01-05 00:10:00+00:00,1.5279428971887399,1.5318904998034018,1.5270083370152996,1.5309559396299615,2797.6386687431054
2025-01-05 00:15:00+00:00,1.5309559396299615,1.5385614627658044,1.5292395380900667,1.5368450612259097,3502.0217011795794
2025-01-05 00:20:00+00:00,1.5368450612259097,1.5419150264855463,1.5345294457143124,1.539599410973949,2656.872754941534
2025-01-05 00:25:00+00:00,1.539599410973949,1.5448270224346394,1.5361743407934625,1.5414019522541529,1575.430888034234
2025-01-05 00:30:00+00:00,1.5414019522541529,1.5480619043211632,1.5361354631939392,1.5427954152609495,2128.663944560944
2025-01-05 00:35:00+00:00,1.5427954152609495,1.55022580496555,1.5379352608952803,1.5453656505998807,2167.851794224303
2025-01-05 00:40:00+00:00,1.5453656505998807,1.5566940881458922,1.5407703172686287,1.55209875481464,2280.424445722856
2025-01-05 00:45:00+00:00,1.55209875481464,1.5606820874327412,1.5482116524276353,1.5567949850457363,1094.194742701565
2025-01-05 00:50:00+00:00,1.5567949850457363,1.5675530691658768,1.5509355288484687,1.5616936129686092,1656.6434311222056
2025-01-05 00:55:00+00:00,1.5616936129686092,1.5683742233695686,1.5579621496029084,1.5646427600038677,1167.5410544444098
2025-01-05 01:00:00+00:00,1.5646427600038677,1.5727096069001734,1.5620733650000282,1.570140211896334,2175.64173099413
2025-01-05 01:05:00+00:00,1.570140211896334,1.5780194079567318,1.5663542352911013,1.5742334313514992,2329.076599571364
2025-01-05 01:10:00+00:00,1.5742334313514992,1.5781690253880725,1.572421020658527,1.5763566146951002,2557.538274511952
2025-01-05 01:15:00+00:00,1.5763566146951002,1.5830971364155748,1.5725900976520057,1.5793306193724803,2345.3481667437914
2025-01-05 01:20:00+00:00,1.5793306193724803,1.5895603230285182,1.5732793112730519,1.5835090149290898,2647.696552582574
2025-01-05 01:25:00+00:00,1.5835090149290898,1.5908422834138445,1.5821610787249694,1.589494347209724,2529.62132880391
2025-01-05 01:30:00+00:00,1.589494347209724,1.5941386561983955,1.5884524985017647,1.5930968074904361,2170.419392720149
2025-01-05 01:35:00+00:00,1.5930968074904361,1.5998895346717104,1.5909259979875072,1.5977187251687814,2454.867513983282
2025-01-05 01:40:00+00:00,1.5977187251687814,1.6086510414290909,1.5942837512390664,1.6052160674993758,1578.5833408477124
2025-01-05 01:45:00+00:00,1.6052160674993758,1.6092174134823234,1.603235895722082,1.6072372417050296,2068.3900303429773
2025-01-05 01:50:00+00:00,1.6072372417050296,1.609181281104094,1.6063942882213729,1.6083383276204373,1519.6213100643768
2025-01-05 01:55:00+00:00,1.6083383276204373,1.6152155232439758,1.6067915812346445,1.613668776858183,1676.7211231895994
2025-01-05 02:00:00+00:00,1.613668776858183,1.6218441103517705,1.6097081418019876,1.617883475295575,2038.236894695376
2025-01-05 02:05:00+00:00,1.617883475295575,1.6234544698025581,1.6154170999314985,1.6209880944384816,2782.927554644099
2025-01-05 02:10:00+00:00,1.6209880944384816,1.6307493135238293,1.6149646625768503,1.6247258816621981,1870.7316050927031
2025-01-05 02:15:00+00:00,1.6247258816621981,1.6313696512936295,1.6205886614985707,1.6272324311300022,2313.165614096463
2025-01-05 02:20:00+00:00,1.6272324311300022,1.637805814365521,1.620742581684772,1.6313159649202909,1998.5090780432022
2025-01-05 02:25:00+00:00,1.6313159649202909,1.6368253711908594,1.6281477535936406,1.6336571598642091,2752.484694897894
2025-01-05 02:30:00+00:00,1.6336571598642091,1.6401913407470399,1.6316167599176272,1.638150940800458,2351.3188309992047
2025-01-05 02:35:00+00:00,1.638150940800458,1.6436982138717542,1.633148491687389,1.6386957647586853,3818.912168617393
2025-01-05 02:40:00+00:00,1.6386957647586853,1.644410301778489,1.6341419089354083,1.639856445955212,5542.721168816316
2025-01-05 02:45:00+00:00,1.639856445955212,1.6475944891849381,1.6350387369904018,1.6427767802201279,4700.668815577442
2025-01-05 02:50:00+00:00,1.6427767802201279,1.648351489838268,1.6388924127571252,1.6444671223752654,4217.173142494155
2025-01-05 02:55:00+00:00,1.6444671223752654,1.6538015667019759,1.6390526505791425,1.648387094905853,6654.772614928737
2025-01-05 03:00:00+00:00,1.648387094905853,1.652721477097889,1.6464463652729606,1.6507807474649967,1979.6891310726612
2025-01-05 03:05:00+00:00,1.6507807474649967,1.6582293366625187,1.644666875798071,1.652115464995593,1684.1683600835088
2025-01-05 03:10:00+00:00,1.652115464995593,1.6584615920139851,1.6485306800177109,1.654876807036103,1148.0176062935643
2025-01-05 03:15:00+00:00,1.654876807036103,1.6616358267195621,1.6493532379939424,1.6561122576774014,1348.5870116693634
2025-01-05 03:20:00+00:00,1.6561122576774014,1.6614252751136211,1.6499293736199214,1.6552423910561411,2464.1637155994763
2025-01-05 03:25:00+00:00,1.6552423910561411,1.6603511352710132,1.6500459385336494,1.6551546827485215,861.1208721889864
2025-01-05 03:30:00+00:00,1.6551546827485215,1.6620135149957367,1.6488218523326947,1.65568068457991,2521.0594923830063
2025-01-05 03:35:00+00:00,1.65568068457991,1.6620560553919503,1.650444804052791,1.6568201748648315,1463.8252854658056
2025-01-05 03:40:00+00:00,1.6568201748648315,1.663686481105573,1.652183356220847,1.6590496624615885,1459.0491130359915
2025-01-05 03:45:00+00:00,1.6590496624615885,1.6671902660691755,1.6547283960992136,1.6628689997068007,2493.560006551196
2025-01-05 03:50:00+00:00,1.6628689997068007,1.6688866928671302,1.659931274813285,1.6659489679736146,699.3346235927467
2025-01-05 03:55:00+00:00,1.6659489679736146,1.6764664395318918,1.6609555957805688,1.671473067338846,931.8203855962296
2025-01-05 04:00:00+00:00,1.671473067338846,1.682152966291161,1.6653008969273297,1.6759807958796447,862.4956361070404
2025-01-05 04:05:00+00:00,1.6759807958796447,1.6785541266957706,1.6749665785946124,1.6775399094107384,1019.3430368599929
2025-01-05 04:10:00+00:00,1.6775399094107384,1.686880517036088,1.6734639658904547,1.6828045735158044,1446.110919754992
2025-01-05 04:15:00+00:00,1.6828045735158044,1.6907207197739764,1.679217321894847,1.687133468153019,1729.6905891866425
2025-01-05 04:20:00+00:00,1.687133468153019,1.6935511866617452,1.6817468878498003,1.6881646063585265,714.3566599798729
2025-01-05 04:25:00+00:00,1.6881646063585265,1.6934063444643117,1.685516865883867,1.6907586039896523,837.4083641150585
2025-01-05 04:30:00+00:00,1.6907586039896523,1.6972184315050989,1.6885060183702323,1.694965845885679,2066.4090449023765
2025-01-05 04:35:00+00:00,1.694965845885679,1.703383346268223,1.689051698772075,1.6974691991546191,1324.9939192809425
2025-01-05 04:40:00+00:00,1.6974691991546191,1.7072999307713537,1.6917552989201103,1.7015860305368449,1825.7746947551943
2025-01-05 04:45:00+00:00,1.7015860305368449,1.7066893684010502,1.6993741876126802,1.7044775254768856,1777.350829158645
2025-01-05 04:50:00+00:00,1.7044775254768856,1.7147250474597895,1.6977980857558226,1.7080456077387265,1126.5006528599693
2025-01-05 04:55:00+00:00,1.7080456077387265,1.7113535199001952,1.706261662144533,1.7095695743060018,905.2464080827918
2025-01-05 05:00:00+00:00,1.7095695743060018,1.717725960267578,1.7044216650962754,1.7125780510578517,1387.8006829660371
2025-01-05 05:05:00+00:00,1.7125780510578517,1.7157044189437276,1.7109927012583017,1.7141190691441777,1231.9233306426272
2025-01-05 05:10:00+00:00,1.7141190691441777,1.7191310129125545,1.712852048166909,1.7178639919352858,3600.8494118345316
2025-01-05 05:15:00+00:00,1.7178639919352858,1.7195592987526036,1.715107813345979,1.7168031201632967,2737.7383968020326
2025-01-05 05:20:00+00:00,1.7168031201632967,1.7213534646324506,1.7154328512643906,1.7199831957335445,4524.888865823073
2025-01-05 05:25:00+00:00,1.7199831957335445,1.727736443731561,1.7173824964981999,1.7251357444962163,1618.6435659006015
2025-01-05 05:30:00+00:00,1.7251357444962163,1.731717837305294,1.7224069804185203,1.7289890732275979,1588.6085764159884
2025-01-05 05:35:00+00:00,1.7289890732275979,1.734124135611157,1.7265353625638173,1.7316704249473764,2143.7638802604456
2025-01-05 05:40:00+00:00,1.7316704249473764,1.7384991868865194,1.728783789412996,1.735612551352139,826.2302401028714
2025-01-05 05:45:00+00:00,1.735612551352139,1.743161977802087,1.7292097650530267,1.7367591915029748,1133.5972654292877
2025-01-05 05:50:00+00:00,1.7367591915029748,1.7441136892021087,1.730666723257155,1.738021220956289,921.943600007598
2025-01-05 05:55:00+00:00,1.738021220956289,1.7428226145562324,1.7355559268588907,1.740357320458834,1534.0553698827114
2025-01-05 06:00:00+00:00,1.740357320458834,1.744255170369703,1.739327407926631,1.7432252578374998,1146.3256870612292
2025-01-05 06:05:00+00:00,1.7432252578374998,1.7545032059745553,1.7372432734762902,1.7485212216133457,1232.064879185301
2025-01-05 06:10:00+00:00,1.7485212216133457,1.7517459857478253,1.7467857333768622,1.7500104975113417,961.2740832086457
2025-01-05 06:15:00+00:00,1.7500104975113417,1.7624460318963315,1.7431399532973124,1.7555754876823022,1099.2115480469897
2025-01-05 06:20:00+00:00,1.7555754876823022,1.7620277590550408,1.7493616667780463,1.755813938150785,1001.1728187163119
2025-01-05 06:25:00+00:00,1.755813938150785,1.7605582910806554,1.7530497219343142,1.7577940748641847,870.0657389534474
2025-01-05 06:30:00+00:00,1.7577940748641847,1.7649886240274468,1.754249918042826,1.761444467206088,1179.6940269675044
2025-01-05 06:35:00+00:00,1.761444467206088,1.7717195948971711,1.7574402752129974,1.7677154029040805,668.2463092604625
2025-01-05 06:40:00+00:00,1.7677154029040805,1.776594620022111,1.761440814258624,1.7703200313766545,974.5514398640823
2025-01-05 06:45:00+00:00,1.7703200313766545,1.7713954473689608,1.7686762397538622,1.7697516557461686,933.0931422060071
2025-01-05 06:50:00+00:00,1.7697516557461686,1.7781872845734412,1.7662703419509813,1.774705970778254,1481.7399093725405
2025-01-05 06:55:00+00:00,1.774705970778254,1.7803602260773899,1.7731290060697777,1.7787832613689136,1012.2256115723426
2025-01-05 07:00:00+00:00,1.7787832613689136,1.7863952610173137,1.7730698439584887,1.7806818436068887,700.9889814440012
2025-01-05 07:05:00+00:00,1.7806818436068887,1.7839450925582643,1.7794601359566316,1.782723384908007,1052.4678345000314
2025-01-05 07:10:00+00:00,1.782723384908007,1.7909734696094697,1.7773171544771822,1.7855672391786448,1196.2207716738737
2025-01-05 07:15:00+00:00,1.7855672391786448,1.7960084354415609,1.7797278777788512,1.7901690740417673,1229.1440669000367
2025-01-05 07:20:00+00:00,1.7901690740417673,1.79847648146063,1.7877366314436074,1.79604403886247,1362.56582566294
2025-01-05 07:25:00+00:00,1.79604403886247,1.80338723714138,1.790007382305994,1.797350580584904,1333.7073655547536
2025-01-05 07:30:00+00:00,1.797350580584904,1.809663407914825,1.7945265993947632,1.8068394267246843,1242.9288155130514
2025-01-05 07:35:00+00:00,1.8068394267246843,1.8145996987197652,1.80357944927565,1.811339721270731,1554.3632994673742
2025-01-05 07:40:00+00:00,1.811339721270731,1.818092214247571,1.8083881956063024,1.8151406885831425,1006.748804366027
2025-01-05 07:45:00+00:00,1.8151406885831425,1.8269447466887454,1.8094425085514456,1.8212465666570485,1260.7581651314654
2025-01-05 07:50:00+00:00,1.8212465666570485,1.8323821451933717,1.8150074832488903,1.8261430617852135,2540.52737413229
2025-01-05 07:55:00+00:00,1.8261430617852135,1.8405614877727077,1.8215348676241334,1.8359532936116276,2678.108852470626
2025-01-05 08:00:00+00:00,1.8359532936116276,1.847430990027599,1.8315868307346022,1.8430645271505735,2745.3173806284753
2025-01-05 08:05:00+00:00,1.8430645271505735,1.854211518461936,1.8357938455705172,1.8469408368818798,2241.9070764901726
2025-01-05 08:10:00+00:00,1.8469408368818798,1.8498727361300327,1.8411735612393947,1.8441054604875475,2275.4166344757414
2025-01-05 08:15:00+00:00,1.8441054604875475,1.8501646934541192,1.8349514177094541,1.8410106506760258,2445.0851624177435
2025-01-05 08:20:00+00:00,1.8410106506760258,1.8434279675697514,1.835815888298695,1.8382332051924206,624.4506489752098
2025-01-05 08:25:00+00:00,1.8382332051924206,1.8421985221097394,1.8336915317159965,1.8376568486333154,1202.463392029904
2025-01-05 08:30:00+00:00,1.8376568486333154,1.8410608454181252,1.830727170948898,1.8341311677337078,1397.6127936153214
2025-01-05 08:35:00+00:00,1.8341311677337078,1.8375809801988734,1.8320810889057577,1.8355309013709233,1044.0312225803611
2025-01-05 08:40:00+00:00,1.8355309013709233,1.837340796791674,1.8313334818681857,1.8331433772889363,994.0947015919421
2025-01-05 08:45:00+00:00,1.8331433772889363,1.8382422970570367,1.8254593544101025,1.830558274178203,1036.0888124602334
2025-01-05 08:50:00+00:00,1.830558274178203,1.836140922523991,1.8247311380262672,1.8303137863720553,1450.7846936689884
2025-01-05 08:55:00+00:00,1.8303137863720553,1.8313197671396433,1.82257416067609,1.8235801414436779,962.4934688422488
2025-01-05 09:00:00+00:00,1.8235801414436779,1.8275706347142051,1.8150831840458448,1.819073677316372,1417.0274424300424
2025-01-05 09:05:00+00:00,1.819073677316372,1.8238674184982282,1.8130522046714863,1.8178459458533425,761.7209829959278
2025-01-05 09:10:00+00:00,1.8178459458533425,1.821928112707718,1.8111761343331372,1.8152583011875127,936.5654407440157
2025-01-05 09:15:00+00:00,1.8152583011875127,1.818541758621756,1.8092562763733724,1.8125397338076157,1607.747354096866
2025-01-05 09:20:00+00:00,1.8125397338076157,1.8142092597638033,1.808958416260743,1.8106279422169307,952.6255948087512
2025-01-05 09:25:00+00:00,1.8106279422169307,1.812717561214941,1.8043761498699307,1.806465768867941,760.7386414802907
2025-01-05 09:30:00+00:00,1.806465768867941,1.8076961796930182,1.8019244013165296,1.8031548121416068,1172.9401180709644
2025-01-05 09:35:00+00:00,1.8031548121416068,1.8048237035372736,1.7955222452672281,1.797191136662895,970.6185876214313
2025-01-05 09:40:00+00:00,1.797191136662895,1.8035408822346568,1.783702368657353,1.7900521142291148,1073.1458550512696
2025-01-05 09:45:00+00:00,1.7900521142291148,1.7916956233493124,1.7879383871723038,1.7895818962925014,1253.9010972615895
2025-01-05 09:50:00+00:00,1.7895818962925014,1.7919772722789113,1.7819145195335193,1.7843098955199292,968.8401980344665
2025-01-05 09:55:00+00:00,1.7843098955199292,1.7874783118941622,1.7762588232290981,1.779427239603331,1223.1356614633924
2025-01-05 10:00:00+00:00,1.779427239603331,1.782223235399687,1.7761786177763181,1.778974613572674,1022.8289380169961
2025-01-05 10:05:00+00:00,1.778974613572674,1.7810356471661215,1.7756561859754412,1.7777172195688886,1104.1046756750738
2025-01-05 10:10:00+00:00,1.7777172195688886,1.7788356559890828,1.7718808219587692,1.7729992583789633,1021.8571573697034
2025-01-05 10:15:00+00:00,1.7729992583789633,1.7753288889361953,1.7658736189346862,1.7682032494919182,775.8906519085052
2025-01-05 10:20:00+00:00,1.7682032494919182,1.7723146437157093,1.7601813305042888,1.76429272472808,877.8368476532105
2025-01-05 10:25:00+00:00,1.76429272472808,1.7652834350762157,1.7574824841659908,1.7584731945141265,924.2007727510208
2025-01-05 10:30:00+00:00,1.7584731945141265,1.7613060536294642,1.7529340624614351,1.7557669215767728,2910.3665689559916
2025-01-05 10:35:00+00:00,1.7557669215767728,1.7595296042016482,1.7483877880058636,1.752150470630739,1947.4748048602867
2025-01-05 10:40:00+00:00,1.752150470630739,1.7564141735902536,1.7441836101006478,1.7484473130601625,1860.17786001978
2025-01-05 10:45:00+00:00,1.7484473130601625,1.7507052219547965,1.7437436958853432,1.7460016047799771,2501.4905263037913
2025-01-05 10:50:00+00:00,1.7460016047799771,1.748226974257313,1.7412095702513282,1.7434349397286641,2876.7804417733214
2025-01-05 10:55:00+00:00,1.7434349397286641,1.7449908322405756,1.741617860645008,1.7431737531569194,2465.6613050432393
2025-01-05 11:00:00+00:00,1.7431737531569194,1.7472185078770608,1.738146624986046,1.7421913797061874,1006.2237549415569
2025-01-05 11:05:00+00:00,1.7421913797061874,1.7459276933739325,1.7307089261469344,1.7344452398146795,742.0517212098921
2025-01-05 11:10:00+00:00,1.7344452398146795,1.74072073375691,1.7258409427181833,1.7321164366604138,1216.6138172530084
2025-01-05 11:15:00+00:00,1.7321164366604138,1.737272115211904,1.720431229609019,1.725586908160509,1438.174925222331
2025-01-05 11:20:00+00:00,1.725586908160509,1.731525774226909,1.7124875700790088,1.7184264361454087,1022.2259056627678
2025-01-05 11:25:00+00:00,1.7184264361454087,1.7197712942410237,1.7143385914271416,1.7156834495227566,1155.2765132008387
2025-01-05 11:30:00+00:00,1.7156834495227566,1.718671319542827,1.7070493514961034,1.7100372215161737,884.7188920843327
2025-01-05 11:35:00+00:00,1.7100372215161737,1.7119594342481348,1.7032791125183326,1.7052013252502938,923.8576021699744
2025-01-05 11:40:00+00:00,1.7052013252502938,1.7088187903863257,1.6995995888834863,1.7032170540195182,1131.8886580400729
2025-01-05 11:45:00+00:00,1.7032170540195182,1.7049464811139972,1.6959842668132097,1.6977136939076887,1053.3681239206321
2025-01-05 11:50:00+00:00,1.6977136939076887,1.7025318887594643,1.6869587196592142,1.6917769145109898,1240.935579156696
2025-01-05 11:55:00+00:00,1.6917769145109898,1.6984159609084082,1.6817213868644918,1.6883604332619102,1147.9946669139458
2025-01-05 12:00:00+00:00,1.6883604332619102,1.6906134540698838,1.6845424414398444,1.686795462247818,972.127465841452
2025-01-05 12:05:00+00:00,1.686795462247818,1.6932355532031542,1.6774248534811704,1.6838649444365066,936.5415774818754
2025-01-05 12:10:00+00:00,1.6838649444365066,1.6883707047543068,1.6722803843231957,1.676786144640996,1248.9361253624668
2025-01-05 12:15:00+00:00,1.676786144640996,1.6780488844721535,1.6703307285787419,1.6715934684098994,810.7884775109287
2025-01-05 12:20:00+00:00,1.6715934684098994,1.6754638312840522,1.6635962171808516,1.6674665800550044,1238.7096236051423
2025-01-05 12:25:00+00:00,1.6674665800550044,1.6723791288641503,1.6626552985249536,1.6675678473340996,997.8732136652842
2025-01-05 12:30:00+00:00,1.6675678473340996,1.6687137517004307,1.6645098946560575,1.6656557990223886,769.7451088864631
2025-01-05 12:35:00+00:00,1.6656557990223886,1.6678570713587968,1.6615254729779638,1.663726745314372,861.0854613391058
2025-01-05 12:40:00+00:00,1.663726745314372,1.669456049983561,1.6568396988091159,1.6625690034783047,990.138529345316
2025-01-05 12:45:00+00:00,1.6625690034783047,1.668813698573444,1.6522268413803542,1.6584715364754936,2017.7645641431698
2025-01-05 12:50:00+00:00,1.6584715364754936,1.6625425971313412,1.6519537979110281,1.6560248585668758,1049.323659966332
2025-01-05 12:55:00+00:00,1.6560248585668758,1.6599012804345161,1.6498029276960993,1.6536793495637396,792.6453173235861
2025-01-05 13:00:00+00:00,1.6536793495637396,1.6597310367203841,1.6424588883245785,1.648510575481223,1378.6956511653855
2025-01-05 13:05:00+00:00,1.648510575481223,1.6531034721068987,1.6407395082346377,1.6453324048603133,834.9531601405291
2025-01-05 13:10:00+00:00,1.6453324048603133,1.650059906352973,1.6386591716295544,1.6433866731222142,1700.110991827486
2025-01-05 13:15:00+00:00,1.6433866731222142,1.6499000006819606,1.6317768796791994,1.6382902072389458,2614.3433441754555
2025-01-05 13:20:00+00:00,1.6382902072389458,1.6401664590360143,1.6351197067095142,1.6369959585065827,3071.0506083293353
2025-01-05 13:25:00+00:00,1.6369959585065827,1.6402645490283685,1.6324193047665623,1.635687895288348,3946.9281635418456
2025-01-05 13:30:00+00:00,1.635687895288348,1.6382340646973172,1.6324559261111298,1.635002095520099,2611.886153606601
2025-01-05 13:35:00+00:00,1.635002095520099,1.6408405231871475,1.6250158481323216,1.63085427579937,894.263715594677
2025-01-05 13:40:00+00:00,1.63085427579937,1.6318946914791919,1.6274788068328128,1.6285192225126346,1103.3973917351054
2025-01-05 13:45:00+00:00,1.6285192225126346,1.6332720074993792,1.6241412438863279,1.6288940288730724,1528.4038624292941
2025-01-05 13:50:00+00:00,1.6288940288730724,1.6343476889880981,1.6225999232171824,1.628053583332208,1637.3321289705045
2025-01-05 13:55:00+00:00,1.628053583332208,1.6297072742124592,1.6225488417704397,1.6242025326506908,886.1617636965816
2025-01-05 14:00:00+00:00,1.6242025326506908,1.626554053104735,1.620050993188487,1.6224025136425313,1665.1279021361738
2025-01-05 14:05:00+00:00,1.6224025136425313,1.6254609422333752,1.619939378382553,1.622997806973397,1034.97024829719
2025-01-05 14:10:00+00:00,1.622997806973397,1.6268500538549946,1.616890990173943,1.6207432370555406,813.5356075960207
2025-01-05 14:15:00+00:00,1.6207432370555406,1.6219119148510177,1.6182708959507874,1.6194395737462646,1295.0825467486611
2025-01-05 14:20:00+00:00,1.6194395737462646,1.6258586565214685,1.6160268169476995,1.6224458997229034,1133.0333719104883
2025-01-05 14:25:00+00:00,1.6224458997229034,1.626569143340955,1.6163111650747584,1.62043440869281,756.3451720823626
2025-01-05 14:30:00+00:00,1.62043440869281,1.6213145246105922,1.617453504039311,1.6183336199570932,856.9925454354491
2025-01-05 14:35:00+00:00,1.6183336199570932,1.6234234379898076,1.609446135233568,1.6145359532662824,1101.5610519994257
2025-01-05 14:40:00+00:00,1.6145359532662824,1.6156620772321535,1.6103274822374534,1.6114536062033245,1224.200275790471
2025-01-05 14:45:00+00:00,1.6114536062033245,1.6135132866578534,1.6104913348733245,1.6125510153278535,824.1128494857539
2025-01-05 14:50:00+00:00,1.6125510153278535,1.6166935113421297,1.6063883361874898,1.610530832201766,1443.478280259857
2025-01-05 14:55:00+00:00,1.610530832201766,1.6161697830946835,1.6008727296191898,1.6065116805121074,878.9860719049401
2025-01-05 15:00:00+00:00,1.6065116805121074,1.6086775696106834,1.600840390280439,1.603006279379015,858.8930629959641
2025-01-05 15:05:00+00:00,1.603006279379015,1.6076834263529276,1.5966390469331515,1.6013161939070641,1303.0750743155559
2025-01-05 15:10:00+00:00,1.6013161939070641,1.6025416732429782,1.5998622943551226,1.6010877736910367,1485.4755398655702
2025-01-05 15:15:00+00:00,1.6010877736910367,1.604443425811125,1.5946024605533187,1.597958112673407,1007.9488359608767
2025-01-05 15:20:00+00:00,1.597958112673407,1.6035841203116568,1.5919901512177816,1.5976161588560314,1034.7764992552875
2025-01-05 15:25:00+00:00,1.5976161588560314,1.602469024645292,1.5901035056447164,1.594956371433977,1192.3783800142255
2025-01-05 15:30:00+00:00,1.594956371433977,1.6005548878801998,1.5882943402358447,1.5938928566820676,1446.475608293037
2025-01-05 15:35:00+00:00,1.5938928566820676,1.597365490568579,1.5896422148984999,1.5931148487850113,981.5287929278154
2025-01-05 15:40:00+00:00,1.5931148487850113,1.599328574017653,1.5862582450882272,1.592471970320869,1041.3448997385642
2025-01-05 15:45:00+00:00,1.592471970320869,1.5979417884032305,1.5843372067269168,1.5898070248092784,935.6387340417343
2025-01-05 15:50:00+00:00,1.5898070248092784,1.5921625496636849,1.5852476778549858,1.5876032027093923,1578.4198036763717
2025-01-05 15:55:00+00:00,1.5876032027093923,1.5929877631512708,1.581254696621161,1.5866392570630394,2837.1907575280197
2025-01-05 16:00:00+00:00,1.5866392570630394,1.5910141974254632,1.5778262950709594,1.5822012354333832,2163.6936232161693
2025-01-05 16:05:00+00:00,1.5822012354333832,1.5883251710864092,1.5743721673225088,1.5804961029755349,3081.3365705935657
2025-01-05 16:10:00+00:00,1.5804961029755349,1.5847531480234054,1.5751210768886603,1.5793781219365308,2120.9836778848107
2025-01-05 16:15:00+00:00,1.5793781219365308,1.5819040364567734,1.5766740811229762,1.5791999956432188,1523.9713840610398
2025-01-05 16:20:00+00:00,1.5791999956432188,1.5831951812743885,1.5729112239933127,1.5769064096244825,1155.6917370332371
2025-01-05 16:25:00+00:00,1.5769064096244825,1.5818579101921133,1.5693155420191451,1.574267042586776,1408.4217789412746
2025-01-05 16:30:00+00:00,1.574267042586776,1.5793994930124915,1.5670408290309052,1.5721732794566208,791.8257229435587
2025-01-05 16:35:00+00:00,1.5721732794566208,1.5763674338389713,1.5641659385409603,1.5683600929233108,920.6543925060297
2025-01-05 16:40:00+00:00,1.5683600929233108,1.5713718073617278,1.562451079296343,1.56546279373476,946.5080161993565
2025-01-05 16:45:00+00:00,1.56546279373476,1.5694852457548316,1.5596287360941794,1.563651188114251,1744.6791475359832
2025-01-05 16:50:00+00:00,1.563651188114251,1.5655416987056496,1.559632805919086,1.5615233165104847,1217.73747173632
2025-01-05 16:55:00+00:00,1.5615233165104847,1.5676009232585228,1.5507622304318658,1.556839837179904,962.3541796221712
2025-01-05 17:00:00+00:00,1.556839837179904,1.5602855658299695,1.5499819851933132,1.5534277138433787,623.7403296764026
2025-01-05 17:05:00+00:00,1.5534277138433787,1.5561009374876094,1.543947978303761,1.5466212019479917,854.1006621629464
2025-01-05 17:10:00+00:00,1.5466212019479917,1.5523257095634406,1.5394558148050834,1.5451603224205324,1525.096352362394
2025-01-05 17:15:00+00:00,1.5451603224205324,1.5502683303694922,1.5360473082453585,1.5411553161943186,963.5741751992819
2025-01-05 17:20:00+00:00,1.5411553161943186,1.5434373006932505,1.536224539165098,1.5385065236640298,1267.6318417704829
2025-01-05 17:25:00+00:00,1.5385065236640298,1.5428543535134236,1.5289748334739117,1.5333226633233055,718.2715269472362
2025-01-05 17:30:00+00:00,1.5333226633233055,1.5371582334734177,1.526108991360104,1.5299445615102163,1203.3993119642112
2025-01-05 17:35:00+00:00,1.5299445615102163,1.5342054098840312,1.5232137471902065,1.5274745955640214,1419.0418390669706
2025-01-05 17:40:00+00:00,1.5274745955640214,1.5291768033275182,1.524218742466141,1.5259209502296378,1215.422209393233
2025-01-05 17:45:00+00:00,1.5259209502296378,1.5300393342263223,1.5159073635150795,1.520025747511764,850.2356082019961
2025-01-05 17:50:00+00:00,1.520025747511764,1.5241742436689616,1.5139530543833613,1.5181015505405588,830.9397141316525
2025-01-05 17:55:00+00:00,1.5181015505405588,1.520349009056737,1.512043767355883,1.5142912258720613,1261.527313677455
2025-01-05 18:00:00+00:00,1.5142912258720613,1.5200598830489518,1.5035627326501546,1.509331389827045,833.6415715162805
2025-01-05 18:05:00+00:00,1.509331389827045,1.5151677661640333,1.50076432540122,1.5066007017382081,759.8427302699433
2025-01-05 18:10:00+00:00,1.5066007017382081,1.512097647463129,1.496944137736239,1.5024410834611597,1129.135567216047
2025-01-05 18:15:00+00:00,1.5024410834611597,1.5078411966524166,1.4928505566019552,1.498250669793212,822.0522080822203
2025-01-05 18:20:00+00:00,1.498250669793212,1.5025275010233787,1.4890314312208417,1.4933082624510083,810.893376720973
2025-01-05 18:25:00+00:00,1.4933082624510083,1.4985562060672812,1.4847613456214332,1.4900092892377061,2268.4064131495675
2025-01-05 18:30:00+00:00,1.4900092892377061,1.4924430229278396,1.4839277257311172,1.4863614594212506,2316.611101044152
2025-01-05 18:35:00+00:00,1.4863614594212506,1.489310138861734,1.4793813970735012,1.4823300765139846,1689.571545505526
2025-01-05 18:40:00+00:00,1.4823300765139846,1.4871944223364955,1.4720468574118062,1.476911203234317,2391.671302634033
2025-01-05 18:45:00+00:00,1.476911203234317,1.4811880791992598,1.46801136871037,1.4722882446753127,3246.8465613562207
2025-01-05 18:50:00+00:00,1.4722882446753127,1.4755188844948597,1.466057759219413,1.46928839903896,2845.498055580921
2025-01-05 18:55:00+00:00,1.46928839903896,1.470211263626516,1.4669175304419513,1.4678403950295074,1410.602880014248
2025-01-05 19:00:00+00:00,1.4678403950295074,1.4710113358906778,1.460937065482567,1.4641080063437375,1386.7670595175177
2025-01-05 19:05:00+00:00,1.4641080063437375,1.4660370845882111,1.460995807271503,1.4629248855159767,1102.5662759244808
2025-01-05 19:10:00+00:00,1.4629248855159767,1.4673107290138696,1.4548807223880378,1.4592665658859307,1154.171057607511
2025-01-05 19:15:00+00:00,1.4592665658859307,1.4636427247509587,1.44938177337126,1.453757932236288,848.3000134651902
2025-01-05 19:20:00+00:00,1.453757932236288,1.4574383302788652,1.4476130224061285,1.4512934204487058,863.1380507635025
2025-01-05 19:25:00+00:00,1.4512934204487058,1.4562558701398218,1.4411318007008207,1.4460942503919367,894.738627791581
2025-01-05 19:30:00+00:00,1.4460942503919367,1.4498491490699374,1.439563157023273,1.4433180557012737,810.4265400047835
2025-01-05 19:35:00+00:00,1.4433180557012737,1.44633097350726,1.438731930014838,1.4417448478208243,1775.2492134017612
2025-01-05 19:40:00+00:00,1.4417448478208243,1.4431740274267955,1.4364119398588704,1.4378411194648415,1513.256399830171
2025-01-05 19:45:00+00:00,1.4378411194648415,1.4394009979726374,1.4328165290486714,1.4343764075564673,733.8644567051606
2025-01-05 19:50:00+00:00,1.4343764075564673,1.4367198646862192,1.4330231808668428,1.4353666379965946,1272.7721682078452
2025-01-05 19:55:00+00:00,1.4353666379965946,1.438001442981801,1.4299470070818834,1.43258181206709,1110.017947954169
2025-01-05 20:00:00+00:00,1.43258181206709,1.4369933900654916,1.4254939404361981,1.4299055184346,1208.1525387705271
2025-01-05 20:05:00+00:00,1.4299055184346,1.4324643970521345,1.4256228782407676,1.4281817568583022,1202.9243073202633
2025-01-05 20:10:00+00:00,1.4281817568583022,1.4330923625704668,1.4201115541111868,1.4250221598233515,1377.6738126952107
2025-01-05 20:15:00+00:00,1.4250221598233515,1.4282785671053728,1.4186970927034444,1.4219534999854657,807.1108203296545
2025-01-05 20:20:00+00:00,1.4219534999854657,1.426877580809099,1.414834684178711,1.4197587650023442,853.1639802556343
2025-01-05 20:25:00+00:00,1.4197587650023442,1.424736736732336,1.4079538990494556,1.4129318707794474,974.0902868295884
2025-01-05 20:30:00+00:00,1.4129318707794474,1.4146881457489153,1.4108850943476972,1.412641369317165,1370.2446525557698
2025-01-05 20:35:00+00:00,1.412641369317165,1.417405105760175,1.403460463688759,1.408224200131769,1095.512011879256
2025-01-05 20:40:00+00:00,1.408224200131769,1.4137929401664069,1.398304580792747,1.4038733208273848,1070.8346884909251
2025-01-05 20:45:00+00:00,1.4038733208273848,1.4078790045814409,1.3983165130594521,1.4023221968135082,1027.1742093968135
2025-01-05 20:50:00+00:00,1.4023221968135082,1.4038302862330247,1.3984750995447368,1.3999831889642533,1323.640332724829
2025-01-05 20:55:00+00:00,1.3999831889642533,1.4050120218867725,1.390550545944345,1.3955793788668642,1197.4392464429804
2025-01-05 21:00:00+00:00,1.3955793788668642,1.3988401789646085,1.3904358119320437,1.393696612029788,1555.2346254894535
2025-01-05 21:05:00+00:00,1.393696612029788,1.3961229077941664,1.3872022180240868,1.3896285137884652,3882.209050188373
2025-01-05 21:10:00+00:00,1.3896285137884652,1.3937163987051886,1.3822851187251621,1.3863730036418855,2832.247507079582
2025-01-05 21:15:00+00:00,1.3863730036418855,1.3883838077773134,1.3798391606526006,1.3818499647880285,1942.1456753219497
2025-01-05 21:20:00+00:00,1.3818499647880285,1.3848022160609896,1.375564490014081,1.3785167412870423,1774.0613533270252
2025-01-05 21:25:00+00:00,1.3785167412870423,1.3807634481111584,1.375019389487569,1.3772660963116852,2339.601995939231
2025-01-05 21:30:00+00:00,1.3772660963116852,1.3804045457559968,1.3724783839588597,1.3756168334031713,2549.515954628987
2025-01-05 21:35:00+00:00,1.3756168334031713,1.3805367963551756,1.3694051578021718,1.374325120754176,1109.5776228775267
2025-01-05 21:40:00+00:00,1.374325120754176,1.3775829845318075,1.370830262240607,1.3740881260182385,1186.4776267941222
2025-01-05 21:45:00+00:00,1.3740881260182385,1.3758080098156473,1.3705854330545093,1.3723053168519181,1109.5280127541118
2025-01-05 21:50:00+00:00,1.3723053168519181,1.3775541491717906,1.3643001610371848,1.3695489933570573,1538.860472978385
2025-01-05 21:55:00+00:00,1.3695489933570573,1.3720815713450298,1.3649214168281834,1.367453994816156,1089.061130272387
2025-01-05 22:00:00+00:00,1.367453994816156,1.3722490291635117,1.3637527455937046,1.3685477799410604,1499.5297588279097
2025-01-05 22:05:00+00:00,1.3685477799410604,1.3739415233080081,1.3616260219751726,1.3670197653421203,1160.0506124051014
2025-01-05 22:10:00+00:00,1.3670197653421203,1.3702537774107,1.3627463824788557,1.3659803945474354,1007.8558053852172
2025-01-05 22:15:00+00:00,1.3659803945474354,1.3679583000131195,1.362299008226217,1.364276913691901,1128.0597562244102
2025-01-05 22:20:00+00:00,1.364276913691901,1.3681709853121637,1.3592484776018376,1.3631425492221003,962.4848770604615
2025-01-05 22:25:00+00:00,1.3631425492221003,1.3683159206072388,1.3571441657293544,1.3623175371144929,1132.026018197465
2025-01-05 22:30:00+00:00,1.3623175371144929,1.3661835180754123,1.3569087648760734,1.3607747458369928,636.8482236361885
2025-01-05 22:35:00+00:00,1.3607747458369928,1.3660314782532275,1.353734426130057,1.3589911585462917,1116.4229251716201
2025-01-05 22:40:00+00:00,1.3589911585462917,1.361838638844416,1.3533341864690023,1.3561816667671265,1395.5342391979939
2025-01-05 22:45:00+00:00,1.3561816667671265,1.357084687252228,1.3523558077009448,1.3532588281860463,1449.7548409366218
2025-01-05 22:50:00+00:00,1.3532588281860463,1.353940929159318,1.351668782065576,1.3523508830388478,917.5618626399183
2025-01-05 22:55:00+00:00,1.3523508830388478,1.3539518856486088,1.350371184072354,1.351972186682115,839.4256589246762
2025-01-05 23:00:00+00:00,1.351972186682115,1.3560320546205575,1.3477879628250895,1.351847830763532,1485.7474626227338
2025-01-05 23:05:00+00:00,1.351847830763532,1.3525389542549033,1.3495931684415503,1.3502842919329217,775.5324563739656
2025-01-05 23:10:00+00:00,1.3502842919329217,1.3515657728670318,1.3459853522154885,1.3472668331495987,1069.936416933554
2025-01-05 23:15:00+00:00,1.3472668331495987,1.3502458303963871,1.343580605827841,1.3465596030746294,1010.6968127805895
2025-01-05 23:20:00+00:00,1.3465596030746294,1.3488409957860765,1.3435034557268422,1.3457848484382893,1172.1850008279962
2025-01-05 23:25:00+00:00,1.3457848484382893,1.350047173903639,1.3372924929395678,1.3415548184049175,1369.8913466562599
2025-01-05 23:30:00+00:00,1.3415548184049175,1.344218218428464,1.3383207033250084,1.3409841033485548,1531.6935673447736
2025-01-05 23:35:00+00:00,1.3409841033485548,1.3424467593665503,1.3385432312385124,1.340005887256508,671.089367225587
2025-01-05 23:40:00+00:00,1.340005887256508,1.345978809467235,1.3347374559591814,1.3407103781699083,996.4524081107784
2025-01-05 23:45:00+00:00,1.3407103781699083,1.3425560624590325,1.3350313209804494,1.3368770052695735,1434.6123838217668
2025-01-05 23:50:00+00:00,1.3368770052695735,1.3419275828825594,1.3276989205506056,1.3327494981635915,2003.1109869508093
2025-01-05 23:55:00+00:00,1.3327494981635915,1.33676054887935,1.3278523498730295,1.331863400588788,1623.630604423727
2025-01-06 00:00:00+00:00,1.331863400588788,1.3367565995135233,1.321912838509151,1.3268060374338864,2211.385546594208
2025-01-06 00:05:00+00:00,1.3268060374338864,1.3320676905773035,1.3181279725785788,1.323389625721996,2073.0783430006773
2025-01-06 00:10:00+00:00,1.323389625721996,1.3279479434105128,1.3147880109273038,1.3193463286158207,2539.0608036306808
2025-01-06 00:15:00+00:00,1.3193463286158207,1.3232235360413978,1.31149707062439,1.315374278049967,1239.4795845810938
2025-01-06 00:20:00+00:00,1.315374278049967,1.3164518721740577,1.3088691754604587,1.3099467695845493,1104.9575321216507
2025-01-06 00:25:00+00:00,1.3099467695845493,1.310636162180221,1.3063956777599106,1.3070850703555823,1282.0292561142485
2025-01-06 00:30:00+00:00,1.3070850703555823,1.3103408309634612,1.3028042801689805,1.3060600407768594,1415.2998507124778
2025-01-06 00:35:00+00:00,1.3060600407768594,1.3110062410204197,1.2991931625727926,1.304139362816353,1037.5260017146838
2025-01-06 00:40:00+00:00,1.304139362816353,1.309139284627843,1.2971658314600065,1.3021657532714965,1063.9682237834381
2025-01-06 00:45:00+00:00,1.3021657532714965,1.3054409948803447,1.2956109556115636,1.2988861972204118,884.9793385147088
2025-01-06 00:50:00+00:00,1.2988861972204118,1.3006001672276066,1.2966423433000898,1.2983563133072846,852.1995631858011
2025-01-06 00:55:00+00:00,1.2983563133072846,1.3022802512903202,1.2924208305825708,1.2963447685656064,1276.803650636231
2025-01-06 01:00:00+00:00,1.2963447685656064,1.3012550663419604,1.2901831451221697,1.2950934428985237,1580.4387118617562
2025-01-06 01:05:00+00:00,1.2950934428985237,1.3001005194629056,1.2847657111683215,1.2897727877327034,1114.6706294079422
2025-01-06 01:10:00+00:00,1.2897727877327034,1.2904617448780833,1.2866532967066633,1.2873422538520432,738.2875912864048
2025-01-06 01:15:00+00:00,1.2873422538520432,1.2890747532851694,1.2808543419772431,1.2825868414103694,888.4958694033783
2025-01-06 01:20:00+00:00,1.2825868414103694,1.2848896665295622,1.2777891834186248,1.2800920085378176,1136.8182677832829
2025-01-06 01:25:00+00:00,1.2800920085378176,1.2822929578031346,1.2751344171776269,1.2773353664429439,1099.6641041076318
2025-01-06 01:30:00+00:00,1.2773353664429439,1.2787705339488695,1.2710979329931682,1.2725331004990938,853.9335516225968
2025-01-06 01:35:00+00:00,1.2725331004990938,1.275838436617477,1.2663933495966777,1.269698685715061,1115.3324577841126
2025-01-06 01:40:00+00:00,1.269698685715061,1.2728334394319396,1.2652038456349495,1.2683385993518281,1101.7669230248923
2025-01-06 01:45:00+00:00,1.2683385993518281,1.272133183997682,1.2621668532988775,1.2659614379447313,752.0647279762998
2025-01-06 01:50:00+00:00,1.2659614379447313,1.2678599750576656,1.2618104892508337,1.263709026363768,837.6812547044142
2025-01-06 01:55:00+00:00,1.263709026363768,1.265225397863682,1.2577415088827206,1.2592578803826346,1246.0155429301185
2025-01-06 02:00:00+00:00,1.2592578803826346,1.2634408751989854,1.2509081344452213,1.255091129261572,855.0682896616532
2025-01-06 02:05:00+00:00,1.255091129261572,1.2570955759600682,1.2482838601376447,1.2502883068361408,1017.3814944094387
2025-01-06 02:10:00+00:00,1.2502883068361408,1.2518605931537738,1.2457883839089474,1.2473606702265805,1455.1246183951766
2025-01-06 02:15:00+00:00,1.2473606702265805,1.2511056151454902,1.2422755738255158,1.2460205187444255,1315.3462542494005
2025-01-06 02:20:00+00:00,1.2460205187444255,1.2475265592447788,1.2420650425797914,1.2435710830801447,1272.9251508430275
2025-01-06 02:25:00+00:00,1.2435710830801447,1.245201266679659,1.2388627970043462,1.2404929806038605,1738.4197603943646
2025-01-06 02:30:00+00:00,1.2404929806038605,1.243075248731971,1.2332072621061227,1.2357895302342332,1964.5550954776838
2025-01-06 02:35:00+00:00,1.2357895302342332,1.2369007500590317,1.2323199922859829,1.2334312121107813,2343.713033207324
2025-01-06 02:40:00+00:00,1.2334312121107813,1.2352905371361422,1.228241695654939,1.2301010206802998,2333.619143665119
2025-01-06 02:45:00+00:00,1.2301010206802998,1.2346926120274102,1.2197778607382945,1.224369452085405,2859.6996068596895
2025-01-06 02:50:00+00:00,1.224369452085405,1.2264942198101128,1.2168313974772353,1.2189561652019432,1288.0402306414662
2025-01-06 02:55:00+00:00,1.2189561652019432,1.2198297805650422,1.2147482340789117,1.2156218494420108,1402.144090891634
2025-01-06 03:00:00+00:00,1.2156218494420108,1.2196083072696453,1.2075470988523118,1.2115335566799463,1553.5356143956642
2025-01-06 03:05:00+00:00,1.2115335566799463,1.2138412051493206,1.2088767165514618,1.211184365020836,1053.5931399085362
2025-01-06 03:10:00+00:00,1.211184365020836,1.2159202740240425,1.2038090607931506,1.208544969796357,844.9822610145392
2025-01-06 03:15:00+00:00,1.208544969796357,1.2121023571342324,1.200858208157871,1.2044155954957463,1355.3080218962434
2025-01-06 03:20:00+00:00,1.2044155954957463,1.2064152993745372,1.1991419642072714,1.2011416680860623,1130.4293262104566
2025-01-06 03:25:00+00:00,1.2011416680860623,1.2054872989584138,1.1965675980632933,1.2009132289356448,1138.1691011847734
2025-01-06 03:30:00+00:00,1.2009132289356448,1.2019029125970244,1.1961108461925076,1.1971005298538873,965.8965536722114
2025-01-06 03:35:00+00:00,1.1971005298538873,1.2012907088964682,1.191619961464442,1.195810140507023,1047.8561701643287
2025-01-06 03:40:00+00:00,1.195810140507023,1.1983170566368595,1.1915983586767047,1.1941052748065413,1953.42321214542
2025-01-06 03:45:00+00:00,1.1941052748065413,1.1970823589392423,1.1909543064257846,1.1939313905584856,687.8662705308128
2025-01-06 03:50:00+00:00,1.1939313905584856,1.1983869015065851,1.1880252596310144,1.1924807705791138,1302.4316989478652
2025-01-06 03:55:00+00:00,1.1924807705791138,1.1969341286376791,1.1853111386261428,1.189764496684708,1178.71920216942
2025-01-06 04:00:00+00:00,1.189764496684708,1.1904448958409435,1.1877532419843293,1.1884336411405647,2323.9148483504687
2025-01-06 04:05:00+00:00,1.1884336411405647,1.1908794088800643,1.1840651899517167,1.1865109576912163,1741.8751911621318
2025-01-06 04:10:00+00:00,1.1865109576912163,1.1909365373626108,1.1815102345372481,1.1859358142086427,1976.0852826045466
2025-01-06 04:15:00+00:00,1.1859358142086427,1.1882869709389392,1.1816017450326555,1.183952901762952,1757.8536494061673
2025-01-06 04:20:00+00:00,1.183952901762952,1.1858963064215602,1.1829720106482644,1.1849154153068726,1842.787372576421
2025-01-06 04:25:00+00:00,1.1849154153068726,1.1892707909977946,1.1786362511244537,1.1829916268153757,1766.18736918119
2025-01-06 04:30:00+00:00,1.1829916268153757,1.1846564880441655,1.1802243095450777,1.1818891707738675,2972.262940448789
2025-01-06 04:35:00+00:00,1.1818891707738675,1.1854167229478259,1.1757667252183586,1.179294277392317,2569.935224131119
2025-01-06 04:40:00+00:00,1.179294277392317,1.1823896212801395,1.1747600415462236,1.177855385434046,2280.459756307904
2025-01-06 04:45:00+00:00,1.177855385434046,1.1810053727527203,1.173176727945437,1.1763267152641113,2197.30458777577
2025-01-06 04:50:00+00:00,1.1763267152641113,1.1809377132696084,1.1704338163144725,1.1750448143199697,1716.7836967980918
2025-01-06 04:55:00+00:00,1.1750448143199697,1.1782169088765555,1.1716581633094056,1.1748302578659915,1362.9697441301055
2025-01-06 05:00:00+00:00,1.1748302578659915,1.179623232901371,1.1720734660093597,1.1768664410447391,2148.1544588768575
2025-01-06 05:05:00+00:00,1.1768664410447391,1.179227110353398,1.1761442704897134,1.1785049397983722,3438.3012502520146
2025-01-06 05:10:00+00:00,1.1785049397983722,1.1850839883978541,1.1763569374973775,1.1829359860968593,3755.5229262963667
2025-01-06 05:15:00+00:00,1.1829359860968593,1.189057853650725,1.1793129734782948,1.1854348410321605,3423.7166165018425
2025-01-06 05:20:00+00:00,1.1854348410321605,1.190864503139605,1.1819891159407319,1.1874187780481764,3840.9864169646116
2025-01-06 05:25:00+00:00,1.1874187780481764,1.194493121892599,1.1849437989871077,1.1920181428315302,3782.03181372353
2025-01-06 05:30:00+00:00,1.1920181428315302,1.1977469304267387,1.1903842976619436,1.1961130852571522,2707.646955946453
2025-01-06 05:35:00+00:00,1.1961130852571522,1.1979479103125432,1.1935026515925946,1.1953374766479856,2833.909452627827
2025-01-06 05:40:00+00:00,1.1953374766479856,1.1987034529881813,1.1944414134862469,1.1978073898264425,1963.4821052351826
2025-01-06 05:45:00+00:00,1.1978073898264425,1.2028662932759737,1.1968947412631703,1.2019536447127015,2259.991042076135
2025-01-06 05:50:00+00:00,1.2019536447127015,1.2098883956441098,1.1982489082971817,1.20618365922859,1943.9111503381923
2025-01-06 05:55:00+00:00,1.20618365922859,1.2116770232670155,1.2029829295495842,1.2084762935880098,2109.8833196059327
2025-01-06 06:00:00+00:00,1.2084762935880098,1.2176559922354764,1.2045899142459584,1.213769612893425,1760.275554529354
2025-01-06 06:05:00+00:00,1.213769612893425,1.2193207118292544,1.2100953149949834,1.2156464139308127,2160.3696793057943
2025-01-06 06:10:00+00:00,1.2156464139308127,1.2224302917589376,1.2115398041262926,1.2183236819544174,1325.3309998953264
2025-01-06 06:15:00+00:00,1.2183236819544174,1.2242008040721029,1.2156309199711148,1.2215080420888003,1053.8161310448702
2025-01-06 06:20:00+00:00,1.2215080420888003,1.2260208345169015,1.2199658583862032,1.2244786508143044,3113.9326421588326
2025-01-06 06:25:00+00:00,1.2244786508143044,1.2300075319757708,1.223086797747088,1.2286156789085545,2039.609219698902
2025-01-06 06:30:00+00:00,1.2286156789085545,1.2350159503495572,1.226647064796176,1.2330473362371788,1971.4441257802237
2025-01-06 06:35:00+00:00,1.2330473362371788,1.2398862021242771,1.2290446048133492,1.2358834707004476,2248.825568023934
2025-01-06 06:40:00+00:00,1.2358834707004476,1.2450705918408096,1.2316325957142038,1.2408197168545658,2042.290990662441
2025-01-06 06:45:00+00:00,1.2408197168545658,1.2447743579751103,1.238680914505826,1.2426355556263704,2398.4379178742406
2025-01-06 06:50:00+00:00,1.2426355556263704,1.248270998024461,1.2394713848318015,1.2451068272298922,1488.5576355878131
2025-01-06 06:55:00+00:00,1.2451068272298922,1.251637756710033,1.2438844175599428,1.2504153470400836,1665.4271716367466
2025-01-06 07:00:00+00:00,1.2504153470400836,1.2582217085727316,1.2454563880579848,1.2532627495906328,2702.3924010328446
2025-01-06 07:05:00+00:00,1.2532627495906328,1.2581823468257305,1.2525967894713002,1.2575163867063979,2097.802988705219
2025-01-06 07:10:00+00:00,1.2575163867063979,1.2629277628593099,1.2540603836117905,1.2594717597647025,1634.6827555946863
2025-01-06 07:15:00+00:00,1.2594717597647025,1.2646576407612415,1.2564344476050289,1.261620328601568,1394.7036818452907
2025-01-06 07:20:00+00:00,1.261620328601568,1.2659322554333932,1.2596402963573143,1.2639522231891396,3071.46515172929
2025-01-06 07:25:00+00:00,1.2639522231891396,1.2709688289296626,1.2596295215770021,1.2666461273175251,2543.13110584329
2025-01-06 07:30:00+00:00,1.2666461273175251,1.2692024803238895,1.2659545852213598,1.2685109382277242,2263.595562531865
2025-01-06 07:35:00+00:00,1.2685109382277242,1.2738688076175069,1.2654963223711924,1.270854191760975,1362.3321631606343
2025-01-06 07:40:00+00:00,1.270854191760975,1.2777520969753149,1.2672335796940886,1.2741314849084284,3678.589986674521
2025-01-06 07:45:00+00:00,1.2741314849084284,1.2821210403147876,1.2701821983459762,1.2781717537523354,3219.2835199419233
2025-01-06 07:50:00+00:00,1.2781717537523354,1.2838432817551948,1.2748134712342052,1.2804849992370646,2663.004297390198
2025-01-06 07:55:00+00:00,1.2804849992370646,1.2873616386780076,1.27669130353768,1.2835679429786229,3720.392198976167
2025-01-06 08:00:00+00:00,1.2835679429786229,1.2913025012837105,1.2792677205486263,1.2870022788537139,3879.6759090388828
2025-01-06 08:05:00+00:00,1.2870022788537139,1.2906349815026825,1.2836943348868561,1.2873270375358248,7271.990678571455
2025-01-06 08:10:00+00:00,1.2873270375358248,1.2902423639310858,1.283916743811835,1.2868320702070961,1393.8043357578488
2025-01-06 08:15:00+00:00,1.2868320702070961,1.2924754771437925,1.2855462717149122,1.2911896786516086,2504.1723250849454
2025-01-06 08:20:00+00:00,1.2911896786516086,1.2974395291164045,1.2888004388725232,1.295050289337319,2125.801866997744
2025-01-06 08:25:00+00:00,1.295050289337319,1.3012899605579344,1.2906777287196773,1.2969173999402928,2330.8701575209616
2025-01-06 08:30:00+00:00,1.2969173999402928,1.3019840672059975,1.2941293222169572,1.299195989482662,2022.008064700773
2025-01-06 08:35:00+00:00,1.299195989482662,1.3019194379991277,1.2967038692493313,1.2994273177657971,2499.2492199753865
2025-01-06 08:40:00+00:00,1.2994273177657971,1.3014871920816762,1.2968743927921849,1.298934267108064,1909.9071911223639
2025-01-06 08:45:00+00:00,1.298934267108064,1.303650438651427,1.296325342991006,1.301041514534369,2622.4614318200706
2025-01-06 08:50:00+00:00,1.301041514534369,1.30461078243214,1.296749906147859,1.30031917404563,2352.2275970464393
2025-01-06 08:55:00+00:00,1.30031917404563,1.3070129037550324,1.2966033695623402,1.3032970992717428,1541.761081379115
2025-01-06 09:00:00+00:00,1.3032970992717428,1.3056113574909065,1.3014607396125024,1.3037749978316662,1861.4285089332275
2025-01-06 09:05:00+00:00,1.3037749978316662,1.3100454694454444,1.2994752126267308,1.305745684240509,3096.4571805140977
2025-01-06 09:10:00+00:00,1.305745684240509,1.3109828545421625,1.3050363889277492,1.3102735592294026,3031.7350996233163
2025-01-06 09:15:00+00:00,1.3102735592294026,1.3168617074178135,1.308144556075451,1.314732704263862,1591.0148061004554
2025-01-06 09:20:00+00:00,1.314732704263862,1.3169395584256816,1.3135970619010042,1.3158039160628239,2146.8493197544094
2025-01-06 09:25:00+00:00,1.3158039160628239,1.322740051512403,1.3120462980801277,1.318982433529707,3001.4506153794214
2025-01-06 09:30:00+00:00,1.318982433529707,1.322000231640438,1.3158456330110828,1.318863431121814,2240.72355815004
2025-01-06 09:35:00+00:00,1.318863431121814,1.3240606020349892,1.3142567507548684,1.3194539216680436,1683.4954503320112
2025-01-06 09:40:00+00:00,1.3194539216680436,1.3263717684041325,1.314647491331225,1.3215653380673138,2328.460800653889
2025-01-06 09:45:00+00:00,1.3215653380673138,1.3299465480153176,1.3169244513634584,1.3253056613114622,2062.8097827661845
2025-01-06 09:50:00+00:00,1.3253056613114622,1.3299498710841986,1.3213254346235943,1.3259696443963307,1302.038081919092
2025-01-06 09:55:00+00:00,1.3259696443963307,1.3336490501160687,1.3207502210518298,1.3284296267715678,2237.5785921123115
2025-01-06 10:00:00+00:00,1.3284296267715678,1.3323659280249454,1.3262895870050382,1.3302258882584157,2072.874136106583
2025-01-06 10:05:00+00:00,1.3302258882584157,1.3336408826815063,1.3264747081885184,1.329889702611609,2331.1546894271837
2025-01-06 10:10:00+00:00,1.329889702611609,1.332392453132092,1.3288842152683658,1.3313869657888489,3118.677445140782
2025-01-06 10:15:00+00:00,1.3313869657888489,1.3400556771021053,1.3268638883522097,1.3355325996654661,3124.9918181253393
2025-01-06 10:20:00+00:00,1.3355325996654661,1.3388178313910268,1.3339075676592385,1.3371927993847992,6490.817330869491
2025-01-06 10:25:00+00:00,1.3371927993847992,1.3439711986307612,1.333077974209249,1.339856373455211,6619.705821279445
2025-01-06 10:30:00+00:00,1.339856373455211,1.3473748653915956,1.3355844170137428,1.3431029089501274,3431.1573808644685
2025-01-06 10:35:00+00:00,1.3431029089501274,1.3472056650547575,1.3397949144943437,1.3438976705989738,3351.1055396741476
2025-01-06 10:40:00+00:00,1.3438976705989738,1.3514270294544606,1.3403879636155307,1.3479173224710175,4786.5278773126265
2025-01-06 10:45:00+00:00,1.3479173224710175,1.35763800822911,1.3427295890376276,1.35245027479572,4353.249292673196
2025-01-06 10:50:00+00:00,1.35245027479572,1.3602191741525564,1.3494458474115967,1.357214746768433,2219.3420842470105
2025-01-06 10:55:00+00:00,1.357214746768433,1.3637720260662303,1.3550413446306286,1.361598623928426,1765.046844255921
2025-01-06 11:00:00+00:00,1.361598623928426,1.3665817088588723,1.3581798157654907,1.3631629006959372,2301.9017528890777
2025-01-06 11:05:00+00:00,1.3631629006959372,1.3690827983772762,1.358678799813435,1.3645986974947741,2969.165297460524
2025-01-06 11:10:00+00:00,1.3645986974947741,1.3698039045385653,1.3605725753625633,1.3657777824063544,1925.8919904149514
2025-01-06 11:15:00+00:00,1.3657777824063544,1.3675525161047664,1.365052076558577,1.366826810256989,1934.8926112155564
2025-01-06 11:20:00+00:00,1.366826810256989,1.3716075347750534,1.3633465905444844,1.3681273150625488,1741.8790784856722
2025-01-06 11:25:00+00:00,1.3681273150625488,1.373994680636238,1.3665589730387622,1.3724263386124513,1176.922097166601
2025-01-06 11:30:00+00:00,1.3724263386124513,1.3805096610613494,1.3694977099944678,1.377581032443366,1874.0273499412915
2025-01-06 11:35:00+00:00,1.377581032443366,1.3846741552197233,1.3722544148555538,1.379347537631911,1873.3320142266227
2025-01-06 11:40:00+00:00,1.379347537631911,1.3885715440854425,1.3743561647566485,1.3835801712101798,2110.893200782215
2025-01-06 11:45:00+00:00,1.3835801712101798,1.3865625187677453,1.3814640395351916,1.384446387092757,1659.9706231802675
2025-01-06 11:50:00+00:00,1.384446387092757,1.389066185197786,1.3823104294751702,1.3869302275801991,2810.313253232306
2025-01-06 11:55:00+00:00,1.3869302275801991,1.391304916921957,1.383988776072571,1.3883634654143289,2579.528936860086
2025-01-06 12:00:00+00:00,1.3883634654143289,1.3914791834129152,1.385685876855394,1.3888015948539802,3200.4710137630113
2025-01-06 12:05:00+00:00,1.3888015948539802,1.3953470687757696,1.3855448368428915,1.392090310764681,1007.2602979681237
2025-01-06 12:10:00+00:00,1.392090310764681,1.399552146133005,1.3880137152934953,1.3954755506618193,1719.4496608998475
2025-01-06 12:15:00+00:00,1.3954755506618193,1.4035908396363779,1.3899857593481053,1.398101048322664,2357.540236651152
2025-01-06 12:20:00+00:00,1.398101048322664,1.4029112210920351,1.3957680503178067,1.400578223087178,2232.5034354990285
2025-01-06 12:25:00+00:00,1.400578223087178,1.4030622763211142,1.3998358903294787,1.402319943563415,2208.06731702808
2025-01-06 12:30:00+00:00,1.402319943563415,1.407938047056655,1.3999125750775048,1.4055306785707447,1990.1073943131485
2025-01-06 12:35:00+00:00,1.4055306785707447,1.410875812990396,1.4026427542861077,1.407987888705759,2613.0985791680832
2025-01-06 12:40:00+00:00,1.407987888705759,1.4151100854775152,1.4047715275987913,1.4118937243705474,1843.6839757882447
2025-01-06 12:45:00+00:00,1.4118937243705474,1.4147820707423775,1.410491320394944,1.4133796667667742,1918.2234767698885
2025-01-06 12:50:00+00:00,1.4133796667667742,1.4182388653430928,1.4124509685044933,1.417310167080812,3771.329794064064
2025-01-06 12:55:00+00:00,1.417310167080812,1.4248380900873325,1.4142162382454262,1.4217441612519468,1875.5832984031351
2025-01-06 13:00:00+00:00,1.4217441612519468,1.4318705551912625,1.4173197791252585,1.4274461730645742,5665.271570444602
2025-01-06 13:05:00+00:00,1.4274461730645742,1.4374172484430412,1.4228692356237824,1.4328403110022494,4621.244989765963
2025-01-06 13:10:00+00:00,1.4328403110022494,1.4376195122681297,1.4319884859526624,1.4367676872185426,5423.736114884887
2025-01-06 13:15:00+00:00,1.4367676872185426,1.442929021799219,1.4330263344110257,1.439187668991702,4490.307823592361
2025-01-06 13:20:00+00:00,1.439187668991702,1.4428312201367064,1.4359712612402844,1.4396148123852888,5668.709445239681
2025-01-06 13:25:00+00:00,1.4396148123852888,1.44562717760597,1.437156444756048,1.4431688099767292,5996.63443579603
2025-01-06 13:30:00+00:00,1.4431688099767292,1.4530272869018388,1.4393110724344096,1.4491695493595191,1959.0286515384823
2025-01-06 13:35:00+00:00,1.4491695493595191,1.4571614154060049,1.447599090982547,1.4555909570290326,1782.5396886843102
2025-01-06 13:40:00+00:00,1.4555909570290326,1.4611170955893884,1.4491387457076332,1.454664884267989,1735.775535501047
2025-01-06 13:45:00+00:00,1.454664884267989,1.4603251958393706,1.4511509836224548,1.4568112951938363,1617.5642743777826
2025-01-06 13:50:00+00:00,1.4568112951938363,1.4607800522991676,1.455657226463255,1.4596259835685863,2953.4137995765323
2025-01-06 13:55:00+00:00,1.4596259835685863,1.4622850387310466,1.4585282205499215,1.4611872757123818,3205.129810323245
2025-01-06 14:00:00+00:00,1.4611872757123818,1.4670929872099892,1.458944962379725,1.4648506738773324,1277.870838852244
2025-01-06 14:05:00+00:00,1.4648506738773324,1.4701017631487217,1.46295543455893,1.4682065238303192,1654.0245470921243
2025-01-06 14:10:00+00:00,1.4682065238303192,1.4744014718234013,1.4643353002655286,1.4705302482586107,2093.6607187435397
2025-01-06 14:15:00+00:00,1.4705302482586107,1.477369609364039,1.4668050326815467,1.473644393786975,2534.5131835975753
2025-01-06 14:20:00+00:00,1.473644393786975,1.4775046797461917,1.4700865165075554,1.4739468024667721,1497.272889459291
2025-01-06 14:25:00+00:00,1.4739468024667721,1.4800709467617297,1.469154234193434,1.4752783784883916,1758.6657333844507
2025-01-06 14:30:00+00:00,1.4752783784883916,1.4779642968056308,1.473989076540139,1.4766749948573783,2088.2277360178196
2025-01-06 14:35:00+00:00,1.4766749948573783,1.486717950758635,1.471138650526217,1.4811816064274737,2510.8324452662373
2025-01-06 14:40:00+00:00,1.4811816064274737,1.4841410555374162,1.478179946431903,1.4811393955418455,1611.770541977518
2025-01-06 14:45:00+00:00,1.4811393955418455,1.4845548004471552,1.4801207812273232,1.4835361861326328,2604.974357403953
2025-01-06 14:50:00+00:00,1.4835361861326328,1.4888430194220044,1.4823218740304644,1.487628707319836,1618.3349222803922
2025-01-06 14:55:00+00:00,1.487628707319836,1.4951440095019553,1.4826544646516608,1.49016976683378,2542.8699199545426
2025-01-06 15:00:00+00:00,1.49016976683378,1.4964989946915335,1.4878609262828888,1.4941901541406422,1717.0572037725035
2025-01-06 15:05:00+00:00,1.4941901541406422,1.4986780454656152,1.4910313366394303,1.4955192279644034,1843.1497956422552
2025-01-06 15:10:00+00:00,1.4955192279644034,1.500064691027744,1.4941851298988724,1.498730592962213,2447.8398342903747
2025-01-06 15:15:00+00:00,1.498730592962213,1.5072592160696527,1.494192657501422,1.5027212806088617,2230.600074544495
2025-01-06 15:20:00+00:00,1.5027212806088617,1.51031087350567,1.5014653070675192,1.5090548999643276,2424.7833395662788
2025-01-06 15:25:00+00:00,1.5090548999643276,1.5180929873131288,1.5035763547296115,1.5126144420784127,1934.6214164442706
2025-01-06 15:30:00+00:00,1.5126144420784127,1.5187341301906108,1.5112713796624484,1.5173910677746465,1880.887843574385
2025-01-06 15:35:00+00:00,1.5173910677746465,1.5247209822855046,1.5122072608753752,1.5195371753862332,2739.6945913979034
2025-01-06 15:40:00+00:00,1.5195371753862332,1.524835319194796,1.5164878431789879,1.5217859869875507,7104.0873000326455
2025-01-06 15:45:00+00:00,1.5217859869875507,1.5295446433408941,1.5189137840768727,1.526672440430216,4927.581146068718
2025-01-06 15:50:00+00:00,1.526672440430216,1.5309994425871571,1.5253860246998225,1.5297130268567636,4923.71708272707
2025-01-06 15:55:00+00:00,1.5297130268567636,1.5369181295253163,1.5270430953315888,1.5342481980001414,3643.3404173199083
2025-01-06 16:00:00+00:00,1.5342481980001414,1.5431512229670494,1.5285422506606126,1.5374452756275205,7046.947735708648
2025-01-06 16:05:00+00:00,1.5374452756275205,1.5442681848802968,1.5363983373498569,1.5432212466026332,4026.645586097228
2025-01-06 16:10:00+00:00,1.5432212466026332,1.5508123064238732,1.541879105062645,1.5494701648838851,2224.9536485648946
2025-01-06 16:15:00+00:00,1.5494701648838851,1.555653986704475,1.5435361233131444,1.5497199451337342,2833.065005514635
2025-01-06 16:20:00+00:00,1.5497199451337342,1.560146042457962,1.5445389053026155,1.5549650026268433,990.892055372076
2025-01-06 16:25:00+00:00,1.5549650026268433,1.5633619494663757,1.5491483576951375,1.5575453045346699,1841.294433897293
2025-01-06 16:30:00+00:00,1.5575453045346699,1.5659295971918668,1.5518123266536072,1.5601966193108041,1419.2036279123765
2025-01-06 16:35:00+00:00,1.5601966193108041,1.5678511855124535,1.5540801388110315,1.5617347050126809,1782.8663029405798
2025-01-06 16:40:00+00:00,1.5617347050126809,1.5675948019097015,1.5589773569629886,1.5648374538600092,1995.515436475811
2025-01-06 16:45:00+00:00,1.5648374538600092,1.5701292701356915,1.5592190208138688,1.564510837089551,1377.3392416934541
2025-01-06 16:50:00+00:00,1.564510837089551,1.5675324957527255,1.5618938435563254,1.5649155022194998,2642.7631063814574
2025-01-06 16:55:00+00:00,1.5649155022194998,1.5694139793882642,1.5607661152678445,1.5652645924366089,3606.762896723629
2025-01-06 17:00:00+00:00,1.5652645924366089,1.568452480728467,1.5644275308028952,1.5676154190947533,1843.564101871736
2025-01-06 17:05:00+00:00,1.5676154190947533,1.5735769011043494,1.5652248130274344,1.5711862950370306,1984.6672894895328
2025-01-06 17:10:00+00:00,1.5711862950370306,1.5770145898846728,1.5686199594062464,1.5744482542538887,3063.7862781883314
2025-01-06 17:15:00+00:00,1.5744482542538887,1.579701603569211,1.5718031828587447,1.577056532174067,2197.7295179575553
2025-01-06 17:20:00+00:00,1.577056532174067,1.57947422480617,1.5754721066243242,1.5778897992564271,1503.867286261429
2025-01-06 17:25:00+00:00,1.5778897992564271,1.5787564911869754,1.5756928879248133,1.5765595798553615,2300.62243701315
2025-01-06 17:30:00+00:00,1.5765595798553615,1.5814224167518705,1.5745133023981361,1.579376139294645,1699.5546613023162
2025-01-06 17:35:00+00:00,1.579376139294645,1.582664607430064,1.5784745854629225,1.5817630535983416,2766.3003049100435
2025-01-06 17:40:00+00:00,1.5817630535983416,1.5865199920734083,1.5798575340940928,1.5846144725691595,1684.1575291924073
2025-01-06 17:45:00+00:00,1.5846144725691595,1.5939159502361684,1.5802719666632685,1.5895734443302774,2868.3633152631783
2025-01-06 17:50:00+00:00,1.5895734443302774,1.5955148090289815,1.5855957257221147,1.5915370904208188,1446.0883747696055
2025-01-06 17:55:00+00:00,1.5915370904208188,1.5981094567622782,1.5869620246202745,1.5935343909617339,1890.6549510029383
2025-01-06 18:00:00+00:00,1.5935343909617339,1.5980568336091954,1.587040953645125,1.5915633962925866,1168.7583674283662
2025-01-06 18:05:00+00:00,1.5915633962925866,1.5962721227937104,1.5904542276958573,1.5951629541969812,3801.9937183275833
2025-01-06 18:10:00+00:00,1.5951629541969812,1.6014654605424188,1.5913783751820794,1.597680881527517,2012.0134063233872
2025-01-06 18:15:00+00:00,1.597680881527517,1.601961403668679,1.5946753305922767,1.5989558527334387,1844.178668120288
2025-01-06 18:20:00+00:00,1.5989558527334387,1.6054267180364419,1.5960016237090022,1.6024724890120055,4875.086957946381
2025-01-06 18:25:00+00:00,1.6024724890120055,1.606025070798969,1.5997709821186947,1.6033235639056582,4557.198923191044
2025-01-06 18:30:00+00:00,1.6033235639056582,1.6082858375150604,1.600260596008213,1.6052228696176152,4961.0550125248765
2025-01-06 18:35:00+00:00,1.6052228696176152,1.6174272701444885,1.5998379855359894,1.6120423860628628,7836.697058756124
2025-01-06 18:40:00+00:00,1.6120423860628628,1.6185812079804869,1.6100822615062642,1.6166210834238883,6642.121365841904
2025-01-06 18:45:00+00:00,1.6166210834238883,1.62624501212131,1.612007133745516,1.6216310624429375,1785.4262636938947
2025-01-06 18:50:00+00:00,1.6216310624429375,1.62973007027701,1.61829094635924,1.6263899541933124,2171.5109803566156
2025-01-06 18:55:00+00:00,1.6263899541933124,1.6354022923200713,1.6220193963219713,1.6310317344487302,1957.7145956062463
2025-01-06 19:00:00+00:00,1.6310317344487302,1.6378088405971079,1.6281038633199914,1.634880969468369,2270.743624924185
2025-01-06 19:05:00+00:00,1.634880969468369,1.6486528245950072,1.6291590421223336,1.6429308972489718,1537.683035888943
2025-01-06 19:10:00+00:00,1.6429308972489718,1.6509794604615704,1.6383746275899653,1.646423190802564,1818.4528691431067
2025-01-06 19:15:00+00:00,1.646423190802564,1.6551083757631269,1.6429076652911787,1.6515928502517416,1353.9074232506928
2025-01-06 19:20:00+00:00,1.6515928502517416,1.6558339915594342,1.6507054644871384,1.654946605794831,2295.391949828317
2025-01-06 19:25:00+00:00,1.654946605794831,1.6591341247873703,1.6539153889229126,1.658102907915452,1685.7793364109932
2025-01-06 19:30:00+00:00,1.658102907915452,1.660158118033805,1.6551107428381542,1.6571659529565073,2696.760164213703
2025-01-06 19:35:00+00:00,1.6571659529565073,1.6623552859806463,1.652113599545395,1.657302932569534,2084.194299537379
2025-01-06 19:40:00+00:00,1.657302932569534,1.6668614028620576,1.6548472989384395,1.664405769230963,1390.8134865811664
2025-01-06 19:45:00+00:00,1.664405769230963,1.6765941709344154,1.6592731473978088,1.6714615491012612,3098.0320532899605
2025-01-06 19:50:00+00:00,1.6714615491012612,1.6774536944035523,1.6687165610891113,1.6747087063914023,1189.9298665860795
2025-01-06 19:55:00+00:00,1.6747087063914023,1.6832562327864107,1.6702598217923774,1.6788073481873858,4162.0690271603435
2025-01-06 20:00:00+00:00,1.6788073481873858,1.6860292078038528,1.6770224706496204,1.6842443302660874,3107.9194655337424
2025-01-06 20:05:00+00:00,1.6842443302660874,1.688208078708727,1.6824985821214296,1.6864623305640691,3068.494989532837
2025-01-06 20:10:00+00:00,1.6864623305640691,1.7009356481765938,1.679833369042935,1.6943066866554597,3161.3954395516
2025-01-06 20:15:00+00:00,1.6943066866554597,1.7013001521233018,1.6894719968061087,1.6964654622739508,2743.8235056310305
2025-01-06 20:20:00+00:00,1.6964654622739508,1.7010746148533744,1.6946707919310113,1.699279944510435,1967.1816606983782
2025-01-06 20:25:00+00:00,1.699279944510435,1.7019258636016197,1.6952803773279284,1.697926296419113,1679.0549344607714
2025-01-06 20:30:00+00:00,1.697926296419113,1.706847108969869,1.696374265862798,1.7052950784135539,2079.0582545920565
2025-01-06 20:35:00+00:00,1.7052950784135539,1.7117576528885126,1.7032249341742636,1.7096875086492223,1069.3871551802558
2025-01-06 20:40:00+00:00,1.7096875086492223,1.7227981211079668,1.704179723548888,1.7172903360076326,2226.1495193015453
2025-01-06 20:45:00+00:00,1.7172903360076326,1.721980017171914,1.7147832816336963,1.7194729627979777,1964.3937836671853
2025-01-06 20:50:00+00:00,1.7194729627979777,1.7306191189955642,1.7132486608133792,1.7243948170109658,2114.2355685970656
2025-01-06 20:55:00+00:00,1.7243948170109658,1.7296390799283217,1.7234995097725005,1.7287437726898565,1770.1221185502861
2025-01-06 21:00:00+00:00,1.7287437726898565,1.738035544657599,1.7240248049480817,1.7333165769158243,3001.851888192014
2025-01-06 21:05:00+00:00,1.7333165769158243,1.7441556898409065,1.7309275798163828,1.741766692741465,4466.648397454193
2025-01-06 21:10:00+00:00,1.741766692741465,1.7569216471791678,1.7354482236219109,1.7506031780596136,3914.1461550429053
2025-01-06 21:15:00+00:00,1.7506031780596136,1.760565413004802,1.7475887388185412,1.7575509737637296,3924.503185968849
2025-01-06 21:20:00+00:00,1.7575509737637296,1.763494910365678,1.7547505338904548,1.7606944704924032,4418.362503898004
2025-01-06 21:25:00+00:00,1.7606944704924032,1.769688458315502,1.757521102364202,1.7665150901873006,2463.5087373169663
2025-01-06 21:30:00+00:00,1.7665150901873006,1.7747212427911159,1.7650360668131726,1.773242219416988,1534.7223540879852
2025-01-06 21:35:00+00:00,1.773242219416988,1.7847685160499434,1.7667099946987108,1.7782362913316663,809.2846560068731
2025-01-06 21:40:00+00:00,1.7782362913316663,1.789845276662008,1.7715782692984239,1.7831872546287657,1151.908343653368
2025-01-06 21:45:00+00:00,1.7831872546287657,1.793203806313488,1.7778636839325062,1.7878802356172285,664.6661399692942
2025-01-06 21:50:00+00:00,1.7878802356172285,1.7936758207478942,1.7837304374314304,1.7895260225620961,813.5282313168012
2025-01-06 21:55:00+00:00,1.7895260225620961,1.7969711003856115,1.786106031972217,1.7935511097957324,821.9206679818614
2025-01-06 22:00:00+00:00,1.7935511097957324,1.8044488600122013,1.7895303829378693,1.8004281331543381,1021.5676058581415
2025-01-06 22:05:00+00:00,1.8004281331543381,1.8086961772590027,1.7933437886774992,1.8016118327821637,1072.79189875314
2025-01-06 22:10:00+00:00,1.8016118327821637,1.809176659259934,1.7974728513070952,1.8050376777848656,1181.2505606895916
2025-01-06 22:15:00+00:00,1.8050376777848656,1.815529468440481,1.7995222764024554,1.8100140670580709,1100.835271580559
2025-01-06 22:20:00+00:00,1.8100140670580709,1.8136835439184078,1.8064591346215022,1.8101286114818391,1060.2688586705806
2025-01-06 22:25:00+00:00,1.8101286114818391,1.81916558912757,1.8037833369879153,1.8128203146336461,767.0908079683328
2025-01-06 22:30:00+00:00,1.8128203146336461,1.8169824267819643,1.8078712946678246,1.8120334068161428,1229.46856575241
2025-01-06 22:35:00+00:00,1.8120334068161428,1.817320636262616,1.80824527309681,1.8135325025432831,845.0114070961052
2025-01-06 22:40:00+00:00,1.8135325025432831,1.8160776887274037,1.8106593002975646,1.8132044864816852,1278.8199299380597
2025-01-06 22:45:00+00:00,1.8132044864816852,1.8169669658533991,1.810143882393511,1.813906361765225,999.109654488026
2025-01-06 22:50:00+00:00,1.813906361765225,1.8174305305571046,1.8118900001260516,1.8154141689179313,1813.5320373107807
2025-01-06 22:55:00+00:00,1.8154141689179313,1.8212993576813568,1.8114271614993813,1.8173123502628068,841.2847793908576
2025-01-06 23:00:00+00:00,1.8173123502628068,1.8263543384318321,1.8102564949722477,1.819298483141273,1235.1096859532636
2025-01-06 23:05:00+00:00,1.819298483141273,1.8252655578476797,1.8104464306510735,1.8164135053574801,1438.2774481770284
2025-01-06 23:10:00+00:00,1.8164135053574801,1.8273938464873154,1.8112050862508844,1.8221854273807196,968.6864550712228
2025-01-06 23:15:00+00:00,1.8221854273807196,1.8290829956135477,1.8169368549935048,1.8238344232263328,1006.8041072910071
2025-01-06 23:20:00+00:00,1.8238344232263328,1.8275504816997235,1.8199187170133913,1.8236347754867819,1681.495760690622
2025-01-06 23:25:00+00:00,1.8236347754867819,1.826887824956134,1.821158481225632,1.8244115306949842,1402.288599896509
2025-01-06 23:30:00+00:00,1.8244115306949842,1.8291574032934867,1.8224596545428013,1.827205527141304,1195.545709918545
2025-01-06 23:35:00+00:00,1.827205527141304,1.8332932206597226,1.8210026958291343,1.827090389347553,2102.388674694933
2025-01-06 23:40:00+00:00,1.827090389347553,1.8345398460947657,1.8207876632482143,1.828237119995427,2112.651948820427
2025-01-06 23:45:00+00:00,1.828237119995427,1.8341160492480224,1.823361517727854,1.8292404469804493,1608.6802076424096
2025-01-06 23:50:00+00:00,1.8292404469804493,1.8359420425407684,1.8257473831067463,1.8324489786670655,3707.2939452974488
2025-01-06 23:55:00+00:00,1.8324489786670655,1.8348127571260338,1.830456146774669,1.8328199252336372,2465.9253048494597
2025-01-07 00:00:00+00:00,1.8328199252336372,1.8368882250099656,1.831768053814723,1.8358363535910514,2864.1286095659425
2025-01-07 00:05:00+00:00,1.8358363535910514,1.8398930419782127,1.834576421179794,1.8386331095669552,1575.4663405872652
2025-01-07 00:10:00+00:00,1.8386331095669552,1.8453561461993793,1.8336244540208004,1.8403474906532244,1361.418147759456
2025-01-07 00:15:00+00:00,1.8403474906532244,1.8485649322070143,1.8369391081472999,1.8451565497010898,1074.0356587321687
2025-01-07 00:20:00+00:00,1.8451565497010898,1.8504688046646443,1.8419835358176828,1.8472957907812373,1591.1123562479308
2025-01-07 00:25:00+00:00,1.8472957907812373,1.852796346251311,1.8413117819246214,1.8468123373946952,699.0071493465458
2025-01-07 00:30:00+00:00,1.8468123373946952,1.856150839057452,1.840300430250336,1.8496389319130928,1550.2778768740802
2025-01-07 00:35:00+00:00,1.8496389319130928,1.8569629479123444,1.8448017779188408,1.8521257939180924,1270.0924259280778
2025-01-07 00:40:00+00:00,1.8521257939180924,1.8601081839763636,1.8463192658468965,1.8543016559051677,1099.9204462281748
2025-01-07 00:45:00+00:00,1.8543016559051677,1.8622322259763255,1.8492129345844597,1.8571435046556175,1332.4263175774631
2025-01-07 00:50:00+00:00,1.8571435046556175,1.8689404695837932,1.8529853970962191,1.8647823620243948,1498.447401588128
2025-01-07 00:55:00+00:00,1.8647823620243948,1.8714761653458987,1.8610763355225566,1.8677701388440604,947.2239472631666
2025-01-07 01:00:00+00:00,1.8677701388440604,1.8735663825002824,1.8655408344576572,1.8713370781138792,1215.0793172727426
2025-01-07 01:05:00+00:00,1.8713370781138792,1.8806033838516518,1.864135877270008,1.8734021830077807,1026.3346702151132
2025-01-07 01:10:00+00:00,1.8734021830077807,1.8853003215485904,1.8671577597353526,1.8790558982761623,1096.9065611584197
2025-01-07 01:15:00+00:00,1.8790558982761623,1.8862061291020304,1.8745702766138959,1.881720507439764,1397.255440042786
2025-01-07 01:20:00+00:00,1.881720507439764,1.8886072306691357,1.8759030333096796,1.8827897565390512,1015.6772173926141
2025-01-07 01:25:00+00:00,1.8827897565390512,1.8860419336350562,1.8797456175008527,1.8829977945968577,870.9383532328864
2025-01-07 01:30:00+00:00,1.8829977945968577,1.8920648326923253,1.8781880840172867,1.8872551221127543,1052.2914358840317
2025-01-07 01:35:00+00:00,1.8872551221127543,1.8976934201596105,1.8816696329544769,1.8921079310013331,1690.2670383164966
2025-01-07 01:40:00+00:00,1.8921079310013331,1.894130724936282,1.8897416822862194,1.8917644762211683,1591.7298494173392
2025-01-07 01:45:00+00:00,1.8917644762211683,1.8992619004851716,1.8859825408054258,1.8934799650694292,1390.466239395606
2025-01-07 01:50:00+00:00,1.8934799650694292,1.8953074330496231,1.8897501249360804,1.8915775929162744,1697.128152501171
2025-01-07 01:55:00+00:00,1.8915775929162744,1.894758730483278,1.8874656749294991,1.8906468124965028,1088.0967496573865
2025-01-07 02:00:00+00:00,1.8906468124965028,1.8950201671351188,1.8801191441711347,1.8844924988097507,967.3187800386389
2025-01-07 02:05:00+00:00,1.8844924988097507,1.8879976945880623,1.8770033261333205,1.8805085219116322,923.4333126363316
2025-01-07 02:10:00+00:00,1.8805085219116322,1.8828902398759149,1.877037294867494,1.8794190128317767,1256.9588658256407
2025-01-07 02:15:00+00:00,1.8794190128317767,1.8840749433234558,1.8706845304472477,1.8753404609389268,2812.354867133117
2025-01-07 02:20:00+00:00,1.8753404609389268,1.876352124118681,1.8705313175271063,1.8715429807068604,1833.4890409913887
2025-01-07 02:25:00+00:00,1.8715429807068604,1.8736537049415112,1.8655228833727624,1.8676336076074131,4634.375987011439
2025-01-07 02:30:00+00:00,1.8676336076074131,1.868830024512797,1.860901263162667,1.8620976800680507,3068.2841689841225
2025-01-07 02:35:00+00:00,1.8620976800680507,1.8634963874201882,1.8582722592762353,1.8596709666283728,1671.0534472344782
2025-01-07 02:40:00+00:00,1.8596709666283728,1.8639095900687765,1.853653123396878,1.8578917468372818,1554.4981528392334
2025-01-07 02:45:00+00:00,1.8578917468372818,1.8619438513682642,1.8483305695997636,1.852382674130746,1174.992805071529
2025-01-07 02:50:00+00:00,1.852382674130746,1.857542016996652,1.8451231366038545,1.8502824794697603,1157.894428628777
2025-01-07 02:55:00+00:00,1.8502824794697603,1.8535235889415285,1.8472348533924057,1.8504759628641738,819.735569694122
2025-01-07 03:00:00+00:00,1.8504759628641738,1.8527848859902534,1.8464118145469928,1.8487207376730723,1091.553849061642
2025-01-07 03:05:00+00:00,1.8487207376730723,1.855928838870369,1.8414432846113722,1.8486513858086688,1077.1530512507206
2025-01-07 03:10:00+00:00,1.8486513858086688,1.850866816121095,1.8430874160013195,1.8453028463137457,1044.1688583244088
2025-01-07 03:15:00+00:00,1.8453028463137457,1.852481163059299,1.8390593467909921,1.8462376635365454,1487.3724940334184
2025-01-07 03:20:00+00:00,1.8462376635365454,1.8495800633151196,1.8390845856894777,1.842426985468052,776.8599791243661
2025-01-07 03:25:00+00:00,1.842426985468052,1.8454825475529626,1.8414913452213304,1.844546907306241,1047.0005629289728
2025-01-07 03:30:00+00:00,1.844546907306241,1.8484466975207574,1.8376158749782252,1.8415156651927416,778.1278496290009
2025-01-07 03:35:00+00:00,1.8415156651927416,1.8466993455534797,1.832716629143376,1.8379003095041142,1099.356853268248
2025-01-07 03:40:00+00:00,1.8379003095041142,1.8443545795034615,1.827453506563516,1.8339077765628633,1133.0536062164447
2025-01-07 03:45:00+00:00,1.8339077765628633,1.8371591665992208,1.827719255540947,1.8309706455773045,1887.0353700576388
2025-01-07 03:50:00+00:00,1.8309706455773045,1.834421741394598,1.8243964607621392,1.8278475565794328,845.8216121562808
2025-01-07 03:55:00+00:00,1.8278475565794328,1.8309842683522113,1.8211430770858132,1.8242797888585918,1134.813936435128
2025-01-07 04:00:00+00:00,1.8242797888585918,1.8278573454300597,1.8179013478190225,1.8214789043904904,1033.84173090138
2025-01-07 04:05:00+00:00,1.8214789043904904,1.8246658906082678,1.8176325911283056,1.820819577346083,1096.5209878995768
2025-01-07 04:10:00+00:00,1.820819577346083,1.8249892917930877,1.8164272842122304,1.8205969986592352,898.1530707702416
2025-01-07 04:15:00+00:00,1.8205969986592352,1.823565425527245,1.8146986995433518,1.8176671264113617,791.1005346581906
2025-01-07 04:20:00+00:00,1.8176671264113617,1.8212466979409585,1.8145389442373787,1.8181185157669755,904.945098734727
2025-01-07 04:25:00+00:00,1.8181185157669755,1.8224812139272353,1.8092855905066696,1.8136482886669294,876.5390461693725
2025-01-07 04:30:00+00:00,1.8136482886669294,1.8187736464499145,1.8039367601055154,1.8090621178885005,1373.231304943241
2025-01-07 04:35:00+00:00,1.8090621178885005,1.8148716970247338,1.7983909374703522,1.8042005166065855,1023.8969868930446
2025-01-07 04:40:00+00:00,1.8042005166065855,1.8085743433741013,1.7986533958832531,1.8030272226507689,1554.3854478423764
2025-01-07 04:45:00+00:00,1.8030272226507689,1.8091677255215879,1.7909929441570263,1.7971334470278453,856.7697546994788
2025-01-07 04:50:00+00:00,1.7971334470278453,1.8023875848148767,1.786259363624856,1.7915135014118875,679.718831695104
2025-01-07 04:55:00+00:00,1.7915135014118875,1.796281352268427,1.786805390303818,1.7915732411603573,2038.7614079511154
2025-01-07 05:00:00+00:00,1.7915732411603573,1.794069975220128,1.7899865664010461,1.7924833004608167,2153.1358954472075
2025-01-07 05:05:00+00:00,1.7924833004608167,1.793904590594871,1.7910919838072124,1.7925132739412666,4030.460866525827
2025-01-07 05:10:00+00:00,1.7925132739412666,1.7934605176044078,1.7854205037788822,1.7863677474420234,1780.2170686941051
2025-01-07 05:15:00+00:00,1.7863677474420234,1.7891930582771347,1.7805436168011475,1.7833689276362588,2934.8931709814697
2025-01-07 05:20:00+00:00,1.7833689276362588,1.787302551097195,1.7781045713843298,1.782038194845266,2180.578452098007
2025-01-07 05:25:00+00:00,1.782038194845266,1.7842847430090287,1.7768017814720773,1.7790483296358401,919.2622692316817
2025-01-07 05:30:00+00:00,1.7790483296358401,1.7834749016647997,1.7678965482859097,1.7723231203148693,1378.8142682384655
2025-01-07 05:35:00+00:00,1.7723231203148693,1.7736907085707139,1.766871764418387,1.7682393526742315,928.4529723590335
2025-01-07 05:40:00+00:00,1.7682393526742315,1.7721244486327048,1.7573233314299954,1.7612084273884687,1757.4151548096854
2025-01-07 05:45:00+00:00,1.7612084273884687,1.7635736932564041,1.7527349652657729,1.7551002311337083,1290.7069813351154
2025-01-07 05:50:00+00:00,1.7551002311337083,1.7589583096441965,1.7521890522681733,1.7560471307786616,1343.3910029641224
2025-01-07 05:55:00+00:00,1.7560471307786616,1.7618111254302529,1.7480452316653847,1.753809226316976,1039.34691981824
2025-01-07 06:00:00+00:00,1.753809226316976,1.7548136364026043,1.7459837194406538,1.7469881295262821,1220.980398021329
2025-01-07 06:05:00+00:00,1.7469881295262821,1.7522851953214824,1.7347506015476928,1.740047667342893,1416.7897226384287
2025-01-07 06:10:00+00:00,1.740047667342893,1.7427246920964037,1.7344597024838877,1.7371367272373983,907.5581014255197
2025-01-07 06:15:00+00:00,1.7371367272373983,1.7435718559612665,1.7255098593704692,1.7319449880943374,1079.9836963920868
2025-01-07 06:20:00+00:00,1.7319449880943374,1.7349391205168287,1.7261708882264604,1.7291650206489517,876.0121882940132
2025-01-07 06:25:00+00:00,1.7291650206489517,1.734396618544823,1.7185621193132565,1.7237937172091278,1011.9725626438781
2025-01-07 06:30:00+00:00,1.7237937172091278,1.7264405609391735,1.7166595777581992,1.719306421488245,1146.7355888256716
2025-01-07 06:35:00+00:00,1.719306421488245,1.723155428044007,1.711834034356665,1.7156830409124268,678.7772525143703
2025-01-07 06:40:00+00:00,1.7156830409124268,1.7196548664326357,1.7054400871895863,1.709411912709795,1100.2182346675586
2025-01-07 06:45:00+00:00,1.709411912709795,1.7119424679295385,1.698780946822069,1.7013115020418124,930.4136562572419
2025-01-07 06:50:00+00:00,1.7013115020418124,1.704724264906856,1.6912785023184915,1.694691265183535,1340.7672545763899
2025-01-07 06:55:00+00:00,1.694691265183535,1.696095714015974,1.687669122853991,1.68907357168643,805.4785399631867
2025-01-07 07:00:00+00:00,1.68907357168643,1.6953617038056847,1.6781624613811321,1.6844505935003868,987.9160182312442
2025-01-07 07:05:00+00:00,1.6844505935003868,1.6891117373061204,1.6754544929456032,1.6801156367513368,1016.512898753302
2025-01-07 07:10:00+00:00,1.6801156367513368,1.6839364462596247,1.6719441879573311,1.675764997465619,1443.28598255063
2025-01-07 07:15:00+00:00,1.675764997465619,1.679019157980428,1.6693338607073833,1.6725880212221922,1083.687034740359
2025-01-07 07:20:00+00:00,1.6725880212221922,1.6734254351485665,1.665765779643716,1.6666031935700902,1613.7083852355267
2025-01-07 07:25:00+00:00,1.6666031935700902,1.6701177252585635,1.6616976782963317,1.665212209984805,1348.461098820047
2025-01-07 07:30:00+00:00,1.665212209984805,1.6670751417835523,1.6631845696583805,1.6650475014571278,855.5828340511162
2025-01-07 07:35:00+00:00,1.6650475014571278,1.6688268685173966,1.6578577405461425,1.6616371076064114,1699.4843884590525
2025-01-07 07:40:00+00:00,1.6616371076064114,1.6665204495981991,1.6530218246040937,1.6579051665958815,2241.9412682229554
2025-01-07 07:45:00+00:00,1.6579051665958815,1.6599484359557939,1.6542739329356888,1.6563172022956012,2757.5562966410075
2025-01-07 07:50:00+00:00,1.6563172022956012,1.6614962904277975,1.6483984831005354,1.6535775712327316,2260.1603089323517
2025-01-07 07:55:00+00:00,1.6535775712327316,1.6569766877131493,1.6465727372521473,1.649971853732565,1807.4001040445926
2025-01-07 08:00:00+00:00,1.649971853732565,1.6518786870136146,1.6438114210771395,1.6457182543581892,1205.9854667711375
2025-01-07 08:05:00+00:00,1.6457182543581892,1.64814676701296,1.6379737065661724,1.640402219220943,988.6210371393067
2025-01-07 08:10:00+00:00,1.640402219220943,1.644553175863585,1.6301640919150338,1.6343150485576756,858.4483758736378
2025-01-07 08:15:00+00:00,1.6343150485576756,1.6384984014253072,1.6277150634972566,1.6318984163648882,1131.2199831951984
2025-01-07 08:20:00+00:00,1.6318984163648882,1.6371846614563512,1.62528439975549,1.630570644846953,1010.3835008853334
2025-01-07 08:25:00+00:00,1.630570644846953,1.6346824328193872,1.6208162246655258,1.62492801263796,704.6603761898383
2025-01-07 08:30:00+00:00,1.62492801263796,1.6298429479574978,1.6163746152348293,1.6212895505543672,1023.9738750488492
2025-01-07 08:35:00+00:00,1.6212895505543672,1.6228964270074,1.6166881111192946,1.6182949875723274,1179.2924185124393
2025-01-07 08:40:00+00:00,1.6182949875723274,1.622601871445755,1.6098269580597808,1.6141338419332085,863.1422021264941
2025-01-07 08:45:00+00:00,1.6141338419332085,1.6177487646641018,1.6057963639946535,1.6094112867255468,726.6492273581396
2025-01-07 08:50:00+00:00,1.6094112867255468,1.612129030127378,1.6027731044436782,1.6054908478455094,1245.8370994244385
2025-01-07 08:55:00+00:00,1.6054908478455094,1.608827256613859,1.595293052587259,1.5986294613556087,1376.7468615283392
2025-01-07 09:00:00+00:00,1.5986294613556087,1.6038374958416215,1.5903203731557929,1.5955284076418057,999.7416776254446
2025-01-07 09:05:00+00:00,1.5955284076418057,1.598280009657497,1.5893158416258437,1.592067443641535,1106.1879392820754
2025-01-07 09:10:00+00:00,1.592067443641535,1.5965553291136931,1.5888088028487317,1.5932966883208899,866.1108666493939
2025-01-07 09:15:00+00:00,1.5932966883208899,1.5994177196934145,1.5862282193952648,1.5923492507677894,1065.2524339763477
2025-01-07 09:20:00+00:00,1.5923492507677894,1.5958165324292677,1.5855671261523259,1.5890344078138041,735.5369577677393
2025-01-07 09:25:00+00:00,1.5890344078138041,1.5908623724421929,1.5846177740060607,1.5864457386344495,960.4072742338313
2025-01-07 09:30:00+00:00,1.5864457386344495,1.591393741342948,1.5822688248688865,1.587216827577385,1104.831185849676
2025-01-07 09:35:00+00:00,1.587216827577385,1.5918189233747198,1.583249939689878,1.5878520354872128,890.5157579985867
2025-01-07 09:40:00+00:00,1.5878520354872128,1.5898815606629821,1.5838219868760124,1.5858515120517818,1010.0261788650555
2025-01-07 09:45:00+00:00,1.5858515120517818,1.5867069208585183,1.5824712594168486,1.5833266682235851,1065.8226172270988
2025-01-07 09:50:00+00:00,1.5833266682235851,1.5846818553878055,1.577020062008076,1.5783752491722964,1449.0547776193087
2025-01-07 09:55:00+00:00,1.5783752491722964,1.5828528744766106,1.57113509120838,1.575612716512694,916.9097628349369
2025-01-07 10:00:00+00:00,1.575612716512694,1.5798496660432564,1.5689741599527418,1.5732111094833041,735.2475117376553
2025-01-07 10:05:00+00:00,1.5732111094833041,1.5775606876511006,1.5654487793232812,1.5697983574910777,864.93273131441
2025-01-07 10:10:00+00:00,1.5697983574910777,1.5746299292846164,1.5662522834761543,1.571083855269693,867.7657137099426
2025-01-07 10:15:00+00:00,1.571083855269693,1.5756841350479223,1.561025998811751,1.5656262785899802,2580.4173181261863
2025-01-07 10:20:00+00:00,1.5656262785899802,1.5690749158755608,1.5600394517859357,1.5634880890715164,3164.7601083933528
2025-01-07 10:25:00+00:00,1.5634880890715164,1.565031622362396,1.5608609078760465,1.562404441166926,1680.1024202981257
2025-01-07 10:30:00+00:00,1.562404441166926,1.5634942115329822,1.5603168647633707,1.561406635129427,2360.647856579354
2025-01-07 10:35:00+00:00,1.561406635129427,1.5671108333909263,1.5570714840461917,1.562775682307691,2591.340188957431
2025-01-07 10:40:00+00:00,1.562775682307691,1.5685854777125163,1.5525745257183614,1.5583843211231867,966.330482871212
2025-01-07 10:45:00+00:00,1.5583843211231867,1.5644551304731618,1.5491612567232584,1.5552320660732335,997.0297201023166
2025-01-07 10:50:00+00:00,1.5552320660732335,1.5578007692888665,1.5510995785225539,1.5536682817381868,842.1193715320932
2025-01-07 10:55:00+00:00,1.5536682817381868,1.5558670695818309,1.5499748912549447,1.5521736790985887,1402.8175446004404
2025-01-07 11:00:00+00:00,1.5521736790985887,1.5553677472437366,1.5465190222593383,1.5497130904044862,1220.6897719353676
2025-01-07 11:05:00+00:00,1.5497130904044862,1.5519855758324355,1.5442721178298324,1.5465446032577816,793.4352038975275
2025-01-07 11:10:00+00:00,1.5465446032577816,1.551932763698434,1.5413859638987661,1.5467741243394184,1099.5268833530756
2025-01-07 11:15:00+00:00,1.5467741243394184,1.5489407249766558,1.5408808793409061,1.5430474799781435,750.5002753634658
2025-01-07 11:20:00+00:00,1.5430474799781435,1.5466838023803158,1.5365453091469436,1.540181631549116,1150.7824136727809
2025-01-07 11:25:00+00:00,1.540181631549116,1.542992352122973,1.5381968517162288,1.5410075722900858,1305.4398628373397
2025-01-07 11:30:00+00:00,1.5410075722900858,1.5482945773967876,1.5350599096644402,1.542346914771142,640.1679185960535
2025-01-07 11:35:00+00:00,1.542346914771142,1.54481270572581,1.539584755686085,1.5420505466407533,949.1058624483802
2025-01-07 11:40:00+00:00,1.5420505466407533,1.5458928399250247,1.534665712994396,1.5385080062786674,981.2912033268781
2025-01-07 11:45:00+00:00,1.5385080062786674,1.5420535909884476,1.5313920996135113,1.5349376843232916,1787.4820868582287
2025-01-07 11:50:00+00:00,1.5349376843232916,1.5366766320647547,1.5294984225824495,1.5312373703239126,1210.522408998738
2025-01-07 11:55:00+00:00,1.5312373703239126,1.5360898770023088,1.5222052606920986,1.5270577673704948,1245.1540323577071
2025-01-07 12:00:00+00:00,1.5270577673704948,1.5292655725272037,1.5219347465369204,1.5241425516936293,1018.6439274937451
2025-01-07 12:05:00+00:00,1.5241425516936293,1.5252878679152282,1.5231057778093737,1.5242510940309726,1096.9076240902705
2025-01-07 12:10:00+00:00,1.5242510940309726,1.5274701693833574,1.5191574537875177,1.5223765291399025,1249.9270971321994
2025-01-07 12:15:00+00:00,1.5223765291399025,1.5261580666387091,1.5148693501896084,1.518650887688415,1104.2954738826286
2025-01-07 12:20:00+00:00,1.518650887688415,1.5212467556958553,1.512226741558637,1.5148226095660773,1233.130332034431
2025-01-07 12:25:00+00:00,1.5148226095660773,1.5166689164801184,1.5083634619983617,1.5102097689124028,1029.0356783366415
2025-01-07 12:30:00+00:00,1.5102097689124028,1.5161090594223947,1.5039472639640479,1.5098465544740398,779.6371778338553
2025-01-07 12:35:00+00:00,1.5098465544740398,1.511963321749327,1.501457785135401,1.503574552410688,1141.3177854949463
2025-01-07 12:40:00+00:00,1.503574552410688,1.5054392666583172,1.4995130466911566,1.5013777609387857,1087.3821099548134
2025-01-07 12:45:00+00:00,1.5013777609387857,1.5069013871922206,1.4905049507408241,1.496028576994259,737.6889139232846
2025-01-07 12:50:00+00:00,1.496028576994259,1.5000103441913546,1.4873209199506345,1.4913026871477302,1815.0544494269452
2025-01-07 12:55:00+00:00,1.4913026871477302,1.4961407423815716,1.480912442449949,1.4857504976837903,2029.8329540618172
2025-01-07 13:00:00+00:00,1.4857504976837903,1.4892785547344813,1.480977639844032,1.484505696894723,3348.0607420144634
2025-01-07 13:05:00+00:00,1.484505696894723,1.4899896559287227,1.4758459475632724,1.481329906597272,2714.0448363849164
2025-01-07 13:10:00+00:00,1.481329906597272,1.4887583642067874,1.4756800575033404,1.4831085151128558,3503.6359903455077
2025-01-07 13:15:00+00:00,1.4831085151128558,1.487251111469784,1.4739563470251698,1.478098943382098,1337.4480941703384
2025-01-07 13:20:00+00:00,1.478098943382098,1.4832857546732519,1.4677508807203512,1.4729376920115052,1166.3839069566325
2025-01-07 13:25:00+00:00,1.4729376920115052,1.4750743303508551,1.4685649079991832,1.4707015463385331,1560.3178414388665
2025-01-07 13:30:00+00:00,1.4707015463385331,1.4736991241508335,1.4653610225234137,1.468358600335714,950.0912236766699
2025-01-07 13:35:00+00:00,1.468358600335714,1.4717501990758586,1.4610857570592808,1.4644773557994253,1191.4625839480352
2025-01-07 13:40:00+00:00,1.4644773557994253,1.4678572641239462,1.454127401096975,1.4575073094214959,848.1420321674095
2025-01-07 13:45:00+00:00,1.4575073094214959,1.4584602888123268,1.4556119995877503,1.4565649789785813,1170.8707957157274
2025-01-07 13:50:00+00:00,1.4565649789785813,1.4576626067996776,1.4529497230673776,1.454047350888474,1054.3588767690878
2025-01-07 13:55:00+00:00,1.454047350888474,1.4582907283355808,1.4469531391477102,1.451196516594817,740.9446398677518
2025-01-07 14:00:00+00:00,1.451196516594817,1.4520432872541515,1.4457437284203571,1.4465904990796916,1415.4862250510803
2025-01-07 14:05:00+00:00,1.4465904990796916,1.4490943299939572,1.441600156201973,1.4441039871162384,1087.1088533333777
2025-01-07 14:10:00+00:00,1.4441039871162384,1.4496947748853914,1.4339260415133643,1.4395168292825173,1197.8307803568364
2025-01-07 14:15:00+00:00,1.4395168292825173,1.4407056853409288,1.4347715429767274,1.4359603990351388,704.676558204382
2025-01-07 14:20:00+00:00,1.4359603990351388,1.4399815409074381,1.4279752036876965,1.4319963455599958,1328.055874851772
2025-01-07 14:25:00+00:00,1.4319963455599958,1.434804964680021,1.4277034066251624,1.4305120257451875,931.8688228650361
2025-01-07 14:30:00+00:00,1.4305120257451875,1.4315447672042465,1.4250280832017967,1.4260608246608557,1301.7927299644155
2025-01-07 14:35:00+00:00,1.4260608246608557,1.4271367087409843,1.4207584322782867,1.4218343163584153,819.110156800267
2025-01-07 14:40:00+00:00,1.4218343163584153,1.4241781666158555,1.4177495644989886,1.4200934147564288,1461.304823603846
2025-01-07 14:45:00+00:00,1.4200934147564288,1.4217195870910742,1.4152421459891,1.4168683183237454,998.8501853070236
2025-01-07 14:50:00+00:00,1.4168683183237454,1.4211431975010302,1.4089708085173724,1.4132456876946573,1107.6014083471155
2025-01-07 14:55:00+00:00,1.4132456876946573,1.418056182517269,1.4044652482304951,1.4092757430531069,957.4351100881286
2025-01-07 15:00:00+00:00,1.4092757430531069,1.4132489321951553,1.4033782588467685,1.407351447988817,716.5705891099977
2025-01-07 15:05:00+00:00,1.407351447988817,1.4107550877811834,1.3993556147581312,1.4027592545504977,1036.1861979197447
2025-01-07 15:10:00+00:00,1.4027592545504977,1.4054948662960727,1.3973619829357498,1.4000975946813248,1468.1291825105354
2025-01-07 15:15:00+00:00,1.4000975946813248,1.4011562585214947,1.3990366508284844,1.4000953146686543,1488.1684311620138
2025-01-07 15:20:00+00:00,1.4000953146686543,1.4055541243575627,1.391936947512776,1.3973957572016844,999.1856747881757
2025-01-07 15:25:00+00:00,1.3973957572016844,1.401642762162178,1.3885168543834436,1.3927638593439373,1507.4968726710654
2025-01-07 15:30:00+00:00,1.3927638593439373,1.3943836027136673,1.3858811484863023,1.3875008918560323,2329.727874899085
2025-01-07 15:35:00+00:00,1.3875008918560323,1.3883442780000375,1.3837055258290292,1.3845489119730343,1797.5333574802212
2025-01-07 15:40:00+00:00,1.3845489119730343,1.3853632180173874,1.3785655657742224,1.3793798718185755,2356.08628889883
2025-01-07 15:45:00+00:00,1.3793798718185755,1.382933072961155,1.3701290486933504,1.37368224983593,2438.2529836206127
2025-01-07 15:50:00+00:00,1.37368224983593,1.3786875194337185,1.364433021469601,1.3694382910673895,3120.2745749522414
2025-01-07 15:55:00+00:00,1.3694382910673895,1.3748456221606022,1.3593105254824356,1.3647178565756484,1402.6726012869874
2025-01-07 16:00:00+00:00,1.3647178565756484,1.368621609097174,1.359393396464644,1.3632971489861696,1481.652141678225
2025-01-07 16:05:00+00:00,1.3632971489861696,1.364710262003033,1.3567307022131205,1.3581438152299838,1358.8830050028726
2025-01-07 16:10:00+00:00,1.3581438152299838,1.3618470296101852,1.3543078790427232,1.3580110934229246,1278.6349779198952
2025-01-07 16:15:00+00:00,1.3580110934229246,1.3612689237067752,1.3508870914774038,1.3541449217612544,778.4388403462683
2025-01-07 16:20:00+00:00,1.3541449217612544,1.3548721511018897,1.351040513015113,1.3517677423557484,746.1673611148387
2025-01-07 16:25:00+00:00,1.3517677423557484,1.3563802007561783,1.345745823208436,1.350358281608866,1414.1979893599807
2025-01-07 16:30:00+00:00,1.350358281608866,1.3530858887666763,1.3455626725172096,1.34829027967502,1019.9363535038623
2025-01-07 16:35:00+00:00,1.34829027967502,1.3518108720222195,1.343575353572163,1.3470959459193625,1406.9343556357364
2025-01-07 16:40:00+00:00,1.3470959459193625,1.3504956941240678,1.3398104924757606,1.3432102406804658,817.2393894887093
2025-01-07 16:45:00+00:00,1.3432102406804658,1.346029341975174,1.3345146291266319,1.3373337304213402,1291.1058371571244
2025-01-07 16:50:00+00:00,1.3373337304213402,1.3393479837571296,1.3328434649998437,1.3348577183356332,1250.7767760982292
2025-01-07 16:55:00+00:00,1.3348577183356332,1.336003122905343,1.3289338786398188,1.3300792832095287,785.7410078527931
2025-01-07 17:00:00+00:00,1.3300792832095287,1.3317290021720452,1.325477747897108,1.3271274668596245,1017.1366710810754
2025-01-07 17:05:00+00:00,1.3271274668596245,1.3312496259155562,1.3225406818095375,1.3266628408654693,1709.8217240490192
2025-01-07 17:10:00+00:00,1.3266628408654693,1.330062341037157,1.3210334195949462,1.324432919766634,904.3168409551378
2025-01-07 17:15:00+00:00,1.324432919766634,1.3293692689268712,1.3166908295759971,1.3216271787362344,1444.9008371134566
2025-01-07 17:20:00+00:00,1.3216271787362344,1.3235598094171683,1.3160906240803079,1.3180232547612418,1094.0745905408314
2025-01-07 17:25:00+00:00,1.3180232547612418,1.3193631854906547,1.314453208182892,1.3157931389123048,863.442587663312
2025-01-07 17:30:00+00:00,1.3157931389123048,1.3198504877642743,1.3097343245297162,1.3137916733816857,952.4924372299008
2025-01-07 17:35:00+00:00,1.3137916733816857,1.3189084805996858,1.3044935043164048,1.3096103115344049,842.757207380884
2025-01-07 17:40:00+00:00,1.3096103115344049,1.313103795568025,1.3049230250472983,1.3084165090809183,1692.942622244663
2025-01-07 17:45:00+00:00,1.3084165090809183,1.3105652480762484,1.3029522945582848,1.3051010335536148,739.7224421693844
2025-01-07 17:50:00+00:00,1.3051010335536148,1.3091067349534253,1.299833504117409,1.3038392055172194,807.3674595295436
2025-01-07 17:55:00+00:00,1.3038392055172194,1.3065793868638487,1.2988077239575795,1.3015479053042087,1094.197681310798
2025-01-07 18:00:00+00:00,1.3015479053042087,1.3063642064984486,1.2967077835913072,1.3015240847855472,1393.675045050443
2025-01-07 18:05:00+00:00,1.3015240847855472,1.3063938322002746,1.2964301810191308,1.3012999284338582,784.0862416361344
2025-01-07 18:10:00+00:00,1.3012999284338582,1.30629968439831,1.2947571137381153,1.299756869702567,1923.6418614514114
2025-01-07 18:15:00+00:00,1.299756869702567,1.3019091841916968,1.2958794161651788,1.2980317306543085,2257.1843278930182
2025-01-07 18:20:00+00:00,1.2980317306543085,1.3018581683135162,1.2933297589749801,1.2971561966341878,2191.9659205048174
2025-01-07 18:25:00+00:00,1.2971561966341878,1.3002842219857336,1.294617116544451,1.2977451418959969,2420.853154509906
2025-01-07 18:30:00+00:00,1.2977451418959969,1.2985430670412603,1.297031275131112,1.2978292002763754,2032.7861313807825
2025-01-07 18:35:00+00:00,1.2978292002763754,1.301064897388657,1.2932536865014035,1.296489383613685,2371.730125808187
2025-01-07 18:40:00+00:00,1.296489383613685,1.2974445512663795,1.2944218369133944,1.2953770045660888,1301.356703664123
2025-01-07 18:45:00+00:00,1.2953770045660888,1.2991199530777875,1.2924629605371534,1.296205909048852,813.5874194708123
2025-01-07 18:50:00+00:00,1.296205909048852,1.2995938587580163,1.2886270030184266,1.2920149527275908,725.135157938685
2025-01-07 18:55:00+00:00,1.2920149527275908,1.2966889939361554,1.286501557112141,1.2911755983207056,899.3108296951629
2025-01-07 19:00:00+00:00,1.2911755983207056,1.2943598834344407,1.2848825364838967,1.2880668215976319,1118.4469929510353
2025-01-07 19:05:00+00:00,1.2880668215976319,1.2895817597696106,1.2868978967590727,1.2884128349310515,2092.7212287510188
2025-01-07 19:10:00+00:00,1.2884128349310515,1.292137028351899,1.2821341758592002,1.2858583692800476,1340.452901986706
2025-01-07 19:15:00+00:00,1.2858583692800476,1.2875464741808704,1.282165120646973,1.283853225547796,1233.3583686185898
2025-01-07 19:20:00+00:00,1.283853225547796,1.285794334443437,1.278362743082377,1.280303851978018,522.1224051802798
2025-01-07 19:25:00+00:00,1.280303851978018,1.2814534402654858,1.2772563939582269,1.2784059822456946,677.0317214974945
2025-01-07 19:30:00+00:00,1.2784059822456946,1.280657116201101,1.2753999689987365,1.2776511029541429,1273.619015374512
2025-01-07 19:35:00+00:00,1.2776511029541429,1.2791697880917696,1.2766720565186236,1.2781907416562504,936.4544046012851
2025-01-07 19:40:00+00:00,1.2781907416562504,1.27935140716222,1.2730137170402223,1.274174382546192,904.9219477002232
2025-01-07 19:45:00+00:00,1.274174382546192,1.2771350400604997,1.2684071961078984,1.2713678536222062,1321.1766784940723
2025-01-07 19:50:00+00:00,1.2713678536222062,1.278992239067018,1.2675292279576393,1.2751536134024513,1461.04956800758
2025-01-07 19:55:00+00:00,1.2751536134024513,1.2786688155631085,1.2708298607273767,1.274345062888034,1248.509983870895
2025-01-07 20:00:00+00:00,1.274345062888034,1.2767137501287276,1.269657468838411,1.2720261560791046,1133.8905609856106
2025-01-07 20:05:00+00:00,1.2720261560791046,1.2758720165405517,1.266613703883405,1.2704595643448522,687.3448916119305
2025-01-07 20:10:00+00:00,1.2704595643448522,1.2723122370475315,1.2621324679090171,1.2639851406116964,1025.4817814846128
2025-01-07 20:15:00+00:00,1.2639851406116964,1.2684493548416766,1.2595004139508612,1.2639646281808414,1340.1916307199624
2025-01-07 20:20:00+00:00,1.2639646281808414,1.2672439294764413,1.2583967340091158,1.2616760353047156,1029.1677082911615
2025-01-07 20:25:00+00:00,1.2616760353047156,1.264716637856975,1.2538854380340574,1.2569260405863167,745.6317050924484
2025-01-07 20:30:00+00:00,1.2569260405863167,1.2617798910538922,1.2512061029267711,1.2560599533943466,589.8278928969509
2025-01-07 20:35:00+00:00,1.2560599533943466,1.257923416596493,1.25056736048535,1.2524308236874964,989.6941731262878
2025-01-07 20:40:00+00:00,1.2524308236874964,1.2572354353790793,1.243358250401332,1.248162862092915,1245.1237924211553
2025-01-07 20:45:00+00:00,1.248162862092915,1.2494042046824347,1.2449377246286732,1.246179067218193,898.0812072160935
2025-01-07 20:50:00+00:00,1.246179067218193,1.2502962010786718,1.2398518359194441,1.243968969779923,2259.7845095513303
2025-01-07 20:55:00+00:00,1.243968969779923,1.244758769356669,1.239644818676746,1.240434618253492,2644.195892986845
2025-01-07 21:00:00+00:00,1.240434618253492,1.2437861522413185,1.2340896071753242,1.2374411411631507,2095.799050051047
2025-01-07 21:05:00+00:00,1.2374411411631507,1.240666071750898,1.2293095118655493,1.2325344424532965,2309.167270124479
2025-01-07 21:10:00+00:00,1.2325344424532965,1.234867944810214,1.2251283355941922,1.2274618379511097,2034.6235257521628
2025-01-07 21:15:00+00:00,1.2274618379511097,1.2322597205699046,1.221028832077913,1.225826714696708,900.6408757373785
2025-01-07 21:20:00+00:00,1.225826714696708,1.230611645972974,1.2199952943090246,1.2247802255852906,1222.9807493754383
2025-01-07 21:25:00+00:00,1.2247802255852906,1.2290210688455785,1.2181695267581754,1.2224103700184632,1249.4586545751713
2025-01-07 21:30:00+00:00,1.2224103700184632,1.224659510498022,1.2176918525275127,1.2199409930070715,1026.5232726619483
2025-01-07 21:35:00+00:00,1.2199409930070715,1.2246940985254766,1.2115840041090662,1.2163371096274713,757.6491946831296
2025-01-07 21:40:00+00:00,1.2163371096274713,1.2171050026101728,1.2123518759348275,1.213119768917529,2168.4021051758023
2025-01-07 21:45:00+00:00,1.213119768917529,1.2163457039743648,1.2055069236047786,1.2087328586616144,2394.2782832236153
2025-01-07 21:50:00+00:00,1.2087328586616144,1.2112109153990571,1.2057834044327713,1.208261461170214,2347.2317846510505
2025-01-07 21:55:00+00:00,1.208261461170214,1.2112566555593167,1.201430045637296,1.2044252400263986,2337.1487257479507
2025-01-07 22:00:00+00:00,1.2044252400263986,1.2076242994253044,1.1988191775670234,1.2020182369659291,1962.1201718822056
2025-01-07 22:05:00+00:00,1.2020182369659291,1.2066504660762145,1.194403648052563,1.1990358771628484,1849.1786074704767
2025-01-07 22:10:00+00:00,1.1990358771628484,1.2013307149886363,1.1917724388344166,1.1940672766602045,2247.486112907042
2025-01-07 22:15:00+00:00,1.1940672766602045,1.1956996819754302,1.1922804936136575,1.1939128989288832,2291.5955513551035
2025-01-07 22:20:00+00:00,1.1939128989288832,1.1960623231865595,1.188320232109745,1.1904696563674213,2287.6103897154417
2025-01-07 22:25:00+00:00,1.1904696563674213,1.1920449007338347,1.1849282041590545,1.186503448525468,1586.5987890745082
2025-01-07 22:30:00+00:00,1.186503448525468,1.1879745475461778,1.1823639276010132,1.183835026621723,1247.7339107195069
2025-01-07 22:35:00+00:00,1.183835026621723,1.1878064938637023,1.1758000370852397,1.179771504327219,2156.5901803524903
2025-01-07 22:40:00+00:00,1.179771504327219,1.1846649815959749,1.1764205759834727,1.1813140532522286,2139.05252296181
2025-01-07 22:45:00+00:00,1.1813140532522286,1.185807300628942,1.177001581316197,1.1814948286929103,2105.717765429707
2025-01-07 22:50:00+00:00,1.1814948286929103,1.186850349805066,1.178529029201027,1.1838845503131827,2244.057989614372
2025-01-07 22:55:00+00:00,1.1838845503131827,1.1897698364873965,1.1797149538702776,1.1856002400444914,1341.407076187372
2025-01-07 23:00:00+00:00,1.1856002400444914,1.1876990433596541,1.1832415366337588,1.1853403399489215,1680.6305680061214
2025-01-07 23:05:00+00:00,1.1853403399489215,1.1912515437174447,1.1826472285529066,1.1885584323214298,2308.1499512073656
2025-01-07 23:10:00+00:00,1.1885584323214298,1.1944637674999126,1.184727979234807,1.19063331441329,1746.835753521341
2025-01-07 23:15:00+00:00,1.19063331441329,1.1931986867622844,1.1883466005620498,1.1909119729110442,1884.6973207331864
2025-01-07 23:20:00+00:00,1.1909119729110442,1.1969377832782442,1.1873168357134702,1.1933426460806702,2811.360708803823
2025-01-07 23:25:00+00:00,1.1933426460806702,1.199874300665072,1.1894077931255853,1.1959394477099872,2373.8541525619726
2025-01-07 23:30:00+00:00,1.1959394477099872,1.2025091919110338,1.1940938767308225,1.200663620931869,3826.404067269423
2025-01-07 23:35:00+00:00,1.200663620931869,1.205917092244668,1.1962763993069272,1.2015298706197262,4658.2423788305305
2025-01-07 23:40:00+00:00,1.2015298706197262,1.208287198432592,1.1981862703183859,1.2049435981312517,3620.5214339940976
2025-01-07 23:45:00+00:00,1.2049435981312517,1.2112618657674403,1.2007327982910192,1.2070510659272078,4828.828627488229
2025-01-07 23:50:00+00:00,1.2070510659272078,1.2128208564481044,1.2044864821276569,1.2102562726485535,3108.832642746113
2025-01-07 23:55:00+00:00,1.2102562726485535,1.2130894469798188,1.2094175765885118,1.212250750919777,1307.5959826960516
2025-01-08 00:00:00+00:00,1.212250750919777,1.2179066756041794,1.2089505534545144,1.2146064781389168,2877.85549956538
2025-01-08 00:05:00+00:00,1.2146064781389168,1.21869362260457,1.2137501890358935,1.2178373335015467,2533.7773793716997
2025-01-08 00:10:00+00:00,1.2178373335015467,1.2215148614748048,1.2149819919954112,1.2186595199686694,1578.0082207988141
2025-01-08 00:15:00+00:00,1.2186595199686694,1.2221285378413163,1.2147303280919854,1.2181993459646323,2224.555278364073
2025-01-08 00:20:00+00:00,1.2181993459646323,1.2240460219096683,1.2150154243606164,1.2208621003056523,1085.099283508645
2025-01-08 00:25:00+00:00,1.2208621003056523,1.2241258044202155,1.219676265538658,1.222939969653221,2000.2638850535038
2025-01-08 00:30:00+00:00,1.222939969653221,1.2275058996769501,1.2212896270622056,1.2258555570859346,2613.8982734548435
2025-01-08 00:35:00+00:00,1.2258555570859346,1.2332035339052345,1.2222976852377925,1.2296456620570924,2386.0528451502764
2025-01-08 00:40:00+00:00,1.2296456620570924,1.2352654637540161,1.226598212518305,1.2322180142152288,2059.945705900345
2025-01-08 00:45:00+00:00,1.2322180142152288,1.2384030777165302,1.230747125383252,1.2369321888845535,1950.352689808759
2025-01-08 00:50:00+00:00,1.2369321888845535,1.2439464081277698,1.2328458927649415,1.2398601120081578,2095.8584749419356
2025-01-08 00:55:00+00:00,1.2398601120081578,1.243755099946227,1.239164394988082,1.2430593829261511,3311.035149228966
2025-01-08 01:00:00+00:00,1.2430593829261511,1.2501032384782524,1.2403319064201923,1.2473757619722936,1771.2892547485014
2025-01-08 01:05:00+00:00,1.2473757619722936,1.2534963127235652,1.2452442331263975,1.2513647838776691,2100.4124192318554
2025-01-08 01:10:00+00:00,1.2513647838776691,1.2568000382932436,1.2489322153358104,1.254367469751385,2400.7579667580576
2025-01-08 01:15:00+00:00,1.254367469751385,1.2613752030633292,1.2507105135798473,1.2577182468917916,1600.6022323963039
2025-01-08 01:20:00+00:00,1.2577182468917916,1.263163167394706,1.2543064201401408,1.2597513406430552,2892.991669102004
2025-01-08 01:25:00+00:00,1.2597513406430552,1.2635965658528714,1.2581663890327885,1.2620116142426048,1234.7261986747747
2025-01-08 01:30:00+00:00,1.2620116142426048,1.2682255698987905,1.259155927887268,1.2653698835434537,1877.099982262228
2025-01-08 01:35:00+00:00,1.2653698835434537,1.2711153812963216,1.2640772937973395,1.2698227915502074,1777.9937542357177
2025-01-08 01:40:00+00:00,1.2698227915502074,1.2762160166708871,1.265976965207623,1.2723701903283027,1948.174231694369
2025-01-08 01:45:00+00:00,1.2723701903283027,1.2794813687331863,1.269758114855944,1.2768692932608277,1441.343659326416
2025-01-08 01:50:00+00:00,1.2768692932608277,1.2842928979199046,1.2756453573381423,1.2830689619972193,1803.9020655141744
2025-01-08 01:55:00+00:00,1.2830689619972193,1.2928631317814927,1.2798054372179197,1.2895996070021931,2130.6588112101404
2025-01-08 02:00:00+00:00,1.2895996070021931,1.2958451874276529,1.2865922435825157,1.2928378240079754,1617.3221457582656
2025-01-08 02:05:00+00:00,1.2928378240079754,1.2992875951122747,1.2912107769920853,1.2976605480963845,5426.3397751587645
2025-01-08 02:10:00+00:00,1.2976605480963845,1.303779612707098,1.2956554798442914,1.3017745444550048,2671.3053895672665
2025-01-08 02:15:00+00:00,1.3017745444550048,1.309929262285251,1.2979871366911244,1.3061418545213705,4187.726113915152
2025-01-08 02:20:00+00:00,1.3061418545213705,1.3147622675560735,1.30194518888047,1.310565601915173,6482.104653917192
2025-01-08 02:25:00+00:00,1.310565601915173,1.3196462632027346,1.3053822199753387,1.3144628812629002,3449.404319211217
2025-01-08 02:30:00+00:00,1.3144628812629002,1.323825934451743,1.3094424541541823,1.318805507343025,4437.645307245377
2025-01-08 02:35:00+00:00,1.318805507343025,1.322820518498009,1.3180874075868765,1.3221024187418606,1807.788430440483
2025-01-08 02:40:00+00:00,1.3221024187418606,1.3273205060551485,1.3194176500932748,1.3246357374065627,1719.4795636939998
2025-01-08 02:45:00+00:00,1.3246357374065627,1.3292072284126533,1.3233657147354938,1.3279372057415844,2325.894903492445
2025-01-08 02:50:00+00:00,1.3279372057415844,1.3362020919875257,1.323307088279345,1.3315719745252863,1426.7013777370541
2025-01-08 02:55:00+00:00,1.3315719745252863,1.3412255889805733,1.3266760816686658,1.3363296961239528,2249.1165345771697
2025-01-08 03:00:00+00:00,1.3363296961239528,1.341025829352413,1.3349699950339127,1.339666128262373,1399.9575392288552
2025-01-08 03:05:00+00:00,1.339666128262373,1.3472666986750912,1.3359452744510376,1.3435458448637558,1851.191269165071
2025-01-08 03:10:00+00:00,1.3435458448637558,1.3495006317973481,1.3425220393357604,1.3484768262693527,2393.090383516531
2025-01-08 03:15:00+00:00,1.3484768262693527,1.350223472879833,1.3477789879802733,1.3495256345907536,1708.9405789314933
2025-01-08 03:20:00+00:00,1.3495256345907536,1.3547011734092127,1.3464221151079923,1.3515976539264514,1991.3453911936647
2025-01-08 03:25:00+00:00,1.3515976539264514,1.3571263603789272,1.349383179953295,1.3549118864057708,3435.702159604981
2025-01-08 03:30:00+00:00,1.3549118864057708,1.361675907376212,1.3505628651274522,1.3573268860978933,2051.675283384974
2025-01-08 03:35:00+00:00,1.3573268860978933,1.3609450147919067,1.3543619888973144,1.3579801175913278,2113.558532775433
2025-01-08 03:40:00+00:00,1.3579801175913278,1.3647272973334645,1.3550967828067122,1.361843962548849,2319.308019837642
2025-01-08 03:45:00+00:00,1.361843962548849,1.3691076716006854,1.3566504096133414,1.3639141186651778,2277.1324647835236
2025-01-08 03:50:00+00:00,1.3639141186651778,1.365120630227955,1.3631906302268841,1.3643971417896614,1973.4398176366133
2025-01-08 03:55:00+00:00,1.3643971417896614,1.3737895996494554,1.360187779818187,1.3695802376779809,1847.0644575053025
2025-01-08 04:00:00+00:00,1.3695802376779809,1.3750124932073087,1.3640475124695253,1.369479767998853,2090.256093633168
2025-01-08 04:05:00+00:00,1.369479767998853,1.3758005503903836,1.3650930699828332,1.3714138523743638,2151.196219775698
2025-01-08 04:10:00+00:00,1.3714138523743638,1.3741167948596178,1.3695090688066605,1.3722120112919145,2744.3897842743363
2025-01-08 04:15:00+00:00,1.3722120112919145,1.3789403753616203,1.3675219453681169,1.3742503094378227,2011.922517931342
2025-01-08 04:20:00+00:00,1.3742503094378227,1.3796468019555954,1.3716011576063887,1.3769976501241614,2403.2937216480373
2025-01-08 04:25:00+00:00,1.3769976501241614,1.3797441399979866,1.3746712149644742,1.3774177048382994,3201.7991603538435
2025-01-08 04:30:00+00:00,1.3774177048382994,1.3835888551642062,1.3728099113429766,1.3789810616688833,1313.0939469540547
2025-01-08 04:35:00+00:00,1.3789810616688833,1.3858174413735553,1.3736309057205018,1.3804672854251738,1867.0668185286556
2025-01-08 04:40:00+00:00,1.3804672854251738,1.3849948714846592,1.3759481388365566,1.380475724896042,1849.1360826458601
2025-01-08 04:45:00+00:00,1.380475724896042,1.3891352338568397,1.3754058897763772,1.384065398737175,4163.515029862369
2025-01-08 04:50:00+00:00,1.384065398737175,1.3878494446647298,1.3822018268120522,1.385985872739607,6139.173602354834
2025-01-08 04:55:00+00:00,1.385985872739607,1.3918116598263897,1.381298386891221,1.3871241739780036,4044.4904375438223
2025-01-08 05:00:00+00:00,1.3871241739780036,1.3915688951498189,1.3831775054479312,1.3876222266197464,4539.110813195196
2025-01-08 05:05:00+00:00,1.3876222266197464,1.3909869085286735,1.3853037299802247,1.3886684118891517,6537.651259293563
2025-01-08 05:10:00+00:00,1.3886684118891517,1.3934786753915291,1.3857013411916586,1.390511604694036,2559.122340788282
2025-01-08 05:15:00+00:00,1.390511604694036,1.392218154202845,1.3896435826909272,1.3913501321997361,1439.040066095141
2025-01-08 05:20:00+00:00,1.3913501321997361,1.4005557839546687,1.385860669079925,1.3950663208348575,1477.8561542354278
2025-01-08 05:25:00+00:00,1.3950663208348575,1.3998986767922992,1.387606933750992,1.3924392897084337,1979.4854631563464
2025-01-08 05:30:00+00:00,1.3924392897084337,1.3975471535931658,1.3854004543810257,1.3905083182657578,2242.846552263444
2025-01-08 05:35:00+00:00,1.3905083182657578,1.392901890020323,1.3893638086184743,1.3917573803730394,1585.7693843063505
2025-01-08 05:40:00+00:00,1.3917573803730394,1.3924684744915443,1.3896673934788364,1.3903784875973413,2773.5457283955875
2025-01-08 05:45:00+00:00,1.3903784875973413,1.3972158768617549,1.3851678647202885,1.392005253984702,2940.672948269942
2025-01-08 05:50:00+00:00,1.392005253984702,1.3969015180605462,1.3877866551201883,1.3926829191960324,1621.0390285907808
2025-01-08 05:55:00+00:00,1.3926829191960324,1.3979739685984691,1.390189391086858,1.3954804404892946,1718.9910142542624
2025-01-08 06:00:00+00:00,1.3954804404892946,1.3995369839847978,1.3939929914499762,1.3980495349454793,1529.6011413494357
2025-01-08 06:05:00+00:00,1.3980495349454793,1.403417688436437,1.3968125252156036,1.4021806787065614,2306.1363701030928
2025-01-08 06:10:00+00:00,1.4021806787065614,1.408245298249401,1.3996575320000222,1.4057221515428617,1764.3688650027302
2025-01-08 06:15:00+00:00,1.4057221515428617,1.4151386422745347,1.4004784945965438,1.4098949853282168,2487.6277973665515
2025-01-08 06:20:00+00:00,1.4098949853282168,1.4182942127738882,1.404510177478768,1.4129094049244395,2594.885972049315
2025-01-08 06:25:00+00:00,1.4129094049244395,1.4195473846742364,1.4102717653996588,1.4169097451494557,1979.6556619386672
2025-01-08 06:30:00+00:00,1.4169097451494557,1.425648552730413,1.4112803208780946,1.420019128459052,1600.5066215277184
2025-01-08 06:35:00+00:00,1.420019128459052,1.4267771128157072,1.4145771545988193,1.4213351389554745,1054.6627301595713
2025-01-08 06:40:00+00:00,1.4213351389554745,1.4246212876374418,1.4183066441064027,1.42159279278837,2136.2725682894643
2025-01-08 06:45:00+00:00,1.42159279278837,1.4266522813275195,1.416929515908282,1.4219890044474315,2236.333107595484
2025-01-08 06:50:00+00:00,1.4219890044474315,1.4279128834573782,1.4194314088114988,1.4253552878214455,1997.9353978426877
2025-01-08 06:55:00+00:00,1.4253552878214455,1.4285121493794588,1.4207261438733594,1.4238830054313727,1599.8432751791217
2025-01-08 07:00:00+00:00,1.4238830054313727,1.4284850511092704,1.4222678990749167,1.4268699447528144,2569.9741420991177
2025-01-08 07:05:00+00:00,1.4268699447528144,1.4336788763103423,1.4215313811106247,1.4283403126681526,1942.2358756210047
2025-01-08 07:10:00+00:00,1.4283403126681526,1.4353695889750686,1.4254130858032013,1.4324423621101172,2326.4004429005167
2025-01-08 07:15:00+00:00,1.4324423621101172,1.439971242983249,1.4281732926956916,1.4357021735688233,2401.583810371933
2025-01-08 07:20:00+00:00,1.4357021735688233,1.4405225101285715,1.432576051013377,1.437396387573125,2517.8792888989074
2025-01-08 07:25:00+00:00,1.437396387573125,1.444243200315436,1.4336358692942712,1.4404826820365821,5121.284381921112
2025-01-08 07:30:00+00:00,1.4404826820365821,1.4461610824944227,1.4339971446486823,1.4396755451065228,2927.8888687234153
2025-01-08 07:35:00+00:00,1.4396755451065228,1.4474505333027814,1.43556448884351,1.4433394770397685,4748.54822624969
2025-01-08 07:40:00+00:00,1.4433394770397685,1.4509748006035348,1.4397802489025362,1.4474155724663025,4237.968005228788
2025-01-08 07:45:00+00:00,1.4474155724663025,1.4488017305558443,1.4461587917496164,1.4475449498391582,3799.5032306994185
2025-01-08 07:50:00+00:00,1.4475449498391582,1.4577611947649978,1.4422141442212506,1.4524303891470902,3473.10515195342
2025-01-08 07:55:00+00:00,1.4524303891470902,1.458281373761482,1.449821652867269,1.4556726374816606,1552.5437140219376
2025-01-08 08:00:00+00:00,1.4556726374816606,1.465073694799024,1.4500809352494428,1.459481992566806,1749.6250698039103
2025-01-08 08:05:00+00:00,1.459481992566806,1.4640621769930533,1.4559655430699714,1.4605457274962186,1831.0053341463906
2025-01-08 08:10:00+00:00,1.4605457274962186,1.4659667767585431,1.459792066312948,1.4652131155752726,1996.986942766484
2025-01-08 08:15:00+00:00,1.4652131155752726,1.4731947541629178,1.4619077853758065,1.4698894239634517,1230.6449385080186
2025-01-08 08:20:00+00:00,1.4698894239634517,1.4773829591714926,1.466061429459735,1.473554964667776,1574.6378225775636
2025-01-08 08:25:00+00:00,1.473554964667776,1.4807810643709276,1.4683088825535435,1.4755349822566952,2323.2310563714823
2025-01-08 08:30:00+00:00,1.4755349822566952,1.4853266178344218,1.4708528563110324,1.480644491888759,2578.4970992701087
2025-01-08 08:35:00+00:00,1.480644491888759,1.4897874680449639,1.4775100371796284,1.4866530133358333,1834.034253145241
2025-01-08 08:40:00+00:00,1.4866530133358333,1.4956755191752247,1.4821572028668093,1.4911797087062006,1743.5143133856898
2025-01-08 08:45:00+00:00,1.4911797087062006,1.4992611469833994,1.4887259339939156,1.4968073722711144,3129.4186898613557
2025-01-08 08:50:00+00:00,1.4968073722711144,1.5011786439325372,1.4952260203603416,1.4995972920217644,1523.4512614228265
2025-01-08 08:55:00+00:00,1.4995972920217644,1.5083873196243731,1.494935850628064,1.5037258782306726,2543.2610556944946
2025-01-08 09:00:00+00:00,1.5037258782306726,1.5134884023213413,1.4984959590498754,1.5082584831405441,2424.845796704372
2025-01-08 09:05:00+00:00,1.5082584831405441,1.5149799755695856,1.505649696829074,1.5123711892581155,2157.3884111499015
2025-01-08 09:10:00+00:00,1.5123711892581155,1.5243330105342736,1.5093949351082157,1.5213567563843737,2564.780213373149
2025-01-08 09:15:00+00:00,1.5213567563843737,1.5269404695983904,1.5203835497159883,1.525967262930005,2326.9634469531406
2025-01-08 09:20:00+00:00,1.525967262930005,1.5333572483026428,1.5213700852276975,1.5287600706003353,1898.6297157543715
2025-01-08 09:25:00+00:00,1.5287600706003353,1.5392922004386524,1.5235502267902614,1.5340823566285786,2362.909950799746
2025-01-08 09:30:00+00:00,1.5340823566285786,1.5413955413457545,1.5285349180603727,1.5358481027775486,3680.447269181837
2025-01-08 09:35:00+00:00,1.5358481027775486,1.543501393942064,1.532607942470737,1.5402612336352526,2069.9255611721064
2025-01-08 09:40:00+00:00,1.5402612336352526,1.5503487047895699,1.5352969815577617,1.545384452712079,2543.200110019241
2025-01-08 09:45:00+00:00,1.545384452712079,1.5505819465328499,1.5429260282754087,1.5481235220961795,3176.3861478656654
2025-01-08 09:50:00+00:00,1.5481235220961795,1.5533923480802192,1.5458628425001906,1.5511316684842302,1578.0238524258127
2025-01-08 09:55:00+00:00,1.5511316684842302,1.5585458090632196,1.5455176699604372,1.5529318105394265,1969.1437456104902
2025-01-08 10:00:00+00:00,1.5529318105394265,1.5606990913219596,1.5489034954429413,1.5566707762254743,1559.1642523119442
2025-01-08 10:05:00+00:00,1.5566707762254743,1.5621818179047313,1.5533294959532815,1.5588405376325385,4493.7646076276005
2025-01-08 10:10:00+00:00,1.5588405376325385,1.5663214014405749,1.5579896958655142,1.5654705596735505,3836.369747918751
2025-01-08 10:15:00+00:00,1.5654705596735505,1.5710673884764805,1.5644089138353863,1.5700057426383163,5832.468516010946
2025-01-08 10:20:00+00:00,1.5700057426383163,1.5763535346676367,1.5664872290826677,1.5728350211119881,4074.0454303278802
2025-01-08 10:25:00+00:00,1.5728350211119881,1.57952144588162,1.5666525336692034,1.5733389584388353,5178.388079973786
2025-01-08 10:30:00+00:00,1.5733389584388353,1.5811606607318385,1.5724834158558423,1.5803051181488454,2080.390415815922
2025-01-08 10:35:00+00:00,1.5803051181488454,1.5908865488422734,1.5752485882878042,1.5858300189812322,2214.5645941620555
2025-01-08 10:40:00+00:00,1.5858300189812322,1.5960544318208958,1.5794876353446798,1.5897120481843434,1584.1797127016712
2025-01-08 10:45:00+00:00,1.5897120481843434,1.594148023726625,1.5885631170018997,1.5929990925441813,2518.42095995424
2025-01-08 10:50:00+00:00,1.5929990925441813,1.598826547969314,1.5903393574990514,1.5961668129241842,1935.1752136145487
2025-01-08 10:55:00+00:00,1.5961668129241842,1.599894719524731,1.5943069426076062,1.598034849208153,1883.530623152099
2025-01-08 11:00:00+00:00,1.598034849208153,1.6103449859426768,1.5920395031962074,1.604349639930731,1631.1199227235013
2025-01-08 11:05:00+00:00,1.604349639930731,1.6085996764435948,1.6031267514694136,1.6073767879822773,2224.0092769258786
2025-01-08 11:10:00+00:00,1.6073767879822773,1.6089327208665016,1.60560493046968,1.6071608633539043,1753.3180352084469
2025-01-08 11:15:00+00:00,1.6071608633539043,1.609433546836037,1.6061125389247817,1.6083852224069144,1651.7417153280608
2025-01-08 11:20:00+00:00,1.6083852224069144,1.6145320209839624,1.5996809592939758,1.6058277578710238,1960.655016634053
2025-01-08 11:25:00+00:00,1.6058277578710238,1.6135896588526408,1.6017013426026543,1.6094632435842713,1131.7640874456085
2025-01-08 11:30:00+00:00,1.6094632435842713,1.6151413125781577,1.60757261005581,1.6132506790496965,2650.4764468806175
2025-01-08 11:35:00+00:00,1.6132506790496965,1.623118648691674,1.6090796289914315,1.618947598633409,1763.8289201540094
2025-01-08 11:40:00+00:00,1.618947598633409,1.630893928950308,1.6133059719206317,1.6252523022375307,2515.280592487485
2025-01-08 11:45:00+00:00,1.6252523022375307,1.6315148240158497,1.6196369593159012,1.6258994810942202,1459.3161329694794
2025-01-08 11:50:00+00:00,1.6258994810942202,1.634552600140816,1.6202583544310811,1.6289114734776768,1192.375616875444
2025-01-08 11:55:00+00:00,1.6289114734776768,1.634358056266327,1.6275165722377507,1.6329631550264008,1566.2037397285546
2025-01-08 12:00:00+00:00,1.6329631550264008,1.6410746191859158,1.6284810041743936,1.6365924683339086,2172.619216530071
2025-01-08 12:05:00+00:00,1.6365924683339086,1.6441884360934196,1.6300430563546127,1.6376390241141237,2707.2565372888357
2025-01-08 12:10:00+00:00,1.6376390241141237,1.6450534189103816,1.63383480373872,1.641249198534978,2783.072026944615
2025-01-08 12:15:00+00:00,1.641249198534978,1.6466086488906648,1.6388830016040756,1.6442424519597625,2607.8991764035013
2025-01-08 12:20:00+00:00,1.6442424519597625,1.6553217742542408,1.6378662093813174,1.6489455316757957,1635.6683268991333
2025-01-08 12:25:00+00:00,1.6489455316757957,1.65586473588298,1.6439785833603777,1.6508977875675621,1729.3469340404324
2025-01-08 12:30:00+00:00,1.6508977875675621,1.6579158660860935,1.6454178895938805,1.652435968112412,2168.1236832781474
2025-01-08 12:35:00+00:00,1.652435968112412,1.6590105339473724,1.646868657130362,1.6534432229653224,2369.700514408779
2025-01-08 12:40:00+00:00,1.6534432229653224,1.658802369452305,1.6493669250929939,1.6547260715799765,1558.8606074368458
2025-01-08 12:45:00+00:00,1.6547260715799765,1.6605017691462698,1.6494808685747768,1.65525656614107,3421.9882393870007
2025-01-08 12:50:00+00:00,1.65525656614107,1.66168035222965,1.650234000732744,1.656657786821324,3119.672192846661
2025-01-08 12:55:00+00:00,1.656657786821324,1.6614249024990866,1.6550015880200724,1.659768703697835,5842.179029053531
2025-01-08 13:00:00+00:00,1.659768703697835,1.6646012523656708,1.6580024664701838,1.6628350151380196,3445.671316169709
2025-01-08 13:05:00+00:00,1.6628350151380196,1.6701166917411705,1.660386697989754,1.6676683745929048,4669.101761438779
2025-01-08 13:10:00+00:00,1.6676683745929048,1.6774913079051226,1.6622871766498795,1.6721101099620972,2009.7733182315628
2025-01-08 13:15:00+00:00,1.6721101099620972,1.6806584615604288,1.6671229702434478,1.6756713218417794,2224.067947808926
2025-01-08 13:20:00+00:00,1.6756713218417794,1.6776586998309462,1.6737251293745206,1.6757125073636874,1348.0274641373712
2025-01-08 13:25:00+00:00,1.6757125073636874,1.6816745606199701,1.6733192363613154,1.6792812896175981,1999.144878655887
2025-01-08 13:30:00+00:00,1.6792812896175981,1.6859090380256285,1.677495067387343,1.6841228157953734,2464.509156348725
2025-01-08 13:35:00+00:00,1.6841228157953734,1.6861116757279708,1.6820576731396697,1.6840465330722671,2298.50126703963
2025-01-08 13:40:00+00:00,1.6840465330722671,1.6904918395580548,1.6779725843987376,1.6844178908845253,1802.4746580655585
2025-01-08 13:45:00+00:00,1.6844178908845253,1.690453375797966,1.6791539717115427,1.6851894566249834,2385.3381729022553
2025-01-08 13:50:00+00:00,1.6851894566249834,1.690486524204577,1.6805655020779082,1.6858625696575018,2102.6537204296596
2025-01-08 13:55:00+00:00,1.6858625696575018,1.6933847496631242,1.6806096111252975,1.68813179113092,1825.2173854169312
2025-01-08 14:00:00+00:00,1.68813179113092,1.6933439044978826,1.6839588329875734,1.6891709463545361,2017.612370032081
2025-01-08 14:05:00+00:00,1.6891709463545361,1.6975313628093263,1.6846177538279177,1.6929781702827078,3486.2729361868915
2025-01-08 14:10:00+00:00,1.6929781702827078,1.697196490967586,1.6893995466364504,1.6936178673213287,1759.1171565154457
2025-01-08 14:15:00+00:00,1.6936178673213287,1.702434667337598,1.6877317162048595,1.696548516221129,1357.3344724892765
2025-01-08 14:20:00+00:00,1.696548516221129,1.7012961759392544,1.694060087156079,1.6988077468742044,2352.9144931287196
2025-01-08 14:25:00+00:00,1.6988077468742044,1.7066017467882793,1.6923981650260271,1.700192164940102,2413.2397948476196
2025-01-08 14:30:00+00:00,1.700192164940102,1.7117542655506568,1.6941980523944573,1.7057601530050122,2256.7223161720735
2025-01-08 14:35:00+00:00,1.7057601530050122,1.7116396005910908,1.7034810746014284,1.709360522187507,1928.6440626432836
2025-01-08 14:40:00+00:00,1.709360522187507,1.720066025725631,1.7034002696546198,1.7141057731927438,2548.215153501497
2025-01-08 14:45:00+00:00,1.7141057731927438,1.7198222318051875,1.7114212203214791,1.7171376789339228,3241.3060223410953
2025-01-08 14:50:00+00:00,1.7171376789339228,1.7255362718483118,1.7139950142442293,1.7223936071586183,2860.6549926719513
2025-01-08 14:55:00+00:00,1.7223936071586183,1.732946430603743,1.717002349479187,1.7275551729243117,1186.5199457822966
2025-01-08 15:00:00+00:00,1.7275551729243117,1.7326047048838837,1.7261584495363615,1.7312079814959336,1611.0622975629922
2025-01-08 15:05:00+00:00,1.7312079814959336,1.734773523184367,1.727995445825941,1.7315609875143745,2114.1696653232348
2025-01-08 15:10:00+00:00,1.7315609875143745,1.7429769058957043,1.725964305574801,1.737380223956131,644.5710625383211
2025-01-08 15:15:00+00:00,1.737380223956131,1.7495547227030201,1.7308354420088343,1.7430099407557236,1719.4633540930008
2025-01-08 15:20:00+00:00,1.7430099407557236,1.7507333577814674,1.7399152843439754,1.7476387013697192,2968.136614909258
2025-01-08 15:25:00+00:00,1.7476387013697192,1.7552873985492274,1.7448102927935685,1.7524589899730767,2001.6005641646182
2025-01-08 15:30:00+00:00,1.7524589899730767,1.7625443186241008,1.7470004883076666,1.7570858169586907,1891.5032986076455
2025-01-08 15:35:00+00:00,1.7570858169586907,1.7679704319448855,1.7510244901427854,1.7619091051289801,3248.5988056115825
2025-01-08 15:40:00+00:00,1.7619091051289801,1.7696854439177727,1.7564642377992254,1.764240576588018,2244.125002908385
2025-01-08 15:45:00+00:00,1.764240576588018,1.774754130147233,1.758102297453844,1.768615851013059,2628.664547316063
2025-01-08 15:50:00+00:00,1.768615851013059,1.780658679833545,1.761775708160339,1.773818536980825,849.7524964041296
2025-01-08 15:55:00+00:00,1.773818536980825,1.778448696951605,1.7724352921856585,1.7770654521564384,839.3043794810557
2025-01-08 16:00:00+00:00,1.7770654521564384,1.7814265383279095,1.775200088259968,1.779561174431439,986.9292926808719
2025-01-08 16:05:00+00:00,1.779561174431439,1.7922613724107528,1.7754247475741662,1.78812494555348,1116.4874753916852
2025-01-08 16:10:00+00:00,1.78812494555348,1.798418006077354,1.7837341627434498,1.7940272232673238,1355.9514575526816
2025-01-08 16:15:00+00:00,1.7940272232673238,1.798881262583972,1.7931105980241164,1.7979646373407647,972.0086999889447
2025-01-08 16:20:00+00:00,1.7979646373407647,1.8039136313959647,1.795542548923116,1.801491542978316,1342.7704965316154
2025-01-08 16:25:00+00:00,1.801491542978316,1.8059820846121415,1.7958582932510492,1.8003488348848746,985.1420095266249
2025-01-08 16:30:00+00:00,1.8003488348848746,1.8050699729508937,1.797085850624213,1.8018069886902321,888.5831353776832
2025-01-08 16:35:00+00:00,1.8018069886902321,1.807634701958475,1.799949296531274,1.805777009799517,992.9948184869364
2025-01-08 16:40:00+00:00,1.805777009799517,1.8140266189690994,1.8048069402570774,1.81305654942666,980.74527966388
2025-01-08 16:45:00+00:00,1.81305654942666,1.8189748152620462,1.807103262128374,1.8130215279637603,809.0416719539644
2025-01-08 16:50:00+00:00,1.8130215279637603,1.8180452839364447,1.8108661716701595,1.815889927642844,693.3002971574421
2025-01-08 16:55:00+00:00,1.815889927642844,1.826025178502394,1.8142842731574984,1.8244195240170484,1252.3731727227103
2025-01-08 17:00:00+00:00,1.8244195240170484,1.8362942687999024,1.8183148656595742,1.8301896104424282,1161.7667520507348
2025-01-08 17:05:00+00:00,1.8301896104424282,1.839563694303046,1.8259731213773915,1.8353472052380093,1322.501072770422
2025-01-08 17:10:00+00:00,1.8353472052380093,1.8451691606025526,1.8323483772890414,1.8421703326535848,743.3926726559007
2025-01-08 17:15:00+00:00,1.8421703326535848,1.8501996953669362,1.837996684609046,1.8460260473223975,1008.7403199357117
2025-01-08 17:20:00+00:00,1.8460260473223975,1.8539248346302382,1.8417827383421672,1.8496815256500079,785.5144069981689
2025-01-08 17:25:00+00:00,1.8496815256500079,1.8564358622715136,1.8484917569812593,1.855246093602765,1526.7279474470718
2025-01-08 17:30:00+00:00,1.855246093602765,1.8644710198161556,1.8518203884605609,1.8610453146739514,1673.0378684155044
2025-01-08 17:35:00+00:00,1.8610453146739514,1.867634732224153,1.8558911081193266,1.8624805256695283,1283.2164442882724
2025-01-08 17:40:00+00:00,1.8624805256695283,1.876287388730118,1.8558325121939672,1.8696393752545568,1563.8777599311143
2025-01-08 17:45:00+00:00,1.8696393752545568,1.8713241361362092,1.8676936163736269,1.8693783772552792,766.2222319168834
2025-01-08 17:50:00+00:00,1.8693783772552792,1.8727584469516523,1.8679979982422794,1.8713780679386525,1062.2663303753175
2025-01-08 17:55:00+00:00,1.8713780679386525,1.8892333211158978,1.8639252994483957,1.881780552625641,1163.8827381105423
2025-01-08 18:00:00+00:00,1.881780552625641,1.8901751070361181,1.8756259437349179,1.884020498145395,2785.4242014238807
2025-01-08 18:05:00+00:00,1.884020498145395,1.8911275850242184,1.8817075109064123,1.8888145977852357,2486.000871009227
2025-01-08 18:10:00+00:00,1.8888145977852357,1.8972593130476043,1.881319684807243,1.8897644000696117,2903.2868669665495
2025-01-08 18:15:00+00:00,1.8897644000696117,1.8936607699269827,1.8882741917309789,1.89217056158835,2617.270612516142
2025-01-08 18:20:00+00:00,1.89217056158835,1.9005593483443406,1.885193466464901,1.8935822532208917,2261.0703722366575
2025-01-08 18:25:00+00:00,1.8935822532208917,1.8979324653587661,1.8912897837654465,1.895639995903321,3319.882732009158
2025-01-08 18:30:00+00:00,1.895639995903321,1.9047738185415113,1.8908868180414107,1.900020640679601,998.5869797380373
2025-01-08 18:35:00+00:00,1.900020640679601,1.9088435381716973,1.898007519610785,1.9068304171028814,1330.584699755794
2025-01-08 18:40:00+00:00,1.9068304171028814,1.9140769104741864,1.904331871117791,1.911578364489096,1286.7900421551647
2025-01-08 18:45:00+00:00,1.911578364489096,1.9206318478693842,1.908784482129111,1.9178379655093991,846.5804261281903
2025-01-08 18:50:00+00:00,1.9178379655093991,1.9239684234082652,1.9131593175909645,1.9192897754898306,1000.8960812169366
2025-01-08 18:55:00+00:00,1.9192897754898306,1.930493162580577,1.9140289697496142,1.9252323568403606,1875.0903709013007
2025-01-08 19:00:00+00:00,1.9252323568403606,1.9345452942888086,1.9197327042323438,1.9290456416807917,1128.1358048759753
2025-01-08 19:05:00+00:00,1.9290456416807917,1.9378308809559361,1.9259030449255954,1.9346882842007398,1329.278873553461
2025-01-08 19:10:00+00:00,1.9346882842007398,1.9414872063987045,1.9293366728604946,1.9361355950584593,1006.8448406369515
2025-01-08 19:15:00+00:00,1.9361355950584593,1.9404486856847551,1.9336608883789597,1.9379739790052555,1477.9268967744383
2025-01-08 19:20:00+00:00,1.9379739790052555,1.9461502354467564,1.9353294025156254,1.9435056589571262,1147.0022298533086
2025-01-08 19:25:00+00:00,1.9435056589571262,1.9549247662275577,1.9358351322539324,1.947254239524364,1442.4180312070193
2025-01-08 19:30:00+00:00,1.947254239524364,1.9494089137262487,1.9406470239395182,1.942801698141403,1412.520482554756
2025-01-08 19:35:00+00:00,1.942801698141403,1.948641950021801,1.9306612077359444,1.9365014596163426,917.6497814571867
2025-01-08 19:40:00+00:00,1.9365014596163426,1.9391210459282977,1.928945802527535,1.9315653888394901,1134.5023286757958
2025-01-08 19:45:00+00:00,1.9315653888394901,1.9391194937023055,1.9204380249135375,1.927992129776353,1332.2826779258794
2025-01-08 19:50:00+00:00,1.927992129776353,1.931484424529428,1.921483551709816,1.9249758464628912,884.2621308814453
2025-01-08 19:55:00+00:00,1.9249758464628912,1.9321185060776938,1.9118882757368834,1.919030935351686,1151.8478886427138
2025-01-08 20:00:00+00:00,1.919030935351686,1.9232816590854698,1.9093616002981404,1.9136123240319243,1072.2914607530397
2025-01-08 20:05:00+00:00,1.9136123240319243,1.9171704595330283,1.9064367676216611,1.9099949031227652,1333.1269334452695
2025-01-08 20:10:00+00:00,1.9099949031227652,1.9125714165330747,1.9003228257217473,1.9028993391320568,875.3000561566539
2025-01-08 20:15:00+00:00,1.9028993391320568,1.90490387403358,1.8985196158622966,1.9005241507638198,1263.8698585450845
2025-01-08 20:20:00+00:00,1.9005241507638198,1.9073205080607447,1.8892394184238204,1.8960357757207453,1416.8912468366264
2025-01-08 20:25:00+00:00,1.8960357757207453,1.8983154300649483,1.889029492616728,1.8913091469609309,1000.2303961354255
2025-01-08 20:30:00+00:00,1.8913091469609309,1.89800728070965,1.8747899711069393,1.8814881048556584,1024.0368633642088
2025-01-08 20:35:00+00:00,1.8814881048556584,1.8881141776669101,1.8669807033987698,1.8736067762100215,1358.5244599835219
2025-01-08 20:40:00+00:00,1.8736067762100215,1.8773437819469445,1.8633241785627255,1.8670611842996485,2198.6615773363906
2025-01-08 20:45:00+00:00,1.8670611842996485,1.8680628021852328,1.8606131780731685,1.8616147959587528,2826.1250257235697
2025-01-08 20:50:00+00:00,1.8616147959587528,1.8674448589375992,1.8492768020208894,1.8551068649997358,3359.951506775752
2025-01-08 20:55:00+00:00,1.8551068649997358,1.861134300086171,1.8459307279700925,1.8519581630565278,1795.8678333183266
2025-01-08 21:00:00+00:00,1.8519581630565278,1.8546527781600335,1.8456654064675275,1.8483600215710332,2795.5934305949836
2025-01-08 21:05:00+00:00,1.8483600215710332,1.8556276312422113,1.8366949146768599,1.843962524348038,3374.598175960086
2025-01-08 21:10:00+00:00,1.843962524348038,1.8493300963164137,1.8303957922856204,1.835763364253996,793.1042260627928
2025-01-08 21:15:00+00:00,1.835763364253996,1.8411962932964814,1.8297992424808802,1.8352321715233655,1191.1433991924507
2025-01-08 21:20:00+00:00,1.8352321715233655,1.8397068511453003,1.8266289328142222,1.831103612436157,1273.075370040423
2025-01-08 21:25:00+00:00,1.831103612436157,1.8342751591280173,1.8258106679383836,1.828982214630244,1027.236956897341
2025-01-08 21:30:00+00:00,1.828982214630244,1.8300038855594953,1.8231694115729271,1.8241910825021785,1204.3746194314142
2025-01-08 21:35:00+00:00,1.8241910825021785,1.8272416008630679,1.8179130382402628,1.8209635566011522,872.8869564432285
2025-01-08 21:40:00+00:00,1.8209635566011522,1.8277005826693946,1.8126175682880317,1.8193545943562741,1139.0184247711618
2025-01-08 21:45:00+00:00,1.8193545943562741,1.8248055470603948,1.8113807574390963,1.816831710143217,938.4789612065214
2025-01-08 21:50:00+00:00,1.816831710143217,1.820161589664122,1.8126526290286735,1.8159825085495784,1342.4006522524144
2025-01-08 21:55:00+00:00,1.8159825085495784,1.823191585656881,1.8055224309138598,1.8127315080211623,1132.2687470097137
2025-01-08 22:00:00+00:00,1.8127315080211623,1.820076947256306,1.8069500192143402,1.814295458449484,1142.7756184573366
2025-01-08 22:05:00+00:00,1.814295458449484,1.816389970085447,1.805400703258206,1.807495214894169,1426.9171511203056
2025-01-08 22:10:00+00:00,1.807495214894169,1.808438314508659,1.8027566470522594,1.8036997466667495,1240.578870646028
2025-01-08 22:15:00+00:00,1.8036997466667495,1.8082266240510132,1.7987703587163424,1.803297236100606,967.0290098783861
2025-01-08 22:20:00+00:00,1.803297236100606,1.8058575908380305,1.7977438459851536,1.800304200722578,1061.4092247950175
2025-01-08 22:25:00+00:00,1.800304200722578,1.8042643992789933,1.793007722912889,1.7969679214693042,947.474656821258
2025-01-08 22:30:00+00:00,1.7969679214693042,1.798813493596651,1.788989311861628,1.790834883988975,1287.8482329290698
2025-01-08 22:35:00+00:00,1.790834883988975,1.793045969850838,1.7889478491590474,1.7911589350209105,1550.881920458652
2025-01-08 22:40:00+00:00,1.7911589350209105,1.7931323493305886,1.782915866478366,1.784889280788044,1817.5509287968064
2025-01-08 22:45:00+00:00,1.784889280788044,1.789294293416826,1.779423490618613,1.783828503247395,1382.2664185650253
2025-01-08 22:50:00+00:00,1.783828503247395,1.7850833679973717,1.7808842366202104,1.782139101370187,939.6350480316878
2025-01-08 22:55:00+00:00,1.782139101370187,1.7874953917341692,1.776583055040593,1.781939345404575,1359.3716959564936
2025-01-08 23:00:00+00:00,1.781939345404575,1.7878088207223486,1.7771473841149252,1.7830168594326987,873.2344501992143
2025-01-08 23:05:00+00:00,1.7830168594326987,1.7882786750443502,1.7742322694611796,1.7794940850728311,802.75474025215
2025-01-08 23:10:00+00:00,1.7794940850728311,1.7850197798548244,1.7702398185789567,1.77576551336095,875.5397592522097
2025-01-08 23:15:00+00:00,1.77576551336095,1.7792277602950637,1.7696383049052908,1.7731005518394045,1234.8937945991374
2025-01-08 23:20:00+00:00,1.7731005518394045,1.7786826353032417,1.7618852029691627,1.7674672864329999,1655.7967002933367
2025-01-08 23:25:00+00:00,1.7674672864329999,1.770988273909444,1.7637035647074923,1.7672245521839365,2827.1468926904786
2025-01-08 23:30:00+00:00,1.7672245521839365,1.7684163092043494,1.7631971333830005,1.7643888904034135,2404.2612387837603
2025-01-08 23:35:00+00:00,1.7643888904034135,1.7664627653970255,1.7606432000050345,1.7627170749986465,3761.451071642363
2025-01-08 23:40:00+00:00,1.7627170749986465,1.7643959436961465,1.7566223728414092,1.7583012415389092,2472.1312062677434
2025-01-08 23:45:00+00:00,1.7583012415389092,1.7615531641647169,1.7530135890872334,1.756265511713041,2246.2309123934065
2025-01-08 23:50:00+00:00,1.756265511713041,1.7587701815622754,1.7503617697151619,1.7528664395643963,856.5963517551297
2025-01-08 23:55:00+00:00,1.7528664395643963,1.7597386094978522,1.7437071227455951,1.750579292679051,916.0786824756509
2025-01-09 00:00:00+00:00,1.750579292679051,1.7547970303316711,1.7418971232990255,1.7461148609516455,1188.7585629736393
2025-01-09 00:05:00+00:00,1.7461148609516455,1.7470687297286542,1.7450883075037618,1.7460421762807705,795.8895983467125
2025-01-09 00:10:00+00:00,1.7460421762807705,1.7523443061676949,1.7361037795719765,1.7424059094589008,584.1991997341854
2025-01-09 00:15:00+00:00,1.7424059094589008,1.7445443540162773,1.7326092469353054,1.7347476914926818,974.9280173996666
2025-01-09 00:20:00+00:00,1.7347476914926818,1.7367857876336528,1.7316619719679591,1.73370006810893,1071.7829465052341
2025-01-09 00:25:00+00:00,1.73370006810893,1.7364315220683648,1.7278886097190238,1.7306200636784586,1050.2006296208954
2025-01-09 00:30:00+00:00,1.7306200636784586,1.731526292641228,1.7253557116697829,1.7262619406325523,1017.2428509889305
2025-01-09 00:35:00+00:00,1.7262619406325523,1.735487362924807,1.7196309115361812,1.728856333828436,897.4122611209028
2025-01-09 00:40:00+00:00,1.728856333828436,1.733764675358189,1.721161291253213,1.726069632782966,762.6084455727256
2025-01-09 00:45:00+00:00,1.726069632782966,1.7286322935228327,1.7179851419231653,1.7205478026630319,1588.9847058186342
2025-01-09 00:50:00+00:00,1.7205478026630319,1.7237725347577684,1.7132255389532594,1.7164502710479959,1330.8474849841825
2025-01-09 00:55:00+00:00,1.7164502710479959,1.7182593658216103,1.712514631952021,1.7143237267256355,1214.633185372331
2025-01-09 01:00:00+00:00,1.7143237267256355,1.7177447796067198,1.7074482663370532,1.7108693192181375,986.7673623417878
2025-01-09 01:05:00+00:00,1.7108693192181375,1.7128680050126,1.7083464108873256,1.7103450966817881,915.2437134737743
2025-01-09 01:10:00+00:00,1.7103450966817881,1.7171185394338828,1.7025976887778038,1.7093711315298985,1045.7610344534696
2025-01-09 01:15:00+00:00,1.7093711315298985,1.7136720126921932,1.7002113528168068,1.7045122339791015,1296.1972868790535
2025-01-09 01:20:00+00:00,1.7045122339791015,1.7076793009411535,1.6981073589220828,1.7012744258841348,1135.6138024076934
2025-01-09 01:25:00+00:00,1.7012744258841348,1.7050583278804816,1.69540519953681,1.6991891015331568,1105.1599976399139
2025-01-09 01:30:00+00:00,1.6991891015331568,1.700268876382112,1.6937979998326131,1.6948777746815684,1282.5535844952938
2025-01-09 01:35:00+00:00,1.6948777746815684,1.7002720761940489,1.6849987908539368,1.6903930923664172,942.4283021423391
2025-01-09 01:40:00+00:00,1.6903930923664172,1.6965996689955705,1.6823552542835418,1.688561830912695,895.9984515883435
2025-01-09 01:45:00+00:00,1.688561830912695,1.6941791429926465,1.6801719824378505,1.685789294517802,1009.8939917959734
2025-01-09 01:50:00+00:00,1.685789294517802,1.688904371210529,1.6760946746055239,1.679209751298251,1056.7899874133623
2025-01-09 01:55:00+00:00,1.679209751298251,1.6843605558218349,1.6691501890583118,1.6743009935818958,1711.5538092717413
2025-01-09 02:00:00+00:00,1.6743009935818958,1.67711175340488,1.6668018595777596,1.669612619400744,4264.9128743944275
2025-01-09 02:05:00+00:00,1.669612619400744,1.671230826666968,1.6638477862348395,1.6654659935010636,1867.5633699179623
2025-01-09 02:10:00+00:00,1.6654659935010636,1.6704052965085534,1.655138681765333,1.6600779847728229,1997.9990016824797
2025-01-09 02:15:00+00:00,1.6600779847728229,1.6655630551397673,1.653265390519946,1.6587504608868904,2429.8607046170805
2025-01-09 02:20:00+00:00,1.6587504608868904,1.6641861729376837,1.6473491430503036,1.6527848551010969,1502.4578728666934
2025-01-09 02:25:00+00:00,1.6527848551010969,1.6579710349486299,1.6413831325197834,1.6465693123673164,947.9489635363022
2025-01-09 02:30:00+00:00,1.6465693123673164,1.6485469304542408,1.6409169987971088,1.6428946168840333,1530.4487723828827
2025-01-09 02:35:00+00:00,1.6428946168840333,1.6455614773952685,1.6316901672178707,1.634357027729106,913.659477848133
2025-01-09 02:40:00+00:00,1.634357027729106,1.639275996440318,1.6233059687197517,1.6282249374309639,978.022277495891
2025-01-09 02:45:00+00:00,1.6282249374309639,1.6304069432899566,1.6231433464220386,1.6253253522810314,1432.5998013477335
2025-01-09 02:50:00+00:00,1.6253253522810314,1.6311640534320813,1.6127842015360936,1.6186229026871435,1705.3631659856514
2025-01-09 02:55:00+00:00,1.6186229026871435,1.620541301275133,1.6109518205018325,1.612870219089822,1040.6238491856852
2025-01-09 03:00:00+00:00,1.612870219089822,1.6166016907192384,1.6071330159046606,1.610864487534077,1094.675394516045
2025-01-09 03:05:00+00:00,1.610864487534077,1.6154664407499648,1.6030491858043785,1.6076511390202664,1183.1425933013543
2025-01-09 03:10:00+00:00,1.6076511390202664,1.6131715680801046,1.5981652221560259,1.6036856512158641,1377.133409656787
2025-01-09 03:15:00+00:00,1.6036856512158641,1.6075141740411045,1.5962765117866966,1.600105034611937,714.9524742613746
2025-01-09 03:20:00+00:00,1.600105034611937,1.6010505736635394,1.5938454409419052,1.5947909799935076,1187.4165350248657
2025-01-09 03:25:00+00:00,1.5947909799935076,1.5975494126557628,1.5886463718937867,1.5914048045560418,992.0957039350802
2025-01-09 03:30:00+00:00,1.5914048045560418,1.5944465963388463,1.5840408951752778,1.5870826869580823,1181.7695898288052
2025-01-09 03:35:00+00:00,1.5870826869580823,1.59099745807577,1.5840374437330922,1.5879522148507799,1286.5665988942758
2025-01-09 03:40:00+00:00,1.5879522148507799,1.5910993338288628,1.5819839555704018,1.5851310745484848,614.9040432892757
2025-01-09 03:45:00+00:00,1.5851310745484848,1.5899047029730065,1.5759250738358297,1.5806987022603514,1414.1610825726189
2025-01-09 03:50:00+00:00,1.5806987022603514,1.5866490877812742,1.570919692242497,1.57687007776342,1124.5347301265344
2025-01-09 03:55:00+00:00,1.57687007776342,1.579873278707554,1.5703045537877016,1.5733077547318357,1013.0738825824103
2025-01-09 04:00:00+00:00,1.5733077547318357,1.5747800854904475,1.5656420052650382,1.56711433602365,1253.6096381426726
2025-01-09 04:05:00+00:00,1.56711433602365,1.5710390729501653,1.5581254035820629,1.5620501405085783,1253.7837774413551
2025-01-09 04:10:00+00:00,1.5620501405085783,1.5632294218756355,1.5602879075979221,1.5614671889649794,1843.4586312063163
2025-01-09 04:15:00+00:00,1.5614671889649794,1.5628084157925166,1.5541312946528867,1.555472521480424,1336.3722649134904
2025-01-09 04:20:00+00:00,1.555472521480424,1.5563868830164431,1.5501892416750038,1.551103603211023,1364.8398663513667
2025-01-09 04:25:00+00:00,1.551103603211023,1.5537038246920234,1.547201545889439,1.5498017673704394,1182.8580069228065
2025-01-09 04:30:00+00:00,1.5498017673704394,1.5552423090011882,1.5440427664899399,1.5494833081206887,1320.2835089766807
2025-01-09 04:35:00+00:00,1.5494833081206887,1.5514321271241651,1.542587510645925,1.5445363296494015,893.8842180500112
2025-01-09 04:40:00+00:00,1.5445363296494015,1.5495681422732759,1.5392522313828758,1.5442840440067502,2956.2491109401367
2025-01-09 04:45:00+00:00,1.5442840440067502,1.5504149477286835,1.5346009142609915,1.5407318179829248,2568.917805605342
2025-01-09 04:50:00+00:00,1.5407318179829248,1.5457802716638114,1.5359482763764918,1.5409967300573784,2997.3568577546484
2025-01-09 04:55:00+00:00,1.5409967300573784,1.5469533463530623,1.5332486153553941,1.539205231651078,3037.522565628462
2025-01-09 05:00:00+00:00,1.539205231651078,1.5425680632533232,1.532685940680259,1.5360487722825042,1720.348047581463
2025-01-09 05:05:00+00:00,1.5360487722825042,1.540888180914961,1.5299991437534346,1.5348385523858914,1237.6447876060945
2025-01-09 05:10:00+00:00,1.5348385523858914,1.538079884972954,1.5301536476221294,1.533394980209192,1323.0561358209948
2025-01-09 05:15:00+00:00,1.533394980209192,1.5371642606684581,1.5258079824605895,1.5295772629198556,1429.2326037733915
2025-01-09 05:20:00+00:00,1.5295772629198556,1.5345120413032332,1.5262646906593593,1.5311994690427368,682.9748354262674
2025-01-09 05:25:00+00:00,1.5311994690427368,1.5349478558478078,1.5245656007612822,1.5283139875663532,1220.16319822771
2025-01-09 05:30:00+00:00,1.5283139875663532,1.5310382254268156,1.5255191035553475,1.5282433414158099,791.8437840756078
2025-01-09 05:35:00+00:00,1.5282433414158099,1.5321684607693746,1.5213088804981862,1.525233999851751,924.0881143867975
2025-01-09 05:40:00+00:00,1.525233999851751,1.5298659385785862,1.5152085126070065,1.5198404513338417,1198.7951719144137
2025-01-09 05:45:00+00:00,1.5198404513338417,1.5253821524813254,1.5102607406020532,1.5158024417495368,1267.053012103689
2025-01-09 05:50:00+00:00,1.5158024417495368,1.521702595543519,1.5077814087742678,1.51368156256825,1129.8297898827097
2025-01-09 05:55:00+00:00,1.51368156256825,1.5160981605167105,1.5106153515608778,1.5130319495093383,1015.0870029668542
2025-01-09 06:00:00+00:00,1.5130319495093383,1.5164634827176382,1.5109530787530892,1.514384611961389,994.2245358683272
2025-01-09 06:05:00+00:00,1.514384611961389,1.51617857414337,1.5109294463652296,1.5127234085472105,1329.9551418778378
2025-01-09 06:10:00+00:00,1.5127234085472105,1.5183530622753305,1.5048074197899608,1.5104370735180808,1352.2027509059728
2025-01-09 06:15:00+00:00,1.5104370735180808,1.512155653027259,1.5047487236174621,1.5064673031266405,1138.1507372864767
2025-01-09 06:20:00+00:00,1.5064673031266405,1.5112401689693962,1.4998937716049376,1.5046666374476934,715.3633345738854
2025-01-09 06:25:00+00:00,1.5046666374476934,1.5069856156950447,1.501191057191978,1.5035100354393294,629.3592300291898
2025-01-09 06:30:00+00:00,1.5035100354393294,1.5055139215448605,1.4958358514134897,1.4978397375190209,744.1231920653003
2025-01-09 06:35:00+00:00,1.4978397375190209,1.5041977160132565,1.492154047264196,1.4985120257584317,975.1914023943665
2025-01-09 06:40:00+00:00,1.4985120257584317,1.5036319869395205,1.493764391603436,1.4988843527845248,1323.7172783468227
2025-01-09 06:45:00+00:00,1.4988843527845248,1.50644724448272,1.4937414167640075,1.5013043084622026,996.0537159646482
2025-01-09 06:50:00+00:00,1.5013043084622026,1.5046253484327956,1.4946542394937656,1.4979752794643586,958.4499368223803
2025-01-09 06:55:00+00:00,1.4979752794643586,1.5025047012959152,1.4918131523843492,1.4963425742159058,1051.5152556192438
2025-01-09 07:00:00+00:00,1.4963425742159058,1.4977605103185607,1.493229944770705,1.4946478808733599,1022.1716257821417
2025-01-09 07:05:00+00:00,1.4946478808733599,1.4961839942547148,1.4889888548482424,1.4905249682295973,974.098435060374
2025-01-09 07:10:00+00:00,1.4905249682295973,1.492746551270478,1.485010643883048,1.4872322269239286,894.9913596627146
2025-01-09 07:15:00+00:00,1.4872322269239286,1.4905785624219636,1.480324302493554,1.483670637991589,2009.278324555126
2025-01-09 07:20:00+00:00,1.483670637991589,1.4872852230141904,1.4791305862446587,1.4827451712672601,2277.6319951274622
2025-01-09 07:25:00+00:00,1.4827451712672601,1.4860452537888396,1.4783272704661012,1.4816273529876807,2398.2444495947366
2025-01-09 07:30:00+00:00,1.4816273529876807,1.4849704703284254,1.478750257096973,1.4820933744377178,2077.7574028589534
2025-01-09 07:35:00+00:00,1.4820933744377178,1.483224031219094,1.478260245330289,1.4793909021116654,2954.4154185129987
2025-01-09 07:40:00+00:00,1.4793909021116654,1.481781904211772,1.4724827131623128,1.4748737152624194,1830.1455705031672
2025-01-09 07:45:00+00:00,1.4748737152624194,1.479102398430047,1.4693294118283342,1.473558094995962,1224.1352697019229
2025-01-09 07:50:00+00:00,1.473558094995962,1.4763741855496226,1.469242790919863,1.4720588814735238,914.3813336381143
2025-01-09 07:55:00+00:00,1.4720588814735238,1.4742422104470727,1.4688361276258917,1.4710194565994406,1267.0164692920475
2025-01-09 08:00:00+00:00,1.4710194565994406,1.474282921086275,1.4676744973712432,1.4709379618580776,847.2695396197944
2025-01-09 08:05:00+00:00,1.4709379618580776,1.4761571317527646,1.4623356449496616,1.4675548148443487,1085.7779349349428
2025-01-09 08:10:00+00:00,1.4675548148443487,1.4704087157410874,1.4636904551904897,1.4665443560872284,1378.7942651876613
2025-01-09 08:15:00+00:00,1.4665443560872284,1.4714852763805473,1.4573511769415324,1.4622920972348512,1328.7932279180527
2025-01-09 08:20:00+00:00,1.4622920972348512,1.46570648148363,1.4565999139096313,1.46001429815841,884.8947466800975
2025-01-09 08:25:00+00:00,1.46001429815841,1.4642635827607675,1.4543518297022684,1.4586011143046258,937.1381083910321
2025-01-09 08:30:00+00:00,1.4586011143046258,1.4624553405985061,1.45185202313427,1.4557062494281503,814.7149433368483
2025-01-09 08:35:00+00:00,1.4557062494281503,1.4573452442397925,1.4516868697502403,1.4533258645618825,996.1952019343257
2025-01-09 08:40:00+00:00,1.4533258645618825,1.4550123967922464,1.4463851527985285,1.4480716850288924,738.9736035840782
2025-01-09 08:45:00+00:00,1.4480716850288924,1.4495239744365753,1.4426014457241252,1.4440537351318081,982.5160575142693
2025-01-09 08:50:00+00:00,1.4440537351318081,1.446038024692397,1.4393773906102842,1.441361680170873,881.1456240181531
2025-01-09 08:55:00+00:00,1.441361680170873,1.4427346456149426,1.4348972316004351,1.4362701970445046,1054.4890367418657
2025-01-09 09:00:00+00:00,1.4362701970445046,1.4414490094050056,1.426552305426122,1.431731117786623,1017.7172232271056
2025-01-09 09:05:00+00:00,1.431731117786623,1.4346818961102883,1.4298380859598574,1.4327888642835227,1061.0749382887934
2025-01-09 09:10:00+00:00,1.4327888642835227,1.4370978563366263,1.425733935836822,1.4300429278899256,1085.2469984891518
2025-01-09 09:15:00+00:00,1.4300429278899256,1.435696482882768,1.4197331464929845,1.425386701485827,1366.493048128234
2025-01-09 09:20:00+00:00,1.425386701485827,1.4273103441426946,1.4184088616824782,1.4203325043393458,1016.4893033050532
2025-01-09 09:25:00+00:00,1.4203325043393458,1.425959571340638,1.413722011487017,1.4193490784883094,949.22958939205
2025-01-09 09:30:00+00:00,1.4193490784883094,1.4244696833142065,1.4060813315661613,1.4112019363920585,1412.7087895167704
2025-01-09 09:35:00+00:00,1.4112019363920585,1.4167931915858643,1.4015736945905064,1.4071649497843122,505.5880634672392
2025-01-09 09:40:00+00:00,1.4071649497843122,1.4103577776760796,1.4015112743095008,1.4047041022012683,849.856600778723
2025-01-09 09:45:00+00:00,1.4047041022012683,1.4065611634450674,1.3983403870113826,1.4001974482551818,841.9171416381639
2025-01-09 09:50:00+00:00,1.4001974482551818,1.4039852654455558,1.3936996570252693,1.3974874742156433,1589.5305204607216
2025-01-09 09:55:00+00:00,1.3974874742156433,1.4028093809707411,1.3867970284241458,1.3921189351792436,2790.419295991117
2025-01-09 10:00:00+00:00,1.3921189351792436,1.392923721944916,1.387663575489151,1.3884683622548235,2739.625692018225
2025-01-09 10:05:00+00:00,1.3884683622548235,1.3935686475090865,1.379800595542696,1.384900880796959,2400.7629082399494
2025-01-09 10:10:00+00:00,1.384900880796959,1.3876692149605412,1.378511937551562,1.3812802717151442,2624.0165903780135
2025-01-09 10:15:00+00:00,1.3812802717151442,1.3850382035423319,1.3741222721565622,1.3778802039837499,3396.9703411914807
2025-01-09 10:20:00+00:00,1.3778802039837499,1.3807880758035191,1.3714003254955371,1.3743081973153064,1579.6756513022774
2025-01-09 10:25:00+00:00,1.3743081973153064,1.376380827954499,1.3704583276276818,1.3725309582668743,874.2428158828044
2025-01-09 10:30:00+00:00,1.3725309582668743,1.3751378659109001,1.3658802410328708,1.3684871486768966,1220.5721111932876
2025-01-09 10:35:00+00:00,1.3684871486768966,1.3710519200531746,1.3613693345953441,1.3639341059716221,888.2433667023039
2025-01-09 10:40:00+00:00,1.3639341059716221,1.3689071128116275,1.3549418087984066,1.359914815638412,1323.3190511817816
2025-01-09 10:45:00+00:00,1.359914815638412,1.3653273020731163,1.3504805778553577,1.355893064290062,1332.0424593014347
2025-01-09 10:50:00+00:00,1.355893064290062,1.360356843191658,1.345467471921636,1.349931250823232,1444.4557247959888
2025-01-09 10:55:00+00:00,1.349931250823232,1.3545008067421385,1.3388311025006614,1.343400658419568,729.1383770749464
2025-01-09 11:00:00+00:00,1.343400658419568,1.3454392583146009,1.3357954573124122,1.3378340572074452,1142.8941935706946
2025-01-09 11:05:00+00:00,1.3378340572074452,1.3410471202040388,1.3317381610017707,1.3349512239983643,1425.459676855209
2025-01-09 11:10:00+00:00,1.3349512239983643,1.3366610225589568,1.3288869895522972,1.3305967881128897,987.824216489882
2025-01-09 11:15:00+00:00,1.3305967881128897,1.335898853688457,1.3214080799702512,1.3267101455458186,1410.7840300605203
2025-01-09 11:20:00+00:00,1.3267101455458186,1.3332718971305173,1.3215443549534758,1.3281061065381745,1025.786175579686
2025-01-09 11:25:00+00:00,1.3281061065381745,1.331131704878609,1.323751363850483,1.3267769621909176,822.8156429691066
2025-01-09 11:30:00+00:00,1.3267769621909176,1.3296864712586616,1.320472385478525,1.323381894546269,1667.6301629734053
2025-01-09 11:35:00+00:00,1.323381894546269,1.3279599658984333,1.3148077244213867,1.319385795773551,769.0865675837973
2025-01-09 11:40:00+00:00,1.319385795773551,1.3201803069344074,1.31784272305987,1.3186372342207262,1127.853125042698
2025-01-09 11:45:00+00:00,1.3186372342207262,1.3233396386100098,1.30983853286163,1.3145409372509136,1061.6445575960156
2025-01-09 11:50:00+00:00,1.3145409372509136,1.3157654257433766,1.3124763910218569,1.31370087951432,945.6072154766616
2025-01-09 11:55:00+00:00,1.31370087951432,1.31885377382154,1.3067504744880338,1.311903368795254,947.7665787369988
2025-01-09 12:00:00+00:00,1.311903368795254,1.313169777448591,1.3101622029776367,1.311428611630974,712.2299716622741
2025-01-09 12:05:00+00:00,1.311428611630974,1.3141131966896344,1.3050167977207001,1.3077013827793607,1169.01058533338
2025-01-09 12:10:00+00:00,1.3077013827793607,1.3113921735848866,1.3029127468847086,1.3066035376902345,836.4978808086738
2025-01-09 12:15:00+00:00,1.3066035376902345,1.3103792850120695,1.297543472012092,1.301319219333927,1737.1831380696306
2025-01-09 12:20:00+00:00,1.301319219333927,1.3042110163450553,1.2957815421142693,1.2986733391253977,987.3814486164974
2025-01-09 12:25:00+00:00,1.2986733391253977,1.302914146464776,1.2938069216988737,1.298047729038252,727.9629115402951
2025-01-09 12:30:00+00:00,1.298047729038252,1.3003064313232586,1.294627577584632,1.2968862798696388,1196.1748516062041
2025-01-09 12:35:00+00:00,1.2968862798696388,1.300439243402869,1.2882985903303248,1.291851553863555,2981.6720073143597
2025-01-09 12:40:00+00:00,1.291851553863555,1.296118644151713,1.286529874629412,1.29079696491757,3207.203929385737
2025-01-09 12:45:00+00:00,1.29079696491757,1.292856714946639,1.2873813374658767,1.2894410874949458,2209.4154606808106
2025-01-09 12:50:00+00:00,1.2894410874949458,1.2922399964249318,1.2845378405455492,1.2873367494755352,2371.235893211012
2025-01-09 12:55:00+00:00,1.2873367494755352,1.291563851982007,1.2800422765884585,1.2842693790949302,2319.7532577991524
2025-01-09 13:00:00+00:00,1.2842693790949302,1.288294130962168,1.2779118574742698,1.2819366093415077,2785.879558229052
2025-01-09 13:05:00+00:00,1.2819366093415077,1.285273137184273,1.2758658716994271,1.2792023995421924,1544.1464772573554
2025-01-09 13:10:00+00:00,1.2792023995421924,1.280064980263972,1.2779860288742018,1.2788486095959815,1395.586532069258
2025-01-09 13:15:00+00:00,1.2788486095959815,1.280499836437152,1.276143112366078,1.2777943392072486,996.8544873930902
2025-01-09 13:20:00+00:00,1.2777943392072486,1.279434712367695,1.2760587281394673,1.2776991012999137,1050.1988840829479
2025-01-09 13:25:00+00:00,1.2776991012999137,1.2818232712051745,1.272927408193358,1.2770515780986187,1071.870090978121
2025-01-09 13:30:00+00:00,1.2770515780986187,1.279494799744027,1.2709679642304264,1.2734111858758346,946.5695127453971
2025-01-09 13:35:00+00:00,1.2734111858758346,1.2750283682437054,1.2703488335634958,1.2719660159313666,841.0961576194204
2025-01-09 13:40:00+00:00,1.2719660159313666,1.2769727097971386,1.2685987547905093,1.2736054486562813,980.7038138997035
2025-01-09 13:45:00+00:00,1.2736054486562813,1.2770395190226866,1.2668516969053452,1.2702857672717505,1241.4513040318586
2025-01-09 13:50:00+00:00,1.2702857672717505,1.275250455581588,1.264135886897714,1.2691005752075515,1240.0181722170576
2025-01-09 13:55:00+00:00,1.2691005752075515,1.270510093950517,1.2648946020719476,1.266304120814913,840.1804792257352
2025-01-09 14:00:00+00:00,1.266304120814913,1.2693836174859054,1.2602676936577595,1.2633471903287519,1179.516410772267
2025-01-09 14:05:00+00:00,1.2633471903287519,1.2662500907650784,1.2591554994327003,1.262058399869027,1031.7029800539171
2025-01-09 14:10:00+00:00,1.262058399869027,1.2653510567447828,1.2585389057327834,1.2618315626085392,1177.112334313399
2025-01-09 14:15:00+00:00,1.2618315626085392,1.2656196702271205,1.2575730862011942,1.2613611938197755,1295.7502553965128
2025-01-09 14:20:00+00:00,1.2613611938197755,1.2634962157044614,1.2582736483733326,1.2604086702580184,1224.2693350136924
2025-01-09 14:25:00+00:00,1.2604086702580184,1.2628515774743183,1.2577283703573499,1.2601712775736498,1370.7989445665744
2025-01-09 14:30:00+00:00,1.2601712775736498,1.2623722573242546,1.2538076189423355,1.2560085986929403,1295.3496214122206
2025-01-09 14:35:00+00:00,1.2560085986929403,1.2606633640200104,1.2508565593958785,1.2555113247229486,1336.8666723756062
2025-01-09 14:40:00+00:00,1.2555113247229486,1.2564685734510959,1.2533983231773624,1.2543555719055097,1054.8693861812217
2025-01-09 14:45:00+00:00,1.2543555719055097,1.259007251639939,1.2476254073587412,1.2522770870931705,716.4335345389253
2025-01-09 14:50:00+00:00,1.2522770870931705,1.2567160276307747,1.2459802080313895,1.2504191485689937,627.5404510884185
2025-01-09 14:55:00+00:00,1.2504191485689937,1.2532364472640696,1.2444377918872231,1.247255090582299,1038.8109120057504
2025-01-09 15:00:00+00:00,1.247255090582299,1.247925462235435,1.2463986506319737,1.2470690222851097,1019.8019956785062
2025-01-09 15:05:00+00:00,1.2470690222851097,1.248174428034178,1.2428569368553555,1.2439623426044237,733.015989322657
2025-01-09 15:10:00+00:00,1.2439623426044237,1.2447153096338566,1.2389808633682302,1.239733830397663,759.1277161447815
2025-01-09 15:15:00+00:00,1.239733830397663,1.2403787601988847,1.2370013286812485,1.2376462584824701,1364.4462691103984
2025-01-09 15:20:00+00:00,1.2376462584824701,1.2413294649667688,1.2309715255921476,1.2346547320764463,5730.6383694215865
2025-01-09 15:25:00+00:00,1.2346547320764463,1.2392095120740432,1.2278107913677154,1.2323655713653123,2387.0588112109485
2025-01-09 15:30:00+00:00,1.2323655713653123,1.2359296679719842,1.2287976233405102,1.2323617199471821,2504.5083498887498
2025-01-09 15:35:00+00:00,1.2323617199471821,1.2331433618196046,1.2290754854885442,1.2298571273609666,4890.280928214187
2025-01-09 15:40:00+00:00,1.2298571273609666,1.2345963315146158,1.2229430446958707,1.2276822488495198,2391.0267236776344
2025-01-09 15:45:00+00:00,1.2276822488495198,1.2312319422230034,1.2250599381384926,1.228609631511976,1673.874594521147
2025-01-09 15:50:00+00:00,1.228609631511976,1.2334713897028275,1.2192049547768042,1.2240667129676557,2185.0472559988375
2025-01-09 15:55:00+00:00,1.2240667129676557,1.2275310623583195,1.2186146147007,1.2220789640913639,2228.6956423586203
2025-01-09 16:00:00+00:00,1.2220789640913639,1.226440748434202,1.2168476266827408,1.221209411025579,1687.403326762156
2025-01-09 16:05:00+00:00,1.221209411025579,1.2226139313582796,1.2193876437816933,1.220792164114394,3740.229460170047
2025-01-09 16:10:00+00:00,1.220792164114394,1.2232857639005752,1.2188974310565306,1.2213910308427118,2243.6214776311917
2025-01-09 16:15:00+00:00,1.2213910308427118,1.2237185484537383,1.2153477940070967,1.2176753116181231,2186.5439647555986
2025-01-09 16:20:00+00:00,1.2176753116181231,1.2217159735820697,1.2161142956178976,1.2201549575818442,1983.9779552795758
2025-01-09 16:25:00+00:00,1.2201549575818442,1.2227069186028205,1.218999950301788,1.2215519113227644,2211.871390553747
2025-01-09 16:30:00+00:00,1.2215519113227644,1.2270128713096062,1.2169124574185566,1.2223734174053984,1569.0926480053427
2025-01-09 16:35:00+00:00,1.2223734174053984,1.22443334019553,1.2206888527189317,1.2227487755090634,1941.5595957658963
2025-01-09 16:40:00+00:00,1.2227487755090634,1.2272582134234171,1.2174856960971236,1.2219951340114774,2057.8270722045945
2025-01-09 16:45:00+00:00,1.2219951340114774,1.2248545962445372,1.220985060758011,1.2238445229910708,2148.5435229235786
2025-01-09 16:50:00+00:00,1.2238445229910708,1.2276180759023128,1.222503690947146,1.226277243858388,1808.6246442435224
2025-01-09 16:55:00+00:00,1.226277243858388,1.2285006874651883,1.2237741005846152,1.2259975441914155,2098.999016311735
2025-01-09 17:00:00+00:00,1.2259975441914155,1.231112706728995,1.223266633765631,1.2283817963032106,1748.2650417795548
2025-01-09 17:05:00+00:00,1.2283817963032106,1.2308461308493435,1.2263325395812104,1.2287968741273432,2798.7602214741005
2025-01-09 17:10:00+00:00,1.2287968741273432,1.2304242779076888,1.2268796034177507,1.2285070071980964,1488.0633469311376
2025-01-09 17:15:00+00:00,1.2285070071980964,1.2318222383467725,1.222502909533826,1.2258181406825022,1388.130301355544
2025-01-09 17:20:00+00:00,1.2258181406825022,1.2321047334976707,1.22234029228719,1.2286268851023585,1957.5374552404007
2025-01-09 17:25:00+00:00,1.2286268851023585,1.231515031585211,1.2279701885537984,1.2308583350366509,2349.8223266312375
2025-01-09 17:30:00+00:00,1.2308583350366509,1.234731366164076,1.227686316553715,1.2315593476811402,1722.5167883453892
2025-01-09 17:35:00+00:00,1.2315593476811402,1.2338143776387644,1.2298934994003625,1.2321485293579868,2002.4968121040315
2025-01-09 17:40:00+00:00,1.2321485293579868,1.2345684935156533,1.2289631039682334,1.2313830681259,1972.7637062911415
2025-01-09 17:45:00+00:00,1.2313830681259,1.2345922671430134,1.2301186261062032,1.2333278251233166,2129.282567607066
2025-01-09 17:50:00+00:00,1.2333278251233166,1.2353603544031306,1.2323908299771011,1.2344233592569152,2846.8298745011184
2025-01-09 17:55:00+00:00,1.2344233592569152,1.2382682954437887,1.2325929258373403,1.2364378620242138,3324.290026535898
2025-01-09 18:00:00+00:00,1.2364378620242138,1.2422708211894056,1.2321027479782956,1.2379357071434873,3620.2759980239334
2025-01-09 18:05:00+00:00,1.2379357071434873,1.2414809401343436,1.2335467802484337,1.23709201323929,4319.600848189849
2025-01-09 18:10:00+00:00,1.23709201323929,1.2398406484723339,1.2333071727529032,1.2360558079859472,4002.2453256093277
2025-01-09 18:15:00+00:00,1.2360558079859472,1.2418858374813784,1.2321739293868499,1.238003958882281,4695.420614845437
2025-01-09 18:20:00+00:00,1.238003958882281,1.2427674454528923,1.2320753685952721,1.2368388551658833,2975.752752551378
2025-01-09 18:25:00+00:00,1.2368388551658833,1.2432089778914364,1.2322816622193795,1.2386517849449326,2316.2961672016236
2025-01-09 18:30:00+00:00,1.2386517849449326,1.2439738605998965,1.2361410696923463,1.2414631453473102,1767.1948051950208
2025-01-09 18:35:00+00:00,1.2414631453473102,1.2443903663517435,1.2381155510220614,1.2410427720264947,2396.7294019398582
2025-01-09 18:40:00+00:00,1.2410427720264947,1.2443681053612783,1.2402900677732522,1.2436154011080358,2305.1499689583316
2025-01-09 18:45:00+00:00,1.2436154011080358,1.2483918112164392,1.2405261034214001,1.2453025135298035,3268.6115030933734
2025-01-09 18:50:00+00:00,1.2453025135298035,1.2498971047203766,1.2431968181858168,1.24779140937639,1563.91629893012
2025-01-09 18:55:00+00:00,1.24779140937639,1.2505394165619164,1.2458369280124164,1.2485849351979428,2157.118389656723
2025-01-09 19:00:00+00:00,1.2485849351979428,1.2524576836820882,1.2465043138756777,1.2503770623598232,2571.4961351284137
2025-01-09 19:05:00+00:00,1.2503770623598232,1.2574570888070897,1.2458267804065002,1.2529068068537668,2448.7938890462265
2025-01-09 19:10:00+00:00,1.2529068068537668,1.258668430094369,1.2518764117984,1.2576380350390022,2104.1320317294135
2025-01-09 19:15:00+00:00,1.2576380350390022,1.2653457024731847,1.2530799793892444,1.260787646823427,1688.3165861407133
2025-01-09 19:20:00+00:00,1.260787646823427,1.2674793864704017,1.2569610461602603,1.263652785807235,1593.5802607190758
2025-01-09 19:25:00+00:00,1.263652785807235,1.2673712665866033,1.260129915324811,1.263848396104179,1555.456123696914
2025-01-09 19:30:00+00:00,1.263848396104179,1.2686596756851765,1.261793105644339,1.2666043852253364,2092.288339395399
2025-01-09 19:35:00+00:00,1.2666043852253364,1.2712232127147518,1.2632596110013183,1.2678784384907338,2236.816759480947
2025-01-09 19:40:00+00:00,1.2678784384907338,1.2708535993578634,1.2671842822355752,1.2701594431027048,1848.2730889937634
2025-01-09 19:45:00+00:00,1.2701594431027048,1.2736766244848445,1.2695132885979536,1.2730304699800934,1693.8861790816409
2025-01-09 19:50:00+00:00,1.2730304699800934,1.278042435277028,1.27204208430543,1.2770540496023648,2069.7859668225337
2025-01-09 19:55:00+00:00,1.2770540496023648,1.2840078089387321,1.2736167402346665,1.2805704995710339,1356.218966029914
2025-01-09 20:00:00+00:00,1.2805704995710339,1.2858359011002778,1.2782645735298785,1.2835299750591225,3619.9972301178113
2025-01-09 20:05:00+00:00,1.2835299750591225,1.2877131788194571,1.2819880312675385,1.2861712350278731,1649.826327571562
2025-01-09 20:10:00+00:00,1.2861712350278731,1.2956517363718487,1.2815966446526046,1.2910771459965802,2123.0291906772054
2025-01-09 20:15:00+00:00,1.2910771459965802,1.2932889312133178,1.290335598220914,1.2925473834376515,1991.084915182096
2025-01-09 20:20:00+00:00,1.2925473834376515,1.2998392367665774,1.2882243617418627,1.2955162150707886,1990.7661487057226
2025-01-09 20:25:00+00:00,1.2955162150707886,1.303745226671654,1.2924083381092686,1.300637349710134,2162.951069022195
2025-01-09 20:30:00+00:00,1.300637349710134,1.3057704976920461,1.2982118074754991,1.3033449554574112,3373.984864111824
2025-01-09 20:35:00+00:00,1.3033449554574112,1.3100264734475902,1.30103174913467,1.3077132671248488,7097.061245779088
2025-01-09 20:40:00+00:00,1.3077132671248488,1.316624591552931,1.3033152679822024,1.3122265924102847,4707.148019472139
2025-01-09 20:45:00+00:00,1.3122265924102847,1.3202630069344263,1.3104819922466697,1.3185184067708113,3019.630351630177
2025-01-09 20:50:00+00:00,1.3185184067708113,1.3247051004216597,1.3173204113253316,1.32350710497618,6334.032794621673
2025-01-09 20:55:00+00:00,1.32350710497618,1.327525572325225,1.3200567520753315,1.3240752194243766,5267.569040963593
2025-01-09 21:00:00+00:00,1.3240752194243766,1.3305359818296278,1.320841676563185,1.3273024389684362,1980.6348386896254
2025-01-09 21:05:00+00:00,1.3273024389684362,1.3327652242283574,1.3255537729143254,1.3310165581742466,2130.34982512215
2025-01-09 21:10:00+00:00,1.3310165581742466,1.3408377508076192,1.3257843845279973,1.33560557716137,1644.7462677973206
2025-01-09 21:15:00+00:00,1.33560557716137,1.342507152776629,1.332593485996168,1.339495061611427,3400.33360189942
2025-01-09 21:20:00+00:00,1.339495061611427,1.3476738095152236,1.3376448138117785,1.3458235617155752,2110.449419137171
2025-01-09 21:25:00+00:00,1.3458235617155752,1.352635632891415,1.3440758819659375,1.3508879531417775,1777.436958906433
2025-01-09 21:30:00+00:00,1.3508879531417775,1.3556164344737844,1.3474867969512851,1.3522152782832921,1368.6942996464288
2025-01-09 21:35:00+00:00,1.3522152782832921,1.3571532129582333,1.3494768670653603,1.3544148017403015,1579.2801357251103
2025-01-09 21:40:00+00:00,1.3544148017403015,1.35557787930285,1.3530805505841343,1.3542436281466828,1265.081134052599
2025-01-09 21:45:00+00:00,1.3542436281466828,1.3618832488831563,1.3526259112417338,1.3602655319782073,1918.4310213391548
2025-01-09 21:50:00+00:00,1.3602655319782073,1.3676094225047037,1.3558632239769501,1.3632071145034466,1758.2734970218075
2025-01-09 21:55:00+00:00,1.3632071145034466,1.367764575056968,1.3615234437202919,1.3660809042738133,1594.6800161325339
2025-01-09 22:00:00+00:00,1.3660809042738133,1.367876389777062,1.364731707995642,1.3665271934988907,1858.2036194186092
2025-01-09 22:05:00+00:00,1.3665271934988907,1.373715868135014,1.3616150000750915,1.3688036747112147,2142.071104347433
2025-01-09 22:10:00+00:00,1.3688036747112147,1.374046962056268,1.3672193791331742,1.3724626664782276,1967.7028591313804
2025-01-09 22:15:00+00:00,1.3724626664782276,1.3756735877046051,1.3714677037548493,1.3746786249812268,1714.0682749894268
2025-01-09 22:20:00+00:00,1.3746786249812268,1.381639769472959,1.36988908809931,1.3768502325910421,2301.192271305558
2025-01-09 22:25:00+00:00,1.3768502325910421,1.3794512774397543,1.3759784399180377,1.3785794847667499,1886.2213447930333
2025-01-09 22:30:00+00:00,1.3785794847667499,1.3864861102692474,1.3766914452310532,1.3845980707335508,2085.771887404378
2025-01-09 22:35:00+00:00,1.3845980707335508,1.3872548154766018,1.3836525074937696,1.3863092522368206,1889.2108518662246
2025-01-09 22:40:00+00:00,1.3863092522368206,1.3900808714474449,1.382657925728498,1.3864295449391224,1772.1458614804471
2025-01-09 22:45:00+00:00,1.3864295449391224,1.392946231652614,1.3815270736607987,1.3880437603742903,3149.6301780439744
2025-01-09 22:50:00+00:00,1.3880437603742903,1.3924226292376871,1.385483576908437,1.3898624457718338,1595.4077179592578
2025-01-09 22:55:00+00:00,1.3898624457718338,1.3930911187397048,1.3888080675556742,1.3920367405235452,1244.255362766752
2025-01-09 23:00:00+00:00,1.3920367405235452,1.3977940135857563,1.3881231061406116,1.3938803792028227,1344.154393831946
2025-01-09 23:05:00+00:00,1.3938803792028227,1.397549401114919,1.3904990602399658,1.3941680821520621,1493.737696599732
2025-01-09 23:10:00+00:00,1.3941680821520621,1.3977951216987152,1.3923067369200708,1.395933776466724,6968.550873098979
2025-01-09 23:15:00+00:00,1.395933776466724,1.4011547501025112,1.3934012318865587,1.398622205522346,9166.378375264825
2025-01-09 23:20:00+00:00,1.398622205522346,1.401559000868863,1.3952648945749286,1.3982016899214456,2664.214235824887
2025-01-09 23:25:00+00:00,1.3982016899214456,1.4062481586085167,1.3954161394754874,1.4034626081625585,5514.9168403314225
2025-01-09 23:30:00+00:00,1.4034626081625585,1.4093456534373312,1.4023169520739571,1.4081999973487298,4305.939722814241
2025-01-09 23:35:00+00:00,1.4081999973487298,1.4100502919071642,1.4050109490829892,1.4068612436414236,7156.403009083763
2025-01-09 23:40:00+00:00,1.4068612436414236,1.411033652385483,1.4037633377889511,1.4079357465330105,2217.9131700502535
2025-01-09 23:45:00+00:00,1.4079357465330105,1.4134524404038153,1.405795983784731,1.4113126776555358,1738.430921964777
2025-01-09 23:50:00+00:00,1.4113126776555358,1.4187659673618884,1.4077614846382358,1.4152147743445884,2536.6847193466688
2025-01-09 23:55:00+00:00,1.4152147743445884,1.4229179427788823,1.412137250507015,1.419840418941309,2095.958538773982
2025-01-10 00:00:00+00:00,1.419840418941309,1.4237725372919894,1.414214496542774,1.4181466148934545,2075.4153206341216
2025-01-10 00:05:00+00:00,1.4181466148934545,1.419981374802727,1.415844149411321,1.4176789093205935,1285.839129925905
2025-01-10 00:10:00+00:00,1.4176789093205935,1.4230255031961687,1.4128525262139935,1.4181991200895687,2167.083765356225
2025-01-10 00:15:00+00:00,1.4181991200895687,1.424080549224037,1.4146401234340533,1.4205215525685215,2116.037384029195
2025-01-10 00:20:00+00:00,1.4205215525685215,1.423185481491719,1.417339873745812,1.4200038026690096,2048.853863416194
2025-01-10 00:25:00+00:00,1.4200038026690096,1.4232346419364894,1.4188398372269397,1.4220706764944195,1890.5917064662685
2025-01-10 00:30:00+00:00,1.4220706764944195,1.4281434188556192,1.4180825529354573,1.424155295296657,2240.6969190095447
2025-01-10 00:35:00+00:00,1.424155295296657,1.430403665655579,1.4204440906210944,1.4266924609800165,1928.45631282502
2025-01-10 00:40:00+00:00,1.4266924609800165,1.4278892285174676,1.424533417261952,1.425730184799403,1450.3333849645073
2025-01-10 00:45:00+00:00,1.425730184799403,1.4309932680511424,1.422082320048544,1.4273454033002833,2184.7433610404305
2025-01-10 00:50:00+00:00,1.4273454033002833,1.4296495424292428,1.4264431089035798,1.4287472480325394,1395.5639056864572
2025-01-10 00:55:00+00:00,1.4287472480325394,1.4341906745507071,1.4238606546093155,1.4293040811274833,2133.12010437512
2025-01-10 01:00:00+00:00,1.4293040811274833,1.43454814352298,1.4276320833178422,1.432876145713339,2087.424652333741
2025-01-10 01:05:00+00:00,1.432876145713339,1.4344600702554522,1.4320999090448086,1.4336838335869218,3138.908297770384
2025-01-10 01:10:00+00:00,1.4336838335869218,1.4417288161369226,1.4295182956135208,1.4375632781635217,2531.649983664888
2025-01-10 01:15:00+00:00,1.4375632781635217,1.4423931836371513,1.4330645741689336,1.4378944796425632,2682.5030727724243
2025-01-10 01:20:00+00:00,1.4378944796425632,1.4456093555301037,1.4345822513094713,1.4422971271970118,2580.622789095918
2025-01-10 01:25:00+00:00,1.4422971271970118,1.4506729861739762,1.438277194828682,1.4466530538056466,1819.984705437552
2025-01-10 01:30:00+00:00,1.4466530538056466,1.4512529871351312,1.4421004049178905,1.446700338247375,2451.983285738359
2025-01-10 01:35:00+00:00,1.446700338247375,1.4502693679315617,1.4452732308913978,1.4488422605755844,2514.403535598184
2025-01-10 01:40:00+00:00,1.4488422605755844,1.4544541603390508,1.4453856025546028,1.4509975023180692,1506.0894394716406
2025-01-10 01:45:00+00:00,1.4509975023180692,1.4546532543846027,1.4472704785492065,1.45092623061574,1772.7988300158195
2025-01-10 01:50:00+00:00,1.45092623061574,1.4589380701629093,1.4460227195391937,1.454034559086363,6463.284498656333
2025-01-10 01:55:00+00:00,1.454034559086363,1.4597778909457473,1.4511307861567504,1.4568741180161346,6714.408240566195
2025-01-10 02:00:00+00:00,1.4568741180161346,1.462884492736712,1.4511681931780047,1.457178567898582,7036.87695710885
2025-01-10 02:05:00+00:00,1.457178567898582,1.4604165258886592,1.4560382795349482,1.4592762375250254,6138.277953208058
2025-01-10 02:10:00+00:00,1.4592762375250254,1.4656976009762872,1.4564383778915875,1.4628597413428492,2655.434867932114
2025-01-10 02:15:00+00:00,1.4628597413428492,1.4656758190834944,1.4618338051990403,1.4646498829396855,3600.9530992214154
2025-01-10 02:20:00+00:00,1.4646498829396855,1.4684937089956014,1.4616802332553605,1.4655240593112764,1296.764996419588
2025-01-10 02:25:00+00:00,1.4655240593112764,1.4726377916640356,1.4635771873404115,1.4706909196931708,1376.1906166434849
2025-01-10 02:30:00+00:00,1.4706909196931708,1.4725031463926446,1.4694330646847522,1.471245291384226,2337.5548359960308
2025-01-10 02:35:00+00:00,1.471245291384226,1.477550614914653,1.4679510192023564,1.4742563427327833,1744.9676245975274
2025-01-10 02:40:00+00:00,1.4742563427327833,1.4805991075327383,1.4724211416212223,1.4787639064211773,1637.567845026245
2025-01-10 02:45:00+00:00,1.4787639064211773,1.4879942361982985,1.473535796952744,1.4827661267298653,1605.0217532290249
2025-01-10 02:50:00+00:00,1.4827661267298653,1.4879730025775555,1.476894399845811,1.4821012756935013,1648.6371983315776
2025-01-10 02:55:00+00:00,1.4821012756935013,1.4872180324070439,1.4791315921350456,1.4842483488485883,1489.9300756495345
2025-01-10 03:00:00+00:00,1.4842483488485883,1.4884108928547368,1.4826681444201648,1.4868306884263134,1430.6252823197483
2025-01-10 03:05:00+00:00,1.4868306884263134,1.4906548454690995,1.4855282818526967,1.4893524388954829,2510.1274403934835
2025-01-10 03:10:00+00:00,1.4893524388954829,1.4965966631104803,1.4862369439945895,1.493481168209587,1946.7132499379932
2025-01-10 03:15:00+00:00,1.493481168209587,1.500667244641816,1.490357714161033,1.4975437905932618,1280.8460559024988
2025-01-10 03:20:00+00:00,1.4975437905932618,1.5020787773078805,1.4964072325327344,1.5009422192473532,1707.9140471096532
2025-01-10 03:25:00+00:00,1.5009422192473532,1.505736398413799,1.4998658433508112,1.504660022517257,1957.9030806175851
2025-01-10 03:30:00+00:00,1.504660022517257,1.5119326763472098,1.502555226280339,1.5098278801102918,1600.6188579076456
2025-01-10 03:35:00+00:00,1.5098278801102918,1.5174059110346858,1.5079327851571085,1.5155108160815025,2234.2183575754816
2025-01-10 03:40:00+00:00,1.5155108160815025,1.5201941026127515,1.5107747377996519,1.5154580243309008,1714.3486098384303
2025-01-10 03:45:00+00:00,1.5154580243309008,1.5263512006628637,1.5121160981541015,1.5230092744860644,2143.03786212917
2025-01-10 03:50:00+00:00,1.5230092744860644,1.5289394894076094,1.5196236031567047,1.5255538180782497,2293.167225879692
2025-01-10 03:55:00+00:00,1.5255538180782497,1.5328982690444866,1.52329055772288,1.5306350086891167,2024.497167318666
2025-01-10 04:00:00+00:00,1.5306350086891167,1.5344040345073704,1.527500479842799,1.5312695056610526,1811.4688781841462
2025-01-10 04:05:00+00:00,1.5312695056610526,1.5367546289178025,1.5285328238537221,1.534017947110472,2283.4968504979447
2025-01-10 04:10:00+00:00,1.534017947110472,1.5378458912011326,1.531581845216555,1.5354097893072156,2505.7030449982094
2025-01-10 04:15:00+00:00,1.5354097893072156,1.5455377712957241,1.5310943339936132,1.5412223159821217,2818.9895137668777
2025-01-10 04:20:00+00:00,1.5412223159821217,1.5488278397575195,1.5390931216282064,1.5466986454036042,2215.5083259901803
2025-01-10 04:25:00+00:00,1.5466986454036042,1.5560947631238276,1.5411440788261213,1.5505401965463446,1370.4021857664536
2025-01-10 04:30:00+00:00,1.5505401965463446,1.5574918211234177,1.5471123402953322,1.5540639648724053,6240.524142447901
2025-01-10 04:35:00+00:00,1.5540639648724053,1.5599345548871753,1.5527812634007259,1.5586518534154958,2970.4171118058484
2025-01-10 04:40:00+00:00,1.5586518534154958,1.5647950135810824,1.5545791280350414,1.560722288200628,3338.138334689544
2025-01-10 04:45:00+00:00,1.560722288200628,1.565881603292406,1.558256102830759,1.5634154179225372,7546.7152293905665
2025-01-10 04:50:00+00:00,1.5634154179225372,1.570655153018216,1.5585540262936484,1.5657937613893271,4752.296323133582
2025-01-10 04:55:00+00:00,1.5657937613893271,1.572406221880824,1.5645697779177012,1.571182238409198,3362.6218398267583
2025-01-10 05:00:00+00:00,1.571182238409198,1.579660315156745,1.5665588014305492,1.5750368781780961,2019.511032673045
2025-01-10 05:05:00+00:00,1.5750368781780961,1.5790477706297135,1.5723558535133122,1.5763667459649295,1943.8058018932202
2025-01-10 05:10:00+00:00,1.5763667459649295,1.582816865061456,1.5743234157755284,1.5807735348720549,1131.0519908886274
2025-01-10 05:15:00+00:00,1.5807735348720549,1.5881201166760022,1.5781513986406313,1.5854979804445786,1959.8158748740298
2025-01-10 05:20:00+00:00,1.5854979804445786,1.5972930720724916,1.5800617020582073,1.5918567936861203,2338.113144381772
2025-01-10 05:25:00+00:00,1.5918567936861203,1.599375132381787,1.5868886803585796,1.5944070190542463,2165.2554246958553
2025-01-10 05:30:00+00:00,1.5944070190542463,1.6029689071057867,1.5902116886135,1.5987735766650404,3723.215644273051
2025-01-10 05:35:00+00:00,1.5987735766650404,1.6073499687535746,1.5977916279397324,1.6063680200282666,2482.0516467443667
2025-01-10 05:40:00+00:00,1.6063680200282666,1.6137403610536154,1.6018336978718657,1.6092060388972145,2297.439835871583
2025-01-10 05:45:00+00:00,1.6092060388972145,1.6181941110682452,1.602916604424221,1.6119046765952516,2634.110614282198
2025-01-10 05:50:00+00:00,1.6119046765952516,1.6221699607654982,1.6059878547157722,1.6162531388860188,2277.1788118473687
2025-01-10 05:55:00+00:00,1.6162531388860188,1.6208810001498755,1.6139153735926397,1.6185432348564963,2342.5701651768695
2025-01-10 06:00:00+00:00,1.6185432348564963,1.627716591555064,1.612578333830226,1.6217516905287936,1680.8770250812415
2025-01-10 06:05:00+00:00,1.6217516905287936,1.627253776917105,1.618384263323644,1.6238863497119553,1263.9495919570825
2025-01-10 06:10:00+00:00,1.6238863497119553,1.6318033940122179,1.6174708971674205,1.625387941467683,1889.9870896278032
2025-01-10 06:15:00+00:00,1.625387941467683,1.6342748025788227,1.6212186327842981,1.6301054938954378,1811.314594123373
2025-01-10 06:20:00+00:00,1.6301054938954378,1.6374382810187835,1.624926117148294,1.6322589042716398,2125.5652420224214
2025-01-10 06:25:00+00:00,1.6322589042716398,1.635466849229881,1.6298705745470263,1.6330785195052675,2427.9670532224086
2025-01-10 06:30:00+00:00,1.6330785195052675,1.6393892278379183,1.6289337373731683,1.635244445705819,1980.834004113681
2025-01-10 06:35:00+00:00,1.635244445705819,1.6413121670082798,1.6315528881123722,1.637620609414833,1435.7992292391853
2025-01-10 06:40:00+00:00,1.637620609414833,1.6433827518815387,1.6350384483371463,1.640800590803852,2106.6731851433556
2025-01-10 06:45:00+00:00,1.640800590803852,1.649841347329161,1.6361395110132766,1.6451802675385856,2487.4377369520485
2025-01-10 06:50:00+00:00,1.6451802675385856,1.6576785787300659,1.638673489573605,1.6511718007650853,1516.4949669840987
2025-01-10 06:55:00+00:00,1.6511718007650853,1.6560910389631904,1.6461558059559156,1.6510750441540207,2475.4249172678838
2025-01-10 07:00:00+00:00,1.6510750441540207,1.6543347963964705,1.6496130049270483,1.652872757169498,1674.4710554641263
2025-01-10 07:05:00+00:00,1.652872757169498,1.654920627616032,1.6493867845908268,1.6514346550373606,1750.111128128458
2025-01-10 07:10:00+00:00,1.6514346550373606,1.654937565801833,1.650529188047753,1.6540320988122255,6238.439766061057
2025-01-10 07:15:00+00:00,1.6540320988122255,1.660296596048496,1.650913573203641,1.6571780704399117,4256.081621971084
2025-01-10 07:20:00+00:00,1.6571780704399117,1.6636549742850695,1.6514176240894813,1.657894527934639,5502.9743013553325
2025-01-10 07:25:00+00:00,1.657894527934639,1.6602968677353211,1.6556251426981374,1.6580274824988195,5327.110030534618
2025-01-10 07:30:00+00:00,1.6580274824988195,1.660757457376539,1.6552216839708456,1.657951658848565,4737.221094434934
2025-01-10 07:35:00+00:00,1.657951658848565,1.6640185065945559,1.6507425066067778,1.6568093543527687,3212.223513211015
2025-01-10 07:40:00+00:00,1.6568093543527687,1.6629240053888341,1.653803832622298,1.6599184836583634,2393.140986445204
2025-01-10 07:45:00+00:00,1.6599184836583634,1.6689613085106028,1.6565419006108841,1.6655847254631235,2643.354302857977
2025-01-10 07:50:00+00:00,1.6655847254631235,1.6719411104739514,1.658700317551992,1.66505670256282,2267.9587954930325
2025-01-10 07:55:00+00:00,1.66505670256282,1.6767045785725962,1.6584759242119387,1.670123800221715,1305.9736239625493
2025-01-10 08:00:00+00:00,1.670123800221715,1.6781190521258538,1.6636374681610417,1.6716327200651806,1241.7620576980862
2025-01-10 08:05:00+00:00,1.6716327200651806,1.6782746240603468,1.6638914901142356,1.6705333941094018,1848.642460175947
2025-01-10 08:10:00+00:00,1.6705333941094018,1.676644959885602,1.6672883169686101,1.6733998827448102,2105.527394354631
2025-01-10 08:15:00+00:00,1.6733998827448102,1.6796693218748024,1.6703997251580547,1.676669164288047,3103.7211900808147
2025-01-10 08:20:00+00:00,1.676669164288047,1.6820573662280958,1.6738176517464596,1.6792058536865084,2603.8838629929432
2025-01-10 08:25:00+00:00,1.6792058536865084,1.6850018806347378,1.6746243014925126,1.680420328440742,1821.5056814135219
2025-01-10 08:30:00+00:00,1.680420328440742,1.6893363538685695,1.676689175344989,1.6856052007728166,2045.6817568613237
2025-01-10 08:35:00+00:00,1.6856052007728166,1.6933206381999137,1.6791045644492488,1.686820001876346,2141.1761316530688
2025-01-10 08:40:00+00:00,1.686820001876346,1.6910118810788486,1.6857621218679173,1.68995400107042,2269.567060553903
2025-01-10 08:45:00+00:00,1.68995400107042,1.6957314552419864,1.6873819078955097,1.6931593620670762,2232.7783843085
2025-01-10 08:50:00+00:00,1.6931593620670762,1.6984860081862947,1.6879012274224412,1.6932278735416597,922.652056028552
2025-01-10 08:55:00+00:00,1.6932278735416597,1.695963988501574,1.6886409577162647,1.691377072676179,1309.2706990592028
2025-01-10 09:00:00+00:00,1.691377072676179,1.6926139541994687,1.688587588760481,1.6898244702837708,1271.1734987216073
2025-01-10 09:05:00+00:00,1.6898244702837708,1.6930078150379622,1.6878852302590563,1.6910685750132477,1040.327578538432
2025-01-10 09:10:00+00:00,1.6910685750132477,1.698016873184182,1.6869773131427188,1.6939256113136532,1708.8781641408082
2025-01-10 09:15:00+00:00,1.6939256113136532,1.7000266327113092,1.6863471357208522,1.6924481571185082,1409.05412423017
2025-01-10 09:20:00+00:00,1.6924481571185082,1.6960803947660346,1.6895860640535871,1.6932183017011135,1567.8659420250178
2025-01-10 09:25:00+00:00,1.6932183017011135,1.7038642737003318,1.6880659006939083,1.6987118726931265,1104.5319207073394
2025-01-10 09:30:00+00:00,1.6987118726931265,1.701168815945779,1.6949525756623263,1.6974095189149787,641.3287191268406
2025-01-10 09:35:00+00:00,1.6974095189149787,1.706860313395247,1.6914007152493709,1.700851509729639,1358.5186458937576
2025-01-10 09:40:00+00:00,1.700851509729639,1.7080830524010848,1.6969189112753709,1.7041504539468166,870.0781080356767
2025-01-10 09:45:00+00:00,1.7041504539468166,1.7137477944509594,1.6988464220057657,1.7084437625099085,1827.5581157840395
2025-01-10 09:50:00+00:00,1.7084437625099085,1.7099210408182701,1.706650537519641,1.7081278158280027,1782.6816683440638
2025-01-10 09:55:00+00:00,1.7081278158280027,1.7150590808274653,1.7047262212988101,1.7116574862982727,1663.617657742262
2025-01-10 10:00:00+00:00,1.7116574862982727,1.7147120077606826,1.7086203623632517,1.7116748838256615,2335.5412717601557
2025-01-10 10:05:00+00:00,1.7116748838256615,1.719360306961732,1.7097761558987887,1.7174615790348593,1761.0777865881576
2025-01-10 10:10:00+00:00,1.7174615790348593,1.7251036051165423,1.711105603710191,1.718747629791874,1552.5860180179952
2025-01-10 10:15:00+00:00,1.718747629791874,1.7274801621032336,1.713991738270128,1.7227242705814876,753.5569642248508
2025-01-10 10:20:00+00:00,1.7227242705814876,1.7300479435625722,1.7169910874354712,1.7243147604165558,907.1699834396395
2025-01-10 10:25:00+00:00,1.7243147604165558,1.7348110825607603,1.7174619752104445,1.727958297354649,730.272593265469
2025-01-10 10:30:00+00:00,1.727958297354649,1.731923422057279,1.7242009161466054,1.7281660408492354,854.9901827943273
2025-01-10 10:35:00+00:00,1.7281660408492354,1.7359269374686932,1.724517635940588,1.7322785325600458,1214.6150055221906
2025-01-10 10:40:00+00:00,1.7322785325600458,1.7409511906286077,1.7284758208961448,1.7371484789647067,876.0149769644354
2025-01-10 10:45:00+00:00,1.7371484789647067,1.7465412320267226,1.731408440990971,1.7408011940529868,971.2827382058618
2025-01-10 10:50:00+00:00,1.7408011940529868,1.7496121321628704,1.7391737191152246,1.747984657225108,1097.1002747708833
2025-01-10 10:55:00+00:00,1.747984657225108,1.7576391074861666,1.7429453988660466,1.752599849127105,587.0909417823262
2025-01-10 11:00:00+00:00,1.752599849127105,1.75920216218893,1.7515746480986194,1.7581769611604443,1369.0617235120396
2025-01-10 11:05:00+00:00,1.7581769611604443,1.7662466140403157,1.7551564393720518,1.7632260922519232,1508.6018606568518
2025-01-10 11:10:00+00:00,1.7632260922519232,1.7737182914227236,1.7607974144874974,1.7712896136582978,639.1869485124231
2025-01-10 11:15:00+00:00,1.7712896136582978,1.7781394494514788,1.767107163239975,1.773956999033156,997.4952200385164
2025-01-10 11:20:00+00:00,1.773956999033156,1.7843408802322767,1.767120176089782,1.7775040572889025,1189.0825222056149
2025-01-10 11:25:00+00:00,1.7775040572889025,1.784374044791637,1.7743332680640622,1.7812032555667967,995.582537678651
2025-01-10 11:30:00+00:00,1.7812032555667967,1.7906131280985345,1.777348225462591,1.7867580979943287,1217.0659219210143
2025-01-10 11:35:00+00:00,1.7867580979943287,1.7956290662184264,1.782704358466486,1.7915753266905836,997.1038778744364
2025-01-10 11:40:00+00:00,1.7915753266905836,1.802685858484819,1.7865666103877542,1.7976771421819897,1008.6647273810712
2025-01-10 11:45:00+00:00,1.7976771421819897,1.808250633018391,1.7920527807773317,1.802626271613733,1256.3320828249614
2025-01-10 11:50:00+00:00,1.802626271613733,1.8089781498302446,1.7994540722960575,1.8058059505125692,1088.5509848824468
2025-01-10 11:55:00+00:00,1.8058059505125692,1.8129749523629501,1.8028185194947242,1.809987521345105,1247.4760373598585
2025-01-10 12:00:00+00:00,1.809987521345105,1.8188742204412687,1.806387407721695,1.8152741068178586,914.3972130321529
2025-01-10 12:05:00+00:00,1.8152741068178586,1.8186584690122185,1.8111427030355036,1.8145270652298635,970.1793337243743
2025-01-10 12:10:00+00:00,1.8145270652298635,1.8258085265928536,1.810624314825499,1.8219057761884891,968.388819133217
2025-01-10 12:15:00+00:00,1.8219057761884891,1.8295627628405309,1.8172710273259778,1.8249280139780195,1121.3670715776245
2025-01-10 12:20:00+00:00,1.8249280139780195,1.835324651884232,1.8179967665338261,1.8283934044400387,1338.1100103729739
2025-01-10 12:25:00+00:00,1.8283934044400387,1.834649656533572,1.826946606198988,1.8332028582925213,2119.6324417380683
2025-01-10 12:30:00+00:00,1.8332028582925213,1.8382780520002806,1.8317597408690987,1.836834934576858,2051.7090935142214
2025-01-10 12:35:00+00:00,1.836834934576858,1.8408854122431269,1.8336747207888011,1.83772519845507,1851.22139619897
2025-01-10 12:40:00+00:00,1.83772519845507,1.8469605277639873,1.8320728994383368,1.8413082287472542,2871.2449645158113
2025-01-10 12:45:00+00:00,1.8413082287472542,1.8516519004681407,1.838135680261811,1.8484793519826974,2195.307028339509
2025-01-10 12:50:00+00:00,1.8484793519826974,1.8570726233997217,1.8462520007624075,1.8548452721794317,1901.1221964786587
2025-01-10 12:55:00+00:00,1.8548452721794317,1.8635068618064075,1.8529312971276966,1.8615928867546723,1129.6901673904097
2025-01-10 13:00:00+00:00,1.8615928867546723,1.8714282415592736,1.8543835307754966,1.8642188855800979,1046.244335832453
2025-01-10 13:05:00+00:00,1.8642188855800979,1.8744554709867518,1.8573000237881168,1.8675366091947707,1308.0461790599684
2025-01-10 13:10:00+00:00,1.8675366091947707,1.8699723568078346,1.8645138296332737,1.8669495772463376,1121.3946343906196
2025-01-10 13:15:00+00:00,1.8669495772463376,1.8705326895000558,1.8636829497958076,1.8672660620495258,1163.5721344786998
2025-01-10 13:20:00+00:00,1.8672660620495258,1.8738819848090218,1.857570713257477,1.864186636016973,916.359756470138
2025-01-10 13:25:00+00:00,1.864186636016973,1.8664279843432927,1.8565119971658375,1.8587533454921572,883.6681057109251
2025-01-10 13:30:00+00:00,1.8587533454921572,1.8652455807555,1.8445752047059831,1.8510674399693259,1541.7493329193996
2025-01-10 13:35:00+00:00,1.8510674399693259,1.855710201716855,1.8462528668558758,1.8508956286034048,1040.141342117264
2025-01-10 13:40:00+00:00,1.8508956286034048,1.8540078882078366,1.840875521649546,1.8439877812539778,800.3601388965186
2025-01-10 13:45:00+00:00,1.8439877812539778,1.8477299770308184,1.837672685547977,1.8414148813248177,1326.7648600463442
2025-01-10 13:50:00+00:00,1.8414148813248177,1.8435251668907715,1.8376877971080292,1.839798082673983,1239.2319383015538
2025-01-10 13:55:00+00:00,1.839798082673983,1.8455603444671358,1.8376756502539353,1.843437912047088,1166.3822532259735
2025-01-10 14:00:00+00:00,1.843437912047088,1.8479135814737775,1.8356007249136095,1.840076394340299,973.4040117586516
2025-01-10 14:05:00+00:00,1.840076394340299,1.841084191204726,1.8349469704828998,1.8359547673473269,1175.9464483591146
2025-01-10 14:10:00+00:00,1.8359547673473269,1.8384859279878463,1.8305259766075272,1.8330571372480466,1201.8397317195854
2025-01-10 14:15:00+00:00,1.8330571372480466,1.8401212128406084,1.8231391630632523,1.830203238655814,713.1020186625241
2025-01-10 14:20:00+00:00,1.830203238655814,1.837269523293229,1.8220840088304613,1.8291502934678763,1213.0484546056457
2025-01-10 14:25:00+00:00,1.8291502934678763,1.8324913642776028,1.8232216661799647,1.8265627369896913,815.7405135068846
2025-01-10 14:30:00+00:00,1.8265627369896913,1.8325621539659274,1.8146595849425835,1.8206590019188196,1798.5221129095405
2025-01-10 14:35:00+00:00,1.8206590019188196,1.8243479778166343,1.8080231524505326,1.8117121283483473,1407.3444784824942
2025-01-10 14:40:00+00:00,1.8117121283483473,1.8138569969494214,1.8059535857963553,1.8080984543974294,934.9270044728956
2025-01-10 14:45:00+00:00,1.8080984543974294,1.8110380486457933,1.7993400694540174,1.8022796637023812,999.1420500160415
2025-01-10 14:50:00+00:00,1.8022796637023812,1.8063017641144496,1.7970358718634563,1.8010579722755247,1053.1667810791894
2025-01-10 14:55:00+00:00,1.8010579722755247,1.8043697234137603,1.7904553335281497,1.7937670846663853,947.0478776543566
2025-01-10 15:00:00+00:00,1.7937670846663853,1.7972310134759495,1.7863457829274347,1.7898097117369989,993.499374396717
2025-01-10 15:05:00+00:00,1.7898097117369989,1.791464984413056,1.7821257934240544,1.7837810661001114,1820.8182538642131
2025-01-10 15:10:00+00:00,1.7837810661001114,1.7891284164987022,1.7720818079325358,1.7774291583311266,3683.5293094236417
2025-01-10 15:15:00+00:00,1.7774291583311266,1.779532966983551,1.7745485541378072,1.7766523627902315,2696.8538572775933
2025-01-10 15:20:00+00:00,1.7766523627902315,1.7824129001098343,1.7668265625340778,1.7725870998536806,2322.3298071404324
2025-01-10 15:25:00+00:00,1.7725870998536806,1.7788015777484911,1.7615478586209734,1.767762336515784,3255.385370905886
2025-01-10 15:30:00+00:00,1.767762336515784,1.774070576277453,1.7586518762107133,1.7649601159723822,2187.48892092245
2025-01-10 15:35:00+00:00,1.7649601159723822,1.770611980872302,1.7532003844849993,1.758852249384919,2438.6708074354115
2025-01-10 15:40:00+00:00,1.758852249384919,1.765450530061888,1.747085651814036,1.753683932491005,900.1717945100717
2025-01-10 15:45:00+00:00,1.753683932491005,1.7588930855694356,1.7427578672374928,1.7479670203159234,1715.4037537549098
2025-01-10 15:50:00+00:00,1.7479670203159234,1.7496241271298105,1.7462919339309386,1.7479490407448257,820.382510995629
2025-01-10 15:55:00+00:00,1.7479490407448257,1.7503757030974303,1.7419691847019274,1.744395847054532,926.4797289897156
2025-01-10 16:00:00+00:00,1.744395847054532,1.7459506712306772,1.7399765072204525,1.7415313313965977,1001.6474027881355
2025-01-10 16:05:00+00:00,1.7415313313965977,1.7484009485080976,1.732892974627191,1.739762591738691,1610.8646118875129
2025-01-10 16:10:00+00:00,1.739762591738691,1.7416729549723176,1.7333355751432984,1.735245938376925,988.998562159579
2025-01-10 16:15:00+00:00,1.735245938376925,1.7377861236245695,1.7283205350547561,1.7308607203024007,1249.1368337016963
2025-01-10 16:20:00+00:00,1.7308607203024007,1.7342493795216942,1.7199880683531987,1.7233767275724923,598.958661784211
2025-01-10 16:25:00+00:00,1.7233767275724923,1.7249714553938904,1.7188953437189514,1.7204900715403495,722.1142273248348
2025-01-10 16:30:00+00:00,1.7204900715403495,1.7236441208707063,1.714051571537794,1.7172056208681508,1114.6754831293324
2025-01-10 16:35:00+00:00,1.7172056208681508,1.7235606549245528,1.7062175263564368,1.7125725604128388,964.2022730485407
2025-01-10 16:40:00+00:00,1.7125725604128388,1.7185842670541476,1.7054382583888086,1.7114499650301174,1429.6533307722962
2025-01-10 16:45:00+00:00,1.7114499650301174,1.714533917926921,1.7009879965250871,1.7040719494218908,1085.559235277303
2025-01-10 16:50:00+00:00,1.7040719494218908,1.7055625573973818,1.6999617998611771,1.7014524078366682,1371.4573617902595
2025-01-10 16:55:00+00:00,1.7014524078366682,1.7081606406345564,1.6884245047548765,1.6951327375527647,1067.8850782246118
2025-01-10 17:00:00+00:00,1.6951327375527647,1.698056534659109,1.6864844743003031,1.6894082714066474,822.0223910388993
2025-01-10 17:05:00+00:00,1.6894082714066474,1.6955955290417153,1.679548543366371,1.685735801001439,1512.691985056113
2025-01-10 17:10:00+00:00,1.685735801001439,1.6911755357952787,1.6799404430008462,1.685380177794686,774.9955609939369
2025-01-10 17:15:00+00:00,1.685380177794686,1.690994122121973,1.6742275590182734,1.6798415033455605,729.49508285668
2025-01-10 17:20:00+00:00,1.6798415033455605,1.6809413950769572,1.6736997319598428,1.6747996236912395,1179.6832174658377
2025-01-10 17:25:00+00:00,1.6747996236912395,1.6792710215973863,1.6649448805718028,1.6694162784779496,915.7653166377871
2025-01-10 17:30:00+00:00,1.6694162784779496,1.675610730773997,1.6646160969814328,1.67081054927748,939.0984583132501
2025-01-10 17:35:00+00:00,1.67081054927748,1.6744489461382526,1.665556799448359,1.6691951963091316,914.9797183205752
2025-01-10 17:40:00+00:00,1.6691951963091316,1.6702757218351423,1.6663378920535588,1.6674184175795694,1361.7021935901537
2025-01-10 17:45:00+00:00,1.6674184175795694,1.6754818494806452,1.661097051883276,1.6691604837843517,1681.8001993649848
2025-01-10 17:50:00+00:00,1.6691604837843517,1.673458245653743,1.662916408430059,1.6672141702994503,1574.3303923349033
2025-01-10 17:55:00+00:00,1.6672141702994503,1.670811113054461,1.6568825028262733,1.660479445581284,2166.9547918811813
2025-01-10 18:00:00+00:00,1.660479445581284,1.664156038293209,1.6534519462314965,1.6571285389434216,1584.3919210584556
2025-01-10 18:05:00+00:00,1.6571285389434216,1.6593345188700597,1.6502219026442428,1.652427882570881,2384.889949133679
2025-01-10 18:10:00+00:00,1.652427882570881,1.6554217361530144,1.6514255246017173,1.6544193781838508,1212.7071811309672
2025-01-10 18:15:00+00:00,1.6544193781838508,1.6605861724695405,1.6432261637430083,1.6493929580286981,1547.3015985692066
2025-01-10 18:20:00+00:00,1.6493929580286981,1.653597098289547,1.6437523103964284,1.6479564506572772,935.738566358736
2025-01-10 18:25:00+00:00,1.6479564506572772,1.6545064886176035,1.6383410128940936,1.64489105085442,773.1600548721977
2025-01-10 18:30:00+00:00,1.64489105085442,1.6474861376975842,1.6394300390978447,1.642025125941009,921.4973816079689
2025-01-10 18:35:00+00:00,1.642025125941009,1.6433255334621721,1.6388437091064263,1.6401441166275894,1497.5712322424906
2025-01-10 18:40:00+00:00,1.6401441166275894,1.6413127520283777,1.6368112352252484,1.6379798706260367,1198.8063504472711
2025-01-10 18:45:00+00:00,1.6379798706260367,1.6412859718706514,1.6314183715274049,1.6347244727720196,1855.8667691603669
2025-01-10 18:50:00+00:00,1.6347244727720196,1.6361629478818207,1.628936938810917,1.630375413920718,983.4554244225096
2025-01-10 18:55:00+00:00,1.630375413920718,1.6320385217747548,1.6255730471924477,1.6272361550464844,1109.64637766702
2025-01-10 19:00:00+00:00,1.6272361550464844,1.6331252459047256,1.617428063520776,1.6233171543790172,1714.9227289414516
2025-01-10 19:05:00+00:00,1.6233171543790172,1.6246470893146996,1.6183558416927304,1.6196857766284127,963.4860157232187
2025-01-10 19:10:00+00:00,1.6196857766284127,1.6232934968739627,1.614517913486662,1.618125633732212,958.6032111537813
2025-01-10 19:15:00+00:00,1.618125633732212,1.621311921236478,1.6128255323061422,1.616011819810408,1184.7925260396862
2025-01-10 19:20:00+00:00,1.616011819810408,1.6202112174840313,1.6109561220156434,1.6151555196892666,1229.5810233930022
2025-01-10 19:25:00+00:00,1.6151555196892666,1.6160660577300172,1.6119279868305383,1.6128385248712889,1237.462970990392
2025-01-10 19:30:00+00:00,1.6128385248712889,1.6176089624474659,1.610072527988837,1.614842965565014,1088.2417423166667
2025-01-10 19:35:00+00:00,1.614842965565014,1.6178192890633964,1.608501023380053,1.6114773468784354,1223.530450799421
2025-01-10 19:40:00+00:00,1.6114773468784354,1.6140648787730782,1.6049556515393906,1.6075431834340335,1167.078410522375
2025-01-10 19:45:00+00:00,1.6075431834340335,1.6084352715778565,1.6067381307363016,1.6076302188801246,929.0584586435095
2025-01-10 19:50:00+00:00,1.6076302188801246,1.610055284286455,1.601780242369979,1.6042053077763094,1328.0353747733604
2025-01-10 19:55:00+00:00,1.6042053077763094,1.6071800478143206,1.599419860653831,1.6023946006918421,1463.25992060334
2025-01-10 20:00:00+00:00,1.6023946006918421,1.6033403168349427,1.60129097268631,1.6022366888294106,1585.6586319051844
2025-01-10 20:05:00+00:00,1.6022366888294106,1.603885451818374,1.5982201916313015,1.599868954620265,918.6484837688082
2025-01-10 20:10:00+00:00,1.599868954620265,1.601164421239079,1.5956346116308424,1.5969300782496565,880.0386483451549
2025-01-10 20:15:00+00:00,1.5969300782496565,1.5991660455861265,1.5943270901992093,1.5965630575356793,837.8155392521786
2025-01-10 20:20:00+00:00,1.5965630575356793,1.6004305029868153,1.5909933751914531,1.5948608206425892,914.5160791420222
2025-01-10 20:25:00+00:00,1.5948608206425892,1.5985628891378998,1.587670203784555,1.5913722722798656,1596.859186096873
2025-01-10 20:30:00+00:00,1.5913722722798656,1.5927353188832947,1.5851346958893042,1.5864977424927333,2309.1225566672415
2025-01-10 20:35:00+00:00,1.5864977424927333,1.5915686099176543,1.5781078389713834,1.5831787063963043,4215.856360455299
2025-01-10 20:40:00+00:00,1.5831787063963043,1.5850762693928002,1.5753726607983873,1.5772702237948832,2283.1023147941064
2025-01-10 20:45:00+00:00,1.5772702237948832,1.5805870264336725,1.56952785736585,1.5728446600046393,2525.9378421793153
2025-01-10 20:50:00+00:00,1.5728446600046393,1.5743386298235116,1.5664222406704804,1.5679162104893527,905.834916975445
2025-01-10 20:55:00+00:00,1.5679162104893527,1.572550356316765,1.5610011825101173,1.5656353283375297,1084.646490550116
2025-01-10 21:00:00+00:00,1.5656353283375297,1.5710439320504026,1.558783391673439,1.564191995386312,1043.3942475503138
2025-01-10 21:05:00+00:00,1.564191995386312,1.5690042378741813,1.5551049536025205,1.55991719609039,1205.7130771555505
2025-01-10 21:10:00+00:00,1.55991719609039,1.563537811424141,1.5523643995779963,1.5559850149117473,1153.8402084902477
2025-01-10 21:15:00+00:00,1.5559850149117473,1.5617806137060364,1.5449116798973046,1.5507072786915936,836.6351649403717
2025-01-10 21:20:00+00:00,1.5507072786915936,1.5567766100039973,1.538762597709926,1.5448319290223296,1451.2467463722655
2025-01-10 21:25:00+00:00,1.5448319290223296,1.5482850715747243,1.5372761176473502,1.5407292601997449,1660.4678123144
2025-01-10 21:30:00+00:00,1.5407292601997449,1.544447909155035,1.5347589657725453,1.5384776147278354,968.2230141514244
2025-01-10 21:35:00+00:00,1.5384776147278354,1.5437947275613255,1.5306639523844,1.53598106521789,1053.3402970088457
2025-01-10 21:40:00+00:00,1.53598106521789,1.5399065244185077,1.5297288797923014,1.5336543389929191,1029.7432835849681
2025-01-10 21:45:00+00:00,1.5336543389929191,1.53734136321966,1.525938757954203,1.5296257821809438,1259.083761274241
2025-01-10 21:50:00+00:00,1.5296257821809438,1.5356862312770634,1.5148222092220875,1.5208826583182071,1651.4065158465658
2025-01-10 21:55:00+00:00,1.5208826583182071,1.522175993583664,1.517760547674776,1.519053882940233,974.2204982259872
2025-01-10 22:00:00+00:00,1.519053882940233,1.5209435912659997,1.5160366639720257,1.5179263722977925,911.7937490628165
2025-01-10 22:05:00+00:00,1.5179263722977925,1.5195941120384244,1.514315880744051,1.515983620484683,2198.9050160545326
2025-01-10 22:10:00+00:00,1.515983620484683,1.5182605353116696,1.5117137726223828,1.5139906874493694,1394.3695242878287
2025-01-10 22:15:00+00:00,1.5139906874493694,1.5186363868277164,1.5076891940565151,1.5123348934348622,1461.8658530741432
2025-01-10 22:20:00+00:00,1.5123348934348622,1.5162648188917245,1.5097135831488542,1.5136435086057165,928.0510060205766
2025-01-10 22:25:00+00:00,1.5136435086057165,1.5192626398929163,1.5048658154570407,1.5104849467442405,1375.968978347125
2025-01-10 22:30:00+00:00,1.5104849467442405,1.5156702253162508,1.5044540985547712,1.5096393771267815,1500.1059407969449
2025-01-10 22:35:00+00:00,1.5096393771267815,1.5123072330414293,1.5047148720870556,1.5073827280017034,1083.2321451824378
2025-01-10 22:40:00+00:00,1.5073827280017034,1.512585645435329,1.4996761568535546,1.5048790742871803,832.7640094014863
2025-01-10 22:45:00+00:00,1.5048790742871803,1.50830544108366,1.4974375738997525,1.5008639406962323,2153.5790948842496
2025-01-10 22:50:00+00:00,1.5008639406962323,1.50428269483145,1.4930499470229297,1.4964687011581475,1254.772791247071
2025-01-10 22:55:00+00:00,1.4964687011581475,1.5023512351727992,1.4847612585100105,1.4906437925246623,899.8390297360987
2025-01-10 23:00:00+00:00,1.4906437925246623,1.494420627494853,1.484251448704884,1.4880282836750747,2169.1943221026313
2025-01-10 23:05:00+00:00,1.4880282836750747,1.491985710086324,1.4798162342267323,1.4837736606379817,2601.756813547244
2025-01-10 23:10:00+00:00,1.4837736606379817,1.4882665187406159,1.4734267256416826,1.4779195837443169,1973.3358570026062
2025-01-10 23:15:00+00:00,1.4779195837443169,1.4788893791748507,1.4719573968973105,1.4729271923278444,1978.2707657281715
2025-01-10 23:20:00+00:00,1.4729271923278444,1.4750595167172766,1.4650712689622967,1.467203593351729,2095.727496225183
2025-01-10 23:25:00+00:00,1.467203593351729,1.4721749766259966,1.4616561840542404,1.466627567328508,2801.672041143149
2025-01-10 23:30:00+00:00,1.466627567328508,1.4688121741973694,1.4605418741232665,1.4627264809921279,1341.9076572485412
2025-01-10 23:35:00+00:00,1.4627264809921279,1.467364292044222,1.4548864959332692,1.4595243069853634,1205.307189921933
2025-01-10 23:40:00+00:00,1.4595243069853634,1.4612852613535858,1.4522255373784685,1.453986491746691,984.6699845751948
2025-01-10 23:45:00+00:00,1.453986491746691,1.4555751335656322,1.4472576843784137,1.448846326197355,1388.9342334274245
2025-01-10 23:50:00+00:00,1.448846326197355,1.450842080544729,1.445538382797718,1.447534137145092,1204.6256880704568
2025-01-10 23:55:00+00:00,1.447534137145092,1.449840817079345,1.441664393826355,1.443971073760608,816.3504174434397
2025-01-11 00:00:00+00:00,1.443971073760608,1.446002159933623,1.4392699842306833,1.4413010704036984,1209.3189854352904
2025-01-11 00:05:00+00:00,1.4413010704036984,1.4466757700784851,1.4362246959080123,1.441599395582799,1148.8317277821147
2025-01-11 00:10:00+00:00,1.441599395582799,1.4458641405097727,1.4381586639017516,1.4424234088287253,903.8578858987149
2025-01-11 00:15:00+00:00,1.4424234088287253,1.4456829256747088,1.4375395404358535,1.440799057281837,1001.7510470378335
2025-01-11 00:20:00+00:00,1.440799057281837,1.442068631257165,1.4376161203619182,1.4388856943372461,777.628637950644
2025-01-11 00:25:00+00:00,1.4388856943372461,1.4434386139646729,1.4320443642527485,1.4365972838801753,911.8443344972225
2025-01-11 00:30:00+00:00,1.4365972838801753,1.439281582456024,1.4307677872317144,1.433452085807563,981.8755808840601
2025-01-11 00:35:00+00:00,1.433452085807563,1.4369086436004785,1.4310547472852901,1.4345113050782057,1113.9009382380568
2025-01-11 00:40:00+00:00,1.4345113050782057,1.4371031270361945,1.4272648338548592,1.429856655812848,1261.9435045963103
2025-01-11 00:45:00+00:00,1.429856655812848,1.4338286105093965,1.4233175911106366,1.427289545807185,1255.045539983005
2025-01-11 00:50:00+00:00,1.427289545807185,1.4307453550024956,1.4180876821910242,1.4215434913863347,1086.9410652365068
2025-01-11 00:55:00+00:00,1.4215434913863347,1.4261484395736543,1.4124462236331783,1.417051171820498,969.8577881940621
2025-01-11 01:00:00+00:00,1.417051171820498,1.4188238425362754,1.413809541364854,1.4155822120806314,864.5420576041748
2025-01-11 01:05:00+00:00,1.4155822120806314,1.4184382579693016,1.411418414798329,1.4142744606869992,1107.759909429597
2025-01-11 01:10:00+00:00,1.4142744606869992,1.4153705639351206,1.4117237161739473,1.4128198194220687,1384.7968702358014
2025-01-11 01:15:00+00:00,1.4128198194220687,1.4151543763944714,1.4079292614575547,1.4102638184299574,1313.7924242325712
2025-01-11 01:20:00+00:00,1.4102638184299574,1.4155669951537087,1.4017939265240693,1.4070971032478206,689.8832155397521
2025-01-11 01:25:00+00:00,1.4070971032478206,1.410410230020988,1.4009728676804518,1.4042859944536192,1183.2863123787206
2025-01-11 01:30:00+00:00,1.4042859944536192,1.405198543829409,1.4008906482449608,1.4018031976207506,1033.9840513195174
2025-01-11 01:35:00+00:00,1.4018031976207506,1.403822136619203,1.3999324803210857,1.4019514193195382,1240.2170815360182
2025-01-11 01:40:00+00:00,1.4019514193195382,1.4081249075101137,1.396605760791201,1.4027792489817765,2656.5211384478935
2025-01-11 01:45:00+00:00,1.4027792489817765,1.4053752048107333,1.399273148210172,1.4018691040391287,3431.035307408935
2025-01-11 01:50:00+00:00,1.4018691040391287,1.4061708212895712,1.3949792463287616,1.399280963579204,3506.4609716103496
2025-01-11 01:55:00+00:00,1.399280963579204,1.4045454644615842,1.390769104744462,1.396033605626842,2969.2944668103496
2025-01-11 02:00:00+00:00,1.396033605626842,1.4008682596320552,1.3901415865267028,1.394976240531916,2602.946579288153
2025-01-11 02:05:00+00:00,1.394976240531916,1.399099004215155,1.3888908562047715,1.3930136198880105,1819.9560160268636
2025-01-11 02:10:00+00:00,1.3930136198880105,1.3942292841598138,1.387087987441456,1.3883036517132592,1559.298521369404
2025-01-11 02:15:00+00:00,1.3883036517132592,1.3913517898420347,1.3860955672595614,1.3891437053883369,1148.17850251084
2025-01-11 02:20:00+00:00,1.3891437053883369,1.3914913683624661,1.3852537918381045,1.3876014548122337,1405.6397963248971
2025-01-11 02:25:00+00:00,1.3876014548122337,1.3906942010190098,1.3824314587936837,1.3855242050004597,1014.3658356516261
2025-01-11 02:30:00+00:00,1.3855242050004597,1.3898653760599102,1.3781529107532386,1.3824940818126892,1338.4185759206628
2025-01-11 02:35:00+00:00,1.3824940818126892,1.3834418628857568,1.3785065187572048,1.3794542998302723,1641.4998429661161
2025-01-11 02:40:00+00:00,1.3794542998302723,1.3808515714135896,1.378056289038948,1.3794535606222653,1265.4646841373465
2025-01-11 02:45:00+00:00,1.3794535606222653,1.3815983183274223,1.3741222526539802,1.3762670103591372,1035.239697893924
2025-01-11 02:50:00+00:00,1.3762670103591372,1.3788593479659912,1.3722527116368852,1.3748450492437392,1382.5453074736952
2025-01-11 02:55:00+00:00,1.3748450492437392,1.3757922969740075,1.3733718459368827,1.374319093667151,1113.8349505447966
2025-01-11 03:00:00+00:00,1.374319093667151,1.3807551445364095,1.3693979662033233,1.3758340170725818,774.1835652863773
2025-01-11 03:05:00+00:00,1.3758340170725818,1.3771736990886188,1.3738457579947057,1.3751854400107426,1372.8047595050632
2025-01-11 03:10:00+00:00,1.3751854400107426,1.3787221513320578,1.3698648798217197,1.3734015911430348,844.9530728314122
2025-01-11 03:15:00+00:00,1.3734015911430348,1.3783267375614494,1.3659557729624492,1.3708809193808638,976.2017313034083
2025-01-11 03:20:00+00:00,1.3708809193808638,1.3745760430762242,1.3668339679451045,1.3705290916404649,1615.8804571073747
2025-01-11 03:25:00+00:00,1.3705290916404649,1.3737690937180138,1.3671393093566324,1.3703793114341813,1548.7682775337237
2025-01-11 03:30:00+00:00,1.3703793114341813,1.374582105190177,1.3635294751077958,1.3677322688637914,1060.172655288366
2025-01-11 03:35:00+00:00,1.3677322688637914,1.3723749857557574,1.3621160660053884,1.3667587828973544,933.4117359118399
2025-01-11 03:40:00+00:00,1.3667587828973544,1.3710999416078156,1.360148916131248,1.3644900748417093,1053.38490840218
2025-01-11 03:45:00+00:00,1.3644900748417093,1.3658833485815636,1.3582499063963427,1.359643180136197,1324.9531191498609
2025-01-11 03:50:00+00:00,1.359643180136197,1.3641223070486295,1.3513114901326602,1.3557906170450926,893.9930261424279
2025-01-11 03:55:00+00:00,1.3557906170450926,1.358730037079681,1.352009842332385,1.3549492623669734,1210.3441121579776
2025-01-11 04:00:00+00:00,1.3549492623669734,1.3583765037770195,1.3516833031839062,1.3551105445939522,646.6234440763136
2025-01-11 04:05:00+00:00,1.3551105445939522,1.3582332680958826,1.350792259682726,1.3539149831846564,1307.403314328329
2025-01-11 04:10:00+00:00,1.3539149831846564,1.3565603310837848,1.3485220853478588,1.3511674332469872,757.6369486410588
2025-01-11 04:15:00+00:00,1.3511674332469872,1.3559512745805056,1.3427095312756803,1.3474933726091987,807.3598819686341
2025-01-11 04:20:00+00:00,1.3474933726091987,1.3499964410556031,1.3433603680464536,1.3458634364928581,2700.4689077382595
2025-01-11 04:25:00+00:00,1.3458634364928581,1.3482470699810685,1.3414402009820088,1.3438238344702191,2644.543740254006
2025-01-11 04:30:00+00:00,1.3438238344702191,1.345942053318334,1.33634660834837,1.3384648271964847,2144.6641995910572
2025-01-11 04:35:00+00:00,1.3384648271964847,1.3416608533037377,1.3336447568791123,1.3368407829863653,1919.7085425100624
2025-01-11 04:40:00+00:00,1.3368407829863653,1.338773896972806,1.3309626566752792,1.33289577066172,3403.6035461448228
2025-01-11 04:45:00+00:00,1.33289577066172,1.3342272479160835,1.3298579688877128,1.3311894461420763,1507.9501809026049
2025-01-11 04:50:00+00:00,1.3311894461420763,1.3341213789892938,1.3262716270891672,1.3292035599363847,1054.9137257875732
2025-01-11 04:55:00+00:00,1.3292035599363847,1.330856318323031,1.325824879319605,1.3274776377062514,997.5388640127336
2025-01-11 05:00:00+00:00,1.3274776377062514,1.3287913379985463,1.3249591340295588,1.3262728343218537,1098.524861846243
2025-01-11 05:05:00+00:00,1.3262728343218537,1.3299431302805795,1.3207429556797758,1.3244132516385017,910.0956415530704
2025-01-11 05:10:00+00:00,1.3244132516385017,1.327546147926742,1.3164869770060512,1.3196198732942916,1034.446733442045
2025-01-11 05:15:00+00:00,1.3196198732942916,1.3228957901708875,1.3115761262546304,1.3148520431312263,1015.9730457572101
2025-01-11 05:20:00+00:00,1.3148520431312263,1.3164230520822404,1.3118584572394378,1.313429466190452,853.4949977015415
2025-01-11 05:25:00+00:00,1.313429466190452,1.3149342236921004,1.3095490452643832,1.3110538027660317,1040.4228133174122
2025-01-11 05:30:00+00:00,1.3110538027660317,1.31420456985257,1.3021617664061715,1.3053125334927098,1087.929388930484
2025-01-11 05:35:00+00:00,1.3053125334927098,1.310125029200879,1.2940518590275805,1.2988643547357497,1079.5395598805353
2025-01-11 05:40:00+00:00,1.2988643547357497,1.30082507601844,1.2951498995174622,1.2971106208001526,1334.6654433492986
2025-01-11 05:45:00+00:00,1.2971106208001526,1.3014527374895726,1.2931517250688331,1.297493841758253,901.8252782939129
2025-01-11 05:50:00+00:00,1.297493841758253,1.2982152756313305,1.2948844591324222,1.2956058930054997,1291.1804239750807
2025-01-11 05:55:00+00:00,1.2956058930054997,1.2967222074096076,1.290879718401017,1.291996032805125,1074.1465852612107
2025-01-11 06:00:00+00:00,1.291996032805125,1.2936447791543386,1.2875553974839498,1.2892041438331634,1002.7937283957978
2025-01-11 06:05:00+00:00,1.2892041438331634,1.2900565666818966,1.2807768192898283,1.2816292421385616,1630.9767477625685
2025-01-11 06:10:00+00:00,1.2816292421385616,1.2842100435240043,1.2742688665779185,1.2768496679633612,1308.880809049959
2025-01-11 06:15:00+00:00,1.2768496679633612,1.2793418938142778,1.272801994001845,1.2752942198527615,818.1985846517058
2025-01-11 06:20:00+00:00,1.2752942198527615,1.279020213651683,1.2697873891330542,1.2735133829319758,1170.9780069415292
2025-01-11 06:25:00+00:00,1.2735133829319758,1.274344043901747,1.266192248296596,1.2670229092663672,1252.8650707369359
2025-01-11 06:30:00+00:00,1.2670229092663672,1.2687800345326106,1.2640461867657244,1.2658033120319678,1672.6579277753797
2025-01-11 06:35:00+00:00,1.2658033120319678,1.2702089696397847,1.259185633262634,1.263591290870451,1052.232556741003
2025-01-11 06:40:00+00:00,1.263591290870451,1.2651257899117623,1.260512541546861,1.2620470405881723,1021.298461725421
2025-01-11 06:45:00+00:00,1.2620470405881723,1.2636480141365076,1.2571495028680284,1.2587504764163637,1055.346995008321
2025-01-11 06:50:00+00:00,1.2587504764163637,1.2633075885533096,1.2512674928120295,1.2558246049489754,1431.2318026274315
2025-01-11 06:55:00+00:00,1.2558246049489754,1.258871379399197,1.248211288787518,1.2512580632377397,829.2617510087814
2025-01-11 07:00:00+00:00,1.2512580632377397,1.2520963576143744,1.2480917649810004,1.2489300593576351,1805.5733250022872
2025-01-11 07:05:00+00:00,1.2489300593576351,1.2511945354250138,1.245285310797924,1.2475497868653027,1737.1889561009848
2025-01-11 07:10:00+00:00,1.2475497868653027,1.2497526520150974,1.2411673398299068,1.2433702049797015,2165.179121007816
2025-01-11 07:15:00+00:00,1.2433702049797015,1.2478703294087037,1.2367793949657373,1.2412795193947395,2678.579726524617
2025-01-11 07:20:00+00:00,1.2412795193947395,1.242932061287439,1.236207792718884,1.2378603346115835,2017.6506075414636
2025-01-11 07:25:00+00:00,1.2378603346115835,1.2388828315528873,1.2359117893474678,1.2369342862887716,3686.700593508758
2025-01-11 07:30:00+00:00,1.2369342862887716,1.2385163041336156,1.2343894475448924,1.2359714653897365,1285.9403549222673
2025-01-11 07:35:00+00:00,1.2359714653897365,1.2395409241318458,1.2263637945503303,1.2299332532924396,939.2437095915458
2025-01-11 07:40:00+00:00,1.2299332532924396,1.2345632119357757,1.2236578532235307,1.2282878118668668,915.0734801669425
2025-01-11 07:45:00+00:00,1.2282878118668668,1.2325042041456051,1.2233501450747732,1.2275665373535116,936.6866611821888
2025-01-11 07:50:00+00:00,1.2275665373535116,1.2306045311961167,1.221460633945244,1.2244986277878491,1086.800506585444
2025-01-11 07:55:00+00:00,1.2244986277878491,1.2256801079956539,1.220842580146715,1.2220240603545198,657.1011447664062
2025-01-11 08:00:00+00:00,1.2220240603545198,1.2256852328534444,1.216052398559273,1.2197135710581977,1278.7151787244736
2025-01-11 08:05:00+00:00,1.2197135710581977,1.2227922649889045,1.2128803012161953,1.215958995146902,1384.470735627179
2025-01-11 08:10:00+00:00,1.215958995146902,1.2181792256976196,1.2116122386491524,1.2138324691998699,693.5057791552736
2025-01-11 08:15:00+00:00,1.2138324691998699,1.2172757596898198,1.2108541325799884,1.2142974230699384,684.1206350184868
2025-01-11 08:20:00+00:00,1.2142974230699384,1.2180963181109892,1.2093875307625048,1.2131864258035556,919.7016369464599
2025-01-11 08:25:00+00:00,1.2131864258035556,1.2150426031991481,1.2118578446265706,1.2137140220221632,968.0222188511252
2025-01-11 08:30:00+00:00,1.2137140220221632,1.2149286317390608,1.2122763416621833,1.213490951379081,936.9532895617815
2025-01-11 08:35:00+00:00,1.213490951379081,1.215268955734722,1.2118559192729343,1.2136339236285754,724.1721057653784
2025-01-11 08:40:00+00:00,1.2136339236285754,1.2159208844309624,1.2099060883688895,1.2121930491712765,929.6158158951869
2025-01-11 08:45:00+00:00,1.2121930491712765,1.2134800200454543,1.2104987270003764,1.2117856978745543,769.7650450087916
2025-01-11 08:50:00+00:00,1.2117856978745543,1.2161058055797482,1.2089772664252432,1.2132973741304371,823.1871800821699
2025-01-11 08:55:00+00:00,1.2132973741304371,1.217411315664927,1.209911483410908,1.214025424945398,1134.8445221109757
2025-01-11 09:00:00+00:00,1.214025424945398,1.218707719060577,1.2083664836498809,1.21304877776506,1229.0333288113206
2025-01-11 09:05:00+00:00,1.21304877776506,1.2164606296497642,1.2071488694382477,1.210560721322952,2061.4872599078144
2025-01-11 09:10:00+00:00,1.210560721322952,1.2117049854373045,1.2066228209732437,1.2077670850875963,1328.4747570148222
2025-01-11 09:15:00+00:00,1.2077670850875963,1.2095967142342061,1.2049227670517086,1.2067523961983184,1319.0210041965156
2025-01-11 09:20:00+00:00,1.2067523961983184,1.2082696619135946,1.2045392651109321,1.2060565308262083,1397.8991378107933
2025-01-11 09:25:00+00:00,1.2060565308262083,1.208661567510551,1.1993555941523302,1.2019606308366728,1689.0748544991068
2025-01-11 09:30:00+00:00,1.2019606308366728,1.2058453794424495,1.1970802574963333,1.20096500610211,2397.989468974512
2025-01-11 09:35:00+00:00,1.20096500610211,1.2057557539130044,1.1953774256768324,1.2001681734877268,1993.35387725301
2025-01-11 09:40:00+00:00,1.2001681734877268,1.203589408691707,1.1958856356145535,1.1993068708185337,5463.518741860425
2025-01-11 09:45:00+00:00,1.1993068708185337,1.2024098529124467,1.1940686657837236,1.1971716478776366,7357.665091437572
2025-01-11 09:50:00+00:00,1.1971716478776366,1.200235329396353,1.19622984395952,1.1992935254782364,3472.64894283559
2025-01-11 09:55:00+00:00,1.1992935254782364,1.2013631778193947,1.1971962413008268,1.199265893641985,3605.8878818606513
2025-01-11 10:00:00+00:00,1.199265893641985,1.2046641026038367,1.1947844800845144,1.200182689046366,4212.521025225764
2025-01-11 10:05:00+00:00,1.200182689046366,1.2039679356097432,1.198279557861937,1.2020648044253142,1200.9903739885938
2025-01-11 10:10:00+00:00,1.2020648044253142,1.206976774323122,1.2012915224915652,1.206203492389373,2484.552779562257
2025-01-11 10:15:00+00:00,1.206203492389373,1.2119166605785514,1.2041789030370034,1.2098920712261818,1771.2149580129392
2025-01-11 10:20:00+00:00,1.2098920712261818,1.2155091266320994,1.2073597475026077,1.2129768029085253,2096.898465711814
2025-01-11 10:25:00+00:00,1.2129768029085253,1.2203894170985483,1.2083792586628195,1.2157918728528425,1750.5769908528846
2025-01-11 10:30:00+00:00,1.2157918728528425,1.2223383720568695,1.2117478008090807,1.2182943000131077,2052.4615960849337
2025-01-11 10:35:00+00:00,1.2182943000131077,1.2239283878671807,1.2147668204440427,1.2204009082981158,1217.996269606749
2025-01-11 10:40:00+00:00,1.2204009082981158,1.226190480662397,1.2157944829427225,1.2215840553070039,2858.77012636446
2025-01-11 10:45:00+00:00,1.2215840553070039,1.229377467207131,1.2173661531734439,1.225159565073571,1670.251475710786
2025-01-11 10:50:00+00:00,1.225159565073571,1.2260658303377432,1.2226584057594,1.2235646710235724,1648.743142475857
2025-01-11 10:55:00+00:00,1.2235646710235724,1.2284192842283919,1.2201835410872417,1.2250381542920612,2802.8724987574956
2025-01-11 11:00:00+00:00,1.2250381542920612,1.2330122736544484,1.221492290439186,1.2294664098015733,2049.9555154613627
2025-01-11 11:05:00+00:00,1.2294664098015733,1.2316019695219969,1.228606633738913,1.2307421934593366,2337.034291946364
2025-01-11 11:10:00+00:00,1.2307421934593366,1.232973973294324,1.2290976410827978,1.2313294209177852,1903.499844612258
2025-01-11 11:15:00+00:00,1.2313294209177852,1.240982539651609,1.2269468537366726,1.2365999724704964,3298.7469054353814
2025-01-11 11:20:00+00:00,1.2365999724704964,1.2440546064640803,1.2330536472555094,1.2405082812490933,1897.5082402501057
2025-01-11 11:25:00+00:00,1.2405082812490933,1.2472791413780278,1.2357511626168511,1.2425220227457856,1506.1172726595241
2025-01-11 11:30:00+00:00,1.2425220227457856,1.247966905279313,1.2383538070528488,1.2437986895863762,2032.871009741273
2025-01-11 11:35:00+00:00,1.2437986895863762,1.2468002582660862,1.2425572046876092,1.2455587733673192,1558.3396431048131
2025-01-11 11:40:00+00:00,1.2455587733673192,1.2496119332642026,1.24302360332947,1.2470767632263533,2030.1794413113696
2025-01-11 11:45:00+00:00,1.2470767632263533,1.250889371350927,1.2448846029598974,1.2486972110844712,1948.452294329988
2025-01-11 11:50:00+00:00,1.2486972110844712,1.2511636803052602,1.2470179430991548,1.2494844123199438,2344.198504179342
2025-01-11 11:55:00+00:00,1.2494844123199438,1.2557023189127863,1.2459866685844225,1.252204575177265,2270.381049458053
2025-01-11 12:00:00+00:00,1.252204575177265,1.2544730589343738,1.250887487248071,1.2531559710051798,2228.1122571610417
2025-01-11 12:05:00+00:00,1.2531559710051798,1.2560739807932384,1.2491730081396368,1.2520910179276954,2658.1095259394438
2025-01-11 12:10:00+00:00,1.2520910179276954,1.255221694356549,1.248649282680368,1.2517799591092216,2329.421346048453
2025-01-11 12:15:00+00:00,1.2517799591092216,1.2544410437837357,1.2507699753534705,1.2534310600279845,1549.9643218927654
2025-01-11 12:20:00+00:00,1.2534310600279845,1.2548296978592073,1.2520422355708503,1.253440873402073,4159.605336950488
2025-01-11 12:25:00+00:00,1.253440873402073,1.2576199171656344,1.2469550582785036,1.251134102042065,3920.066738766344
2025-01-11 12:30:00+00:00,1.251134102042065,1.259196965169055,1.246913694949472,1.254976558076462,8967.490411948616
2025-01-11 12:35:00+00:00,1.254976558076462,1.2610484180631503,1.2511460160456205,1.2572178760323087,5989.357182427993
2025-01-11 12:40:00+00:00,1.2572178760323087,1.25936660464971,1.255755096520602,1.2579038251380033,5032.472348935636
2025-01-11 12:45:00+00:00,1.2579038251380033,1.2613041746093587,1.25508072868667,1.2584810781580256,1575.2949061900877
2025-01-11 12:50:00+00:00,1.2584810781580256,1.2655608220024803,1.253569977931257,1.2606497217757118,2144.616041918518
2025-01-11 12:55:00+00:00,1.2606497217757118,1.26692508646209,1.2578724001456487,1.264147764832027,3259.664990315022
2025-01-11 13:00:00+00:00,1.264147764832027,1.2682059569135635,1.2604339731979628,1.2644921652794994,2095.9844524925315
2025-01-11 13:05:00+00:00,1.2644921652794994,1.2697352918337859,1.261203982533464,1.2664471090877505,1729.6813282256917
2025-01-11 13:10:00+00:00,1.2664471090877505,1.2711909363801492,1.2620168019178735,1.2667606292102722,2524.48766856058
2025-01-11 13:15:00+00:00,1.2667606292102722,1.2709958267058492,1.264329572918336,1.268564770413913,1716.223837081212
2025-01-11 13:20:00+00:00,1.268564770413913,1.2734352137024745,1.2631885565841658,1.2680589998727274,2211.8320971505213
2025-01-11 13:25:00+00:00,1.2680589998727274,1.2708674281703056,1.2636579699667674,1.2664663982643456,2013.0724004516005
2025-01-11 13:30:00+00:00,1.2664663982643456,1.2726707585303851,1.2616942191584664,1.267898579424506,1768.5935143254683
2025-01-11 13:35:00+00:00,1.267898579424506,1.27311406687201,1.2638899975313433,1.2691054849788475,3111.5136108368956
2025-01-11 13:40:00+00:00,1.2691054849788475,1.2764300541189293,1.264248503579843,1.2715730727199248,1272.451698847278
2025-01-11 13:45:00+00:00,1.2715730727199248,1.274537559390861,1.2689011790861282,1.2718656657570644,2527.145486094405
2025-01-11 13:50:00+00:00,1.2718656657570644,1.279021802911194,1.2682586778506597,1.2754148150047893,2148.1373188592793
2025-01-11 13:55:00+00:00,1.2754148150047893,1.2820269215158937,1.270362894272949,1.2769750007840535,2169.5692766470997
2025-01-11 14:00:00+00:00,1.2769750007840535,1.2842568846439746,1.2735913500100942,1.2808732338700153,1917.2667149684248
2025-01-11 14:05:00+00:00,1.2808732338700153,1.284927077399213,1.2777628523904558,1.2818166959196535,2924.8023139756147
2025-01-11 14:10:00+00:00,1.2818166959196535,1.2874650199529758,1.2801054806628278,1.28575380469615,2139.490453203506
2025-01-11 14:15:00+00:00,1.28575380469615,1.2915343412783071,1.281449122517851,1.287229659100008,792.2091612421636
2025-01-11 14:20:00+00:00,1.287229659100008,1.2897415631716576,1.2865738583729038,1.2890857624445533,2150.2487116199404
2025-01-11 14:25:00+00:00,1.2890857624445533,1.296602278378174,1.2848010422130387,1.2923175581466595,1821.9432041284456
2025-01-11 14:30:00+00:00,1.2923175581466595,1.2955937682318543,1.2879413558318624,1.2912175659170573,2195.403692405238
2025-01-11 14:35:00+00:00,1.2912175659170573,1.295597966155905,1.2869224482583335,1.2913028484971811,2230.3056638874223
2025-01-11 14:40:00+00:00,1.2913028484971811,1.3009525522385308,1.2864610139121035,1.2961107176534532,1596.8367516693406
2025-01-11 14:45:00+00:00,1.2961107176534532,1.2974642170008388,1.2942522997701347,1.2956057991175203,1731.142611184415
2025-01-11 14:50:00+00:00,1.2956057991175203,1.299902175318467,1.2924918124162001,1.2967881886171468,1759.7246679466741
2025-01-11 14:55:00+00:00,1.2967881886171468,1.303402885348912,1.2931034564636679,1.299718153195433,4283.205177233848
2025-01-11 15:00:00+00:00,1.299718153195433,1.305580243027317,1.2983451561261952,1.3042072459580791,4886.459003852188
2025-01-11 15:05:00+00:00,1.3042072459580791,1.3096306499875752,1.3001571679814483,1.3055805720109444,5948.599834911581
2025-01-11 15:10:00+00:00,1.3055805720109444,1.3092160630930538,1.3044207415258406,1.3080562326079501,4243.435536776782
2025-01-11 15:15:00+00:00,1.3080562326079501,1.313212018698175,1.3033965934035543,1.3085523794937792,3697.0024430964813
2025-01-11 15:20:00+00:00,1.3085523794937792,1.3126803754220926,1.306201007242408,1.3103290031707213,3511.0821302716276
2025-01-11 15:25:00+00:00,1.3103290031707213,1.3171975784739802,1.3076052420211983,1.3144738173244572,1857.0261509687102
2025-01-11 15:30:00+00:00,1.3144738173244572,1.3186458950025612,1.3133811175802663,1.3175531952583703,2427.3952319343384
2025-01-11 15:35:00+00:00,1.3175531952583703,1.3248217731036314,1.3128470709332345,1.3201156487784955,1700.9987391430363
2025-01-11 15:40:00+00:00,1.3201156487784955,1.3281677708632889,1.3154446701533984,1.3234967922381917,2158.7334069706435
2025-01-11 15:45:00+00:00,1.3234967922381917,1.327603875796078,1.322366072087679,1.3264731556455653,1717.9585991960964
2025-01-11 15:50:00+00:00,1.3264731556455653,1.330573210648081,1.3254670619943572,1.3295671169968728,1704.2166791172665
2025-01-11 15:55:00+00:00,1.3295671169968728,1.332841809066247,1.328584481164986,1.3318591732343603,2015.1412796236118
2025-01-11 16:00:00+00:00,1.3318591732343603,1.3382249951968952,1.3268053918741338,1.3331712138366687,2112.3080549441365
2025-01-11 16:05:00+00:00,1.3331712138366687,1.3400010147092845,1.3304489062094922,1.337278707082108,2313.591221811727
2025-01-11 16:10:00+00:00,1.337278707082108,1.341755773918502,1.3339255949670348,1.3384026618034288,2076.4330649432336
2025-01-11 16:15:00+00:00,1.3384026618034288,1.3471775751806527,1.3344118964078344,1.3431868097850583,1596.6877072018742
2025-01-11 16:20:00+00:00,1.3431868097850583,1.351285719597711,1.3417834747540827,1.3498823845667354,1619.7901994529104
2025-01-11 16:25:00+00:00,1.3498823845667354,1.3607096262707983,1.3447882435646383,1.3556154852687012,1168.8551912094633
2025-01-11 16:30:00+00:00,1.3556154852687012,1.3650046933660547,1.353370399223795,1.3627596073211485,1404.923291690944
2025-01-11 16:35:00+00:00,1.3627596073211485,1.3653829107492805,1.3616443245141765,1.3642676279423085,1576.9169977250715
2025-01-11 16:40:00+00:00,1.3642676279423085,1.3699409415585002,1.36230599299517,1.3679793066113617,2573.919547018978
2025-01-11 16:45:00+00:00,1.3679793066113617,1.3709244564484455,1.3669505420070645,1.3698956918441483,1718.845788353388
2025-01-11 16:50:00+00:00,1.3698956918441483,1.3758880459753424,1.3659849041899301,1.3719772583211243,2562.585922454337
2025-01-11 16:55:00+00:00,1.3719772583211243,1.375977121592574,1.3684049035074082,1.372404766778858,1627.275037247508
2025-01-11 17:00:00+00:00,1.372404766778858,1.3763338112571963,1.36976146898186,1.3736905134601984,2218.4679249251294
2025-01-11 17:05:00+00:00,1.3736905134601984,1.3813659264220899,1.3708365678483003,1.3785119808101918,2048.5378816823786
2025-01-11 17:10:00+00:00,1.3785119808101918,1.3857639195606297,1.3758219696320362,1.3830739083824741,1995.343479817207
2025-01-11 17:15:00+00:00,1.3830739083824741,1.390973762595961,1.3806093064230045,1.3885091606364914,1622.8778584155439
2025-01-11 17:20:00+00:00,1.3885091606364914,1.3968086800815624,1.3855166704774784,1.3938161899225494,1973.5389561422592
2025-01-11 17:25:00+00:00,1.3938161899225494,1.4033783058861924,1.3889646405802558,1.3985267565438988,2664.134057674311
2025-01-11 17:30:00+00:00,1.3985267565438988,1.4048406044511839,1.3941546594263003,1.4004685073335854,1979.8690441105687
2025-01-11 17:35:00+00:00,1.4004685073335854,1.4073271686959041,1.396723007849411,1.4035816692117298,3365.2794184696545
2025-01-11 17:40:00+00:00,1.4035816692117298,1.4103835636674915,1.4013463585582,1.4081482530139617,3296.8861723501873
2025-01-11 17:45:00+00:00,1.4081482530139617,1.4153976224093034,1.4063425402971326,1.4135919096924743,4230.896100775352
2025-01-11 17:50:00+00:00,1.4135919096924743,1.4208775314474626,1.408875257613862,1.4161608793688503,3717.213409266003
2025-01-11 17:55:00+00:00,1.4161608793688503,1.4200490639372154,1.414589709261782,1.4184778938301472,3882.845825952981
2025-01-11 18:00:00+00:00,1.4184778938301472,1.4220514999700413,1.417273685129944,1.420847291269838,3899.119337050104
2025-01-11 18:05:00+00:00,1.420847291269838,1.429914766809493,1.4176846559609129,1.4267521315005678,2669.7206199241805
2025-01-11 18:10:00+00:00,1.4267521315005678,1.4363766169142909,1.4211746455709668,1.43079913098469,2106.5043623440984
2025-01-11 18:15:00+00:00,1.43079913098469,1.4345922059025051,1.4294376484303282,1.4332307233481434,1699.1341884263134
2025-01-11 18:20:00+00:00,1.4332307233481434,1.4399148783778888,1.4281170524960356,1.434801207525781,1610.3281522535146
2025-01-11 18:25:00+00:00,1.434801207525781,1.443261964928099,1.429989809945199,1.4384505673475172,1832.1842943751626
2025-01-11 18:30:00+00:00,1.4384505673475172,1.4413200910765782,1.4353987095825718,1.4382682333116328,3299.882305413776
2025-01-11 18:35:00+00:00,1.4382682333116328,1.4442589974859958,1.4346147496007036,1.4406055137750666,1842.3435835222979
2025-01-11 18:40:00+00:00,1.4406055137750666,1.4470606081326773,1.4358106623022457,1.4422657566598565,1072.1802797610083
2025-01-11 18:45:00+00:00,1.4422657566598565,1.4451542338707297,1.440942664325201,1.4438311415360743,1806.166044272502
2025-01-11 18:50:00+00:00,1.4438311415360743,1.451373159989686,1.4391937295170756,1.4467357479706873,2185.9900351966394
2025-01-11 18:55:00+00:00,1.4467357479706873,1.4546092444442358,1.4420832638441692,1.4499567603177177,1636.2684434291816
2025-01-11 19:00:00+00:00,1.4499567603177177,1.463277786774191,1.4445209404009864,1.4578419668574598,2036.5805545006597
2025-01-11 19:05:00+00:00,1.4578419668574598,1.4648822902053849,1.4533454971760011,1.4603858205239262,3272.475840800286
2025-01-11 19:10:00+00:00,1.4603858205239262,1.4666999084158487,1.4576273554415773,1.4639414433334998,2597.557155510117
2025-01-11 19:15:00+00:00,1.4639414433334998,1.469309290214498,1.4593485502108874,1.4647163970918855,2506.8706900822926
2025-01-11 19:20:00+00:00,1.4647163970918855,1.4680357577275878,1.4605665714215867,1.463885932057289,1436.994468371198
2025-01-11 19:25:00+00:00,1.463885932057289,1.4715798463034364,1.4603712068991157,1.468065121145263,1821.6340211867155
2025-01-11 19:30:00+00:00,1.468065121145263,1.4753915071634298,1.466364000921565,1.4736903869397318,1910.7716701296833
2025-01-11 19:35:00+00:00,1.4736903869397318,1.475393014482102,1.4721744187411938,1.473877046283564,1956.8869699490422
2025-01-11 19:40:00+00:00,1.473877046283564,1.4799107688204407,1.469665183560017,1.4756989060968937,3153.014769367973
2025-01-11 19:45:00+00:00,1.4756989060968937,1.480450511702309,1.4748867423115741,1.4796383479169894,2866.225321936806
2025-01-11 19:50:00+00:00,1.4796383479169894,1.4825421265712653,1.4787748226317818,1.4816786012860577,1871.5381237485526
2025-01-11 19:55:00+00:00,1.4816786012860577,1.4850363713082022,1.4757634535867101,1.4791212236088547,2257.3483953630075
2025-01-11 20:00:00+00:00,1.4791212236088547,1.485074997035266,1.4768051495011363,1.4827589229275475,1554.6829843383043
2025-01-11 20:05:00+00:00,1.4827589229275475,1.4900879832355287,1.4769269243897791,1.4842559846977603,2469.4212701062747
2025-01-11 20:10:00+00:00,1.4842559846977603,1.4909744306377772,1.4806020030652143,1.4873204490052312,1254.6082524675978
2025-01-11 20:15:00+00:00,1.4873204490052312,1.4906689328177185,1.4839096447863505,1.4872581285988378,5583.821519874514
2025-01-11 20:20:00+00:00,1.4872581285988378,1.4938689600372574,1.483963520877203,1.4905743523156227,3311.199794341545
2025-01-11 20:25:00+00:00,1.4905743523156227,1.4959377708737207,1.488808424548259,1.4941718431063569,6719.459311042135
2025-01-11 20:30:00+00:00,1.4941718431063569,1.4961963010967168,1.4924905149103593,1.4945149729007192,5833.324642473909
2025-01-11 20:35:00+00:00,1.4945149729007192,1.5026813424306533,1.488932900864852,1.497099270394786,4032.8111375186368
2025-01-11 20:40:00+00:00,1.497099270394786,1.4991063253532282,1.4955937872247334,1.4976008421831755,4011.0503585620568
2025-01-11 20:45:00+00:00,1.4976008421831755,1.5034256978575864,1.4925282149487922,1.498353070623203,1486.5481491323835
2025-01-11 20:50:00+00:00,1.498353070623203,1.5021687575896192,1.4945557003263947,1.4983713872928108,1545.7635067128097
2025-01-11 20:55:00+00:00,1.4983713872928108,1.5002796361165474,1.4973769174386597,1.4992851662623963,1538.5520331739283
2025-01-11 21:00:00+00:00,1.4992851662623963,1.502166529661539,1.4968885919566783,1.499769955355821,1595.4092224438743
2025-01-11 21:05:00+00:00,1.499769955355821,1.5087694950374553,1.4947126323967348,1.503712172078369,2269.068015914544
2025-01-11 21:10:00+00:00,1.503712172078369,1.511026919785614,1.4977833552710835,1.5050981029783286,1722.5735278703205
2025-01-11 21:15:00+00:00,1.5050981029783286,1.5103912831815314,1.4995570520614991,1.504850232264702,2381.098805748731
2025-01-11 21:20:00+00:00,1.504850232264702,1.513884378789083,1.5002536698058684,1.5092878163302494,1784.3598802455963
2025-01-11 21:25:00+00:00,1.5092878163302494,1.5167085452694888,1.5048214325965221,1.5122421615357615,2031.1153970647879
2025-01-11 21:30:00+00:00,1.5122421615357615,1.5199781398022325,1.5083539487344362,1.5160899270009072,2138.6242374037806
2025-01-11 21:35:00+00:00,1.5160899270009072,1.5215564298536994,1.5125626233830376,1.5180291262358299,1998.1757823918633
2025-01-11 21:40:00+00:00,1.5180291262358299,1.5267165758134038,1.5127732243314862,1.5214606739090601,1486.00090792054
2025-01-11 21:45:00+00:00,1.5214606739090601,1.5281463969246525,1.5167826799427406,1.523468402958333,2483.9801548129994
2025-01-11 21:50:00+00:00,1.523468402958333,1.5270000877011705,1.520403572856158,1.5239352575989955,1459.0197998413423
2025-01-11 21:55:00+00:00,1.5239352575989955,1.5295397253853724,1.520864404567053,1.5264688723534299,2209.164820045097
2025-01-11 22:00:00+00:00,1.5264688723534299,1.5333599580315453,1.5222596487868207,1.5291507344649362,2150.028100111074
2025-01-11 22:05:00+00:00,1.5291507344649362,1.5365371726342423,1.524509311082825,1.531895749252131,1813.3934235052652
2025-01-11 22:10:00+00:00,1.531895749252131,1.538027749512842,1.5299256655449,1.536057665805611,1949.1610440358254
2025-01-11 22:15:00+00:00,1.536057665805611,1.5406078405484045,1.530877296463313,1.5354274712061065,2110.201709361767
2025-01-11 22:20:00+00:00,1.5354274712061065,1.5400431146979683,1.5341043276127226,1.5387199711045845,3235.1727178915003
2025-01-11 22:25:00+00:00,1.5387199711045845,1.5461300697194544,1.532610798747289,1.540020897362159,2079.0805517629224
2025-01-11 22:30:00+00:00,1.540020897362159,1.5457828185944154,1.5366237128894398,1.5423856341216962,1668.0330058167556
2025-01-11 22:35:00+00:00,1.5423856341216962,1.5483730104550795,1.5402309944677286,1.546218370801112,2566.0550335625076
2025-01-11 22:40:00+00:00,1.546218370801112,1.552848681379625,1.542782706760485,1.549413017338998,2708.2652506307145
2025-01-11 22:45:00+00:00,1.549413017338998,1.5547465649780057,1.5459508716104537,1.5512844192494615,2035.160861032765
2025-01-11 22:50:00+00:00,1.5512844192494615,1.5583189175792178,1.5489369945145028,1.5559714928442592,2561.5534016977085
2025-01-11 22:55:00+00:00,1.5559714928442592,1.562254668427898,1.5529031496048447,1.5591863251884834,6278.221470827355
2025-01-11 23:00:00+00:00,1.5591863251884834,1.566838103601561,1.5567382665545126,1.5643900449675903,2623.9746734944347
2025-01-11 23:05:00+00:00,1.5643900449675903,1.5731971202960882,1.5614533255579326,1.5702604008864305,5303.771579055624
2025-01-11 23:10:00+00:00,1.5702604008864305,1.5744558137817228,1.5689430949879868,1.5731385078832791,3881.9941273638387
2025-01-11 23:15:00+00:00,1.5731385078832791,1.577861815550797,1.5699272712223733,1.5746505788898912,3617.706018851917
2025-01-11 23:20:00+00:00,1.5746505788898912,1.5829480808141643,1.5702161867260473,1.5785136886503204,1770.9431158485042
2025-01-11 23:25:00+00:00,1.5785136886503204,1.5873636209056368,1.5750218600246115,1.583871792279928,1935.3083632436094
2025-01-11 23:30:00+00:00,1.583871792279928,1.593680562704336,1.5785229791538282,1.5883317495782363,1548.6456398366868
2025-01-11 23:35:00+00:00,1.5883317495782363,1.5909986207230131,1.5872737028669728,1.5899405740117496,1757.0433007404054
2025-01-11 23:40:00+00:00,1.5899405740117496,1.5938363475591324,1.5866673801766544,1.5905631537240372,1448.7190265251695
2025-01-11 23:45:00+00:00,1.5905631537240372,1.595594475586389,1.5876691973600443,1.592700519222396,2065.7630128540195
2025-01-11 23:50:00+00:00,1.592700519222396,1.6006791341046565,1.586876754474944,1.5948553693572045,2116.0352815791716
2025-01-11 23:55:00+00:00,1.5948553693572045,1.6017450580776535,1.593238910327112,1.600128599047561,1722.1636864858292
2025-01-12 00:00:00+00:00,1.600128599047561,1.610095391242113,1.5943700584153013,1.6043368506098532,1895.8974409850011
2025-01-12 00:05:00+00:00,1.6043368506098532,1.6117392111090518,1.6027745085845562,1.6101768690837548,2863.260262456012
2025-01-12 00:10:00+00:00,1.6101768690837548,1.6162973994481367,1.6080245411422311,1.614145071506613,1522.5184256543248
2025-01-12 00:15:00+00:00,1.614145071506613,1.6246074042886132,1.6111639130873767,1.6216262458693769,2669.3616411980647
2025-01-12 00:20:00+00:00,1.6216262458693769,1.628400550245791,1.6190459048714458,1.62582020924786,2591.7011969107057
2025-01-12 00:25:00+00:00,1.62582020924786,1.6324731370122987,1.6244504382239606,1.6311033659883993,2226.776123617037
2025-01-12 00:30:00+00:00,1.6311033659883993,1.6367235982857165,1.6288370283273115,1.6344572606246286,2570.244453993611
2025-01-12 00:35:00+00:00,1.6344572606246286,1.6416977290011892,1.6322823615634738,1.6395228299400344,1313.7404653867093
2025-01-12 00:40:00+00:00,1.6395228299400344,1.6470908988735415,1.6383025185548135,1.6458705874883206,2971.044478671032
2025-01-12 00:45:00+00:00,1.6458705874883206,1.6549168525700115,1.6425346741895646,1.6515809392712555,1588.2008592614611
2025-01-12 00:50:00+00:00,1.6515809392712555,1.663570486372248,1.6463061864970583,1.6582957335980508,2802.6490374389964
2025-01-12 00:55:00+00:00,1.6582957335980508,1.662702653271871,1.6567502985926492,1.6611572182664693,2806.940848841726
2025-01-12 01:00:00+00:00,1.6611572182664693,1.6719109908431087,1.6553913676721617,1.666145140248801,1793.5677344061455
2025-01-12 01:05:00+00:00,1.666145140248801,1.6770418664848634,1.6627654722461969,1.6736621984822593,2449.479501253617
2025-01-12 01:10:00+00:00,1.6736621984822593,1.6813938502282781,1.670429726779137,1.678161378525156,2385.6291280656305
2025-01-12 01:15:00+00:00,1.678161378525156,1.6875585102006923,1.6723561902565198,1.6817533219320562,2202.5117177992915
2025-01-12 01:20:00+00:00,1.6817533219320562,1.6888365844530342,1.6780672681608404,1.6851505306818184,2087.0189105163568
2025-01-12 01:25:00+00:00,1.6851505306818184,1.6930978082879453,1.6799281288869397,1.6878754064930666,2295.5755931636063
2025-01-12 01:30:00+00:00,1.6878754064930666,1.6945313982166816,1.6852638571172547,1.6919198488408698,1437.1971704950724
2025-01-12 01:35:00+00:00,1.6919198488408698,1.7018935362598,1.6885122325115318,1.698485919930462,2952.35772560201
2025-01-12 01:40:00+00:00,1.698485919930462,1.7051761285657754,1.6963513629816822,1.7030415716169955,6089.341730126368
2025-01-12 01:45:00+00:00,1.7030415716169955,1.7098495144973778,1.6997214863173604,1.7065294291977426,3260.9269357802523
2025-01-12 01:50:00+00:00,1.7065294291977426,1.7113361789211856,1.7035259373056078,1.7083326870290507,3369.6198484108645
2025-01-12 01:55:00+00:00,1.7083326870290507,1.7126952161627107,1.7049726044686162,1.7093351336022762,5000.35202533042
2025-01-12 02:00:00+00:00,1.7093351336022762,1.7236556436153918,1.7033136677581036,1.7176341777712192,1815.687381372666
2025-01-12 02:05:00+00:00,1.7176341777712192,1.7240976035192388,1.7134083117851526,1.7198717375331722,1844.0475557810323
2025-01-12 02:10:00+00:00,1.7198717375331722,1.7258926575015299,1.7172007558959161,1.7232216758642738,1962.3996595954495
2025-01-12 02:15:00+00:00,1.7232216758642738,1.729068329423346,1.719410869737357,1.7252575232964291,2926.1015073857734
2025-01-12 02:20:00+00:00,1.7252575232964291,1.7303931039839349,1.7234510649166308,1.7285866456041366,2304.4080920887477
2025-01-12 02:25:00+00:00,1.7285866456041366,1.7373995672389484,1.721762609105393,1.7305755307402049,2041.0543682718537
2025-01-12 02:30:00+00:00,1.7305755307402049,1.735105362641141,1.7290820799202775,1.7336119118212137,1897.4771406556877
2025-01-12 02:35:00+00:00,1.7336119118212137,1.7403821451971153,1.732651247810806,1.7394214811867077,1243.7505596901797
2025-01-12 02:40:00+00:00,1.7394214811867077,1.7416530764370994,1.7382801829049699,1.7405117781553616,1151.7109338069251
2025-01-12 02:45:00+00:00,1.7405117781553616,1.7489131515565526,1.735818954635343,1.744220328036534,1402.649013949694
2025-01-12 02:50:00+00:00,1.744220328036534,1.752531259382183,1.7382786437602316,1.7465895751058804,1028.92292573635
2025-01-12 02:55:00+00:00,1.7465895751058804,1.7537186344384579,1.7434432652547645,1.750572324587342,822.5094249828505
2025-01-12 03:00:00+00:00,1.750572324587342,1.7525392986986608,1.7495354237668144,1.7515023978781332,911.0344357045719
2025-01-12 03:05:00+00:00,1.7515023978781332,1.7592922647099003,1.7469039328797107,1.7546937997114778,1012.3424146080553
2025-01-12 03:10:00+00:00,1.7546937997114778,1.761248015505378,1.7483056227445715,1.7548598385384717,1661.906092036354
2025-01-12 03:15:00+00:00,1.7548598385384717,1.7566877833600887,1.751341860636379,1.753169805457996,1498.0306956078546
2025-01-12 03:20:00+00:00,1.753169805457996,1.7593943367585845,1.7462896881933052,1.7525142194938936,651.1681159334163
2025-01-12 03:25:00+00:00,1.7525142194938936,1.7584708845768036,1.7466326114524229,1.7525892765353328,782.4622167890216
2025-01-12 03:30:00+00:00,1.7525892765353328,1.756034735692913,1.7488093842279862,1.7522548433855663,1083.768217326069
2025-01-12 03:35:00+00:00,1.7522548433855663,1.7545882831452628,1.7512564277403,1.7535898674999966,1135.2325242200438
2025-01-12 03:40:00+00:00,1.7535898674999966,1.7633273775142295,1.7482141317507007,1.7579516417649337,1107.2564693837892
2025-01-12 03:45:00+00:00,1.7579516417649337,1.76198178046102,1.7534711124806412,1.7575012511767276,982.1063757877158
2025-01-12 03:50:00+00:00,1.7575012511767276,1.7658427705341708,1.7520907944014192,1.7604323137588624,1440.2620030368507
2025-01-12 03:55:00+00:00,1.7604323137588624,1.764277420571098,1.7588789364004438,1.7627240432126794,1173.6255745154688
2025-01-12 04:00:00+00:00,1.7627240432126794,1.7701900357560505,1.7557131991844788,1.7631791917278499,855.7957863970297
2025-01-12 04:05:00+00:00,1.7631791917278499,1.7647464956777004,1.7615877995234122,1.7631551034732627,1099.5078927633008
2025-01-12 04:10:00+00:00,1.7631551034732627,1.7670805222062855,1.7621408425446354,1.7660662612776583,2913.038237471054
2025-01-12 04:15:00+00:00,1.7660662612776583,1.775778699261475,1.7594028782657987,1.7691153162496154,3018.9193496696075
2025-01-12 04:20:00+00:00,1.7691153162496154,1.7771012817905627,1.762430115837912,1.7704160813788594,2285.64675788343
2025-01-12 04:25:00+00:00,1.7704160813788594,1.776216878130345,1.7663759465907365,1.772176743342222,1927.7226463500062
2025-01-12 04:30:00+00:00,1.772176743342222,1.777081356759868,1.7693776320324373,1.7742822454500833,3974.138194077684
2025-01-12 04:35:00+00:00,1.7742822454500833,1.777612762316015,1.7702963508288894,1.773626867694821,2254.750630212094
2025-01-12 04:40:00+00:00,1.773626867694821,1.780888491600476,1.7688223292576224,1.7760839531632773,1181.9959986110139
2025-01-12 04:45:00+00:00,1.7760839531632773,1.781390260785335,1.7737220889438727,1.7790283965659304,952.2267173719806
2025-01-12 04:50:00+00:00,1.7790283965659304,1.7861875952575335,1.77801927036156,1.7851784690531631,2024.8360023192804
2025-01-12 04:55:00+00:00,1.7851784690531631,1.7894033371801452,1.780617551106267,1.784842419233249,1643.4601884178433
2025-01-12 05:00:00+00:00,1.784842419233249,1.788029409392271,1.7822675373041128,1.7854545274631348,972.3648882091404
2025-01-12 05:05:00+00:00,1.7854545274631348,1.7937053262460616,1.77995666512361,1.7882074639065368,1332.948523584171
2025-01-12 05:10:00+00:00,1.7882074639065368,1.7934943218732708,1.7843008812514092,1.7895877392181432,1030.9900010110039
2025-01-12 05:15:00+00:00,1.7895877392181432,1.7985624376903002,1.7824680955635475,1.7914427940357045,1312.6444364364804
2025-01-12 05:20:00+00:00,1.7914427940357045,1.7958454303542164,1.7898790977482355,1.7942817340667474,1220.3206790787149
2025-01-12 05:25:00+00:00,1.7942817340667474,1.8003982155612916,1.7904387109296358,1.79655519242418,1243.657448783479
2025-01-12 05:30:00+00:00,1.79655519242418,1.8022701212831063,1.793772049944206,1.7994869788031322,1693.496207228049
2025-01-12 05:35:00+00:00,1.7994869788031322,1.8047781410922652,1.7982562478318773,1.8035474101210103,844.7668660189111
2025-01-12 05:40:00+00:00,1.8035474101210103,1.8103239384302057,1.7964298166710788,1.8032063449802742,1190.5260913392433
2025-01-12 05:45:00+00:00,1.8032063449802742,1.814821245369076,1.7961070860673722,1.807721986456174,848.470694469096
2025-01-12 05:50:00+00:00,1.807721986456174,1.809380605061439,1.8045324886080862,1.8061911072133512,1300.8694411999568
2025-01-12 05:55:00+00:00,1.8061911072133512,1.8202444924066645,1.7993453959889922,1.8133987811823056,850.6130322316162
2025-01-12 06:00:00+00:00,1.8133987811823056,1.8225934527908543,1.8098220335255397,1.8190167051340884,1730.721466424608
2025-01-12 06:05:00+00:00,1.8190167051340884,1.8246088074137696,1.815766752370405,1.8213588546500863,1245.1166821531058
2025-01-12 06:10:00+00:00,1.8213588546500863,1.8315076131361052,1.8172327395154395,1.8273814980014584,667.1811148363131
2025-01-12 06:15:00+00:00,1.8273814980014584,1.8319268150105277,1.826383354673679,1.8309286716827482,1108.491261920752
2025-01-12 06:20:00+00:00,1.8309286716827482,1.8390987301102955,1.8276840475897287,1.835854106017276,730.1567396715344
2025-01-12 06:25:00+00:00,1.835854106017276,1.8459980957088,1.8314457411806278,1.8415897308721518,1126.3765237356574
2025-01-12 06:30:00+00:00,1.8415897308721518,1.8480006024363438,1.8400982446706065,1.8465091162347984,1030.255437894613
2025-01-12 06:35:00+00:00,1.8465091162347984,1.852831180185961,1.844418773037534,1.8507408369886966,724.663712667056
2025-01-12 06:40:00+00:00,1.8507408369886966,1.862977913975304,1.8442011425127272,1.8564382194993345,1003.497803267988
2025-01-12 06:45:00+00:00,1.8564382194993345,1.867451120849132,1.8493797384731467,1.8603926398229442,1108.3483475578355
2025-01-12 06:50:00+00:00,1.8603926398229442,1.8639979678855247,1.8536903702151208,1.8572956982777014,2967.4086357469214
2025-01-12 06:55:00+00:00,1.8572956982777014,1.864356047353134,1.8459187350309902,1.8529790841064229,1809.5524581497373
2025-01-12 07:00:00+00:00,1.8529790841064229,1.8562101371279343,1.8435710685671445,1.8468021215886559,3135.743288392523
2025-01-12 07:05:00+00:00,1.8468021215886559,1.8522508780415314,1.8427836766562533,1.8482324331091289,2463.291873929785
2025-01-12 07:10:00+00:00,1.8482324331091289,1.853619719673639,1.8425172046268636,1.8479044911913738,1968.0190143059713
2025-01-12 07:15:00+00:00,1.8479044911913738,1.8531589198982525,1.8374967298833573,1.842751158590236,2554.6951726824655
2025-01-12 07:20:00+00:00,1.842751158590236,1.8464593611613471,1.8379096524186835,1.8416178549897946,930.8011425104095
2025-01-12 07:25:00+00:00,1.8416178549897946,1.8465560813487467,1.8351438223304426,1.8400820486893947,1048.331484385231
2025-01-12 07:30:00+00:00,1.8400820486893947,1.8443168473768292,1.8289897677504097,1.8332245664378441,1367.8115948546758
2025-01-12 07:35:00+00:00,1.8332245664378441,1.8380080244095287,1.8246234080785515,1.829406866050236,1428.2470252462247
2025-01-12 07:40:00+00:00,1.829406866050236,1.8312017438877874,1.8254000694529406,1.827194947290492,1322.133601798627
2025-01-12 07:45:00+00:00,1.827194947290492,1.8349746623289247,1.8212068929280352,1.8289866079664678,797.9428804770931
2025-01-12 07:50:00+00:00,1.8289866079664678,1.8322254674088396,1.8261490781923946,1.8293879376347664,963.2757414297314
2025-01-12 07:55:00+00:00,1.8293879376347664,1.8346066957256764,1.82490538660937,1.83012414470028,1157.30785457018
2025-01-12 08:00:00+00:00,1.83012414470028,1.8313645538714896,1.8275137295902322,1.8287541387614417,1080.1220562250555
2025-01-12 08:05:00+00:00,1.8287541387614417,1.8326903969479198,1.8249132686401441,1.8288495268266223,1085.534950694854
2025-01-12 08:10:00+00:00,1.8288495268266223,1.8316768645855894,1.8212949921382016,1.8241223298971687,929.0537809931759
2025-01-12 08:15:00+00:00,1.8241223298971687,1.8252734671558895,1.8221353199585129,1.8232864572172336,748.0891140071102
2025-01-12 08:20:00+00:00,1.8232864572172336,1.8265868766413336,1.8193448219631767,1.8226452413872767,853.010942114626
2025-01-12 08:25:00+00:00,1.8226452413872767,1.8290646550611338,1.8111569875967857,1.8175764012706428,565.2105549555259
2025-01-12 08:30:00+00:00,1.8175764012706428,1.822888376334357,1.8104589373404811,1.8157709124041954,1039.1329633291662
2025-01-12 08:35:00+00:00,1.8157709124041954,1.8195125817452378,1.8129364499328569,1.8166781192738992,1276.5096808197648
2025-01-12 08:40:00+00:00,1.8166781192738992,1.8254111749737214,1.8096658570744797,1.8183989127743019,836.0490693295682
2025-01-12 08:45:00+00:00,1.8183989127743019,1.8260219119380692,1.8113067650970938,1.818929764260861,1380.6165166746498
2025-01-12 08:50:00+00:00,1.818929764260861,1.824661307289118,1.8090105572936004,1.8147421003218573,1132.4164048017158
2025-01-12 08:55:00+00:00,1.8147421003218573,1.8164429601216063,1.8101235179405257,1.8118243777402747,844.2798442898778
2025-01-12 09:00:00+00:00,1.8118243777402747,1.8151465000041311,1.8045784776203055,1.807900599884162,1125.6577814955515
2025-01-12 09:05:00+00:00,1.807900599884162,1.8125373909294609,1.8030624928235979,1.8076992838688968,1199.0819982380494
2025-01-12 09:10:00+00:00,1.8076992838688968,1.8123500807081383,1.7982522995730872,1.8029030964123287,1113.8716561602694
2025-01-12 09:15:00+00:00,1.8029030964123287,1.807541958073125,1.7929524314133771,1.7975912930741733,963.8955581404026
2025-01-12 09:20:00+00:00,1.7975912930741733,1.8028818584456994,1.7856820842721277,1.7909726496436538,1113.94968794267
2025-01-12 09:25:00+00:00,1.7909726496436538,1.7951426737645535,1.7840260632097313,1.788196087330631,1003.582867570954
2025-01-12 09:30:00+00:00,1.788196087330631,1.7917121437342272,1.7823320265939075,1.7858480829975036,2777.3012812500365
2025-01-12 09:35:00+00:00,1.7858480829975036,1.7888874403054436,1.7781581979351935,1.7811975552431334,1962.742314035005
2025-01-12 09:40:00+00:00,1.7811975552431334,1.7856923517281342,1.7716420399922614,1.7761368364772623,2336.7926802670554
2025-01-12 09:45:00+00:00,1.7761368364772623,1.780531342873358,1.7678273549140762,1.772221861310172,2061.1444148879937
2025-01-12 09:50:00+00:00,1.772221861310172,1.7731230092436494,1.770592413988085,1.7714935619215626,2724.8223355565497
2025-01-12 09:55:00+00:00,1.7714935619215626,1.772743693083049,1.763718997606231,1.7649691287677174,3314.087872441309
2025-01-12 10:00:00+00:00,1.7649691287677174,1.7718763208208894,1.7542440057702628,1.7611511978234349,826.549976206691
2025-01-12 10:05:00+00:00,1.7611511978234349,1.7672160429703867,1.7517363871787484,1.7578012323257002,949.4895661794718
2025-01-12 10:10:00+00:00,1.7578012323257002,1.764658752217723,1.7478796264208833,1.7547371463129062,841.3174584482235
2025-01-12 10:15:00+00:00,1.7547371463129062,1.7577435491174038,1.7504685140281582,1.7534749168326558,1063.9112865042823
2025-01-12 10:20:00+00:00,1.7534749168326558,1.7574204624919465,1.7473087908945883,1.751254336553879,1291.574559210438
2025-01-12 10:25:00+00:00,1.751254336553879,1.7548120094177695,1.7442560901917077,1.747813763055598,1602.2490001581448
2025-01-12 10:30:00+00:00,1.747813763055598,1.748878878614549,1.7457599815672376,1.7468250971261885,975.7045462048973
2025-01-12 10:35:00+00:00,1.7468250971261885,1.75100339484086,1.7409420298314473,1.745120327546119,1282.593018098013
2025-01-12 10:40:00+00:00,1.745120327546119,1.7461074089631132,1.7406045680600093,1.7415916494770036,1111.2362892461394
2025-01-12 10:45:00+00:00,1.7415916494770036,1.7468971969504863,1.732619509055058,1.7379250565285407,1148.7636746202568
2025-01-12 10:50:00+00:00,1.7379250565285407,1.7396309804540218,1.729572547443067,1.731278471368548,883.2695342778961
2025-01-12 10:55:00+00:00,1.731278471368548,1.7340872444389823,1.7245529148783965,1.7273616879488307,824.1597115116001
2025-01-12 11:00:00+00:00,1.7273616879488307,1.7283594820514687,1.7205464180409569,1.7215442121435949,1127.3398295537518
2025-01-12 11:05:00+00:00,1.7215442121435949,1.7280775113094413,1.708467971524856,1.7150012706907025,1239.3358950861402
2025-01-12 11:10:00+00:00,1.7150012706907025,1.7197774673014332,1.7054779434141825,1.7102541400249132,962.2538929850502
2025-01-12 11:15:00+00:00,1.7102541400249132,1.7140242761141165,1.6987784435828062,1.7025485796720095,1281.5818480087173
2025-01-12 11:20:00+00:00,1.7025485796720095,1.7064245181381463,1.6927106477725278,1.6965865862386647,921.1129244831467
2025-01-12 11:25:00+00:00,1.6965865862386647,1.6988852583561147,1.6891192483774964,1.6914179204949464,1324.871202986873
2025-01-12 11:30:00+00:00,1.6914179204949464,1.6946223658521302,1.684799501008411,1.6880039463655947,1245.550313903552
2025-01-12 11:35:00+00:00,1.6880039463655947,1.6928273792928255,1.678467705817748,1.6832911387449787,1064.4633722869728
2025-01-12 11:40:00+00:00,1.6832911387449787,1.6886343276921767,1.6747193700897123,1.6800625590369103,1030.9678179893838
2025-01-12 11:45:00+00:00,1.6800625590369103,1.6843271135802216,1.6750051295349453,1.6792696840782566,1317.3247558698938
2025-01-12 11:50:00+00:00,1.6792696840782566,1.6825147311269113,1.6737306845435718,1.6769757315922265,1326.4546398899347
2025-01-12 11:55:00+00:00,1.6769757315922265,1.682402622344653,1.6653313850419647,1.6707582757943913,1136.7429684901138
2025-01-12 12:00:00+00:00,1.6707582757943913,1.6734773694585117,1.6606447381185894,1.6633638317827097,933.2791268671423
2025-01-12 12:05:00+00:00,1.6633638317827097,1.6664072026896812,1.6547218156940309,1.6577651866010024,1528.7706994413684
2025-01-12 12:10:00+00:00,1.6577651866010024,1.6596675207850935,1.6503918445536296,1.6522941787377208,3031.320054090602
2025-01-12 12:15:00+00:00,1.6522941787377208,1.6581236501458256,1.6389055222260938,1.6447349936341986,1678.1702739999942
2025-01-12 12:20:00+00:00,1.6447349936341986,1.650880589697015,1.6316389929308681,1.6377845889936844,2111.511030827911
2025-01-12 12:25:00+00:00,1.6377845889936844,1.6431342990822355,1.6255816749710936,1.6309313850596447,2731.7928200475985
2025-01-12 12:30:00+00:00,1.6309313850596447,1.635041282916147,1.6222327386861235,1.6263426365426257,2744.56647155237
2025-01-12 12:35:00+00:00,1.6263426365426257,1.628375187334892,1.6237581412436697,1.625790692035936,800.8076969887798
2025-01-12 12:40:00+00:00,1.625790692035936,1.631290891884606,1.6203545994026745,1.6258547992513446,1030.5859110843837
2025-01-12 12:45:00+00:00,1.6258547992513446,1.6300621171598468,1.6164543056633387,1.620661623571841,1041.4250135456184
2025-01-12 12:50:00+00:00,1.620661623571841,1.6262541679098712,1.611052598803637,1.6166451431416673,1822.3709618641349
2025-01-12 12:55:00+00:00,1.6166451431416673,1.621276945537655,1.6063068646251333,1.610938667021121,1004.0813437221037
2025-01-12 13:00:00+00:00,1.610938667021121,1.6152500712067224,1.600510497679194,1.6048219018647953,1127.4998740028284
2025-01-12 13:05:00+00:00,1.6048219018647953,1.610260419688857,1.596349127978366,1.6017876458024276,941.7061982377045
2025-01-12 13:10:00+00:00,1.6017876458024276,1.6071530561062253,1.5936894943572,1.5990549046609976,1318.049955303118
2025-01-12 13:15:00+00:00,1.5990549046609976,1.6050687530243868,1.5890766163755599,1.595090464738949,1016.426020172865
2025-01-12 13:20:00+00:00,1.595090464738949,1.5983580025392305,1.5903512788831728,1.5936188166834544,1199.5023975035265
2025-01-12 13:25:00+00:00,1.5936188166834544,1.5980847402477003,1.5859057942509547,1.5903717178152006,661.0657731440411
2025-01-12 13:30:00+00:00,1.5903717178152006,1.5948823187109082,1.5854012825025887,1.5899118833982964,1223.7304216659952
2025-01-12 13:35:00+00:00,1.5899118833982964,1.5917756408181798,1.5846194163326321,1.5864831737525156,1279.764161837819
2025-01-12 13:40:00+00:00,1.5864831737525156,1.5897069461808482,1.5824817166102774,1.58570548903861,1312.655386445286
2025-01-12 13:45:00+00:00,1.58570548903861,1.5898314299685912,1.5788527753246797,1.582978716254661,717.5568683030416
2025-01-12 13:50:00+00:00,1.582978716254661,1.5869129608104138,1.577000063920885,1.5809343084766379,1025.2821567867518
2025-01-12 13:55:00+00:00,1.5809343084766379,1.583631554165507,1.5771963514416292,1.5798935971304984,1379.2779634664703
2025-01-12 14:00:00+00:00,1.5798935971304984,1.5823614426366266,1.5727260581774414,1.5751939036835696,1119.142392160415
2025-01-12 14:05:00+00:00,1.5751939036835696,1.5806404418926092,1.5662314689080816,1.5716780071171212,1066.854492466593
2025-01-12 14:10:00+00:00,1.5716780071171212,1.5742547745132394,1.5668996997155622,1.5694764671116803,1034.9896634574254
2025-01-12 14:15:00+00:00,1.5694764671116803,1.5745562661294579,1.561844471631354,1.5669242706491315,1020.4175195913566
2025-01-12 14:20:00+00:00,1.5669242706491315,1.5684384755412364,1.5639052310517418,1.5654194359438467,1061.800846155733
2025-01-12 14:25:00+00:00,1.5654194359438467,1.566522519245119,1.5608375096276177,1.56194059292889,1105.069739658512
2025-01-12 14:30:00+00:00,1.56194059292889,1.5649152579373353,1.5545461023688079,1.557520767377253,1201.6057474687764
2025-01-12 14:35:00+00:00,1.557520767377253,1.5611618095751627,1.5517710253543242,1.5554120675522338,922.2975356764896
2025-01-12 14:40:00+00:00,1.5554120675522338,1.5561894059512411,1.5532775111424328,1.5540548495414401,916.9332338433243
2025-01-12 14:45:00+00:00,1.5540548495414401,1.5559634071724078,1.5487600641687207,1.5506686217996883,1140.3972567686226
2025-01-12 14:50:00+00:00,1.5506686217996883,1.5549801595963786,1.5467406389846277,1.551052176781318,3145.305939807567
2025-01-12 14:55:00+00:00,1.551052176781318,1.5559593891465267,1.545558121445528,1.5504653338107368,2629.795636565864
2025-01-12 15:00:00+00:00,1.5504653338107368,1.5539066506003771,1.546722141219797,1.5501634580094372,3694.5382617838623
2025-01-12 15:05:00+00:00,1.5501634580094372,1.5538681571749908,1.5460265042809498,1.5497312034465034,1432.4829991076745
2025-01-12 15:10:00+00:00,1.5497312034465034,1.5529146582189868,1.5430531313700289,1.5462365861425122,2335.8183150229115
2025-01-12 15:15:00+00:00,1.5462365861425122,1.5527216153997296,1.541783585712797,1.5482686149700144,1115.6676786060073
2025-01-12 15:20:00+00:00,1.5482686149700144,1.553623079877787,1.5396646651458277,1.5450191300536003,859.2029148853272
2025-01-12 15:25:00+00:00,1.5450191300536003,1.5483123477023732,1.540480359333916,1.543773576982689,1005.3200977710269
2025-01-12 15:30:00+00:00,1.543773576982689,1.5450391375753547,1.5418854577157153,1.543151018308381,1238.4717832261435
2025-01-12 15:35:00+00:00,1.543151018308381,1.5490156525590302,1.5359097853753194,1.5417744196259686,1543.2391413626738
2025-01-12 15:40:00+00:00,1.5417744196259686,1.5470170553391995,1.5348529033065308,1.5400955390197617,876.3163395404832
2025-01-12 15:45:00+00:00,1.5400955390197617,1.5423800848354632,1.5342511546538538,1.5365357004695552,1570.5587232642474
2025-01-12 15:50:00+00:00,1.5365357004695552,1.5402927038419667,1.5299453142815431,1.5337023176539546,1282.1044487301049
2025-01-12 15:55:00+00:00,1.5337023176539546,1.5376129281758633,1.527706762156676,1.5316173726785847,1493.7170565026827
2025-01-12 16:00:00+00:00,1.5316173726785847,1.5354930109417764,1.5279380565076301,1.5318136947708219,1282.1225485851485
2025-01-12 16:05:00+00:00,1.5318136947708219,1.5331932347982802,1.5269738229564185,1.5283533629838768,1057.9257700072058
2025-01-12 16:10:00+00:00,1.5283533629838768,1.5317837581269063,1.5238812570134566,1.527311652156486,2018.5314198248625
2025-01-12 16:15:00+00:00,1.527311652156486,1.5282310252312348,1.5248326219354689,1.5257519950102176,914.2091711273007
2025-01-12 16:20:00+00:00,1.5257519950102176,1.5268240431068885,1.5224191122336475,1.5234911603303183,1277.041607962661
2025-01-12 16:25:00+00:00,1.5234911603303183,1.524642673747575,1.5188589844124603,1.5200104978297169,913.712899391019
2025-01-12 16:30:00+00:00,1.5200104978297169,1.5219886081075154,1.515243352314767,1.5172214625925655,1267.8809663746797
2025-01-12 16:35:00+00:00,1.5172214625925655,1.5182775541514115,1.5104337251758226,1.5114898167346686,995.3022993025836
2025-01-12 16:40:00+00:00,1.5114898167346686,1.5155666260547038,1.5049594250536795,1.5090362343737147,1388.6929089347855
2025-01-12 16:45:00+00:00,1.5090362343737147,1.5111960695827993,1.5047577727949144,1.506917608003999,1964.4113265864314
2025-01-12 16:50:00+00:00,1.506917608003999,1.5122412166051367,1.4978945160388633,1.503218124640001,1366.4184345583162
2025-01-12 16:55:00+00:00,1.503218124640001,1.5090305353259899,1.4955293943909018,1.5013418050768907,1397.0723660506478
2025-01-12 17:00:00+00:00,1.5013418050768907,1.5048568953324366,1.4955107171263466,1.4990258073818925,879.4396105903619
2025-01-12 17:05:00+00:00,1.4990258073818925,1.5014992778883405,1.492306420563692,1.49477989107014,861.8640869594863
2025-01-12 17:10:00+00:00,1.49477989107014,1.4989299400557818,1.4891351962758215,1.4932852452614633,737.6643855380672
2025-01-12 17:15:00+00:00,1.4932852452614633,1.4949577942757206,1.4876081188020258,1.489280667816283,913.699436990459
2025-01-12 17:20:00+00:00,1.489280667816283,1.4932509221800028,1.4865096160799778,1.4904798704436975,882.6403119968066
2025-01-12 17:25:00+00:00,1.4904798704436975,1.495163744450918,1.4807999166178494,1.48548379062507,2875.731837964334
2025-01-12 17:30:00+00:00,1.48548379062507,1.4879243573907133,1.4783977239414565,1.4808382907070998,3261.257601550445
2025-01-12 17:35:00+00:00,1.4808382907070998,1.4833124559287205,1.4739862462553939,1.4764604114770146,2091.5711203196847
2025-01-12 17:40:00+00:00,1.4764604114770146,1.481495547265289,1.468555483304112,1.4735906190923864,2317.870265544779
2025-01-12 17:45:00+00:00,1.4735906190923864,1.4748041690543723,1.4710964691334196,1.4723100190954055,1769.2800750511417
2025-01-12 17:50:00+00:00,1.4723100190954055,1.4771957225948684,1.4642187488505998,1.4691044523500627,2254.225833025001
2025-01-12 17:55:00+00:00,1.4691044523500627,1.472459540342957,1.4616490524366939,1.4650041404295882,1283.2142726228597
2025-01-12 18:00:00+00:00,1.4650041404295882,1.4692250076222653,1.460701103792366,1.4649219709850432,1357.6307767109379
2025-01-12 18:05:00+00:00,1.4649219709850432,1.4658121412365677,1.4623746651344818,1.4632648353860063,920.9458785142949
2025-01-12 18:10:00+00:00,1.4632648353860063,1.4661109729369957,1.456461154733511,1.4593072922845003,1436.7357805138458
2025-01-12 18:15:00+00:00,1.4593072922845003,1.4604734104155161,1.4544671789982218,1.4556332971292376,1258.123840400343
2025-01-12 18:20:00+00:00,1.4556332971292376,1.4588624018595422,1.4462559561984536,1.4494850609287582,1191.426328972143
2025-01-12 18:25:00+00:00,1.4494850609287582,1.454866099379769,1.4406922922679657,1.4460733307189766,1385.7212848737106
2025-01-12 18:30:00+00:00,1.4460733307189766,1.450891988414354,1.4407607526776378,1.4455794103730153,964.7219841386911
2025-01-12 18:35:00+00:00,1.4455794103730153,1.4491241403103843,1.4365510019459402,1.4400957318833092,867.3519838658425
2025-01-12 18:40:00+00:00,1.4400957318833092,1.4413313442790443,1.4329695186480815,1.4342051310438166,1290.8959198684722
2025-01-12 18:45:00+00:00,1.4342051310438166,1.436546474706326,1.4286648179555896,1.431006161618099,1601.1895973626747
2025-01-12 18:50:00+00:00,1.431006161618099,1.4363217050534216,1.4181957001503922,1.423511243585715,1623.0489404005457
2025-01-12 18:55:00+00:00,1.423511243585715,1.4270903293220922,1.4189373589215442,1.4225164446579215,452.96384894646775
2025-01-12 19:00:00+00:00,1.4225164446579215,1.4250038717490603,1.4141164519935012,1.41660387908464,1165.6585509869194
2025-01-12 19:05:00+00:00,1.41660387908464,1.4194321181100058,1.4092511859627805,1.4120794249881463,971.723262858552
2025-01-12 19:10:00+00:00,1.4120794249881463,1.4174412036385047,1.4031894259422537,1.408551204592612,741.4693146194334
2025-01-12 19:15:00+00:00,1.408551204592612,1.4118298845733315,1.4040804790886636,1.407359159069383,1088.851938024005
2025-01-12 19:20:00+00:00,1.407359159069383,1.4092346518403567,1.4029729280946306,1.4048484208656042,1086.5019300008064
2025-01-12 19:25:00+00:00,1.4048484208656042,1.4071072095163302,1.3962747423944928,1.3985335310452187,1334.3180791196487
2025-01-12 19:30:00+00:00,1.3985335310452187,1.4005426194934933,1.3906305486803339,1.3926396371286085,656.1273946281885
2025-01-12 19:35:00+00:00,1.3926396371286085,1.3971213513524696,1.3854851633991159,1.389966877622977,804.0389916075496
2025-01-12 19:40:00+00:00,1.389966877622977,1.3937313136766554,1.37976543209257,1.3835298681462485,978.8416148017124
2025-01-12 19:45:00+00:00,1.3835298681462485,1.3887993147214899,1.3748795352679268,1.3801489818431683,1655.7456884299497
2025-01-12 19:50:00+00:00,1.3801489818431683,1.3835209498753707,1.372580539763691,1.3759525077958934,1721.5407037506543
2025-01-12 19:55:00+00:00,1.3759525077958934,1.3808561585770318,1.3695989278479186,1.374502578629057,1415.4204381535342
2025-01-12 20:00:00+00:00,1.374502578629057,1.379163482298545,1.3691191024074443,1.3737800060769323,1473.3439589184381
2025-01-12 20:05:00+00:00,1.3737800060769323,1.3758828664831353,1.3649064653179495,1.3670093257241525,2221.733228064463
2025-01-12 20:10:00+00:00,1.3670093257241525,1.3678011598320101,1.3643508403794729,1.3651426744873305,2509.6300471714117
2025-01-12 20:15:00+00:00,1.3651426744873305,1.3698639802685262,1.3589648037207198,1.3636861095019155,2663.0156924239286
2025-01-12 20:20:00+00:00,1.3636861095019155,1.364373641608408,1.359310087846668,1.3599976199531605,2393.6464155444387
2025-01-12 20:25:00+00:00,1.3599976199531605,1.3638356785876682,1.3528154162196404,1.3566534748541481,1988.7483899540587
2025-01-12 20:30:00+00:00,1.3566534748541481,1.357500221418027,1.351558091912985,1.3524048384768639,3080.2144090967163
2025-01-12 20:35:00+00:00,1.3524048384768639,1.3565360839549363,1.3454825908322712,1.3496138363103436,1551.6134415041838
2025-01-12 20:40:00+00:00,1.3496138363103436,1.3535906160432976,1.3441268551222956,1.3481036348552495,733.0951511371647
2025-01-12 20:45:00+00:00,1.3481036348552495,1.3518659911302078,1.3444010206519668,1.348163376926925,1083.8688235457728
2025-01-12 20:50:00+00:00,1.348163376926925,1.3508856343775912,1.3457213365278913,1.3484435939785575,1895.1868882876915
2025-01-12 20:55:00+00:00,1.3484435939785575,1.3498302275678273,1.3446060173627588,1.3459926509520286,914.2746598284264
2025-01-12 21:00:00+00:00,1.3459926509520286,1.3471917966269464,1.3415202617856332,1.342719407460551,935.3674300892108
2025-01-12 21:05:00+00:00,1.342719407460551,1.3439738148745188,1.3411959427011537,1.3424503501151215,916.8571388215375
2025-01-12 21:10:00+00:00,1.3424503501151215,1.3460137830839687,1.332624500683484,1.3361879336523312,724.1666687573338
2025-01-12 21:15:00+00:00,1.3361879336523312,1.3371038186894932,1.3312548487452722,1.3321707337824342,1669.022585016785
2025-01-12 21:20:00+00:00,1.3321707337824342,1.3366181345027814,1.3270196228537081,1.3314670235740553,1494.3075147327854
2025-01-12 21:25:00+00:00,1.3314670235740553,1.3360659625664382,1.328739322162328,1.3333382611547109,1144.9630687004428
2025-01-12 21:30:00+00:00,1.3333382611547109,1.337158476561496,1.3266107733004235,1.3304309887072086,2060.7282789379055
2025-01-12 21:35:00+00:00,1.3304309887072086,1.3348284312960597,1.324574872779753,1.3289723153686042,744.9028051415022
2025-01-12 21:40:00+00:00,1.3289723153686042,1.3323006810058786,1.3222757579829494,1.3256041236202238,1111.2794375989633
2025-01-12 21:45:00+00:00,1.3256041236202238,1.3279973851683786,1.32152895268086,1.3239222142290148,1197.9820251950825
2025-01-12 21:50:00+00:00,1.3239222142290148,1.3252497240487648,1.3209296760122522,1.3222571858320022,965.871658251611
2025-01-12 21:55:00+00:00,1.3222571858320022,1.3229418067846226,1.3188489603659397,1.31953358131856,1151.867577777225
2025-01-12 22:00:00+00:00,1.31953358131856,1.3226734844321542,1.3155021309045614,1.3186420340181555,1175.363822241547
2025-01-12 22:05:00+00:00,1.3186420340181555,1.32023254838192,1.315278669923989,1.3168691842877533,976.2800599573548
2025-01-12 22:10:00+00:00,1.3168691842877533,1.3205152431418832,1.3125230177675324,1.3161690766216623,1405.049660633485
2025-01-12 22:15:00+00:00,1.3161690766216623,1.3193039182699358,1.3112145833504698,1.3143494249987433,1639.1173872538448
2025-01-12 22:20:00+00:00,1.3143494249987433,1.3172244530041242,1.3080697389305491,1.31094476693593,920.6323005824663
2025-01-12 22:25:00+00:00,1.31094476693593,1.3145989103215536,1.3059974751994752,1.3096516185850988,1015.4768582255357
2025-01-12 22:30:00+00:00,1.3096516185850988,1.3128467951523703,1.3062733846210048,1.3094685611882764,885.6074667858717
2025-01-12 22:35:00+00:00,1.3094685611882764,1.3105118686249955,1.3056398074440527,1.3066831148807718,615.0718079992072
2025-01-12 22:40:00+00:00,1.3066831148807718,1.310953704200035,1.30294255933071,1.3072131486499732,912.1036965496667
2025-01-12 22:45:00+00:00,1.3072131486499732,1.3109235901796485,1.3026072347168696,1.306317676246545,2268.546668816594
2025-01-12 22:50:00+00:00,1.306317676246545,1.3081035001225794,1.3023335729044228,1.3041193967804572,3387.369453571999
2025-01-12 22:55:00+00:00,1.3041193967804572,1.3091663697250955,1.2974575504230599,1.3025045233676982,1986.5633311407028
2025-01-12 23:00:00+00:00,1.3025045233676982,1.3057771059396115,1.2968668468338893,1.3001394294058026,2004.0662823754794
2025-01-12 23:05:00+00:00,1.3001394294058026,1.3011984798479859,1.2959252080208887,1.296984258463072,3287.0637747893966
2025-01-12 23:10:00+00:00,1.296984258463072,1.2978196243482574,1.2957827201919607,1.2966180860771461,2081.8679051997583
2025-01-12 23:15:00+00:00,1.2966180860771461,1.2982509984381776,1.29454424328898,1.2961771556500115,1249.1804561615663
2025-01-12 23:20:00+00:00,1.2961771556500115,1.298218046982915,1.2915356091146313,1.2935765004475348,922.8854115458345
2025-01-12 23:25:00+00:00,1.2935765004475348,1.296699264064557,1.28821829915113,1.291341062768152,532.7159719136886
2025-01-12 23:30:00+00:00,1.291341062768152,1.2952987435307575,1.2850531672288326,1.289010847991438,835.2378006817273
2025-01-12 23:35:00+00:00,1.289010847991438,1.2919009516554467,1.2851347758739595,1.2880248795379683,803.194626686921
2025-01-12 23:40:00+00:00,1.2880248795379683,1.2895252303172648,1.286667330764338,1.2881676815436345,1173.56479551942
2025-01-12 23:45:00+00:00,1.2881676815436345,1.291720360894425,1.2814133117565465,1.284965991107337,1069.8262988736496
2025-01-12 23:50:00+00:00,1.284965991107337,1.289116496864965,1.279050290407598,1.283200796165226,2318.9680879964812
2025-01-12 23:55:00+00:00,1.283200796165226,1.2864004437738656,1.277670166479674,1.2808698140883135,823.036951786082
2025-01-13 00:00:00+00:00,1.2808698140883135,1.2826381878327957,1.2776027545811437,1.279371128325626,971.1959922501335
2025-01-13 00:05:00+00:00,1.279371128325626,1.2830133152499408,1.2755271394626047,1.2791693263869195,1096.2175299637156
2025-01-13 00:10:00+00:00,1.2791693263869195,1.2802956322607968,1.2742259575103294,1.2753522633842067,2167.2897705852097
2025-01-13 00:15:00+00:00,1.2753522633842067,1.2798111931708422,1.2652183558999022,1.2696772856865377,822.4748899736238
2025-01-13 00:20:00+00:00,1.2696772856865377,1.273983615013887,1.2625353474223127,1.266841676749662,1839.2687579531323
2025-01-13 00:25:00+00:00,1.266841676749662,1.2690179800079975,1.25960573183854,1.2617820350968756,828.0251606180016
2025-01-13 00:30:00+00:00,1.2617820350968756,1.2654874054689023,1.257933205881783,1.2616385762538096,953.5504145124355
2025-01-13 00:35:00+00:00,1.2616385762538096,1.2655135920402525,1.253982061687622,1.257857077474065,1664.5997602040238
2025-01-13 00:40:00+00:00,1.257857077474065,1.259355725744625,1.253163282842732,1.254661931113292,856.7227050985584
2025-01-13 00:45:00+00:00,1.254661931113292,1.2583302310921287,1.2485483369143555,1.2522166368931922,830.5876998394883
2025-01-13 00:50:00+00:00,1.2522166368931922,1.2551889499840458,1.246705761963463,1.2496780750543166,1053.6655185789664
2025-01-13 00:55:00+00:00,1.2496780750543166,1.2508930368740987,1.244945549608488,1.2461605114282701,1344.8129980743806
2025-01-13 01:00:00+00:00,1.2461605114282701,1.2478974812339223,1.2415060546640906,1.2432430244697428,827.647904312613
2025-01-13 01:05:00+00:00,1.2432430244697428,1.2462550265987344,1.2386979119314225,1.2417099140604142,1205.91406677165
2025-01-13 01:10:00+00:00,1.2417099140604142,1.2434869785049527,1.2365016585263797,1.2382787229709182,876.9820272106048
2025-01-13 01:15:00+00:00,1.2382787229709182,1.2417049309110306,1.234612783884444,1.2380389918245565,737.0742380206199
2025-01-13 01:20:00+00:00,1.2380389918245565,1.2425972270036876,1.2309960781982252,1.2355543133773563,1122.6406605034347
2025-01-13 01:25:00+00:00,1.2355543133773563,1.2394474301210099,1.225156788007512,1.2290499047511656,3840.1777454234166
2025-01-13 01:30:00+00:00,1.2290499047511656,1.2328294664962247,1.2235605714990954,1.2273401332441545,3088.0668281157014
2025-01-13 01:35:00+00:00,1.2273401332441545,1.2310556098808731,1.2180142339195796,1.2217297105562983,1888.2609056845988
2025-01-13 01:40:00+00:00,1.2217297105562983,1.2252226063190779,1.2157093153101377,1.2192022110729173,1801.4066114299428
2025-01-13 01:45:00+00:00,1.2192022110729173,1.2209988561479643,1.2176932140664947,1.2194898591415417,2673.706337923103
2025-01-13 01:50:00+00:00,1.2194898591415417,1.2227956719333037,1.2147477541192377,1.2180535669109998,1288.6935828621529
2025-01-13 01:55:00+00:00,1.2180535669109998,1.2216436353018685,1.2098091341460178,1.2133992025368865,820.5459466006919
2025-01-13 02:00:00+00:00,1.2133992025368865,1.2177192108551984,1.2049166795984574,1.2092366879167693,1543.974753585762
2025-01-13 02:05:00+00:00,1.2092366879167693,1.213974890113004,1.2015736569028561,1.2063118590990909,1047.265344633487
2025-01-13 02:10:00+00:00,1.2063118590990909,1.208655350865522,1.203143301035136,1.2054867928015671,1274.3138730759802
2025-01-13 02:15:00+00:00,1.2054867928015671,1.21026724177095,1.1967476519539806,1.2015281009233634,1406.1548616409902
2025-01-13 02:20:00+00:00,1.2015281009233634,1.2042390684845827,1.1975489085829567,1.200259876144176,1492.7333791324158
2025-01-13 02:25:00+00:00,1.200259876144176,1.2016923820707792,1.1964411328676856,1.1978736387942888,1215.6810778771799
2025-01-13 02:30:00+00:00,1.1978736387942888,1.2026484559603394,1.1901645445820346,1.1949393617480852,1055.388344718171
2025-01-13 02:35:00+00:00,1.1949393617480852,1.195897750017141,1.1909995422760018,1.1919579305450576,886.7672452079513
2025-01-13 02:40:00+00:00,1.1919579305450576,1.194955960952199,1.1886678526939314,1.1916658831010727,2004.016627270417
2025-01-13 02:45:00+00:00,1.1916658831010727,1.1951412079857024,1.183388160639667,1.1868634855242968,2998.1485394551028
2025-01-13 02:50:00+00:00,1.1868634855242968,1.1906109039332935,1.1789062618753487,1.1826536802843455,1577.0195495896878
2025-01-13 02:55:00+00:00,1.1826536802843455,1.1873496745791232,1.1766946963730762,1.181390690667854,1490.2880045253246
2025-01-13 03:00:00+00:00,1.181390690667854,1.1846625606809416,1.1770413748255175,1.1803132448386051,1213.4367209618285
2025-01-13 03:05:00+00:00,1.1803132448386051,1.1840900636146119,1.1722677985570393,1.176044617333046,2183.1387716747286
2025-01-13 03:10:00+00:00,1.176044617333046,1.1792711317642512,1.1691551578502248,1.17238167228143,1803.0506043436196
2025-01-13 03:15:00+00:00,1.17238167228143,1.1769194995398786,1.163919707548109,1.1684575348065576,1439.3390141027087
2025-01-13 03:20:00+00:00,1.1684575348065576,1.170912194741496,1.1645344563897377,1.1669891163246762,2311.406092510897
2025-01-13 03:25:00+00:00,1.1669891163246762,1.1687868852150731,1.1620924626642986,1.1638902315546955,2092.6599625748377
2025-01-13 03:30:00+00:00,1.1638902315546955,1.1656804503911706,1.1619739342279496,1.1637641530644247,1945.250630787023
2025-01-13 03:35:00+00:00,1.1637641530644247,1.166542866796969,1.1600036543428742,1.1627823680754186,1495.4958981502325
