timestamp,open,high,low,close,volume
2025-01-01 00:00:00+00:00,1.1024388708215183,1.1057099521944052,1.0991677894486314,1.1024388708215183,1982.7696564112666
2025-01-01 00:05:00+00:00,1.1024388708215183,1.1065006167312204,1.1015082763739585,1.1055700222836606,1525.5322538933021
2025-01-01 00:10:00+00:00,1.1055700222836606,1.1112346943698197,1.1024474737939962,1.1081121458801553,2655.2954903206137
2025-01-01 00:15:00+00:00,1.1081121458801553,1.1116030533995789,1.1050489260944958,1.1085398336139194,1968.2310884532405
2025-01-01 00:20:00+00:00,1.1085398336139194,1.1151910310371724,1.1053135294909964,1.1119647269142494,2274.8649960148055
2025-01-01 00:25:00+00:00,1.1119647269142494,1.1186335923247153,1.1081703064617128,1.1148391718721786,1849.0230571953437
2025-01-01 00:30:00+00:00,1.1148391718721786,1.1198676378406829,1.11142625478667,1.1164547207551743,4675.115596732494
2025-01-01 00:35:00+00:00,1.1164547207551743,1.1223472143014162,1.1137314836170744,1.1196239771633163,3175.932522275273
2025-01-01 00:40:00+00:00,1.1196239771633163,1.1245974316123541,1.1175854846549458,1.1225589391039836,3894.863751801
2025-01-01 00:45:00+00:00,1.1225589391039836,1.1267961866048999,1.1212155684027953,1.1254528159037116,3177.3988893605183
2025-01-01 00:50:00+00:00,1.1254528159037116,1.1324882366415077,1.121003018316556,1.128038439054352,4029.5161477151446
2025-01-01 00:55:00+00:00,1.128038439054352,1.1337115071831445,1.1257017966823155,1.131374864811108,2380.700663492293
2025-01-01 01:00:00+00:00,1.131374864811108,1.134656092230692,1.1297326356509891,1.1330138630705733,1744.99012280431
2025-01-01 01:05:00+00:00,1.1330138630705733,1.1386264039791714,1.1298594696581161,1.1354720105667142,1941.9938989188404
2025-01-01 01:10:00+00:00,1.1354720105667142,1.1407881314638197,1.1322159059745902,1.1375320268716957,2077.98820153317
2025-01-01 01:15:00+00:00,1.1375320268716957,1.144049810151103,1.1345861556785972,1.1411039389580044,2994.4290315775456
2025-01-01 01:20:00+00:00,1.1411039389580044,1.1480310339184492,1.137017600947497,1.1439446959079418,2422.654922630431
2025-01-01 01:25:00+00:00,1.1439446959079418,1.1493665767336056,1.1409352822926744,1.1463571631183382,1320.455995253791
2025-01-01 01:30:00+00:00,1.1463571631183382,1.1502266591155563,1.1442485113926075,1.1481180073898256,2760.7109040033583
2025-01-01 01:35:00+00:00,1.1481180073898256,1.1515699631527578,1.1471677219371361,1.1506196777000683,1301.7850579439048
2025-01-01 01:40:00+00:00,1.1506196777000683,1.1545678304768385,1.1495556800197433,1.1535038327965135,1368.5142489030418
2025-01-01 01:45:00+00:00,1.1535038327965135,1.1585831138698255,1.1509279615564323,1.1560072426297443,2082.0804629012127
2025-01-01 01:50:00+00:00,1.1560072426297443,1.1623428942866099,1.1543662165600532,1.1607018682169188,2910.70464624213
2025-01-01 01:55:00+00:00,1.1607018682169188,1.1661794764455162,1.1595335216582812,1.1650111298868786,1619.6937471861168
2025-01-01 02:00:00+00:00,1.1650111298868786,1.16897869252662,1.1601566545165287,1.16412421715627,1462.2760794457254
2025-01-01 02:05:00+00:00,1.16412421715627,1.1668086423960664,1.161690750171896,1.1643751754116924,1817.6809336568535
2025-01-01 02:10:00+00:00,1.1643751754116924,1.1705683383085257,1.1608161024084878,1.167009265305321,2051.177043655328
2025-01-01 02:15:00+00:00,1.167009265305321,1.1733518289377736,1.1629403362740471,1.1692828999064997,2758.1283435533887
2025-01-01 02:20:00+00:00,1.1692828999064997,1.1732400575575885,1.1684748541746328,1.1724320118257217,2007.0405611509937
2025-01-01 02:25:00+00:00,1.1724320118257217,1.1800900273922157,1.1679096837892557,1.1755676993557498,1787.8862418737635
2025-01-01 02:30:00+00:00,1.1755676993557498,1.1842537860081899,1.1726860015277336,1.1813720881801737,1776.0612605212757
2025-01-01 02:35:00+00:00,1.1813720881801737,1.1845346530915581,1.1794155302220148,1.1825780951333993,2034.9197833332637
2025-01-01 02:40:00+00:00,1.1825780951333993,1.1873988287094555,1.179970334074121,1.1847910676501772,2215.9416228045347
2025-01-01 02:45:00+00:00,1.1847910676501772,1.19194523937798,1.1832652457644677,1.1904194174922704,1537.5897201106886
2025-01-01 02:50:00+00:00,1.1904194174922704,1.1960134462799286,1.1884338773636658,1.194027906151324,1876.0154087874637
2025-01-01 02:55:00+00:00,1.194027906151324,1.2007774486705431,1.1908738724721586,1.1976234149913778,2364.258034938051
2025-01-01 03:00:00+00:00,1.1976234149913778,1.2008960318734097,1.1962115666237574,1.1994841835057892,3408.5689172139205
2025-01-01 03:05:00+00:00,1.1994841835057892,1.2021525313368457,1.1969933739431664,1.199661721774223,4865.8587461230345
2025-01-01 03:10:00+00:00,1.199661721774223,1.204195849836801,1.1978675560053764,1.2024016840679546,2488.732078417288
2025-01-01 03:15:00+00:00,1.2024016840679546,1.2088970896328597,1.1985116319555131,1.2050070375204183,3741.1990832974298
2025-01-01 03:20:00+00:00,1.2050070375204183,1.207240855331933,1.203391365273272,1.2056251830847866,4780.280938508151
2025-01-01 03:25:00+00:00,1.2056251830847866,1.210657443717592,1.2019402180036451,1.2069724786364506,3968.488817732186
2025-01-01 03:30:00+00:00,1.2069724786364506,1.2098084136728806,1.2063118754289233,1.2091478104653532,5786.2089940778515
2025-01-01 03:35:00+00:00,1.2091478104653532,1.2124606903468251,1.206685698490815,1.2099985783722869,1840.2685588936604
2025-01-01 03:40:00+00:00,1.2099985783722869,1.214634228870307,1.2073839542724358,1.2120196047704557,2243.244096470129
2025-01-01 03:45:00+00:00,1.2120196047704557,1.2165986810508007,1.2096862830066177,1.2142653592869628,2215.805052035289
2025-01-01 03:50:00+00:00,1.2142653592869628,1.2191844822761335,1.2114480588996923,1.216367181888863,1752.994774910682
2025-01-01 03:55:00+00:00,1.216367181888863,1.2218314787447377,1.2121562781783006,1.2176205750341753,1724.7204843669372
2025-01-01 04:00:00+00:00,1.2176205750341753,1.2232701428505557,1.2147766035116223,1.2204261713280027,1796.4174289730079
2025-01-01 04:05:00+00:00,1.2204261713280027,1.227728305405619,1.2163148055767516,1.223616939654368,1496.7344391637603
2025-01-01 04:10:00+00:00,1.223616939654368,1.2296640599734256,1.219873182650866,1.2259203029699237,1984.3408275938496
2025-01-01 04:15:00+00:00,1.2259203029699237,1.2279508117664395,1.2244652581247146,1.2264957669212304,1655.1692832310762
2025-01-01 04:20:00+00:00,1.2264957669212304,1.2312016292561487,1.2245975045429118,1.2293033668778302,1963.081457966334
2025-01-01 04:25:00+00:00,1.2293033668778302,1.2315397510433335,1.228009186392005,1.2302455705575084,1505.0412947121217
2025-01-01 04:30:00+00:00,1.2302455705575084,1.2371605878410885,1.226267539986237,1.2331825572698174,2924.06994568751
2025-01-01 04:35:00+00:00,1.2331825572698174,1.2342238958863505,1.2321502862787845,1.2331916248953176,2235.8504420108256
2025-01-01 04:40:00+00:00,1.2331916248953176,1.2404255915843265,1.2288683234014017,1.2361022900904106,2765.6364084480565
2025-01-01 04:45:00+00:00,1.2361022900904106,1.240615834080079,1.2330797247425729,1.2375932687322413,1676.9755361549267
2025-01-01 04:50:00+00:00,1.2375932687322413,1.2400775316412087,1.2347419908944126,1.23722625380338,1791.6347520791494
2025-01-01 04:55:00+00:00,1.23722625380338,1.241275685824154,1.2341678171120505,1.2382172491328245,2216.2318757829444
2025-01-01 05:00:00+00:00,1.2382172491328245,1.242683172584805,1.2352640069552205,1.2397299304072011,2140.8503907510008
2025-01-01 05:05:00+00:00,1.2397299304072011,1.2448609631744905,1.2364168242679527,1.241547857035242,2122.515537188546
2025-01-01 05:10:00+00:00,1.241547857035242,1.2445260089160357,1.2385010832317978,1.2414792351125914,2401.932169714715
2025-01-01 05:15:00+00:00,1.2414792351125914,1.2434292819006387,1.2392602910178918,1.2412103378059391,2224.816291922035
2025-01-01 05:20:00+00:00,1.2412103378059391,1.247410327160298,1.2366798495686386,1.2428798389229976,2612.778500167922
2025-01-01 05:25:00+00:00,1.2428798389229976,1.2468582983894565,1.2395734172293291,1.243551876695788,1725.0825115999835
2025-01-01 05:30:00+00:00,1.243551876695788,1.25023397815365,1.2385906561798439,1.2452727576377058,2521.8227292503466
2025-01-01 05:35:00+00:00,1.2452727576377058,1.2489785304966228,1.2440786496076142,1.247784422466531,821.6242021312808
2025-01-01 05:40:00+00:00,1.247784422466531,1.2525154850984872,1.2419704745694706,1.2467015372014267,2130.696895246092
2025-01-01 05:45:00+00:00,1.2467015372014267,1.2518392824839342,1.2433428076157456,1.248480552898253,4062.726796342955
2025-01-01 05:50:00+00:00,1.248480552898253,1.2553362730137658,1.2448802982260672,1.25173601834158,3831.449188403256
2025-01-01 05:55:00+00:00,1.25173601834158,1.2574845282527223,1.246982843928422,1.2527313538395644,4305.425964157597
2025-01-01 06:00:00+00:00,1.2527313538395644,1.2538817874582442,1.2518309322721994,1.2529813658908793,4219.97505097179
2025-01-01 06:05:00+00:00,1.2529813658908793,1.2570727999503732,1.251522840584524,1.255614274644018,4754.663136946722
2025-01-01 06:10:00+00:00,1.255614274644018,1.2606742664906432,1.2524737660997296,1.2575337579463548,3363.462316191297
2025-01-01 06:15:00+00:00,1.2575337579463548,1.262409581877154,1.2555894501883547,1.2604652741191538,1693.5757168544885
2025-01-01 06:20:00+00:00,1.2604652741191538,1.2622681549226415,1.2597619017825084,1.2615647825859961,2157.1906204620363
2025-01-01 06:25:00+00:00,1.2615647825859961,1.2634806924063535,1.2590730267967691,1.2609889366171265,1728.8075623769257
2025-01-01 06:30:00+00:00,1.2609889366171265,1.2662208242550004,1.2573058882813002,1.262537775919174,1769.7431328658495
2025-01-01 06:35:00+00:00,1.262537775919174,1.2672801882076166,1.2588875764419583,1.2636299887304008,2237.0885831771984
2025-01-01 06:40:00+00:00,1.2636299887304008,1.2673725675771257,1.2628887363088677,1.2666313151555926,2066.4841178040333
2025-01-01 06:45:00+00:00,1.2666313151555926,1.2708802452722796,1.2645608456634898,1.2688097757801768,1712.1405292241577
2025-01-01 06:50:00+00:00,1.2688097757801768,1.273248485591864,1.2638316061930772,1.2682703160047644,1618.7221908155332
2025-01-01 06:55:00+00:00,1.2682703160047644,1.2719859494657093,1.2647381593583955,1.2684537928193405,2245.1069047523747
2025-01-01 07:00:00+00:00,1.2684537928193405,1.275259754526036,1.265061554730812,1.2718675164375075,2372.84229874875
2025-01-01 07:05:00+00:00,1.2718675164375075,1.2800239961384416,1.266884393606125,1.275040873307059,2292.2977249097876
2025-01-01 07:10:00+00:00,1.275040873307059,1.2783688479492463,1.2729345696111223,1.2762625442533095,2234.318772743341
2025-01-01 07:15:00+00:00,1.2762625442533095,1.2795414915870877,1.2752507996706244,1.2785297470044026,1832.578885205767
2025-01-01 07:20:00+00:00,1.2785297470044026,1.2849738907998598,1.2751078793669746,1.2815520231624318,1606.5637382825485
2025-01-01 07:25:00+00:00,1.2815520231624318,1.2882016672674503,1.2780313966799124,1.284681040784931,1931.353116778615
2025-01-01 07:30:00+00:00,1.284681040784931,1.2916282366920506,1.2815650082022012,1.2885122041093209,1889.2929924661587
2025-01-01 07:35:00+00:00,1.2885122041093209,1.296417128105703,1.2835524838753212,1.2914574078717034,1681.4732643623602
2025-01-01 07:40:00+00:00,1.2914574078717034,1.2976548198437705,1.287728697208513,1.29392610918058,2084.623850539383
2025-01-01 07:45:00+00:00,1.29392610918058,1.2971610528422084,1.2929704080200257,1.296205351681654,4009.149842758305
2025-01-01 07:50:00+00:00,1.296205351681654,1.304196368978273,1.2926069368355708,1.3005979541321897,1732.1130491298197
2025-01-01 07:55:00+00:00,1.3005979541321897,1.3015503938859865,1.2989423089737024,1.2998947487274992,1800.6527430630601
2025-01-01 08:00:00+00:00,1.2998947487274992,1.305795796417132,1.2966429312693948,1.3025439789590276,2337.0988909392527
2025-01-01 08:05:00+00:00,1.3025439789590276,1.3084694035553657,1.2995943779339982,1.3055198025303363,1639.5144669519254
2025-01-01 08:10:00+00:00,1.3055198025303363,1.3069302184508704,1.30485347007598,1.306263885996514,1767.7306859036098
2025-01-01 08:15:00+00:00,1.306263885996514,1.3113708910476953,1.3047080726077542,1.3098150776589355,1760.6639456947412
2025-01-01 08:20:00+00:00,1.3098150776589355,1.314446389540109,1.307237381843529,1.3118686937247026,1929.881130374222
2025-01-01 08:25:00+00:00,1.3118686937247026,1.3184832533260225,1.3097391099919995,1.3163536695933193,5277.6683992370445
2025-01-01 08:30:00+00:00,1.3163536695933193,1.3205977092280936,1.3150802234816343,1.3193242631164086,4914.004233308004
2025-01-01 08:35:00+00:00,1.3193242631164086,1.3271139691459457,1.3158049329628454,1.3235946389923825,3031.000707214214
2025-01-01 08:40:00+00:00,1.3235946389923825,1.3338334012432151,1.3185434918221937,1.3287822540730263,3983.18653806357
2025-01-01 08:45:00+00:00,1.3287822540730263,1.3335243254663884,1.3279335196393647,1.3326755910327268,3371.253840233535
2025-01-01 08:50:00+00:00,1.3326755910327268,1.338848388534067,1.328408604213758,1.334581401715098,4658.206413689985
2025-01-01 08:55:00+00:00,1.334581401715098,1.3377975244898832,1.3322636499777654,1.3354797727525505,1734.8811435728514
2025-01-01 09:00:00+00:00,1.3354797727525505,1.3435843739782918,1.3335336067171064,1.3416382079428477,2550.3426567067895
2025-01-01 09:05:00+00:00,1.3416382079428477,1.3492253721611478,1.3372294352846523,1.3448165995029524,3152.09679972895
2025-01-01 09:10:00+00:00,1.3448165995029524,1.3521345025818392,1.3397503829477795,1.3470682860266663,1818.0182351396568
2025-01-01 09:15:00+00:00,1.3470682860266663,1.355982977770975,1.3417525883589858,1.3506672801032946,2052.0012285667276
2025-01-01 09:20:00+00:00,1.3506672801032946,1.358818132834863,1.3455691440783553,1.3537199968099236,2366.052292595224
2025-01-01 09:25:00+00:00,1.3537199968099236,1.3597359124954607,1.3524484589840442,1.3584643746695813,1654.0483514508467
2025-01-01 09:30:00+00:00,1.3584643746695813,1.3626021756408826,1.3577296081463082,1.3618674091176095,1364.2359445088161
2025-01-01 09:35:00+00:00,1.3618674091176095,1.3694757269689755,1.357612750972412,1.365221068823778,2201.4966301057802
2025-01-01 09:40:00+00:00,1.365221068823778,1.3716982272587925,1.3608808023511065,1.367357960786121,2112.454092136317
2025-01-01 09:45:00+00:00,1.367357960786121,1.3728126123336377,1.3659570583538703,1.371411709901387,1231.3735139024384
2025-01-01 09:50:00+00:00,1.371411709901387,1.3763985413348858,1.3679731930441943,1.3729600244776932,1913.255448262193
2025-01-01 09:55:00+00:00,1.3729600244776932,1.381067686604108,1.3691665623150773,1.3772742244414922,1721.0037780571677
2025-01-01 10:00:00+00:00,1.3772742244414922,1.3855216518019564,1.3747315264506117,1.382978953811076,1665.2389279158085
2025-01-01 10:05:00+00:00,1.382978953811076,1.3850968192747803,1.3814683947576187,1.3835862602213231,1962.712545632045
2025-01-01 10:10:00+00:00,1.3835862602213231,1.3859223321587946,1.3802414465768138,1.3825775185142852,1364.0806020780042
2025-01-01 10:15:00+00:00,1.3825775185142852,1.3886939797607147,1.3805174554344772,1.3866339166809067,1381.391090396565
2025-01-01 10:20:00+00:00,1.3866339166809067,1.3946033267651103,1.3858995193075163,1.39386892939172,2644.7752513421983
2025-01-01 10:25:00+00:00,1.39386892939172,1.3971692057716893,1.3918250808010406,1.39512535718101,2272.3395197638456
2025-01-01 10:30:00+00:00,1.39512535718101,1.3978128000259615,1.3932126589578628,1.3959001018028143,1906.202772562307
2025-01-01 10:35:00+00:00,1.3959001018028143,1.4037053640820178,1.3918903468574921,1.3996956091366957,1998.547125155107
2025-01-01 10:40:00+00:00,1.3996956091366957,1.404853604585288,1.3958696775282293,1.4010276729768216,2098.581679802081
2025-01-01 10:45:00+00:00,1.4010276729768216,1.4068739084139015,1.3970089322954835,1.4028551677325634,1963.7183971133002
2025-01-01 10:50:00+00:00,1.4028551677325634,1.4070242086639924,1.400712113614477,1.404881154545906,3469.6007184790633
2025-01-01 10:55:00+00:00,1.404881154545906,1.4119609479215391,1.4012462534169947,1.408326046792628,1689.9235383331138
2025-01-01 11:00:00+00:00,1.408326046792628,1.4114209646504337,1.4070265684069003,1.410121486264706,2259.762031693817
2025-01-01 11:05:00+00:00,1.410121486264706,1.4174940006471168,1.4056339689752022,1.413006483357613,3235.150421931672
2025-01-01 11:10:00+00:00,1.413006483357613,1.4204181048562141,1.40764370684136,1.4150553283399612,4999.926543963005
2025-01-01 11:15:00+00:00,1.4150553283399612,1.4204016646057043,1.4105558731725303,1.4159022094382734,6608.988402487271
2025-01-01 11:20:00+00:00,1.4159022094382734,1.421911752177682,1.4115647150268857,1.4175742577662944,4233.663233867031
2025-01-01 11:25:00+00:00,1.4175742577662944,1.421655520619054,1.4140272870099,1.4181085498626596,3554.0837521051544
2025-01-01 11:30:00+00:00,1.4181085498626596,1.424709242808414,1.4136080741910837,1.4202087671368382,1311.3647975908898
2025-01-01 11:35:00+00:00,1.4202087671368382,1.4233397147766027,1.4171913098898785,1.420322257529643,2570.847883335839
2025-01-01 11:40:00+00:00,1.420322257529643,1.4224201773957856,1.4183315074221208,1.4204294272882634,1648.4250124446235
2025-01-01 11:45:00+00:00,1.4204294272882634,1.4294290972597086,1.4158339178828876,1.4248335878543328,2061.4271197692615
2025-01-01 11:50:00+00:00,1.4248335878543328,1.4299054711787866,1.4215388006689105,1.4266106839933643,2322.174268310174
2025-01-01 11:55:00+00:00,1.4266106839933643,1.4336785266723464,1.4212714555036956,1.4283392981826777,1550.5556016096202
2025-01-01 12:00:00+00:00,1.4283392981826777,1.434648995458775,1.4246852885613264,1.4309949858374236,1987.8253921941835
2025-01-01 12:05:00+00:00,1.4309949858374236,1.4354032228042881,1.4276025796137521,1.4320108165806167,2726.2611302733817
2025-01-01 12:10:00+00:00,1.4320108165806167,1.4342321290931053,1.4310994911310086,1.4333208036434972,1593.0507565330813
2025-01-01 12:15:00+00:00,1.4333208036434972,1.4375540265475688,1.4314917017618694,1.435724924665941,1824.1837610355199
2025-01-01 12:20:00+00:00,1.435724924665941,1.442194166206659,1.4313893283019725,1.4378585698426907,1971.7638821769729
2025-01-01 12:25:00+00:00,1.4378585698426907,1.4407854049937059,1.4345560813339873,1.4374829164850025,1316.8987771091279
2025-01-01 12:30:00+00:00,1.4374829164850025,1.445916950621125,1.432095380028062,1.4405294141641845,1762.4421221008554
2025-01-01 12:35:00+00:00,1.4405294141641845,1.4449281840296508,1.4367059414249097,1.441104711290376,2443.9833262965803
2025-01-01 12:40:00+00:00,1.441104711290376,1.4431560806562431,1.438815313156329,1.440866682522196,3222.9740542860977
2025-01-01 12:45:00+00:00,1.440866682522196,1.4428511819116012,1.4389101964999986,1.4408946958894038,1558.4298116073617
2025-01-01 12:50:00+00:00,1.4408946958894038,1.443998946476214,1.438702631905439,1.4418068824922492,1992.692824126965
2025-01-01 12:55:00+00:00,1.4418068824922492,1.4480467338765612,1.4399848465029754,1.4462246978872875,2144.5384350188765
2025-01-01 13:00:00+00:00,1.4462246978872875,1.4496377107345375,1.4423846549474835,1.4457976677947335,1828.826165534649
2025-01-01 13:05:00+00:00,1.4457976677947335,1.4488594118707232,1.444645113851347,1.4477068579273367,1691.4809064863468
2025-01-01 13:10:00+00:00,1.4477068579273367,1.4513563018329234,1.442000016581988,1.4456494604875747,1864.5446609042394
2025-01-01 13:15:00+00:00,1.4456494604875747,1.4502246767417897,1.4427527948051897,1.4473280110594047,1762.456274055433
2025-01-01 13:20:00+00:00,1.4473280110594047,1.4557959599057608,1.4421407502507417,1.4506086990970979,1601.3913458356533
2025-01-01 13:25:00+00:00,1.4506086990970979,1.4572055051861164,1.4453560938441827,1.4519528999332012,1853.301889244113
2025-01-01 13:30:00+00:00,1.4519528999332012,1.4548923222376522,1.4497157624574206,1.4526551847618716,1900.627803435165
2025-01-01 13:35:00+00:00,1.4526551847618716,1.4566047926464216,1.4509561424263555,1.4549057503109055,1125.1158816925204
2025-01-01 13:40:00+00:00,1.4549057503109055,1.4609118040978626,1.452023311602121,1.4580293653890781,2030.9416243454787
2025-01-01 13:45:00+00:00,1.4580293653890781,1.4644693597586687,1.4547094167832813,1.4611494111528718,4120.292441549818
2025-01-01 13:50:00+00:00,1.4611494111528718,1.4710180133505613,1.4567664834607332,1.4666350856584227,4394.846030100701
2025-01-01 13:55:00+00:00,1.4666350856584227,1.4748161384304386,1.4609092506947388,1.4690903034667546,2646.672099023182
2025-01-01 14:00:00+00:00,1.4690903034667546,1.4755388069088335,1.4637499077257534,1.4701984111678323,7028.0240646878065
2025-01-01 14:05:00+00:00,1.4701984111678323,1.4749785045989265,1.4674172108246608,1.472197304255755,4334.141589013224
2025-01-01 14:10:00+00:00,1.472197304255755,1.4779326165275997,1.4686267216324773,1.474362033904322,1320.5229809153311
2025-01-01 14:15:00+00:00,1.474362033904322,1.4806640860055087,1.4706195310436856,1.4769215831448723,2561.5789172751206
2025-01-01 14:20:00+00:00,1.4769215831448723,1.4846026392531493,1.4716302691143515,1.4793113252226284,2296.729491986441
2025-01-01 14:25:00+00:00,1.4793113252226284,1.4834296978778185,1.4780226693287053,1.4821410419838954,1720.2009282900096
2025-01-01 14:30:00+00:00,1.4821410419838954,1.48711245550998,1.4767950663234752,1.4817664798495598,2662.6823152683914
2025-01-01 14:35:00+00:00,1.4817664798495598,1.488026943903684,1.4796579061826753,1.4859183702367995,2254.5201897590423
2025-01-01 14:40:00+00:00,1.4859183702367995,1.4889511346717577,1.4846148184828816,1.4876475829178397,1537.609620745079
2025-01-01 14:45:00+00:00,1.4876475829178397,1.4942341918050928,1.481797409674898,1.488384018562151,1670.564219531182
2025-01-01 14:50:00+00:00,1.488384018562151,1.4949944369233472,1.4858236817587724,1.4924341001199686,2181.171389762187
2025-01-01 14:55:00+00:00,1.4924341001199686,1.5024582297310762,1.4877648032976662,1.497788932908774,2950.3196457047675
2025-01-01 15:00:00+00:00,1.497788932908774,1.5044094037656177,1.4951278720650112,1.501748342921855,1765.6635470807842
2025-01-01 15:05:00+00:00,1.501748342921855,1.507472357833821,1.4994644126622565,1.5051884275742224,2782.4965892590003
2025-01-01 15:10:00+00:00,1.5051884275742224,1.510344375162855,1.5015698391727474,1.50672578676138,2054.4794314565497
2025-01-01 15:15:00+00:00,1.50672578676138,1.517223236834008,1.5047327840072342,1.5152302340798622,1648.3669984219403
2025-01-01 15:20:00+00:00,1.5152302340798622,1.522268917245728,1.513169615257676,1.5202082984235417,2733.4378120714573
2025-01-01 15:25:00+00:00,1.5202082984235417,1.5226017558364375,1.519176647512796,1.5215701049256918,1578.3819829892764
2025-01-01 15:30:00+00:00,1.5215701049256918,1.5282188722129169,1.5169974180461374,1.5236461853333625,1879.5110374530377
2025-01-01 15:35:00+00:00,1.5236461853333625,1.5330534672997014,1.5179571423933436,1.5273644243596824,1168.56434575625
2025-01-01 15:40:00+00:00,1.5273644243596824,1.5289165177780386,1.5265739446562636,1.5281260380746198,1815.292626505394
2025-01-01 15:45:00+00:00,1.5281260380746198,1.534408666520598,1.5258137957445308,1.532096424190509,2408.7238795435187
2025-01-01 15:50:00+00:00,1.532096424190509,1.5403996428852909,1.5266560246808543,1.534959243375636,1444.4902699469535
2025-01-01 15:55:00+00:00,1.534959243375636,1.5449863580321537,1.5309475256567082,1.5409746403132258,1349.2075725544532
2025-01-01 16:00:00+00:00,1.5409746403132258,1.5480215930015873,1.5395054105011052,1.5465523631894667,2894.550789283062
2025-01-01 16:05:00+00:00,1.5465523631894667,1.5486252664591655,1.5432740660882678,1.5453469693579667,2312.1826771183873
2025-01-01 16:10:00+00:00,1.5453469693579667,1.5511700560516022,1.5434474604746957,1.5492705471683312,1641.1376336581257
2025-01-01 16:15:00+00:00,1.5492705471683312,1.551086347972803,1.5483118450954922,1.550127645899964,1936.3778399724442
2025-01-01 16:20:00+00:00,1.550127645899964,1.557554977679657,1.5486492399805767,1.5560765717602696,6978.625694297708
2025-01-01 16:25:00+00:00,1.5560765717602696,1.56176044088169,1.5546023885110585,1.560286257632479,3238.1108456428533
2025-01-01 16:30:00+00:00,1.560286257632479,1.5687601682930996,1.5567437134976188,1.5652176241582394,5526.723866523756
2025-01-01 16:35:00+00:00,1.5652176241582394,1.5721151459318141,1.56022029640915,1.5671178181827248,2758.8104219290076
2025-01-01 16:40:00+00:00,1.5671178181827248,1.5781105273029747,1.5634699864279349,1.5744626955481849,2637.337099732968
2025-01-01 16:45:00+00:00,1.5744626955481849,1.5866101479616697,1.5700375793949326,1.5821850318084174,2362.827309907831
2025-01-01 16:50:00+00:00,1.5821850318084174,1.5897356376782326,1.5764935649656784,1.5840441708354935,1330.1377720782793
2025-01-01 16:55:00+00:00,1.5840441708354935,1.5937478166773047,1.5789083693164732,1.5886120151582843,872.3715837450195
2025-01-01 17:00:00+00:00,1.5886120151582843,1.5925084997780206,1.5872608717490382,1.5911573563687744,1121.5326994588586
2025-01-01 17:05:00+00:00,1.5911573563687744,1.5958551612009109,1.5902100101992098,1.5949078150313463,1537.9644967246713
2025-01-01 17:10:00+00:00,1.5949078150313463,1.6022322890796934,1.588914776536019,1.596239250584366,1053.2059735940156
2025-01-01 17:15:00+00:00,1.596239250584366,1.6058026287462117,1.5939738912868466,1.6035372694486922,1139.2771250764315
2025-01-01 17:20:00+00:00,1.6035372694486922,1.6109922121648148,1.5978842787939505,1.605339221510073,1369.3122221931997
2025-01-01 17:25:00+00:00,1.605339221510073,1.610168159474476,1.6035527430251884,1.6083816809895912,729.2738840700827
2025-01-01 17:30:00+00:00,1.6083816809895912,1.618679287978806,1.6026112481694939,1.6129088551587085,652.0026889694637
2025-01-01 17:35:00+00:00,1.6129088551587085,1.6184492435399824,1.6096121443825593,1.6151525327638332,1548.6033756525317
2025-01-01 17:40:00+00:00,1.6151525327638332,1.6190939494210437,1.6141797279062906,1.618121144563501,1187.7234781841123
2025-01-01 17:45:00+00:00,1.618121144563501,1.6268102310609893,1.6117017861527148,1.620390872650203,1240.998271808878
2025-01-01 17:50:00+00:00,1.620390872650203,1.6249014096081185,1.6189150970658552,1.6234256340237707,984.8735711156548
2025-01-01 17:55:00+00:00,1.6234256340237707,1.6253118054692328,1.6224790411566816,1.6243652126021437,1115.5400346329527
2025-01-01 18:00:00+00:00,1.6243652126021437,1.6320279462309693,1.6189923408057356,1.6266550744345611,1337.2293522155485
2025-01-01 18:05:00+00:00,1.6266550744345611,1.631993437468147,1.6239806969508004,1.6293190599843863,1074.8482068818673
2025-01-01 18:10:00+00:00,1.6293190599843863,1.6326541341808445,1.628322239381046,1.631657313577504,955.1425436519922
2025-01-01 18:15:00+00:00,1.631657313577504,1.6355692514446047,1.6307705228854739,1.6346824607525745,878.6068372269699
2025-01-01 18:20:00+00:00,1.6346824607525745,1.6400945915479608,1.6315316494308632,1.6369437802262494,753.7092782501547
2025-01-01 18:25:00+00:00,1.6369437802262494,1.6426117545814098,1.6355178925240883,1.6411858668792487,598.1961659061102
2025-01-01 18:30:00+00:00,1.6411858668792487,1.646081053352558,1.6383388113694088,1.6432339978427182,989.4790331609581
2025-01-01 18:35:00+00:00,1.6432339978427182,1.6503500907722555,1.6384572983076928,1.6455733912372301,977.7556793001995
2025-01-01 18:40:00+00:00,1.6455733912372301,1.6530987506856116,1.6392688185907933,1.6467941780391748,2020.031441730866
2025-01-01 18:45:00+00:00,1.6467941780391748,1.6507307430483864,1.6442770275634295,1.648213592572641,936.5378641065013
2025-01-01 18:50:00+00:00,1.648213592572641,1.6523576044261876,1.6439568653074899,1.6481008771610364,824.002539984363
2025-01-01 18:55:00+00:00,1.6481008771610364,1.6563436305203139,1.643205490127968,1.6514482434872455,1745.7340879557557
2025-01-01 19:00:00+00:00,1.6514482434872455,1.6568651353210733,1.646022914659917,1.6514398064937448,2005.063625608277
2025-01-01 19:05:00+00:00,1.6514398064937448,1.6558348295989243,1.6477593402268953,1.6521543633320748,2211.498072782835
2025-01-01 19:10:00+00:00,1.6521543633320748,1.6604135453235367,1.6467440645550118,1.6550032465464737,3077.1286867800013
2025-01-01 19:15:00+00:00,1.6550032465464737,1.6613964706834057,1.6514949199124467,1.6578881440493787,3097.9049087003423
2025-01-01 19:20:00+00:00,1.6578881440493787,1.6642739700568168,1.6527428024142503,1.6591286284216884,3107.5904599535825
2025-01-01 19:25:00+00:00,1.6591286284216884,1.663637008493644,1.6525931664576297,1.6571015465295853,2855.1881353799768
2025-01-01 19:30:00+00:00,1.6571015465295853,1.6634182111550904,1.65357249938389,1.6598891640093951,870.9607924876371
2025-01-01 19:35:00+00:00,1.6598891640093951,1.668220290191193,1.6539940300691087,1.6623251562509065,937.0791333790099
2025-01-01 19:40:00+00:00,1.6623251562509065,1.6649735786346374,1.6587499063844864,1.6613983287682172,981.2484872736687
2025-01-01 19:45:00+00:00,1.6613983287682172,1.667728928213433,1.6584722611556064,1.6648028606008223,1289.097123346546
2025-01-01 19:50:00+00:00,1.6648028606008223,1.6688994341735026,1.6611565883667077,1.665253161939388,1035.558567762613
2025-01-01 19:55:00+00:00,1.665253161939388,1.666442337836799,1.6636526245793293,1.6648418004767402,1446.2885159227
2025-01-01 20:00:00+00:00,1.6648418004767402,1.6711516961519233,1.6605566428580292,1.6668665385332122,1180.0163662639875
2025-01-01 20:05:00+00:00,1.6668665385332122,1.6693198622377527,1.6658910317233728,1.6683443554279134,1205.3067400012612
2025-01-01 20:10:00+00:00,1.6683443554279134,1.6764938026567688,1.6624435308650942,1.6705929780939497,638.8097616388083
2025-01-01 20:15:00+00:00,1.6705929780939497,1.673463597338753,1.6663594748353452,1.6692300940801486,1155.9891277020938
2025-01-01 20:20:00+00:00,1.6692300940801486,1.6807844894347308,1.663186528575152,1.6747409239297342,858.6076148808181
2025-01-01 20:25:00+00:00,1.6747409239297342,1.6771450235956855,1.673027238012959,1.6754313376789103,1387.6147916291486
2025-01-01 20:30:00+00:00,1.6754313376789103,1.6804656414397963,1.6692334207076092,1.6742677244684951,1066.4997534001725
2025-01-01 20:35:00+00:00,1.6742677244684951,1.6817555259723758,1.6699913315547716,1.6774791330586523,1335.0070814023054
2025-01-01 20:40:00+00:00,1.6774791330586523,1.6829443020749357,1.6733093605708396,1.678774529587123,1313.6190358960155
2025-01-01 20:45:00+00:00,1.678774529587123,1.6876633443698206,1.6725985827512417,1.6814873975339393,969.7924934945764
2025-01-01 20:50:00+00:00,1.6814873975339393,1.6828350129956797,1.6755177416079057,1.6768653570696461,932.8477863856153
2025-01-01 20:55:00+00:00,1.6768653570696461,1.6830752275947662,1.6666629429754358,1.672872813500556,1454.2003966211826
2025-01-01 21:00:00+00:00,1.672872813500556,1.675346667707571,1.6670872598117081,1.6695611140187232,1556.9603248595954
2025-01-01 21:05:00+00:00,1.6695611140187232,1.6718718571618507,1.6620253347698346,1.6643360779129621,914.6300293491677
2025-01-01 21:10:00+00:00,1.6643360779129621,1.6691500222827282,1.6572207268712345,1.6620346712410006,746.9611669216587
2025-01-01 21:15:00+00:00,1.6620346712410006,1.6652604718144353,1.654294676791432,1.6575204773648666,1384.640347093309
2025-01-01 21:20:00+00:00,1.6575204773648666,1.6591221074761917,1.650697070703446,1.6522987008147711,778.9027702596518
2025-01-01 21:25:00+00:00,1.6522987008147711,1.656343997009274,1.6449958439900387,1.6490411401845415,1103.657427393165
2025-01-01 21:30:00+00:00,1.6490411401845415,1.6549127078787302,1.6407230386068135,1.6465946063010022,664.5708493541075
2025-01-01 21:35:00+00:00,1.6465946063010022,1.6474668974515225,1.6420292456441512,1.6429015367946715,1462.8658417489694
2025-01-01 21:40:00+00:00,1.6429015367946715,1.6460277903545653,1.6349254853806086,1.6380517389405023,2702.1288647470237
2025-01-01 21:45:00+00:00,1.6380517389405023,1.6398958140336444,1.6343613414349891,1.6362054165281312,2224.3907283175
2025-01-01 21:50:00+00:00,1.6362054165281312,1.6410625295336783,1.6249245069509586,1.6297816199565056,1806.0367438837384
2025-01-01 21:55:00+00:00,1.6297816199565056,1.635070399380666,1.6195976050441707,1.624886384468331,1222.9442367748409
2025-01-01 22:00:00+00:00,1.624886384468331,1.6265014309961519,1.6205542825872972,1.622169329115118,2403.2045742784762
2025-01-01 22:05:00+00:00,1.622169329115118,1.6277566564458545,1.611230329523327,1.6168176568540635,2905.7987840329624
2025-01-01 22:10:00+00:00,1.6168176568540635,1.619389118282669,1.6116797170228836,1.614251178451489,1181.7985438428934
2025-01-01 22:15:00+00:00,1.614251178451489,1.619286697199551,1.6065705811824023,1.6116060999304642,804.7291841542217
2025-01-01 22:20:00+00:00,1.6116060999304642,1.6131377267355964,1.6093516143658706,1.6108832411710028,1341.7918162995945
2025-01-01 22:25:00+00:00,1.6108832411710028,1.614348823999168,1.6032680429573358,1.606733625785501,1216.4943274937152
2025-01-01 22:30:00+00:00,1.606733625785501,1.6111782934442975,1.598776091104978,1.6032207587637746,751.4088904157516
2025-01-01 22:35:00+00:00,1.6032207587637746,1.606796424090481,1.5980494320148002,1.6016250973415067,729.0349210784782
2025-01-01 22:40:00+00:00,1.6016250973415067,1.6062697148571716,1.5901007623038517,1.5947453798195166,875.1794885635877
2025-01-01 22:45:00+00:00,1.5947453798195166,1.6037177345921714,1.5896083436779769,1.5985806984506317,1517.4555764415147
2025-01-01 22:50:00+00:00,1.5985806984506317,1.6045616577435486,1.5892124845458786,1.5951934438387956,953.5801683443791
2025-01-01 22:55:00+00:00,1.5951934438387956,1.5996054871747356,1.587393517270661,1.591805560606601,1734.222922906842
2025-01-01 23:00:00+00:00,1.591805560606601,1.5935814054659552,1.5897317127492023,1.5915075576085564,1530.4800226843518
2025-01-01 23:05:00+00:00,1.5915075576085564,1.5965756146710275,1.5844645755312257,1.5895326325936967,734.8607914867276
2025-01-01 23:10:00+00:00,1.5895326325936967,1.5926744345447899,1.5811450942992724,1.5842868962503656,1049.9610234737481
2025-01-01 23:15:00+00:00,1.5842868962503656,1.5889508837634903,1.5789929875261062,1.5836569750392309,2571.5137098247465
2025-01-01 23:20:00+00:00,1.5836569750392309,1.5882684106655651,1.5788767700856476,1.583488205711982,1118.5020358122408
2025-01-01 23:25:00+00:00,1.583488205711982,1.5891880366165168,1.5751628586894653,1.5808626895940001,1339.524315850538
2025-01-01 23:30:00+00:00,1.5808626895940001,1.5849077069624138,1.5745311873595753,1.578576204727989,1227.1629301200185
2025-01-01 23:35:00+00:00,1.578576204727989,1.5806322720801336,1.5756997455187967,1.5777558128709412,1046.3578442333157
2025-01-01 23:40:00+00:00,1.5777558128709412,1.5807814146050716,1.5712776170898972,1.5743032188240276,932.0303629735281
2025-01-01 23:45:00+00:00,1.5743032188240276,1.5785076048979751,1.5691941294348972,1.5733985155088448,1202.8013821376192
2025-01-01 23:50:00+00:00,1.5733985155088448,1.5773252068107906,1.5681097058161177,1.5720363971180635,1249.9482952790345
2025-01-01 23:55:00+00:00,1.5720363971180635,1.5738842194168183,1.5671682927036665,1.5690161150024213,1303.3677714371986
2025-01-02 00:00:00+00:00,1.5690161150024213,1.5743110215321547,1.5593416488479188,1.5646365553776522,1387.0682592326684
2025-01-02 00:05:00+00:00,1.5646365553776522,1.5685865417299372,1.5584814502210123,1.5624314365732972,849.8956720198953
2025-01-02 00:10:00+00:00,1.5624314365732972,1.5663582146009083,1.555057858069137,1.558984636096748,886.4118441132547
2025-01-02 00:15:00+00:00,1.558984636096748,1.5609176361159385,1.557085994386386,1.5590189944055763,1356.8546909285103
2025-01-02 00:20:00+00:00,1.5590189944055763,1.5624775033791911,1.5539529923017215,1.5574115012753362,2563.6879393803047
2025-01-02 00:25:00+00:00,1.5574115012753362,1.5596541959628403,1.554711041504391,1.556953736191895,1522.071125453113
2025-01-02 00:30:00+00:00,1.556953736191895,1.5595566029811692,1.5526363681113746,1.5552392349006487,1931.240556626163
2025-01-02 00:35:00+00:00,1.5552392349006487,1.5578752760422694,1.5510774750938272,1.5537135162354478,4462.909552970633
2025-01-02 00:40:00+00:00,1.5537135162354478,1.5577748996583929,1.5461248423500318,1.5501862257729768,2247.333641738712
2025-01-02 00:45:00+00:00,1.5501862257729768,1.5529823385215642,1.546506452454799,1.5493025652033863,2293.5750443278866
2025-01-02 00:50:00+00:00,1.5493025652033863,1.5560908860922176,1.5436439972474336,1.550432318136265,1221.739741664468
2025-01-02 00:55:00+00:00,1.550432318136265,1.5552726905075864,1.5427616238537858,1.5476019962251073,1259.245550335024
2025-01-02 01:00:00+00:00,1.5476019962251073,1.5536739130960322,1.5381113400475355,1.5441832569184604,787.5315645334169
2025-01-02 01:05:00+00:00,1.5441832569184604,1.5482539715703647,1.5374345630941164,1.5415052777460208,936.0222272510241
2025-01-02 01:10:00+00:00,1.5415052777460208,1.5445910272882162,1.5350760109014894,1.5381617604436848,1646.0724044002982
2025-01-02 01:15:00+00:00,1.5381617604436848,1.5410387224274804,1.5314685480450507,1.5343455100288463,873.2940390745703
2025-01-02 01:20:00+00:00,1.5343455100288463,1.5353092498075136,1.5310423373910684,1.5320060771697357,1131.9899360521183
2025-01-02 01:25:00+00:00,1.5320060771697357,1.53653862991814,1.5242738767444801,1.5288064294928845,1600.4532733630128
2025-01-02 01:30:00+00:00,1.5288064294928845,1.5312602106198079,1.5262530018738287,1.5287067830007521,1085.901533285247
2025-01-02 01:35:00+00:00,1.5287067830007521,1.5295908684002526,1.5250096526171397,1.5258937380166402,1093.6827514440465
2025-01-02 01:40:00+00:00,1.5258937380166402,1.5315221300938406,1.517972999949189,1.5236013920263896,888.17253085152
2025-01-02 01:45:00+00:00,1.5236013920263896,1.5256220761112418,1.520363445171166,1.5223841292560183,919.8640706119124
2025-01-02 01:50:00+00:00,1.5223841292560183,1.5236403813172819,1.5175523153045372,1.5188085673658007,1481.1746258568455
2025-01-02 01:55:00+00:00,1.5188085673658007,1.5234908374296137,1.5136490411439398,1.5183313112077528,1289.8328212477234
2025-01-02 02:00:00+00:00,1.5183313112077528,1.523176302114091,1.5091739926520567,1.5140189835583948,1190.9040196286676
2025-01-02 02:05:00+00:00,1.5140189835583948,1.5188486778557637,1.504502906317296,1.509332600614665,984.7236635281989
2025-01-02 02:10:00+00:00,1.509332600614665,1.5133306476657546,1.5013956628504919,1.5053937099015815,1683.549262981772
2025-01-02 02:15:00+00:00,1.5053937099015815,1.5062823824763576,1.5009673661737388,1.501856038748515,1738.4649082115204
2025-01-02 02:20:00+00:00,1.501856038748515,1.505402307661965,1.4924099868756344,1.4959562557890844,1160.2558938596594
2025-01-02 02:25:00+00:00,1.4959562557890844,1.5017208237151891,1.48670474620613,1.4924693141322347,902.7352536223349
2025-01-02 02:30:00+00:00,1.4924693141322347,1.4955799154122216,1.482914743674802,1.4860253449547889,847.4680578813156
2025-01-02 02:35:00+00:00,1.4860253449547889,1.4883093477863907,1.4827204326016745,1.4850044354332763,1971.309342433221
2025-01-02 02:40:00+00:00,1.4850044354332763,1.4886348415805168,1.477689978137204,1.4813203842844445,2134.7001770494057
2025-01-02 02:45:00+00:00,1.4813203842844445,1.4853265603041488,1.4726067253081765,1.4766129013278808,945.7781614843728
2025-01-02 02:50:00+00:00,1.4766129013278808,1.4788811379458133,1.4691482665383366,1.4714165031562692,1170.847251316407
2025-01-02 02:55:00+00:00,1.4714165031562692,1.476129142504992,1.462419313565459,1.467131952914182,670.2805620166076
2025-01-02 03:00:00+00:00,1.467131952914182,1.4721728596030048,1.4580787219461686,1.4631196286349915,1996.912996072384
2025-01-02 03:05:00+00:00,1.4631196286349915,1.4639722000209001,1.4568097483926672,1.4576623197785759,3966.710792122654
2025-01-02 03:10:00+00:00,1.4576623197785759,1.4588991601964088,1.4511926789166822,1.4524295193345151,2984.1123268244255
2025-01-02 03:15:00+00:00,1.4524295193345151,1.4556915352174995,1.4452183659747142,1.4484803818576986,3022.7909144090786
2025-01-02 03:20:00+00:00,1.4484803818576986,1.449500238050334,1.442941178234104,1.4439610344267393,2251.9383356432454
2025-01-02 03:25:00+00:00,1.4439610344267393,1.445670582044971,1.4402728117514794,1.441982359369711,857.031668411296
2025-01-02 03:30:00+00:00,1.441982359369711,1.4471014369630864,1.435238264760935,1.4403573423543103,1026.5525233668213
2025-01-02 03:35:00+00:00,1.4403573423543103,1.4460973524624892,1.4310713390712722,1.436811349179451,1475.992146326778
2025-01-02 03:40:00+00:00,1.436811349179451,1.4417568325344419,1.4291335969750112,1.434079080330002,1226.5846736554222
2025-01-02 03:45:00+00:00,1.434079080330002,1.435615464705869,1.4267348294316193,1.4282712138074862,1310.2029735487013
2025-01-02 03:50:00+00:00,1.4282712138074862,1.432996044586203,1.4211606708048123,1.4258855015835292,1310.893175957296
2025-01-02 03:55:00+00:00,1.4258855015835292,1.4294939647902303,1.4187867256443423,1.4223951888510433,922.4344139232879
2025-01-02 04:00:00+00:00,1.4223951888510433,1.4280488668249451,1.4141738089927478,1.4198274869666496,1145.92659485805
2025-01-02 04:05:00+00:00,1.4198274869666496,1.4219400878277177,1.4170913290140905,1.4192039298751586,883.0583117735686
2025-01-02 04:10:00+00:00,1.4192039298751586,1.424363062552555,1.4068745369676185,1.4120336696450149,849.7284570224026
2025-01-02 04:15:00+00:00,1.4120336696450149,1.4128179189852648,1.4084554954191486,1.4092397447593985,1255.5608389013341
2025-01-02 04:20:00+00:00,1.4092397447593985,1.4110328306466557,1.4024164833566934,1.4042095692439507,795.8633240271237
2025-01-02 04:25:00+00:00,1.4042095692439507,1.4093484487860317,1.3969561506434567,1.4020950301855377,1620.0461379282378
2025-01-02 04:30:00+00:00,1.4020950301855377,1.4052863233712691,1.3936526383835963,1.3968439315693277,1173.0329252115512
2025-01-02 04:35:00+00:00,1.3968439315693277,1.3985566842171357,1.391326644171187,1.393039396818995,789.4907496053828
2025-01-02 04:40:00+00:00,1.393039396818995,1.3971409511189876,1.3863706516205585,1.3904722059205512,958.754065584306
2025-01-02 04:45:00+00:00,1.3904722059205512,1.392714023029598,1.3864168604570093,1.388658677566056,842.7045306417946
2025-01-02 04:50:00+00:00,1.388658677566056,1.3922097525424506,1.3824664114926843,1.3860174864690789,1408.9252091953774
2025-01-02 04:55:00+00:00,1.3860174864690789,1.388718966372348,1.3793076901494141,1.3820091700526833,1280.8230864439038
2025-01-02 05:00:00+00:00,1.3820091700526833,1.3830865157649699,1.377399130510694,1.3784764762229806,1124.6766371801257
2025-01-02 05:05:00+00:00,1.3784764762229806,1.3794734472475274,1.3763994554006476,1.3773964264251943,1687.913465996579
2025-01-02 05:10:00+00:00,1.3773964264251943,1.3824794537288303,1.369834154780222,1.374917182083858,1123.4246970864472
2025-01-02 05:15:00+00:00,1.374917182083858,1.3797662097427168,1.3649008760278079,1.3697499036866667,1043.0809011443723
2025-01-02 05:20:00+00:00,1.3697499036866667,1.3726287944224491,1.3659365911830212,1.3688154819188036,879.4126411890394
2025-01-02 05:25:00+00:00,1.3688154819188036,1.3706486425746685,1.3654146678081116,1.3672478284639764,819.4129429897374
2025-01-02 05:30:00+00:00,1.3672478284639764,1.3685680022042108,1.3651776231083381,1.3664977968485725,1223.424767900622
2025-01-02 05:35:00+00:00,1.3664977968485725,1.3717506598148543,1.3585784645504926,1.3638313275167744,1363.740595512866
2025-01-02 05:40:00+00:00,1.3638313275167744,1.3670910482160334,1.3598772868287523,1.3631370075280114,2388.1632707650156
2025-01-02 05:45:00+00:00,1.3631370075280114,1.3638533863593783,1.3587022118835006,1.3594185907148675,2626.8193013005052
2025-01-02 05:50:00+00:00,1.3594185907148675,1.3630723010754862,1.3547710676849423,1.358424778045561,2479.2424242810553
2025-01-02 05:55:00+00:00,1.358424778045561,1.362697432434451,1.351488420650816,1.355761075039706,3757.020095963745
2025-01-02 06:00:00+00:00,1.355761075039706,1.3578801515475087,1.3529285965891182,1.355047673096921,2580.4986402047207
2025-01-02 06:05:00+00:00,1.355047673096921,1.3603723598258473,1.349597787134629,1.3549224738635552,1488.266928989642
2025-01-02 06:10:00+00:00,1.3549224738635552,1.3558775607485825,1.3510593880590214,1.3520144749440486,1060.4720186358613
2025-01-02 06:15:00+00:00,1.3520144749440486,1.3532176053111646,1.3490605494037624,1.3502636797708785,894.7237167381958
2025-01-02 06:20:00+00:00,1.3502636797708785,1.3537883850936556,1.3451743326005374,1.3486990379233146,748.5548593640823
2025-01-02 06:25:00+00:00,1.3486990379233146,1.3518897218478316,1.34584082507892,1.349031509003437,841.2132487043302
2025-01-02 06:30:00+00:00,1.349031509003437,1.351450360262108,1.3461991508122964,1.3486180020709673,1228.228452672893
2025-01-02 06:35:00+00:00,1.3486180020709673,1.3525689754406207,1.3411600677390818,1.3451110411087353,858.0612739692912
2025-01-02 06:40:00+00:00,1.3451110411087353,1.3501538995312612,1.3392931352985424,1.3443359937210684,1453.8616711565812
2025-01-02 06:45:00+00:00,1.3443359937210684,1.3490553660807743,1.3393213162325102,1.344040688592216,999.0307478971048
2025-01-02 06:50:00+00:00,1.344040688592216,1.3500774559169741,1.3399446715495147,1.3459814388742728,689.2246060920601
2025-01-02 06:55:00+00:00,1.3459814388742728,1.3480111094459972,1.3397641562682279,1.3417938268399523,1149.8742075360958
2025-01-02 07:00:00+00:00,1.3417938268399523,1.3438867458291952,1.3373632347418942,1.3394561537311371,970.9674033001861
2025-01-02 07:05:00+00:00,1.3394561537311371,1.3416280988447096,1.3379504988456983,1.3401224439592707,1764.1491105989485
2025-01-02 07:10:00+00:00,1.3401224439592707,1.3448868158483387,1.331697771238791,1.336462143127859,1307.7280671598285
2025-01-02 07:15:00+00:00,1.336462143127859,1.3402864898645588,1.3292233322060412,1.333047678942741,852.1407998409273
2025-01-02 07:20:00+00:00,1.333047678942741,1.3363989004720216,1.3290146677642378,1.3323658892935184,1123.2563418050188
2025-01-02 07:25:00+00:00,1.3323658892935184,1.3334569575961235,1.33137242398848,1.3324634922910852,766.8933357314411
2025-01-02 07:30:00+00:00,1.3324634922910852,1.3370776675125624,1.325225127640252,1.3298393028617292,742.9747229498836
2025-01-02 07:35:00+00:00,1.3298393028617292,1.331177705568258,1.327777440435219,1.3291158431417478,1076.3158166788317
2025-01-02 07:40:00+00:00,1.3291158431417478,1.3321474855055713,1.3246515519847117,1.3276831943485352,1253.284002558529
2025-01-02 07:45:00+00:00,1.3276831943485352,1.3334596691252778,1.3226692611656838,1.3284457359424264,967.6944163920975
2025-01-02 07:50:00+00:00,1.3284457359424264,1.3307689848008335,1.3244198597165802,1.3267431085749872,1465.0158851934707
2025-01-02 07:55:00+00:00,1.3267431085749872,1.3295312625597178,1.323785944820189,1.3265740988049195,693.3185708309829
2025-01-02 08:00:00+00:00,1.3265740988049195,1.3316113602335033,1.318307973080299,1.3233452345088828,1262.25018965605
2025-01-02 08:05:00+00:00,1.3233452345088828,1.3253808213685516,1.3191743123357604,1.3212098991954293,1166.9253368958364
2025-01-02 08:10:00+00:00,1.3212098991954293,1.3239576331593932,1.3164145482327734,1.3191622821967373,753.5561521504445
2025-01-02 08:15:00+00:00,1.3191622821967373,1.3215819165252245,1.3165951236456233,1.3190147579741105,2690.3017215620075
2025-01-02 08:20:00+00:00,1.3190147579741105,1.3215519147854664,1.3153849933444703,1.3179221501558263,2231.8166146593826
2025-01-02 08:25:00+00:00,1.3179221501558263,1.3205635350343765,1.312025282362572,1.3146666672411222,3251.4298180776655
2025-01-02 08:30:00+00:00,1.3146666672411222,1.3198794015069988,1.3084015437043375,1.313614277970214,1627.52194593022
2025-01-02 08:35:00+00:00,1.313614277970214,1.3179709170564828,1.3082814330921233,1.3126380721783921,2856.6939981322585
2025-01-02 08:40:00+00:00,1.3126380721783921,1.3134802855495764,1.3093673238256966,1.310209537196881,2244.469539371311
2025-01-02 08:45:00+00:00,1.310209537196881,1.3136509891849986,1.3040494046292597,1.3074908566173773,1610.2264785814225
2025-01-02 08:50:00+00:00,1.3074908566173773,1.3081969446486525,1.304106129260964,1.3048122172922392,2093.5385436511465
2025-01-02 08:55:00+00:00,1.3048122172922392,1.305818313364532,1.2987241601832424,1.2997302562555353,997.0281718456455
2025-01-02 09:00:00+00:00,1.2997302562555353,1.303027453883537,1.294236130953774,1.2975333285817756,1022.4210411177196
2025-01-02 09:05:00+00:00,1.2975333285817756,1.3009945854659806,1.2918863597062218,1.2953476165904267,1069.5686927658078
2025-01-02 09:10:00+00:00,1.2953476165904267,1.296764124707583,1.289980624499539,1.2913971326166953,1073.9515759692886
2025-01-02 09:15:00+00:00,1.2913971326166953,1.293862492357771,1.2874190486532608,1.2898844083943366,1411.1548382010985
2025-01-02 09:20:00+00:00,1.2898844083943366,1.292148386197446,1.2827841389690595,1.285048116772169,952.3417932978913
2025-01-02 09:25:00+00:00,1.285048116772169,1.2888456246214302,1.2776378423068253,1.2814353501560865,904.9538557177225
2025-01-02 09:30:00+00:00,1.2814353501560865,1.283952162436845,1.2753791174200435,1.2778959297008021,1079.6054292774875
2025-01-02 09:35:00+00:00,1.2778959297008021,1.280445626068853,1.2755365966640577,1.2780862930321086,1092.9947205525007
2025-01-02 09:40:00+00:00,1.2780862930321086,1.2823998954541906,1.2684245737814082,1.2727381762034902,1573.431568549691
2025-01-02 09:45:00+00:00,1.2727381762034902,1.2763466770328795,1.2670506986951697,1.270659199524559,954.9007009404927
2025-01-02 09:50:00+00:00,1.270659199524559,1.2717856852234015,1.267992960101298,1.2691194458001405,940.4866015046965
2025-01-02 09:55:00+00:00,1.2691194458001405,1.2721463776243167,1.2636580338532433,1.2666849656774195,1266.864598001449
2025-01-02 10:00:00+00:00,1.2666849656774195,1.2683127700876091,1.2638132189318187,1.2654410233420084,1247.7288976951033
2025-01-02 10:05:00+00:00,1.2654410233420084,1.2672624652891735,1.2590365941710173,1.2608580361181825,847.1577666004706
2025-01-02 10:10:00+00:00,1.2608580361181825,1.2641758886773604,1.2510229760214928,1.2543408285806708,998.3136220803821
2025-01-02 10:15:00+00:00,1.2543408285806708,1.2587594834737346,1.2479876304909605,1.2524062853840243,774.146454681336
2025-01-02 10:20:00+00:00,1.2524062853840243,1.2545967773168931,1.245324814014896,1.2475153059477648,1322.0014766021031
2025-01-02 10:25:00+00:00,1.2475153059477648,1.2504087981160414,1.2410336807230418,1.2439271728913184,885.4078875450176
2025-01-02 10:30:00+00:00,1.2439271728913184,1.24488540510356,1.2381140345205228,1.2390722667327645,919.7399573338059
2025-01-02 10:35:00+00:00,1.2390722667327645,1.2430440984460054,1.233568988045872,1.237540819759113,982.5062146005337
2025-01-02 10:40:00+00:00,1.237540819759113,1.2389086627766352,1.2343657807290502,1.2357336237465726,864.5065351331659
2025-01-02 10:45:00+00:00,1.2357336237465726,1.2380672200585923,1.2292548672038583,1.231588463515878,1101.835575013404
2025-01-02 10:50:00+00:00,1.231588463515878,1.2333846414937195,1.2280635982406818,1.2298597762185233,1356.477073092963
2025-01-02 10:55:00+00:00,1.2298597762185233,1.23270367049737,1.2241505265433252,1.226994420822172,2569.265677640355
2025-01-02 11:00:00+00:00,1.226994420822172,1.2288894249916305,1.2218752941894993,1.2237702983589578,4080.36542666292
2025-01-02 11:05:00+00:00,1.2237702983589578,1.226381831908702,1.2182529468854317,1.220864480435176,2478.1841298285162
2025-01-02 11:10:00+00:00,1.220864480435176,1.2233526483629205,1.2151227504431956,1.21761091837094,1569.0443472963357
2025-01-02 11:15:00+00:00,1.21761091837094,1.220827196342096,1.2123714195132715,1.2155876974844275,2368.520659578123
2025-01-02 11:20:00+00:00,1.2155876974844275,1.219119534684921,1.2096255378258958,1.2131573750263893,2054.700864912605
2025-01-02 11:25:00+00:00,1.2131573750263893,1.216013216549861,1.2069544297301906,1.2098102712536623,1376.5806323041636
2025-01-02 11:30:00+00:00,1.2098102712536623,1.213555468041764,1.2047315308005555,1.2084767275886572,1029.2218007013591
2025-01-02 11:35:00+00:00,1.2084767275886572,1.2128642981768047,1.200458961937031,1.2048465325251785,1187.448703471553
2025-01-02 11:40:00+00:00,1.2048465325251785,1.207374780083499,1.2000405965230667,1.2025688440813873,765.3924552478728
2025-01-02 11:45:00+00:00,1.2025688440813873,1.2033068511050176,1.1998007337117176,1.2005387407353478,908.7921352258476
2025-01-02 11:50:00+00:00,1.2005387407353478,1.2043599826757845,1.196262407689891,1.2000836496303275,1125.2174135083628
2025-01-02 11:55:00+00:00,1.2000836496303275,1.2026048313430757,1.19430748810119,1.196828669813938,997.7944973853032
2025-01-02 12:00:00+00:00,1.196828669813938,1.2007389480987651,1.1929520333194683,1.1968623116042953,1090.8601734448293
2025-01-02 12:05:00+00:00,1.1968623116042953,1.2010287937461823,1.1905374729095848,1.1947039550514718,1634.602765526801
2025-01-02 12:10:00+00:00,1.1947039550514718,1.195620700403164,1.1911607850019537,1.192077530353646,794.6759994995377
2025-01-02 12:15:00+00:00,1.192077530353646,1.1943285947860325,1.1865815212632682,1.1888325856956548,801.3665613615234
2025-01-02 12:20:00+00:00,1.1888325856956548,1.1925041788355168,1.1837762505215865,1.1874478436614486,1511.1800180211935
2025-01-02 12:25:00+00:00,1.1874478436614486,1.1899144918625892,1.1828929707610618,1.1853596189622024,1148.6070193502367
2025-01-02 12:30:00+00:00,1.1853596189622024,1.1878172739381843,1.179241409158005,1.1816990641339868,913.402556313765
2025-01-02 12:35:00+00:00,1.1816990641339868,1.1842612780217592,1.1755123054668462,1.1780745193546185,1198.0190020290188
2025-01-02 12:40:00+00:00,1.1780745193546185,1.1827282866075066,1.1706726645998995,1.1753264318527876,1373.3332990785325
2025-01-02 12:45:00+00:00,1.1753264318527876,1.1768973369269244,1.170901783905399,1.1724726889795358,905.991889528596
2025-01-02 12:50:00+00:00,1.1724726889795358,1.1737282365749089,1.1709084153496927,1.1721639629450658,1373.5593793835953
2025-01-02 12:55:00+00:00,1.1721639629450658,1.1760460834269453,1.1684293542575968,1.1723114747394763,1049.3953470902393
2025-01-02 13:00:00+00:00,1.1723114747394763,1.1763401320085216,1.1677705653787493,1.1717992226477947,1550.7963611136888
2025-01-02 13:05:00+00:00,1.1717992226477947,1.1725714900438757,1.169848653532048,1.170620920928129,628.686298074313
2025-01-02 13:10:00+00:00,1.170620920928129,1.1737131768068978,1.1652979099203684,1.1683901657991371,1743.4307869241588
2025-01-02 13:15:00+00:00,1.1683901657991371,1.1724749065200462,1.1628011375778715,1.1668858782987805,1064.2027189047121
2025-01-02 13:20:00+00:00,1.1668858782987805,1.1704014945262724,1.1630733304046026,1.1665889466320944,1466.8528176201996
2025-01-02 13:25:00+00:00,1.1665889466320944,1.1692649663213903,1.1654025338012346,1.1680785534905305,940.8601604899329
2025-01-02 13:30:00+00:00,1.1680785534905305,1.1693490601512762,1.1666290738462228,1.1678995805069685,1239.1228890036277
2025-01-02 13:35:00+00:00,1.1678995805069685,1.1703021978750512,1.1636815105670566,1.1660841279351393,3176.809810257534
2025-01-02 13:40:00+00:00,1.1660841279351393,1.1681885399888396,1.1626429804600011,1.1647473925137015,2466.6285179618403
2025-01-02 13:45:00+00:00,1.1647473925137015,1.166013369781146,1.1614468916122596,1.162712868879704,2177.606262526117
2025-01-02 13:50:00+00:00,1.162712868879704,1.1654000791264336,1.1576005086109524,1.1602877188576821,2008.7777082328494
2025-01-02 13:55:00+00:00,1.1602877188576821,1.161636793827259,1.1573694189554056,1.1587184939249824,2013.1370802397134
2025-01-02 14:00:00+00:00,1.1587184939249824,1.1596083037304583,1.1568046251128008,1.1576944349182767,2941.5196496268118
2025-01-02 14:05:00+00:00,1.1576944349182767,1.1615296849906331,1.1551264079084353,1.1589616579807918,861.4785444549975
2025-01-02 14:10:00+00:00,1.1589616579807918,1.163347481097399,1.153370733141307,1.1577565562579142,1308.1964748360078
2025-01-02 14:15:00+00:00,1.1577565562579142,1.1595683251565834,1.156557081042732,1.158368849941401,1106.8039164032132
2025-01-02 14:20:00+00:00,1.158368849941401,1.160937435801859,1.1569823502347782,1.159550936095236,1034.679464243445
2025-01-02 14:25:00+00:00,1.159550936095236,1.162201224644877,1.1557289421942851,1.158379230743926,920.8209477935809
2025-01-02 14:30:00+00:00,1.158379230743926,1.1637512316808858,1.1539524880827303,1.15932448901969,974.5942234594144
2025-01-02 14:35:00+00:00,1.15932448901969,1.1617356754645254,1.1566033388666397,1.159014525311475,659.7905376952727
2025-01-02 14:40:00+00:00,1.159014525311475,1.1604468049439711,1.1556812882347964,1.1571135678672926,1279.719135898294
2025-01-02 14:45:00+00:00,1.1571135678672926,1.1600178839018016,1.1532367952243827,1.1561411112588917,975.9394950783147
2025-01-02 14:50:00+00:00,1.1561411112588917,1.1580231047760972,1.1529264291998385,1.1548084227170439,1489.925864335656
2025-01-02 14:55:00+00:00,1.1548084227170439,1.1558483897914777,1.152055230604426,1.15309519767886,900.5321372282153
2025-01-02 15:00:00+00:00,1.15309519767886,1.156205011918056,1.1482887183383097,1.1513985325775058,892.784735538665
2025-01-02 15:05:00+00:00,1.1513985325775058,1.153722490779245,1.1478180379463538,1.150141996148093,1078.7640170560665
2025-01-02 15:10:00+00:00,1.150141996148093,1.15456134652803,1.1448285100721758,1.1492478604521128,990.4330327268726
2025-01-02 15:15:00+00:00,1.1492478604521128,1.1513624512734035,1.1443818798142635,1.1464964706355543,819.7844781303248
2025-01-02 15:20:00+00:00,1.1464964706355543,1.1476809826427403,1.1437250325640302,1.1449095445712163,656.3312267595861
2025-01-02 15:25:00+00:00,1.1449095445712163,1.1467723608872094,1.1393413693805436,1.1412041856965367,883.9603638493501
2025-01-02 15:30:00+00:00,1.1412041856965367,1.1436839994220094,1.1374186867789544,1.139898500504427,933.6488975169559
2025-01-02 15:35:00+00:00,1.139898500504427,1.141622847114233,1.1373148528088732,1.139039199418679,1301.3709551348281
2025-01-02 15:40:00+00:00,1.139039199418679,1.1412944249534152,1.1352451050299117,1.1375003305646478,1316.6732504996326
2025-01-02 15:45:00+00:00,1.1375003305646478,1.1408751330937608,1.1327009118607079,1.1360757143898208,846.2311895945817
2025-01-02 15:50:00+00:00,1.1360757143898208,1.139682151787808,1.1314054171560044,1.1350118545539916,1327.5773902473009
2025-01-02 15:55:00+00:00,1.1350118545539916,1.137921375787797,1.1292770519086366,1.132186573142442,845.1407781366969
2025-01-02 16:00:00+00:00,1.132186573142442,1.1346575579372147,1.1274184715018734,1.129889456296646,919.9936783841366
2025-01-02 16:05:00+00:00,1.129889456296646,1.1309058628873818,1.1275391703008193,1.1285555768915552,980.8046623428188
2025-01-02 16:10:00+00:00,1.1285555768915552,1.1317567634645196,1.1246297176785858,1.1278309042515502,874.272054290818
2025-01-02 16:15:00+00:00,1.1278309042515502,1.129306785508561,1.1247538433336057,1.1262297245906165,2905.33997814461
2025-01-02 16:20:00+00:00,1.1262297245906165,1.130971013610803,1.1227497154700068,1.1274910044901933,3548.629154096661
2025-01-02 16:25:00+00:00,1.1274910044901933,1.1318121191730948,1.1208017566709072,1.1251228713538086,1862.2971242629862
2025-01-02 16:30:00+00:00,1.1251228713538086,1.129047010977066,1.1202527510494336,1.124176890672691,2652.379910667642
2025-01-02 16:35:00+00:00,1.124176890672691,1.1258211895197066,1.1218951341795445,1.12353943302656,2400.3075491089207
2025-01-02 16:40:00+00:00,1.12353943302656,1.1259177084362026,1.1185879764857414,1.120966251895384,1236.419209975049
2025-01-02 16:45:00+00:00,1.120966251895384,1.1232646390070848,1.1151308445171362,1.117429231628837,1707.8781433966717
2025-01-02 16:50:00+00:00,1.117429231628837,1.12098478494131,1.109817808049342,1.1133733613618149,2698.687314952282
2025-01-02 16:55:00+00:00,1.1133733613618149,1.1155533830102526,1.1089003081320326,1.1110803297804703,2327.9249019782305
2025-01-02 17:00:00+00:00,1.1110803297804703,1.1130043505338658,1.1080891236231993,1.1100131443765948,2260.488039810913
2025-01-02 17:05:00+00:00,1.1100131443765948,1.1128455188097874,1.104961108466649,1.1077934828998417,3312.7672943831776
2025-01-02 17:10:00+00:00,1.1077934828998417,1.110551630818356,1.102654040665699,1.1054121885842134,1659.1870845986966
2025-01-02 17:15:00+00:00,1.1054121885842134,1.1092185529509029,1.0984674404596744,1.1022738048263638,1949.1644914540345
2025-01-02 17:20:00+00:00,1.1022738048263638,1.1063942703140268,1.0962364076568354,1.1003568731444984,2358.9648613206064
2025-01-02 17:25:00+00:00,1.1003568731444984,1.1041923468427521,1.0910340220128814,1.0948694957111351,2558.233813271407
2025-01-02 17:30:00+00:00,1.0948694957111351,1.0992018862723496,1.0881563612911989,1.0924887518524133,2018.4250919735323
2025-01-02 17:35:00+00:00,1.0924887518524133,1.0952277927229064,1.087089662608443,1.089828703478936,2338.101685793816
2025-01-02 17:40:00+00:00,1.089828703478936,1.09194892673062,1.0871327448437795,1.0892529680954635,2856.3524666898634
2025-01-02 17:45:00+00:00,1.0892529680954635,1.0965643173754418,1.085998773901057,1.0933101231810354,1890.286986174484
2025-01-02 17:50:00+00:00,1.0933101231810354,1.0971780512409084,1.08882666220446,1.092694590264333,1858.0026181079884
2025-01-02 17:55:00+00:00,1.092694590264333,1.0959671799489532,1.0892111046959556,1.0924836943805758,2015.134131764931
2025-01-02 18:00:00+00:00,1.0924836943805758,1.0952381578684598,1.0893587642686136,1.0921132277564976,1068.1153105415444
2025-01-02 18:05:00+00:00,1.0921132277564976,1.0959517070725484,1.090942525812344,1.0947810051283948,2289.8316961274977
2025-01-02 18:10:00+00:00,1.0947810051283948,1.098158539746222,1.0914589657219935,1.0948365003398206,2270.1256762747066
2025-01-02 18:15:00+00:00,1.0948365003398206,1.1009918122652238,1.0907977434799274,1.0969530554053306,3254.1931041640237
2025-01-02 18:20:00+00:00,1.0969530554053306,1.1013032487902823,1.0946341089408074,1.098984302325759,1400.3541429850945
2025-01-02 18:25:00+00:00,1.098984302325759,1.1045034211074274,1.0950884889766213,1.1006076077582896,2140.840876039982
2025-01-02 18:30:00+00:00,1.1006076077582896,1.1034424113815153,1.0973524456474988,1.1001872492707245,2201.4276530872908
2025-01-02 18:35:00+00:00,1.1001872492707245,1.1022869047200965,1.0986140588450892,1.1007137142944612,2359.046852622486
2025-01-02 18:40:00+00:00,1.1007137142944612,1.108637408083739,1.096372662038275,1.1042963558275527,1466.8732379269136
2025-01-02 18:45:00+00:00,1.1042963558275527,1.1077227988483418,1.1005658978322268,1.103992340853016,913.6648539446392
2025-01-02 18:50:00+00:00,1.103992340853016,1.10867288488676,1.0996541406992182,1.1043346847329623,2000.9537634390447
2025-01-02 18:55:00+00:00,1.1043346847329623,1.1085192572487625,1.1014212081175832,1.1056057806333834,4645.49326969873
2025-01-02 19:00:00+00:00,1.1056057806333834,1.1116495725837083,1.1021689582415117,1.1082127501918366,4647.6696928260635
2025-01-02 19:05:00+00:00,1.1082127501918366,1.1117504273702967,1.1065915587069806,1.1101292358854407,3669.054980562663
2025-01-02 19:10:00+00:00,1.1101292358854407,1.1153677076631068,1.1075135018796947,1.1127519736573608,3528.495662984698
2025-01-02 19:15:00+00:00,1.1127519736573608,1.1150658685642039,1.1106981474933384,1.1130120424001815,4237.471240004066
2025-01-02 19:20:00+00:00,1.1130120424001815,1.1192522478665028,1.1097752013154478,1.1160154067817691,1561.2611292342824
2025-01-02 19:25:00+00:00,1.1160154067817691,1.1228253274540012,1.1117660082504133,1.1185759289226453,1559.0401563794358
2025-01-02 19:30:00+00:00,1.1185759289226453,1.1213187602636343,1.1155470289801965,1.1182898603211855,2114.1497283256635
2025-01-02 19:35:00+00:00,1.1182898603211855,1.1228600920368788,1.1177023981449776,1.122272629860671,2269.1411771160233
2025-01-02 19:40:00+00:00,1.122272629860671,1.1291529491634842,1.1204631234370235,1.1273434427398368,1498.1970489253029
2025-01-02 19:45:00+00:00,1.1273434427398368,1.1310361348066698,1.124649172192044,1.128341864258877,1249.02606465432
2025-01-02 19:50:00+00:00,1.128341864258877,1.1342175279670528,1.1246398299542022,1.130515493662378,1528.8270254517322
2025-01-02 19:55:00+00:00,1.130515493662378,1.13746611187638,1.1276245700272718,1.1345751882412738,2345.823903228626
2025-01-02 20:00:00+00:00,1.1345751882412738,1.1361426305344438,1.1332114719428714,1.1347789142360414,1824.1564255698258
2025-01-02 20:05:00+00:00,1.1347789142360414,1.1377626491272659,1.1313614958819025,1.134345230773127,2346.158125374782
2025-01-02 20:10:00+00:00,1.134345230773127,1.1389659950377284,1.1302880845940413,1.1349088488586427,2305.0814616536845
2025-01-02 20:15:00+00:00,1.1349088488586427,1.1391555445369088,1.1322734839806636,1.1365201796589297,2640.5950469878485
2025-01-02 20:20:00+00:00,1.1365201796589297,1.142103021030962,1.1325862305426448,1.138169071914677,1809.5704134335951
2025-01-02 20:25:00+00:00,1.138169071914677,1.144207621159086,1.1354537995877414,1.1414923488321502,2035.3553097093065
2025-01-02 20:30:00+00:00,1.1414923488321502,1.1452288090884712,1.1406702845536982,1.1444067448100192,2451.323603718731
2025-01-02 20:35:00+00:00,1.1444067448100192,1.1497665862943012,1.1399296090381559,1.1452894505224378,1772.0895260501452
2025-01-02 20:40:00+00:00,1.1452894505224378,1.149464056440462,1.1445368458832377,1.1487114518012618,1546.729403519005
2025-01-02 20:45:00+00:00,1.1487114518012618,1.1556938940509482,1.1470081187092123,1.1539905609588987,2600.5300579083923
2025-01-02 20:50:00+00:00,1.1539905609588987,1.1616015716493215,1.1507772564968408,1.1583882671872636,2883.3401565632576
2025-01-02 20:55:00+00:00,1.1583882671872636,1.1664425353779644,1.1544936590166546,1.1625479272073553,1591.2193604405293
2025-01-02 21:00:00+00:00,1.1625479272073553,1.166850188711342,1.161090720578554,1.1653929820825406,2255.194831610739
2025-01-02 21:05:00+00:00,1.1653929820825406,1.1737721030692994,1.1612427173507793,1.169621838337538,2210.922241721611
2025-01-02 21:10:00+00:00,1.169621838337538,1.1746163824929674,1.1661497469226183,1.1711442910780476,2089.1346326596304
2025-01-02 21:15:00+00:00,1.1711442910780476,1.1760596803597319,1.1701898290159964,1.1751052182976807,1794.160761675907
2025-01-02 21:20:00+00:00,1.1751052182976807,1.1803246202140376,1.172688249627245,1.177907651543602,1602.5389808368172
2025-01-02 21:25:00+00:00,1.177907651543602,1.186722010731835,1.173639057981014,1.1824534171692471,1468.0295141239892
2025-01-02 21:30:00+00:00,1.1824534171692471,1.1885265261211235,1.1800021172967654,1.1860752262486418,5544.1345589913035
2025-01-02 21:35:00+00:00,1.1860752262486418,1.1916759821284455,1.1818891166897527,1.1874898725695564,4342.174210673531
2025-01-02 21:40:00+00:00,1.1874898725695564,1.1921038698544746,1.1860276459749444,1.1906416432598625,5020.235290775734
2025-01-02 21:45:00+00:00,1.1906416432598625,1.1996069254608397,1.1863916720218743,1.1953569542228515,2759.7739253105533
2025-01-02 21:50:00+00:00,1.1953569542228515,1.2002245294418752,1.191835591159474,1.1967031663784977,5561.502816081063
2025-01-02 21:55:00+00:00,1.1967031663784977,1.199563167011394,1.1959946086650153,1.1988546092979115,5519.38947267514
2025-01-02 22:00:00+00:00,1.1988546092979115,1.2017294428327394,1.1978128192765558,1.2006876528113837,2126.0269982218147
2025-01-02 22:05:00+00:00,1.2006876528113837,1.2051515810672,1.1969866203338295,1.2014505485896458,3312.281427011139
2025-01-02 22:10:00+00:00,1.2014505485896458,1.2098777923188437,1.1973080298403884,1.2057352735695863,2083.5644329595975
2025-01-02 22:15:00+00:00,1.2057352735695863,1.212686962067246,1.2035592507963047,1.2105109392939644,2056.5744553722693
2025-01-02 22:20:00+00:00,1.2105109392939644,1.216264429292723,1.208771094221829,1.2145245842205876,1559.789318370835
2025-01-02 22:25:00+00:00,1.2145245842205876,1.2224572799670659,1.20976438751539,1.2176970832618683,1681.2443095662818
2025-01-02 22:30:00+00:00,1.2176970832618683,1.224631743672494,1.2134687769648709,1.2204034373754966,2222.9536712321296
2025-01-02 22:35:00+00:00,1.2204034373754966,1.2283756957067213,1.215525284954652,1.2234975432858768,2140.2850258223953
2025-01-02 22:40:00+00:00,1.2234975432858768,1.2264876619355374,1.2221321414095438,1.2251222600592044,2643.9087970893183
2025-01-02 22:45:00+00:00,1.2251222600592044,1.2318966914855078,1.2223181385375634,1.2290925699638668,1702.7540132029667
2025-01-02 22:50:00+00:00,1.2290925699638668,1.2342822088274583,1.228056384556307,1.2332460234198985,2234.7732697462775
2025-01-02 22:55:00+00:00,1.2332460234198985,1.2407492226794772,1.2296862650573455,1.2371894643169241,1567.7017484144737
2025-01-02 23:00:00+00:00,1.2371894643169241,1.2412900025307292,1.234809033998672,1.238909572212477,1886.8854655457735
2025-01-02 23:05:00+00:00,1.238909572212477,1.242469925750192,1.2379194897286274,1.2414798432663425,1684.4935441814032
2025-01-02 23:10:00+00:00,1.2414798432663425,1.2449161535238509,1.2401936674163323,1.2436299776738406,1129.416621345755
2025-01-02 23:15:00+00:00,1.2436299776738406,1.2532494165371642,1.2390274057052257,1.2486468445685492,2398.1256406562247
2025-01-02 23:20:00+00:00,1.2486468445685492,1.2556688373705198,1.2441811550887878,1.2512031478907584,1567.0778684665986
2025-01-02 23:25:00+00:00,1.2512031478907584,1.2560092601671862,1.2457975745934295,1.2506036868698573,1577.8314184621977
2025-01-02 23:30:00+00:00,1.2506036868698573,1.2579268752371364,1.2460440152147607,1.2533672035820398,2042.6944539253693
2025-01-02 23:35:00+00:00,1.2533672035820398,1.2612987550026702,1.2503811756041756,1.258312727024806,1470.5337790942299
2025-01-02 23:40:00+00:00,1.258312727024806,1.2643087202081493,1.255406336141499,1.2614023293248424,1551.212850056536
2025-01-02 23:45:00+00:00,1.2614023293248424,1.2679645211079633,1.2581711127233075,1.2647333045064284,1033.3080714893204
2025-01-02 23:50:00+00:00,1.2647333045064284,1.27076367211451,1.2607001824202668,1.2667305500283483,1953.7891398804652
2025-01-02 23:55:00+00:00,1.2667305500283483,1.2682391884932085,1.264111720234427,1.2656203586992871,2303.7143093547656
2025-01-03 00:00:00+00:00,1.2656203586992871,1.2682229881869762,1.262097138275593,1.264699767763282,1755.7220782415682
2025-01-03 00:05:00+00:00,1.264699767763282,1.2670918226265315,1.26219030067451,1.2645823555377596,2584.2882959492545
2025-01-03 00:10:00+00:00,1.2645823555377596,1.2702454706185182,1.2604500340400822,1.2661131491208408,6230.3394885676435
2025-01-03 00:15:00+00:00,1.2661131491208408,1.269100513014812,1.2652748351010878,1.268262198995059,5119.8078841388115
2025-01-03 00:20:00+00:00,1.268262198995059,1.274431498115326,1.2647788991951832,1.27094819831545,3990.377242640817
2025-01-03 00:25:00+00:00,1.27094819831545,1.2730558489378774,1.2699172542834567,1.272024904905884,5170.424430432153
2025-01-03 00:30:00+00:00,1.272024904905884,1.278104625519215,1.268967947011277,1.2750476676246079,5181.910267809724
2025-01-03 00:35:00+00:00,1.2750476676246079,1.277779275917982,1.2734160288470742,1.2761476371404483,4470.899086294546
2025-01-03 00:40:00+00:00,1.2761476371404483,1.281573058483786,1.2711415541045943,1.276566975447932,2596.4262257697956
2025-01-03 00:45:00+00:00,1.276566975447932,1.2805852753215632,1.275328286878771,1.279346586752402,2191.1784991393615
2025-01-03 00:50:00+00:00,1.279346586752402,1.2814750041393324,1.2772670668877641,1.2793954842746944,1453.3374846227025
2025-01-03 00:55:00+00:00,1.2793954842746944,1.280974168541139,1.2750646610487677,1.2766433453152124,1841.1116965883562
2025-01-03 01:00:00+00:00,1.2766433453152124,1.2784398399680756,1.2746412230909592,1.2764377177438224,2010.456869800174
2025-01-03 01:05:00+00:00,1.2764377177438224,1.2816720087953632,1.2727575636419244,1.2779918546934652,1442.8571643960788
2025-01-03 01:10:00+00:00,1.2779918546934652,1.278935289674986,1.2737352626633751,1.2746786976448958,1368.5191673610595
2025-01-03 01:15:00+00:00,1.2746786976448958,1.2789431875927642,1.2712710390644986,1.2755355290123669,1998.1521603970236
2025-01-03 01:20:00+00:00,1.2755355290123669,1.2794020530728787,1.2725695836888133,1.2764361077493251,2213.62013907549
2025-01-03 01:25:00+00:00,1.2764361077493251,1.2772878863921846,1.2748185757479849,1.2756703543908443,1517.5898368414632
2025-01-03 01:30:00+00:00,1.2756703543908443,1.28053639241812,1.2699671782381587,1.2748332162654343,2223.8756553698236
2025-01-03 01:35:00+00:00,1.2748332162654343,1.278377614221831,1.2720309833803962,1.275575381336793,1537.6818706881897
2025-01-03 01:40:00+00:00,1.275575381336793,1.2770958626759417,1.2746906100318265,1.2762110913709752,1440.1611074413556
2025-01-03 01:45:00+00:00,1.2762110913709752,1.2827181574639137,1.2731388559411048,1.2796459220340433,2450.493574822977
2025-01-03 01:50:00+00:00,1.2796459220340433,1.2841269504402635,1.2772781910506723,1.2817592194568925,2030.7343922216605
2025-01-03 01:55:00+00:00,1.2817592194568925,1.2828718870803755,1.2797889585070148,1.2809016261304977,1239.5811000998667
2025-01-03 02:00:00+00:00,1.2809016261304977,1.285328668585388,1.2767724941152174,1.2811995365701077,1299.2468149801973
2025-01-03 02:05:00+00:00,1.2811995365701077,1.288568560309243,1.2765720105845033,1.2839410343236386,1989.9529395497818
2025-01-03 02:10:00+00:00,1.2839410343236386,1.2923770646705415,1.2801385237172274,1.2885745540641302,1564.4391747756085
2025-01-03 02:15:00+00:00,1.2885745540641302,1.2936466865382357,1.2858616641252918,1.2909337965993972,1573.637067582665
2025-01-03 02:20:00+00:00,1.2909337965993972,1.2976260951313758,1.2865398266324009,1.2932321251643795,1375.0447424090141
2025-01-03 02:25:00+00:00,1.2932321251643795,1.2987543851271734,1.2924794946818228,1.2980017546446168,1822.495376443122
2025-01-03 02:30:00+00:00,1.2980017546446168,1.3015419693704071,1.2963652884192165,1.2999055031450069,3468.3972291095533
2025-01-03 02:35:00+00:00,1.2999055031450069,1.3047330732320437,1.2965968745073162,1.301424444594353,1294.648906064804
2025-01-03 02:40:00+00:00,1.301424444594353,1.3029491454960287,1.2997567537137276,1.3012814546154032,2948.313110908736
2025-01-03 02:45:00+00:00,1.3012814546154032,1.3062679661368637,1.2976213446558185,1.302607856177279,1560.5725766243745
2025-01-03 02:50:00+00:00,1.302607856177279,1.3110900587090353,1.299736438122824,1.3082186406545804,3166.5990273891434
2025-01-03 02:55:00+00:00,1.3082186406545804,1.3126580713389322,1.3038150426452473,1.308254473329599,5300.860897052651
2025-01-03 03:00:00+00:00,1.308254473329599,1.3157719686805533,1.303090143563642,1.3106076389145962,4025.5716374516146
2025-01-03 03:05:00+00:00,1.3106076389145962,1.3117096612210652,1.3096942694658176,1.3107962917722866,3990.2619349026677
2025-01-03 03:10:00+00:00,1.3107962917722866,1.3175175373337351,1.3067494181714832,1.3134706637329316,5668.680102457623
2025-01-03 03:15:00+00:00,1.3134706637329316,1.3183532847793535,1.312532855117542,1.3174154761639638,7036.626767581251
2025-01-03 03:20:00+00:00,1.3174154761639638,1.322782534176788,1.3142770769123586,1.3196441349251828,2140.093035508723
2025-01-03 03:25:00+00:00,1.3196441349251828,1.3258034661213236,1.317326699516751,1.3234860307128917,1486.0663215737338
2025-01-03 03:30:00+00:00,1.3234860307128917,1.330269558916009,1.320602614211122,1.3273861424142392,1479.7016476794104
2025-01-03 03:35:00+00:00,1.3273861424142392,1.3350470046259315,1.3232599442153055,1.3309208064269977,1888.5931522228695
2025-01-03 03:40:00+00:00,1.3309208064269977,1.3372540516021612,1.3302241260225582,1.3365573711977217,2495.270901351835
2025-01-03 03:45:00+00:00,1.3365573711977217,1.344402181787039,1.3329201030817373,1.3407649136710547,2153.844020115049
2025-01-03 03:50:00+00:00,1.3407649136710547,1.3480890450915497,1.3359668615419893,1.3432909929624843,2080.8320832063923
2025-01-03 03:55:00+00:00,1.3432909929624843,1.350123297729879,1.338433001609205,1.3452653063765996,2566.2352248161415
2025-01-03 04:00:00+00:00,1.3452653063765996,1.3500965724234992,1.342192409133047,1.3470236751799467,1115.0526119545516
2025-01-03 04:05:00+00:00,1.3470236751799467,1.3547068850959167,1.3432847587212406,1.3509679686372107,2422.808337483345
2025-01-03 04:10:00+00:00,1.3509679686372107,1.3550783505893882,1.3495537779646032,1.3536641599167807,1975.6103744496243
2025-01-03 04:15:00+00:00,1.3536641599167807,1.3630459921026656,1.3519979365685422,1.3613797687544271,1946.263749786199
2025-01-03 04:20:00+00:00,1.3613797687544271,1.3730810229197272,1.356013822176754,1.367715076342054,2156.515167283894
2025-01-03 04:25:00+00:00,1.367715076342054,1.371576344631425,1.3668584491132112,1.3707197174025822,1804.2378127306931
2025-01-03 04:30:00+00:00,1.3707197174025822,1.3786228094821813,1.3656617930001416,1.3735648850797406,1482.2994738759098
2025-01-03 04:35:00+00:00,1.3735648850797406,1.381753910285745,1.3715844534610884,1.3797734786670928,1176.6784644548686
2025-01-03 04:40:00+00:00,1.3797734786670928,1.383346597567887,1.3765195326820123,1.3800926515828065,2114.9641168016856
2025-01-03 04:45:00+00:00,1.3800926515828065,1.384625705281957,1.3782611021933,1.3827941558924506,1432.9763960374369
2025-01-03 04:50:00+00:00,1.3827941558924506,1.3889694389238403,1.381662582003021,1.3878378650344108,1900.1908514681274
2025-01-03 04:55:00+00:00,1.3878378650344108,1.3946867871513144,1.3829392658249071,1.3897881879418108,1268.3631785122143
2025-01-03 05:00:00+00:00,1.3897881879418108,1.3962367827852886,1.3860132245375063,1.3924618193809841,1925.938388711735
2025-01-03 05:05:00+00:00,1.3924618193809841,1.4003184601845615,1.3874828272496078,1.3953394680531852,2194.154876932745
2025-01-03 05:10:00+00:00,1.3953394680531852,1.4036985370545723,1.3915463880690684,1.3999054570704554,1769.8306394304311
2025-01-03 05:15:00+00:00,1.3999054570704554,1.4078196860885754,1.395669027171295,1.403583256189415,2156.785554293719
2025-01-03 05:20:00+00:00,1.403583256189415,1.408975716055289,1.4022987758896115,1.4076912357554854,1619.519619951879
2025-01-03 05:25:00+00:00,1.4076912357554854,1.4128535625257743,1.4069451916804259,1.4121075184507148,1724.4758297400826
2025-01-03 05:30:00+00:00,1.4121075184507148,1.4166815336046412,1.4109673139190646,1.415541329072991,4502.604648625522
2025-01-03 05:35:00+00:00,1.415541329072991,1.425725844095887,1.4106001111658257,1.4207846261887218,4300.752405770102
2025-01-03 05:40:00+00:00,1.4207846261887218,1.423734746931416,1.4199084658776704,1.4228585866203647,4842.924312296698
2025-01-03 05:45:00+00:00,1.4228585866203647,1.424875433173338,1.4216617750144858,1.423678621567459,4440.949452248922
2025-01-03 05:50:00+00:00,1.423678621567459,1.425094419230457,1.422449025570294,1.423864823233292,5507.490950532723
2025-01-03 05:55:00+00:00,1.423864823233292,1.425298699474413,1.4228281821810793,1.4242620584222003,2960.212426708594
2025-01-03 06:00:00+00:00,1.4242620584222003,1.4287995595579177,1.4218946195759121,1.4264321207116295,2307.1405132746113
2025-01-03 06:05:00+00:00,1.4264321207116295,1.4349663334522111,1.4227218555439818,1.4312560682845634,2500.552657646113
2025-01-03 06:10:00+00:00,1.4312560682845634,1.4398772806536695,1.4259366718935031,1.4345578842626092,2156.6158481712605
2025-01-03 06:15:00+00:00,1.4345578842626092,1.4380418561478525,1.4329841682083195,1.4364681400935628,1514.1257055907445
2025-01-03 06:20:00+00:00,1.4364681400935628,1.4384668909501288,1.4355004949904333,1.4374992458469993,2441.330586472315
2025-01-03 06:25:00+00:00,1.4374992458469993,1.444974761316891,1.431919719248693,1.4393952347185848,2450.880378978276
2025-01-03 06:30:00+00:00,1.4393952347185848,1.442864786617626,1.4379695243882813,1.4414390762873226,1496.4226865720632
2025-01-03 06:35:00+00:00,1.4414390762873226,1.4475851099601575,1.4369880915151303,1.4431341251879652,1891.7300617009403
2025-01-03 06:40:00+00:00,1.4431341251879652,1.4486692132606145,1.4377203943489327,1.443255482421582,1340.1149483138859
2025-01-03 06:45:00+00:00,1.443255482421582,1.4477590775295994,1.440458721119346,1.4449623162273635,2139.1411034702564
2025-01-03 06:50:00+00:00,1.4449623162273635,1.4549169987924764,1.4392381044307563,1.4491927869958692,2867.534043951641
2025-01-03 06:55:00+00:00,1.4491927869958692,1.4515017109449213,1.445498902285652,1.447807826234704,2053.038630377777
2025-01-03 07:00:00+00:00,1.447807826234704,1.451274917891656,1.4462471901228846,1.4497142817798365,1655.4776943447857
2025-01-03 07:05:00+00:00,1.4497142817798365,1.454800161249359,1.4431957735224816,1.4482816529920042,2591.7042325467864
2025-01-03 07:10:00+00:00,1.4482816529920042,1.4548506764515305,1.4442204537490735,1.4507894772085999,2252.925444233486
2025-01-03 07:15:00+00:00,1.4507894772085999,1.4538768795691592,1.4485270163766535,1.4516144187372129,2076.3102070744617
2025-01-03 07:20:00+00:00,1.4516144187372129,1.452538535229772,1.4491224642998226,1.4500465807923817,2428.756911849378
2025-01-03 07:25:00+00:00,1.4500465807923817,1.4544647078029835,1.4478076286618184,1.4522257556724203,1868.8326733069932
2025-01-03 07:30:00+00:00,1.4522257556724203,1.4612639824276796,1.4483121482319663,1.4573503749872256,2592.181057702302
2025-01-03 07:35:00+00:00,1.4573503749872256,1.4630873456092042,1.4537070556952716,1.4594440263172501,1166.5034077204875
2025-01-03 07:40:00+00:00,1.4594440263172501,1.4654735939698014,1.4573088094279036,1.4633383770804549,2254.076297295612
2025-01-03 07:45:00+00:00,1.4633383770804549,1.4678986765160749,1.4604668109137502,1.4650271103493702,1608.040443104782
2025-01-03 07:50:00+00:00,1.4650271103493702,1.4674909282205226,1.4605450601586574,1.4630088780298098,2166.7805782701685
2025-01-03 07:55:00+00:00,1.4630088780298098,1.4667290678932188,1.4618857182346499,1.4656059080980588,1620.1714133903274
2025-01-03 08:00:00+00:00,1.4656059080980588,1.4705999032425665,1.4615804647233432,1.466574459867851,1312.0087317037367
2025-01-03 08:05:00+00:00,1.466574459867851,1.470079169828613,1.4621738762136107,1.4656785861743729,2240.8896647287784
2025-01-03 08:10:00+00:00,1.4656785861743729,1.4739126890946908,1.460480884923059,1.468714987843377,3095.424621345364
2025-01-03 08:15:00+00:00,1.468714987843377,1.4757407570183723,1.4638346487899516,1.470860417964947,2358.0461971415207
2025-01-03 08:20:00+00:00,1.470860417964947,1.4743734217242745,1.468048052746288,1.4715610565056156,4081.0342582317276
2025-01-03 08:25:00+00:00,1.4715610565056156,1.4794155783994212,1.4668638382109327,1.4747183601047382,6017.825608695625
2025-01-03 08:30:00+00:00,1.4747183601047382,1.4787527852239346,1.4707628672300128,1.4747972923492092,6748.022122056494
2025-01-03 08:35:00+00:00,1.4747972923492092,1.4830399033590327,1.4693213092593778,1.4775639202692012,2888.960630903243
2025-01-03 08:40:00+00:00,1.4775639202692012,1.479471689440431,1.4756253610311107,1.4775331302023405,1220.955861195466
2025-01-03 08:45:00+00:00,1.4775331302023405,1.4824344938464638,1.4752310839864315,1.4801324476305548,1937.4959949885888
2025-01-03 08:50:00+00:00,1.4801324476305548,1.4833661202917254,1.4766157772460986,1.4798494499072692,1534.9803279915086
2025-01-03 08:55:00+00:00,1.4798494499072692,1.4856456013204884,1.478399934188882,1.4841960856021013,2063.472179022595
2025-01-03 09:00:00+00:00,1.4841960856021013,1.4901338373946587,1.4804426401506565,1.486380391943214,1216.9793920518646
2025-01-03 09:05:00+00:00,1.486380391943214,1.4935127451901171,1.483576361668142,1.4907087149150453,2298.1667734838006
2025-01-03 09:10:00+00:00,1.4907087149150453,1.4956499645808647,1.4861064524394396,1.491047702105259,2060.6406845290476
2025-01-03 09:15:00+00:00,1.491047702105259,1.4969998927492574,1.4860978461598864,1.4920500368038847,2707.1071811206893
2025-01-03 09:20:00+00:00,1.4920500368038847,1.4967177610463207,1.4907922902078852,1.4954600144503212,2663.0278034303433
2025-01-03 09:25:00+00:00,1.4954600144503212,1.5014082102528725,1.4865498047291075,1.4924980005316588,2012.469764700527
2025-01-03 09:30:00+00:00,1.4924980005316588,1.4974347826546643,1.487660927278664,1.4925977094016696,1310.6323341117236
2025-01-03 09:35:00+00:00,1.4925977094016696,1.501227119466516,1.487893356075331,1.4965227661401774,2267.082290897101
2025-01-03 09:40:00+00:00,1.4965227661401774,1.501526760498753,1.4944940381234375,1.499498032482013,1661.684071248383
2025-01-03 09:45:00+00:00,1.499498032482013,1.5055662704217363,1.4974028005464575,1.5034710384861807,1984.6967215236098
2025-01-03 09:50:00+00:00,1.5034710384861807,1.5105719621505678,1.4980926150640588,1.5051935387284459,2639.1984567231
2025-01-03 09:55:00+00:00,1.5051935387284459,1.5095740300691383,1.5041887753822534,1.5085692667229458,1210.0125333884462
2025-01-03 10:00:00+00:00,1.5085692667229458,1.511073170627125,1.5071734924386766,1.5096773963428558,1824.934014257105
2025-01-03 10:05:00+00:00,1.5096773963428558,1.5136457995666162,1.5057298436578712,1.5096982468816316,1528.4246921055656
2025-01-03 10:10:00+00:00,1.5096982468816316,1.5117026529020368,1.5072047691690258,1.509209175189431,1151.6269637080247
2025-01-03 10:15:00+00:00,1.509209175189431,1.5143692850045969,1.5057067045374493,1.5108668143526152,1219.0250994329845
2025-01-03 10:20:00+00:00,1.5108668143526152,1.5161714308946121,1.5073026996810721,1.512607316223069,1182.136649614219
2025-01-03 10:25:00+00:00,1.512607316223069,1.517161710791291,1.5097252890508095,1.5142796836190313,1208.436891316826
2025-01-03 10:30:00+00:00,1.5142796836190313,1.519263081763694,1.5057443081681314,1.5107277063127942,888.93014539892
2025-01-03 10:35:00+00:00,1.5107277063127942,1.5125526768369892,1.5082399107862878,1.5100648813104829,937.4441391311595
2025-01-03 10:40:00+00:00,1.5100648813104829,1.5168851628432356,1.5053130338060972,1.5121333153388499,1064.8239354788209
2025-01-03 10:45:00+00:00,1.5121333153388499,1.5187222163536387,1.5091776475408312,1.51576654855562,2514.2224004158797
2025-01-03 10:50:00+00:00,1.51576654855562,1.5234611625317764,1.5102060911022324,1.5179007050783888,2326.8729017612054
2025-01-03 10:55:00+00:00,1.5179007050783888,1.5211434062951668,1.516319215327838,1.519561916544616,1892.2934555392646
2025-01-03 11:00:00+00:00,1.519561916544616,1.5215347965600903,1.5167059695991536,1.518678849614628,2202.9190639488966
2025-01-03 11:05:00+00:00,1.518678849614628,1.5282822272390089,1.5161620645797744,1.5257654422041553,2496.492423851644
2025-01-03 11:10:00+00:00,1.5257654422041553,1.5290873506820857,1.5238888972311446,1.527210805709075,1796.3037316608763
2025-01-03 11:15:00+00:00,1.527210805709075,1.5362352418976475,1.524804946231907,1.5338293824204796,860.686265089703
2025-01-03 11:20:00+00:00,1.5338293824204796,1.5431417459370742,1.5309891139303666,1.5403014774469612,1230.7504772247294
2025-01-03 11:25:00+00:00,1.5403014774469612,1.5494356662813902,1.5353276215995921,1.544461810434021,1928.31253003577
2025-01-03 11:30:00+00:00,1.544461810434021,1.5516365589241088,1.539929315436987,1.5471040639270748,1132.7975217718217
2025-01-03 11:35:00+00:00,1.5471040639270748,1.5561276026169601,1.542077015347305,1.5511005540371903,823.0449846922864
2025-01-03 11:40:00+00:00,1.5511005540371903,1.5565094081616333,1.5473353707824955,1.5527442249069385,1623.4441987259931
2025-01-03 11:45:00+00:00,1.5527442249069385,1.559421068634807,1.5503804914023158,1.5570573351301842,1248.5788966770742
2025-01-03 11:50:00+00:00,1.5570573351301842,1.562489383728613,1.5554906098583396,1.5609226584567684,841.7935499076798
2025-01-03 11:55:00+00:00,1.5609226584567684,1.5718073599130211,1.5549243158404746,1.5658090172967274,1171.515302521534
2025-01-03 12:00:00+00:00,1.5658090172967274,1.5757433535128273,1.561577542509132,1.571511878725232,1206.8809068243322
2025-01-03 12:05:00+00:00,1.571511878725232,1.5806702205076841,1.5695653566923913,1.5787236984748434,1414.07608829237
2025-01-03 12:10:00+00:00,1.5787236984748434,1.584428690885151,1.5762328177840412,1.5819378101943489,863.2508465766181
2025-01-03 12:15:00+00:00,1.5819378101943489,1.5918473328976124,1.5779698942307014,1.587879416933965,1420.6704813013978
2025-01-03 12:20:00+00:00,1.587879416933965,1.5937060151364206,1.5845003638863147,1.5903269620887703,988.6243989822126
2025-01-03 12:25:00+00:00,1.5903269620887703,1.5936092136168452,1.589283204322727,1.5925654558508018,1170.7911479099184
2025-01-03 12:30:00+00:00,1.5925654558508018,1.597835955769227,1.5900440699307279,1.595314569849153,802.7981363734561
2025-01-03 12:35:00+00:00,1.595314569849153,1.6013293471275147,1.591328633259063,1.5973434105374247,1486.4222979046704
2025-01-03 12:40:00+00:00,1.5973434105374247,1.6084667204052694,1.591989192576496,1.6031125024443407,1152.6812528640448
2025-01-03 12:45:00+00:00,1.6031125024443407,1.6106418093211226,1.6012249251238044,1.6087542320005863,873.6958573675615
2025-01-03 12:50:00+00:00,1.6087542320005863,1.6171921193513663,1.6066110263668183,1.6150489137175983,1215.3716478778242
2025-01-03 12:55:00+00:00,1.6150489137175983,1.6219929748686388,1.6118532130095575,1.618797274160598,1304.9900354082645
2025-01-03 13:00:00+00:00,1.618797274160598,1.625549637881081,1.6163326288708901,1.623084992591373,1384.5855614730017
2025-01-03 13:05:00+00:00,1.623084992591373,1.6312058959038478,1.617541243449133,1.6256621467616077,1347.1645178005888
2025-01-03 13:10:00+00:00,1.6256621467616077,1.6310291309431642,1.6216966835326498,1.6270636677142063,679.5724684435685
2025-01-03 13:15:00+00:00,1.6270636677142063,1.6335849944966256,1.6250054384245927,1.631526765207012,828.581237047599
2025-01-03 13:20:00+00:00,1.631526765207012,1.639209214901605,1.62790008144735,1.6355825311419432,1066.693245032762
2025-01-03 13:25:00+00:00,1.6355825311419432,1.640669408838117,1.6317855585919847,1.6368724362881586,2501.7373981688274
2025-01-03 13:30:00+00:00,1.6368724362881586,1.6437741102425698,1.634516995381476,1.6414186693358872,1749.8745594806016
2025-01-03 13:35:00+00:00,1.6414186693358872,1.6456742923474144,1.637054805389554,1.641310428401081,3127.373269116904
2025-01-03 13:40:00+00:00,1.641310428401081,1.6494675924551598,1.6360464199352232,1.6442035839893019,2683.1275708260982
2025-01-03 13:45:00+00:00,1.6442035839893019,1.6481996439043078,1.6421331965442172,1.6461292564592231,1521.2905374617753
2025-01-03 13:50:00+00:00,1.6461292564592231,1.6507293921761608,1.6435749110666096,1.6481750467835472,1752.7228185852962
2025-01-03 13:55:00+00:00,1.6481750467835472,1.6507532581399758,1.6464654372228535,1.649043648579282,1458.939962276207
2025-01-03 14:00:00+00:00,1.649043648579282,1.6565420482657804,1.6463670679519757,1.653865467638474,684.7080701872585
2025-01-03 14:05:00+00:00,1.653865467638474,1.663215976376046,1.648498516917833,1.6578490256554048,1829.7297106853216
2025-01-03 14:10:00+00:00,1.6578490256554048,1.6681581762061632,1.6526820838525063,1.6629912344032647,1636.730055454387
2025-01-03 14:15:00+00:00,1.6629912344032647,1.6721870732079256,1.6567653064459498,1.6659611452506107,789.8266027607912
2025-01-03 14:20:00+00:00,1.6659611452506107,1.6690974539352668,1.662861128606371,1.6659974372910271,1197.345090361644
2025-01-03 14:25:00+00:00,1.6659974372910271,1.6692028592667636,1.6645881576224233,1.6677935795981598,1403.6497189310319
2025-01-03 14:30:00+00:00,1.6677935795981598,1.6695990730985235,1.6600891983949633,1.661894691895327,760.4848435148647
2025-01-03 14:35:00+00:00,1.661894691895327,1.6657077422458075,1.655389315047088,1.6592023653975685,667.7279172158864
2025-01-03 14:40:00+00:00,1.6592023653975685,1.6606729863175353,1.6564690343811803,1.6579396553011472,1576.1107412576434
2025-01-03 14:45:00+00:00,1.6579396553011472,1.6628301003366348,1.6499671996076422,1.6548576446431298,1009.8983881353549
2025-01-03 14:50:00+00:00,1.6548576446431298,1.6574242076179329,1.6473125951266958,1.6498791581014989,699.0069476560232
2025-01-03 14:55:00+00:00,1.6498791581014989,1.6534437694496924,1.6417451388356106,1.645309750183804,1411.4397789768789
2025-01-03 15:00:00+00:00,1.645309750183804,1.648502075609769,1.638636877134678,1.641829202560643,1406.1339146532098
2025-01-03 15:05:00+00:00,1.641829202560643,1.6447838412899127,1.6321099916120245,1.6350646303412943,1192.5724345492324
2025-01-03 15:10:00+00:00,1.6350646303412943,1.6406705479359944,1.6257974267392576,1.6314033443339577,1047.5877963810801
2025-01-03 15:15:00+00:00,1.6314033443339577,1.6324410839122032,1.6267690799393357,1.6278068195175812,834.831458194806
2025-01-03 15:20:00+00:00,1.6278068195175812,1.6336035094464678,1.6169390054935688,1.6227356954224554,697.7476887684622
2025-01-03 15:25:00+00:00,1.6227356954224554,1.6240633678428849,1.616569639822575,1.6178973122430045,1292.6569619134507
2025-01-03 15:30:00+00:00,1.6178973122430045,1.6194049214705102,1.612681629770097,1.6141892389976027,1205.2688502294377
2025-01-03 15:35:00+00:00,1.6141892389976027,1.6160937484109406,1.6066521534522038,1.6085566628655417,735.8941235668306
2025-01-03 15:40:00+00:00,1.6085566628655417,1.6141797364870005,1.5973054873381591,1.602928560959618,841.2415535713303
2025-01-03 15:45:00+00:00,1.602928560959618,1.6092092044689377,1.5941049078743543,1.600385551383674,861.7333689501268
2025-01-03 15:50:00+00:00,1.600385551383674,1.60207492006569,1.5950908704408735,1.5967802391228896,941.7499101474674
2025-01-03 15:55:00+00:00,1.5967802391228896,1.6006289421650495,1.5921253305452887,1.5959740335874486,1032.18897218957
2025-01-03 16:00:00+00:00,1.5959740335874486,1.6000764996791017,1.5859814127567442,1.5900838788483973,1529.0871514669345
2025-01-03 16:05:00+00:00,1.5900838788483973,1.591956581195485,1.5808534958287077,1.5827261981757954,2367.2422752049633
2025-01-03 16:10:00+00:00,1.5827261981757954,1.5875323085622737,1.575769511508483,1.5805756218949614,3076.5444615200267
2025-01-03 16:15:00+00:00,1.5805756218949614,1.58390489734511,1.5751561848514217,1.5784854603015703,2385.3051287236935
2025-01-03 16:20:00+00:00,1.5784854603015703,1.5806104759643316,1.5711009260673128,1.573225941730074,2991.3382910592964
2025-01-03 16:25:00+00:00,1.573225941730074,1.575345839035636,1.564528244848814,1.566648142154376,2249.1707103837407
2025-01-03 16:30:00+00:00,1.566648142154376,1.5708485254318485,1.5586025262735477,1.56280290955102,2949.406582610757
2025-01-03 16:35:00+00:00,1.56280290955102,1.5637708941765993,1.5548589389479415,1.5558269235735207,879.224446207952
2025-01-03 16:40:00+00:00,1.5558269235735207,1.5610217017193904,1.546359974847593,1.5515547529934626,685.5098849460733
2025-01-03 16:45:00+00:00,1.5515547529934626,1.556661666715237,1.5388266383359517,1.5439335520577262,1385.5554327854438
2025-01-03 16:50:00+00:00,1.5439335520577262,1.547647771591631,1.5362809396607762,1.539995159194681,766.3214891279496
2025-01-03 16:55:00+00:00,1.539995159194681,1.5408994654547028,1.5317570246205439,1.5326613308805657,793.2506740653779
2025-01-03 17:00:00+00:00,1.5326613308805657,1.5371523483841607,1.5243862959133365,1.5288773134169316,1548.7061140970263
2025-01-03 17:05:00+00:00,1.5288773134169316,1.5316532744210754,1.525606813158686,1.5283827741628297,974.2927950515217
2025-01-03 17:10:00+00:00,1.5283827741628297,1.5295095090426343,1.52356219094236,1.5246889258221645,1082.444008279067
2025-01-03 17:15:00+00:00,1.5246889258221645,1.527114703561533,1.5205422916813023,1.5229680694206706,1138.617013519245
2025-01-03 17:20:00+00:00,1.5229680694206706,1.5258243989154185,1.5158903837830424,1.5187467132777903,1207.72650853206
2025-01-03 17:25:00+00:00,1.5187467132777903,1.5201538416219413,1.5127476877104034,1.5141548160545544,1368.4303661352744
2025-01-03 17:30:00+00:00,1.5141548160545544,1.5199119432639496,1.5027964484215732,1.5085535756309685,993.885948663338
2025-01-03 17:35:00+00:00,1.5085535756309685,1.5115554898014267,1.504630132473645,1.5076320466441033,836.0639828158434
2025-01-03 17:40:00+00:00,1.5076320466441033,1.5126507050350044,1.4997817940249307,1.5048004524158318,1360.8762743325926
2025-01-03 17:45:00+00:00,1.5048004524158318,1.5089795859108543,1.5009001736050214,1.505079307100044,1030.4454581792613
2025-01-03 17:50:00+00:00,1.505079307100044,1.507833923889454,1.4976246936349695,1.5003793104243797,933.4417113127373
2025-01-03 17:55:00+00:00,1.5003793104243797,1.503814905814168,1.4940462155141863,1.4974818109039747,1248.8518281280583
2025-01-03 18:00:00+00:00,1.4974818109039747,1.500877999140019,1.4918058890474697,1.495202077283514,1271.9467050763346
2025-01-03 18:05:00+00:00,1.495202077283514,1.4981147027051387,1.4924713002268155,1.4953839256484402,1121.628704507977
2025-01-03 18:10:00+00:00,1.4953839256484402,1.4977069455216725,1.494044379001609,1.4963673988748412,625.4211886874201
2025-01-03 18:15:00+00:00,1.4963673988748412,1.5014838083775062,1.4878659607594382,1.4929823702621032,1802.2366678844526
2025-01-03 18:20:00+00:00,1.4929823702621032,1.4963479251274856,1.485433666618808,1.4887992214841903,1048.8050349542277
2025-01-03 18:25:00+00:00,1.4887992214841903,1.4921617014939395,1.4802492219250416,1.4836117019347907,742.0164072884403
2025-01-03 18:30:00+00:00,1.4836117019347907,1.487040678125784,1.4805298467696886,1.483958822960682,1224.2692338363167
2025-01-03 18:35:00+00:00,1.483958822960682,1.4868767461660082,1.4789041704784092,1.4818220936837354,1485.0116849888964
2025-01-03 18:40:00+00:00,1.4818220936837354,1.487307487507402,1.4732538701213085,1.478739263944975,1433.1780616138767
2025-01-03 18:45:00+00:00,1.478739263944975,1.4842502766484753,1.4712508571632876,1.476761869866788,2591.441998857914
2025-01-03 18:50:00+00:00,1.476761869866788,1.4813005713875413,1.4658560828526743,1.4703947843734277,2647.392569047042
2025-01-03 18:55:00+00:00,1.4703947843734277,1.4713692948482944,1.4645774044882374,1.465551914963104,1488.419479388941
2025-01-03 19:00:00+00:00,1.465551914963104,1.4682590079752214,1.4627178032162764,1.4654248962283938,1174.2125985662738
2025-01-03 19:05:00+00:00,1.4654248962283938,1.4696783747022073,1.4601197099414112,1.4643731884152247,3222.8143241054045
2025-01-03 19:10:00+00:00,1.4643731884152247,1.467930194236558,1.4593524308698687,1.4629094366912019,1129.5796438873913
2025-01-03 19:15:00+00:00,1.4629094366912019,1.4677856504233628,1.4545662827669845,1.4594424964991455,1125.5883803352199
2025-01-03 19:20:00+00:00,1.4594424964991455,1.4616299545877343,1.4565839267920413,1.45877138488063,717.1564607880949
2025-01-03 19:25:00+00:00,1.45877138488063,1.465315952688888,1.453644043665625,1.460188611473883,1628.1339106241815
2025-01-03 19:30:00+00:00,1.460188611473883,1.4624723619946867,1.454063718973621,1.4563474694944247,907.8559584841609
2025-01-03 19:35:00+00:00,1.4563474694944247,1.459431118855173,1.4515870613555166,1.4546707107162649,1308.5038455767024
2025-01-03 19:40:00+00:00,1.4546707107162649,1.4567031959553889,1.4501666591706945,1.4521991444098186,741.6384139814958
2025-01-03 19:45:00+00:00,1.4521991444098186,1.456661847317019,1.4466367484136953,1.4510994513208957,614.3978225489687
2025-01-03 19:50:00+00:00,1.4510994513208957,1.452609363191933,1.4478645325015618,1.449374444372599,1123.0266476321012
2025-01-03 19:55:00+00:00,1.449374444372599,1.4541362536816986,1.4425823747449347,1.4473441840540342,1211.643912251139
2025-01-03 20:00:00+00:00,1.4473441840540342,1.4515655963472471,1.4397888073320984,1.4440102196253113,795.3949353090386
2025-01-03 20:05:00+00:00,1.4440102196253113,1.4456978379216234,1.4404581035188888,1.442145721815201,1976.281136437009
2025-01-03 20:10:00+00:00,1.442145721815201,1.4466921732769547,1.4346619200186732,1.439208371480427,928.723281947438
2025-01-03 20:15:00+00:00,1.439208371480427,1.4403064205549119,1.4359406372716854,1.4370386863461704,1514.7092449106185
2025-01-03 20:20:00+00:00,1.4370386863461704,1.4399180208373106,1.4320868101387911,1.4349661446299313,1419.5013373973313
2025-01-03 20:25:00+00:00,1.4349661446299313,1.439774900747201,1.429270126237444,1.4340788823547137,740.288489858497
2025-01-03 20:30:00+00:00,1.4340788823547137,1.436086855078489,1.4290032204170868,1.4310111931408622,1204.4329011735654
2025-01-03 20:35:00+00:00,1.4310111931408622,1.4347598109164483,1.424586354344901,1.4283349721204872,860.4452966217133
2025-01-03 20:40:00+00:00,1.4283349721204872,1.4315128309269505,1.4248135351704243,1.4279913939768876,1128.4495051408521
2025-01-03 20:45:00+00:00,1.4279913939768876,1.4287086719449693,1.4246578720467309,1.4253751500148126,1038.950760876456
2025-01-03 20:50:00+00:00,1.4253751500148126,1.428193290559808,1.4198050761678263,1.4226232167128217,1378.789277006625
2025-01-03 20:55:00+00:00,1.4226232167128217,1.4282889280626059,1.4160633698631557,1.42172908121294,890.9228632735889
2025-01-03 21:00:00+00:00,1.42172908121294,1.422699907190384,1.418787002754218,1.4197578287316621,1237.1423403200547
2025-01-03 21:05:00+00:00,1.4197578287316621,1.4213195447679636,1.4158491042015997,1.4174108202379012,1303.8311948069686
2025-01-03 21:10:00+00:00,1.4174108202379012,1.4182070536168339,1.4144197236974614,1.415215957076394,1432.642362791139
2025-01-03 21:15:00+00:00,1.415215957076394,1.4185449823817167,1.4071524859296762,1.4104815112349989,877.3176559837079
2025-01-03 21:20:00+00:00,1.4104815112349989,1.4124994481539037,1.406546953805613,1.4085648907245178,1290.6201085674475
2025-01-03 21:25:00+00:00,1.4085648907245178,1.4095024713907447,1.4071047807638803,1.4080423614301072,2870.2125677368563
2025-01-03 21:30:00+00:00,1.4080423614301072,1.4092055007383057,1.405031449068739,1.4061945883769376,3119.049530535841
2025-01-03 21:35:00+00:00,1.4061945883769376,1.4072815893439,1.3995988482467059,1.4006858492136682,1306.0666214386047
2025-01-03 21:40:00+00:00,1.4006858492136682,1.4046706654374235,1.394233619297012,1.3982184355207672,1454.6538250732012
2025-01-03 21:45:00+00:00,1.3982184355207672,1.3995242354215562,1.392396532595753,1.393702332496542,1435.323585772318
2025-01-03 21:50:00+00:00,1.393702332496542,1.3990606031697268,1.3849131327602118,1.3902714034333965,934.6774531815918
2025-01-03 21:55:00+00:00,1.3902714034333965,1.3934053360719376,1.3842497580719968,1.387383690710538,773.6003231669916
2025-01-03 22:00:00+00:00,1.387383690710538,1.3895543259674188,1.380081497761509,1.38225213301839,956.3446182462183
2025-01-03 22:05:00+00:00,1.38225213301839,1.3873138318120835,1.3762098457678844,1.381271544561578,999.8603607958689
2025-01-03 22:10:00+00:00,1.381271544561578,1.3857380540616742,1.3734514434459033,1.3779179529459995,1394.8629291529596
2025-01-03 22:15:00+00:00,1.3779179529459995,1.3802766923716114,1.3735895414517203,1.3759482808773322,1346.8252509058061
2025-01-03 22:20:00+00:00,1.3759482808773322,1.379451833347555,1.370176069810949,1.3736796222811718,938.1107140668504
2025-01-03 22:25:00+00:00,1.3736796222811718,1.3773913077869937,1.3688326856961959,1.3725443712020178,1023.6059188187454
2025-01-03 22:30:00+00:00,1.3725443712020178,1.3777251677766638,1.3659449614826227,1.3711257580572687,681.6584407801861
2025-01-03 22:35:00+00:00,1.3711257580572687,1.376416375395301,1.3600144109750876,1.3653050283131198,913.0022653407487
2025-01-03 22:40:00+00:00,1.3653050283131198,1.369473506462849,1.357793412470304,1.361961890620033,1011.0102716839027
2025-01-03 22:45:00+00:00,1.361961890620033,1.363385125228578,1.3536376229887304,1.3550608575972753,935.3257082948801
2025-01-03 22:50:00+00:00,1.3550608575972753,1.358551198247237,1.3474228098497212,1.3509131504996827,1749.8735589703786
2025-01-03 22:55:00+00:00,1.3509131504996827,1.3519692623471293,1.3475900684052866,1.3486461802527332,561.9049513855929
2025-01-03 23:00:00+00:00,1.3486461802527332,1.3513505485875512,1.343994907457155,1.3466992757919731,914.4125662172667
2025-01-03 23:05:00+00:00,1.3466992757919731,1.3509439314486613,1.34111480497536,1.3453594606320483,1058.9865532618596
2025-01-03 23:10:00+00:00,1.3453594606320483,1.3498827645869038,1.3368170256424183,1.341340329597274,1319.4410716969855
2025-01-03 23:15:00+00:00,1.341340329597274,1.343700328714387,1.3361012164546444,1.3384612155717575,1166.549550215733
2025-01-03 23:20:00+00:00,1.3384612155717575,1.3404523816234302,1.3332534478454432,1.335244613897116,690.9792248118546
2025-01-03 23:25:00+00:00,1.335244613897116,1.3392926625842414,1.3298764403027452,1.3339244889898707,829.8998459466798
2025-01-03 23:30:00+00:00,1.3339244889898707,1.3388365885774938,1.328229796367727,1.33314189595535,1204.1495031561305
2025-01-03 23:35:00+00:00,1.33314189595535,1.337659006904108,1.3247598671304592,1.3292769780792173,1096.356153180304
2025-01-03 23:40:00+00:00,1.3292769780792173,1.335929483567281,1.325407558384024,1.3320600638720876,1411.5307518527832
2025-01-03 23:45:00+00:00,1.3320600638720876,1.3344318610392214,1.3264585341402484,1.3288303313073822,1231.4067233784303
2025-01-03 23:50:00+00:00,1.3288303313073822,1.33097217318665,1.3229281723869417,1.3250700142662095,1009.7903971195838
2025-01-03 23:55:00+00:00,1.3250700142662095,1.3292043716145376,1.3187620754320108,1.322896432780339,974.8711427109017
2025-01-04 00:00:00+00:00,1.322896432780339,1.3265983502202385,1.3173229557467756,1.3210248731866752,2808.4330931228815
2025-01-04 00:05:00+00:00,1.3210248731866752,1.3217563920964641,1.318138685549573,1.3188702044593619,1965.1937485653878
2025-01-04 00:10:00+00:00,1.3188702044593619,1.3218659941897515,1.311888016002018,1.3148838057324077,2188.9812810199433
2025-01-04 00:15:00+00:00,1.3148838057324077,1.3200395333630184,1.30915321561629,1.3143089432469006,3133.4553452521927
2025-01-04 00:20:00+00:00,1.3143089432469006,1.3163126791602553,1.3095542726716882,1.311558008585043,2104.420466687067
2025-01-04 00:25:00+00:00,1.311558008585043,1.3166319234562611,1.3061321248338167,1.311206039705035,2634.422901011073
2025-01-04 00:30:00+00:00,1.311206039705035,1.3155747156951572,1.3063203936863808,1.310689069676503,555.1877058045828
2025-01-04 00:35:00+00:00,1.310689069676503,1.3138639029216965,1.3028761950727243,1.3060510283179179,871.4332418978394
2025-01-04 00:40:00+00:00,1.3060510283179179,1.307436504113787,1.300567666831994,1.3019531426278632,1067.7381827718418
2025-01-04 00:45:00+00:00,1.3019531426278632,1.304823589542436,1.2950310361857138,1.2979014831002866,1221.1598573751007
2025-01-04 00:50:00+00:00,1.2979014831002866,1.3028731348131752,1.2908999468344786,1.2958715985473672,1024.469359258074
2025-01-04 00:55:00+00:00,1.2958715985473672,1.2965198198220511,1.292959016152475,1.293607237427159,1081.6864682579094
2025-01-04 01:00:00+00:00,1.293607237427159,1.2958427553877014,1.2895100791993337,1.2917455971598761,860.5878766613101
2025-01-04 01:05:00+00:00,1.2917455971598761,1.293955867053965,1.2860695616575573,1.2882798315516462,1045.386203989728
2025-01-04 01:10:00+00:00,1.2882798315516462,1.2925594960306472,1.2825201482069424,1.2867998126859435,1295.9374569452643
2025-01-04 01:15:00+00:00,1.2867998126859435,1.2877532104611564,1.285939725900694,1.286893123675907,839.3125638684523
2025-01-04 01:20:00+00:00,1.286893123675907,1.2886481610167213,1.2810695118291442,1.2828245491699586,752.2560188200923
2025-01-04 01:25:00+00:00,1.2828245491699586,1.287533463799635,1.2758691270387181,1.2805780416683945,1373.4151248475744
2025-01-04 01:30:00+00:00,1.2805780416683945,1.2846310335667803,1.2750218705987248,1.2790748624971107,1689.311349526191
2025-01-04 01:35:00+00:00,1.2790748624971107,1.2809713735458241,1.2751519770112527,1.2770484880599662,1522.350243649974
2025-01-04 01:40:00+00:00,1.2770484880599662,1.2811650971875848,1.270857932758026,1.2749745418856446,904.5039838017674
2025-01-04 01:45:00+00:00,1.2749745418856446,1.2807212863080004,1.2702134424555427,1.2759601868778985,998.6745768942767
2025-01-04 01:50:00+00:00,1.2759601868778985,1.2812349851790674,1.2709744889324568,1.2762492872336257,961.1136359908816
2025-01-04 01:55:00+00:00,1.2762492872336257,1.2812669289548388,1.2708992837462056,1.2759169254674187,1230.4997190361257
2025-01-04 02:00:00+00:00,1.2759169254674187,1.2789530278253392,1.2701245743716458,1.2731606767295662,1309.4071024530544
2025-01-04 02:05:00+00:00,1.2731606767295662,1.2761583297766268,1.272034036085627,1.2750316891326876,890.5940168902881
2025-01-04 02:10:00+00:00,1.2750316891326876,1.2779972882127315,1.2710941923009356,1.2740597913809795,1252.9528378728703
2025-01-04 02:15:00+00:00,1.2740597913809795,1.2754157208816732,1.2703263813217707,1.2716823108224644,1180.960118449984
2025-01-04 02:20:00+00:00,1.2716823108224644,1.274722313438878,1.2666587318479616,1.2696987344643753,1555.456016169004
2025-01-04 02:25:00+00:00,1.2696987344643753,1.2706739296797829,1.2665304962934585,1.267505691508866,1032.8611575184277
2025-01-04 02:30:00+00:00,1.267505691508866,1.2730622930894284,1.2637445106012792,1.2693011121818416,1168.9610295609882
2025-01-04 02:35:00+00:00,1.2693011121818416,1.2702088982188777,1.26728279040868,1.2681905764457162,689.1845350542535
2025-01-04 02:40:00+00:00,1.2681905764457162,1.2700651442235225,1.2649958661271963,1.2668704339050025,2120.9203805410853
2025-01-04 02:45:00+00:00,1.2668704339050025,1.2712886545559776,1.2577732049832642,1.2621914256342393,2776.0087977636676
2025-01-04 02:50:00+00:00,1.2621914256342393,1.2632846378227744,1.2608017973652272,1.2618950095537624,1717.0684355964258
2025-01-04 02:55:00+00:00,1.2618950095537624,1.2634362264525776,1.2573338995142291,1.2588751164130443,1918.36264167381
2025-01-04 03:00:00+00:00,1.2588751164130443,1.2611113475166689,1.2535055590219568,1.2557417901255812,2336.0966244332462
2025-01-04 03:05:00+00:00,1.2557417901255812,1.2578912011506078,1.2530714700744885,1.2552208810995151,2167.760003764612
2025-01-04 03:10:00+00:00,1.2552208810995151,1.2594110542799033,1.2482680825215007,1.2524582557018888,850.1040307598998
2025-01-04 03:15:00+00:00,1.2524582557018888,1.253425689748242,1.251259325070681,1.2522267591170342,933.2090868750449
2025-01-04 03:20:00+00:00,1.2522267591170342,1.2548753762084257,1.2497466678630749,1.2523952849544664,1229.621547569837
2025-01-04 03:25:00+00:00,1.2523952849544664,1.2565650373325512,1.2439921743470685,1.2481619267251534,1533.7542161805375
2025-01-04 03:30:00+00:00,1.2481619267251534,1.2522253685168083,1.2423124834228265,1.2463759252144815,1356.5249159608707
2025-01-04 03:35:00+00:00,1.2463759252144815,1.2509727640999604,1.2378095600169279,1.2424063989024068,1161.557239324133
2025-01-04 03:40:00+00:00,1.2424063989024068,1.2431405233450117,1.2399203683771607,1.2406544928197656,1516.5702991096855
2025-01-04 03:45:00+00:00,1.2406544928197656,1.2455819032902966,1.2353797392367296,1.2403071497072606,733.083187619938
2025-01-04 03:50:00+00:00,1.2403071497072606,1.2426736685314734,1.2341617379470677,1.2365282567712805,1435.704534128486
2025-01-04 03:55:00+00:00,1.2365282567712805,1.2419386706025195,1.231990613149634,1.237401026980873,1102.9408510644746
2025-01-04 04:00:00+00:00,1.237401026980873,1.242296790034946,1.2301872411502495,1.2350830042043224,1053.7210476187452
2025-01-04 04:05:00+00:00,1.2350830042043224,1.2375800435653392,1.22892535327596,1.231422392636977,918.2351825162954
2025-01-04 04:10:00+00:00,1.231422392636977,1.2342517072052877,1.2264455828141718,1.2292748973824825,1075.8223711125786
2025-01-04 04:15:00+00:00,1.2292748973824825,1.2319025562397399,1.225793990811393,1.2284216496686504,1207.657371224093
2025-01-04 04:20:00+00:00,1.2284216496686504,1.2333117012134338,1.2194268051983637,1.224316856743147,914.0116025898315
2025-01-04 04:25:00+00:00,1.224316856743147,1.227067494499369,1.219434741030843,1.222185378787065,851.1475828587546
2025-01-04 04:30:00+00:00,1.222185378787065,1.225649047598705,1.2145206343303159,1.217984303141956,1201.553782856713
2025-01-04 04:35:00+00:00,1.217984303141956,1.2204211711142,1.2150594778643578,1.2174963458366017,1587.1909992179721
2025-01-04 04:40:00+00:00,1.2174963458366017,1.2211754333305316,1.2117365701114748,1.2154156576054047,1440.5779473457756
2025-01-04 04:45:00+00:00,1.2154156576054047,1.2189889943442027,1.208859873511824,1.212433210250622,1429.5520583548355
2025-01-04 04:50:00+00:00,1.212433210250622,1.2161237511435548,1.2078291342518945,1.2115196751448274,914.6522221240876
2025-01-04 04:55:00+00:00,1.2115196751448274,1.2145467400205359,1.2041500028281078,1.2071770677038163,956.5338145991856
2025-01-04 05:00:00+00:00,1.2071770677038163,1.2097456066352261,1.2015172841912078,1.2040858231226177,979.3169278510077
2025-01-04 05:05:00+00:00,1.2040858231226177,1.206110927667564,1.2021539025430963,1.2041790070880425,1742.0308464506368
2025-01-04 05:10:00+00:00,1.2041790070880425,1.2070635178518392,1.198490414367105,1.2013749251309016,964.3540911326834
2025-01-04 05:15:00+00:00,1.2013749251309016,1.204275820062049,1.1977573124816732,1.2006582074128205,1453.6076070827723
2025-01-04 05:20:00+00:00,1.2006582074128205,1.2038131392353597,1.1950671559438517,1.198222087766391,2922.032149812668
2025-01-04 05:25:00+00:00,1.198222087766391,1.199048966930963,1.1936347494453914,1.1944616286099634,1924.0549972884937
2025-01-04 05:30:00+00:00,1.1944616286099634,1.195478021668616,1.190302494039449,1.1913188870981017,2669.8360404223404
2025-01-04 05:35:00+00:00,1.1913188870981017,1.194988577616827,1.1849367199660623,1.1886064104847875,3365.012516562585
2025-01-04 05:40:00+00:00,1.1886064104847875,1.1922867496597835,1.1814916126879518,1.1851719518629478,2839.50093919886
2025-01-04 05:45:00+00:00,1.1851719518629478,1.1862864864491736,1.1800132057182535,1.1811277403044793,2552.7475768740787
2025-01-04 05:50:00+00:00,1.1811277403044793,1.1848683336836008,1.1733885229857166,1.177129116364838,1432.854726775517
2025-01-04 05:55:00+00:00,1.177129116364838,1.1816123435205637,1.1676487936936992,1.1721320208494248,764.1504398264161
2025-01-04 06:00:00+00:00,1.1721320208494248,1.17660030732593,1.1649018320079296,1.1693701184844347,957.8194481349386
2025-01-04 06:05:00+00:00,1.1693701184844347,1.1722465906720556,1.1641184277788683,1.1669948999664892,1100.9125140521046
2025-01-04 06:10:00+00:00,1.1669948999664892,1.168169223824415,1.1639347921973056,1.1651091160552314,1307.4035384305582
2025-01-04 06:15:00+00:00,1.1651091160552314,1.1688546199262506,1.1559122941607716,1.1596577980317908,1489.1495652206233
2025-01-04 06:20:00+00:00,1.1596577980317908,1.1623294068247096,1.1551795412395414,1.1578511500324602,933.4821099214643
2025-01-04 06:25:00+00:00,1.1578511500324602,1.1620863616400945,1.1506715920462334,1.1549068036538677,1105.2263657827652
2025-01-04 06:30:00+00:00,1.1549068036538677,1.1576506748506543,1.1472812486024422,1.1500251197992288,1480.7866737755471
2025-01-04 06:35:00+00:00,1.1500251197992288,1.1514469788577155,1.1458506233618893,1.147272482420376,1458.1935897384121
2025-01-04 06:40:00+00:00,1.147272482420376,1.1483173250325416,1.14447932783409,1.1455241704462555,933.713838350333
2025-01-04 06:45:00+00:00,1.1455241704462555,1.1461915631686312,1.142727037231239,1.1433944299536147,864.128374586644
2025-01-04 06:50:00+00:00,1.1433944299536147,1.147531745259052,1.1374299753475274,1.1415672906529648,995.24572392305
2025-01-04 06:55:00+00:00,1.1415672906529648,1.1458166796674938,1.1358191013788566,1.1400684903933855,1192.9609140290136
2025-01-04 07:00:00+00:00,1.1400684903933855,1.141013236778062,1.1375875455831121,1.1385322919677887,594.8031664777518
2025-01-04 07:05:00+00:00,1.1385322919677887,1.1418104654491288,1.1324814141823711,1.1357595876637112,1552.8248065531407
2025-01-04 07:10:00+00:00,1.1357595876637112,1.1374923072743055,1.1285162335981143,1.1302489532087086,1033.3350356340538
2025-01-04 07:15:00+00:00,1.1302489532087086,1.1342577367162283,1.1225810736006583,1.126589857108178,1411.174023062388
2025-01-04 07:20:00+00:00,1.126589857108178,1.130954617834283,1.120123032432926,1.1244877931590311,1578.433620352328
2025-01-04 07:25:00+00:00,1.1244877931590311,1.1268167813984846,1.1189925811417913,1.1213215693812448,981.178583610731
2025-01-04 07:30:00+00:00,1.1213215693812448,1.1233867543734086,1.117695860081136,1.1197610450732998,752.6994184354455
2025-01-04 07:35:00+00:00,1.1197610450732998,1.1238456347202053,1.114316769330557,1.1184013589774624,711.693318555973
2025-01-04 07:40:00+00:00,1.1184013589774624,1.1200571856515977,1.1144330147078771,1.1160888413820125,1648.3809687135613
2025-01-04 07:45:00+00:00,1.1160888413820125,1.1203307433183225,1.1120416428398943,1.1162835447762043,921.8492853324951
2025-01-04 07:50:00+00:00,1.1162835447762043,1.1205626224744856,1.1084338116095716,1.1127128893078528,1076.603608620479
2025-01-04 07:55:00+00:00,1.1127128893078528,1.1141301966023642,1.110330793067615,1.1117481003621263,770.6145822481056
2025-01-04 08:00:00+00:00,1.1117481003621263,1.1138418663442782,1.1068756627603513,1.1089694287425031,2097.3569103834466
2025-01-04 08:05:00+00:00,1.1089694287425031,1.1124621633202711,1.102351513361906,1.105844247939674,2560.767688175843
2025-01-04 08:10:00+00:00,1.105844247939674,1.107336628047595,1.1031043678454926,1.1045967479534136,2722.7888794178966
2025-01-04 08:15:00+00:00,1.1045967479534136,1.107814630338521,1.09859461051866,1.1018124929037674,2377.715035550479
2025-01-04 08:20:00+00:00,1.1018124929037674,1.1040120307468981,1.0988377193088443,1.101037257151975,1848.0081020404791
2025-01-04 08:25:00+00:00,1.101037257151975,1.1053077797548598,1.0933753258137435,1.0976458484166283,2259.8422979932648
2025-01-04 08:30:00+00:00,1.0976458484166283,1.1014894438887985,1.0920542072061712,1.0958978026783415,1011.3083310495854
2025-01-04 08:35:00+00:00,1.0958978026783415,1.1000630551831783,1.088886797520892,1.0930520500257288,1471.4447268466067
2025-01-04 08:40:00+00:00,1.0930520500257288,1.095817712783055,1.0882952813545033,1.0910609441118295,934.4821389996997
2025-01-04 08:45:00+00:00,1.0910609441118295,1.094481788609354,1.0855229511979438,1.0889437956954684,793.9212026287164
2025-01-04 08:50:00+00:00,1.0889437956954684,1.0904569763640457,1.0843786229730883,1.0858918036416656,1202.2497938494325
2025-01-04 08:55:00+00:00,1.0858918036416656,1.089122254022736,1.0819840800238076,1.0852145304048781,863.2968210119948
2025-01-04 09:00:00+00:00,1.0852145304048781,1.0862108151169025,1.081113550569701,1.0821098352817253,1507.4280172220472
2025-01-04 09:05:00+00:00,1.0821098352817253,1.0837543571203314,1.0777530215404056,1.0793975433790117,1509.3320675989892
2025-01-04 09:10:00+00:00,1.0793975433790117,1.0824828724355542,1.0760653227067096,1.079150651763252,987.4766082356338
2025-01-04 09:15:00+00:00,1.079150651763252,1.0829840343990216,1.0752110786434586,1.079044461279228,982.6911473228031
2025-01-04 09:20:00+00:00,1.079044461279228,1.0802708028745132,1.077348120856784,1.0785744624520692,1280.015330540812
2025-01-04 09:25:00+00:00,1.0785744624520692,1.0801257080785573,1.0761580399219426,1.0777092855484307,721.3961677585537
2025-01-04 09:30:00+00:00,1.0777092855484307,1.0802719600567359,1.0768144009569312,1.0793770754652363,1410.5629749077093
2025-01-04 09:35:00+00:00,1.0793770754652363,1.0799764229557887,1.0759543023220182,1.0765536498125705,1514.3323575634784
2025-01-04 09:40:00+00:00,1.0765536498125705,1.0781250171296106,1.0727848806535039,1.074356247970544,1153.3254403572626
2025-01-04 09:45:00+00:00,1.074356247970544,1.0765838384192774,1.0696275225432066,1.07185511299194,1113.7024936182186
2025-01-04 09:50:00+00:00,1.07185511299194,1.0725606901537683,1.07109578304332,1.0718013602051484,926.779622023022
2025-01-04 09:55:00+00:00,1.0718013602051484,1.0728776791581112,1.0698926316370514,1.0709689505900142,877.5734496537978
2025-01-04 10:00:00+00:00,1.0709689505900142,1.0742961044265182,1.0678696881132275,1.0711968419497315,1199.3349377514326
2025-01-04 10:05:00+00:00,1.0711968419497315,1.0750171310993106,1.0674252208118533,1.0712455099614324,1176.9655719505122
2025-01-04 10:10:00+00:00,1.0712455099614324,1.0719336237902468,1.069062444315741,1.0697505581445554,941.2114900177278
2025-01-04 10:15:00+00:00,1.0697505581445554,1.0731310440095367,1.064107087743444,1.0674875736084253,1404.5001489180813
2025-01-04 10:20:00+00:00,1.0674875736084253,1.069165837470561,1.0633169573589865,1.0649952212211222,1789.8327824807036
2025-01-04 10:25:00+00:00,1.0649952212211222,1.0686628903760884,1.0629174863743216,1.0665851555292878,2507.235588925488
2025-01-04 10:30:00+00:00,1.0665851555292878,1.0706910638571998,1.0624580601131426,1.0665639684410546,1531.7984653418182
2025-01-04 10:35:00+00:00,1.0665639684410546,1.0684242896167708,1.064179732754039,1.0660400539297552,2132.573788254409
2025-01-04 10:40:00+00:00,1.0660400539297552,1.0673058506995186,1.0630326299723614,1.0642984267421247,5055.944903716691
2025-01-04 10:45:00+00:00,1.0642984267421247,1.067921471436834,1.0590859821048937,1.0627090267996029,5546.55962760788
2025-01-04 10:50:00+00:00,1.0627090267996029,1.0640480820675462,1.0595640893814247,1.060903144649368,4012.629727984792
2025-01-04 10:55:00+00:00,1.060903144649368,1.0637436780306768,1.0562494154060478,1.0590899487873566,4370.179760059929
2025-01-04 11:00:00+00:00,1.0590899487873566,1.0618518363521003,1.0518439096796293,1.054605797244373,4461.744285649004
2025-01-04 11:05:00+00:00,1.054605797244373,1.0557226130623154,1.0519384877472473,1.0530553035651897,2597.500419118592
2025-01-04 11:10:00+00:00,1.0530553035651897,1.0564969477548465,1.0476171930121083,1.051058837201765,1575.2952959100003
2025-01-04 11:15:00+00:00,1.051058837201765,1.0539452557386,1.0469807839583791,1.049867202495214,1862.9987369829944
2025-01-04 11:20:00+00:00,1.049867202495214,1.0531867950901466,1.0489908858561312,1.0523104784510637,1258.0200497156584
2025-01-04 11:25:00+00:00,1.0523104784510637,1.0587861640743597,1.0490500047169011,1.055525690340197,2969.087744349066
2025-01-04 11:30:00+00:00,1.055525690340197,1.0594957206290088,1.0536300893154917,1.0576001196043034,2064.2784094254152
2025-01-04 11:35:00+00:00,1.0576001196043034,1.0624633399212575,1.0557943380083044,1.0606575583252584,1806.3924461990823
2025-01-04 11:40:00+00:00,1.0606575583252584,1.0639494590043896,1.0561019122553026,1.0593938129344338,1910.620172922268
2025-01-04 11:45:00+00:00,1.0593938129344338,1.0606074381037471,1.0587201323465234,1.0599337575158367,2387.004237029153
2025-01-04 11:50:00+00:00,1.0599337575158367,1.0674489071346125,1.0565091824312842,1.06402433205006,1814.6712073365452
2025-01-04 11:55:00+00:00,1.06402433205006,1.0670053309302974,1.0613281683068059,1.0643091671870433,2104.0219351929295
2025-01-04 12:00:00+00:00,1.0643091671870433,1.068929898852934,1.0611219116050412,1.065742643270932,1370.4538280053514
2025-01-04 12:05:00+00:00,1.065742643270932,1.071798732040921,1.0623324575200837,1.0683885462900726,1430.7848369488217
2025-01-04 12:10:00+00:00,1.0683885462900726,1.0727025733893665,1.0646342505430912,1.068948277642385,2635.100203537385
2025-01-04 12:15:00+00:00,1.068948277642385,1.0752649113068187,1.0652026176538676,1.0715192513183012,1989.35355096183
2025-01-04 12:20:00+00:00,1.0715192513183012,1.0731151814972115,1.0696824209218943,1.0712783511008046,1310.7701845471317
2025-01-04 12:25:00+00:00,1.0712783511008046,1.0738968257793198,1.067747563782026,1.0703660384605411,2015.640675092283
2025-01-04 12:30:00+00:00,1.0703660384605411,1.0728811916482222,1.0676430519586273,1.0701582051463083,2386.5972492178216
2025-01-04 12:35:00+00:00,1.0701582051463083,1.0734168416012402,1.066231359935896,1.0694899963908278,2902.707364039462
2025-01-04 12:40:00+00:00,1.0694899963908278,1.0744858648831168,1.0658850321948912,1.0708809006871802,1614.3601902453481
2025-01-04 12:45:00+00:00,1.0708809006871802,1.073774622201758,1.0689546698510706,1.0718483913656482,2052.237073830379
2025-01-04 12:50:00+00:00,1.0718483913656482,1.0762254669378852,1.0692354557452777,1.0736125313175147,1601.494578686171
2025-01-04 12:55:00+00:00,1.0736125313175147,1.0764423894020971,1.0707572290231837,1.0735870871077662,1283.291228655597
2025-01-04 13:00:00+00:00,1.0735870871077662,1.079220335461269,1.0725180605144204,1.0781513088679233,1528.9563039297457
2025-01-04 13:05:00+00:00,1.0781513088679233,1.083202324478594,1.0742340748718935,1.0792850904825642,1934.4641675759701
2025-01-04 13:10:00+00:00,1.0792850904825642,1.0831520867599065,1.0765936531900415,1.0804606494673838,1714.3596955280912
2025-01-04 13:15:00+00:00,1.0804606494673838,1.0832985529833803,1.0794304832230386,1.082268386739035,1837.8469860077028
2025-01-04 13:20:00+00:00,1.082268386739035,1.0846181244705912,1.0808034610477484,1.0831531987793046,3797.408296628483
2025-01-04 13:25:00+00:00,1.0831531987793046,1.0841889318441629,1.082485583891263,1.0835213169561213,4539.70384177975
2025-01-04 13:30:00+00:00,1.0835213169561213,1.0864810544359549,1.081854129453237,1.0848138669330705,7561.05235898872
2025-01-04 13:35:00+00:00,1.0848138669330705,1.088310336462596,1.0836924602978224,1.0871889298273478,4968.622782648376
2025-01-04 13:40:00+00:00,1.0871889298273478,1.0928888669743784,1.0835371855903644,1.089237122737395,5555.80700223626
2025-01-04 13:45:00+00:00,1.089237122737395,1.0951000278634464,1.08579081989904,1.0916537250250915,3216.349526172999
2025-01-04 13:50:00+00:00,1.0916537250250915,1.0936869361821355,1.0900737963643,1.092107007521344,1383.6773473788094
2025-01-04 13:55:00+00:00,1.092107007521344,1.0949722313925643,1.0894297420396104,1.0922949659108308,1442.574859445773
2025-01-04 14:00:00+00:00,1.0922949659108308,1.0977103721546233,1.090731813634793,1.0961472198785855,1598.8924587294662
2025-01-04 14:05:00+00:00,1.0961472198785855,1.0977010950269617,1.0955204449879896,1.0970743201363657,1416.7104162817297
2025-01-04 14:10:00+00:00,1.0970743201363657,1.1009817470481729,1.0950625522410298,1.098969979152837,2573.3678725205573
2025-01-04 14:15:00+00:00,1.098969979152837,1.1043747932798962,1.0958334398069778,1.101238253934037,1454.3587950569313
2025-01-04 14:20:00+00:00,1.101238253934037,1.1072659922189312,1.0984167830646778,1.104444521349572,1657.5070655949398
2025-01-04 14:25:00+00:00,1.104444521349572,1.1071654249844767,1.101293543591243,1.1040144472261477,2495.0483524256624
2025-01-04 14:30:00+00:00,1.1040144472261477,1.106973476872563,1.1018153333904295,1.1047743630368447,1587.3993661558527
2025-01-04 14:35:00+00:00,1.1047743630368447,1.1092249407922636,1.1011848236360733,1.1056354013914922,2094.330886854375
2025-01-04 14:40:00+00:00,1.1056354013914922,1.1109691086897509,1.1013803263249933,1.106714033623252,2415.058446217586
2025-01-04 14:45:00+00:00,1.106714033623252,1.1075733757283814,1.1041753140969077,1.1050346562020372,1664.004089374578
2025-01-04 14:50:00+00:00,1.1050346562020372,1.1074719325391802,1.104038364736388,1.106475641073531,2648.2085708203044
2025-01-04 14:55:00+00:00,1.106475641073531,1.1097715982085457,1.100957648449411,1.1042536055844256,2320.2094636453035
2025-01-04 15:00:00+00:00,1.1042536055844256,1.1098710091426516,1.1006985046238116,1.1063159081820375,2189.181174314987
2025-01-04 15:05:00+00:00,1.1063159081820375,1.1112215105466208,1.1038472850253964,1.1087528873899797,1897.4054268192558
2025-01-04 15:10:00+00:00,1.1087528873899797,1.1124043592952912,1.1076778792938193,1.111329351199131,1544.0719306432031
2025-01-04 15:15:00+00:00,1.111329351199131,1.113415153895351,1.1094736128294023,1.1115594155256223,3199.4992065499287
2025-01-04 15:20:00+00:00,1.1115594155256223,1.1171196030969535,1.109170346418008,1.1147305339893392,1707.752697372182
2025-01-04 15:25:00+00:00,1.1147305339893392,1.1186458380257247,1.1116138080743312,1.1155291121107167,1844.5208102048946
2025-01-04 15:30:00+00:00,1.1155291121107167,1.1178743600060157,1.113553042946456,1.115898290841755,1912.94708678103
2025-01-04 15:35:00+00:00,1.115898290841755,1.1191985245614262,1.1133543054404162,1.1166545391600875,1890.964139923916
2025-01-04 15:40:00+00:00,1.1166545391600875,1.1210969004926572,1.1132027236846025,1.1176450850171722,2272.593107571294
2025-01-04 15:45:00+00:00,1.1176450850171722,1.1233227759955238,1.1143847722845526,1.1200624632629042,1622.3828712236525
2025-01-04 15:50:00+00:00,1.1200624632629042,1.1250012266504965,1.1184799396693306,1.123418703056923,1955.6077989377409
2025-01-04 15:55:00+00:00,1.123418703056923,1.1247896312043208,1.1215176753031095,1.1228886034505074,5522.703609741849
2025-01-04 16:00:00+00:00,1.1228886034505074,1.1273365660724761,1.1200665580330493,1.124514520655018,3313.763539571391
2025-01-04 16:05:00+00:00,1.124514520655018,1.1320805593882453,1.1205788866637094,1.1281449253969367,4299.366653568547
2025-01-04 16:10:00+00:00,1.1281449253969367,1.135281128474599,1.1237517190070179,1.1308879220846801,3160.3687657571595
2025-01-04 16:15:00+00:00,1.1308879220846801,1.1351429401803863,1.1298443389096728,1.134099357005379,4178.455529486495
2025-01-04 16:20:00+00:00,1.134099357005379,1.1381138639692656,1.1306138147238913,1.134628321687778,4595.045672587648
2025-01-04 16:25:00+00:00,1.134628321687778,1.140155894868967,1.1330177485762403,1.1385453217574293,1596.5555005731344
2025-01-04 16:30:00+00:00,1.1385453217574293,1.1406881858634261,1.136924414621839,1.1390672787278358,3164.024123797021
2025-01-04 16:35:00+00:00,1.1390672787278358,1.144726744033193,1.136372823251707,1.1420322885570642,1379.6738288816123
2025-01-04 16:40:00+00:00,1.1420322885570642,1.1509632095591031,1.1377160103607846,1.1466469313628236,2639.7792838251244
2025-01-04 16:45:00+00:00,1.1466469313628236,1.1537757154293262,1.1448955795364126,1.1520243636029153,1892.4768905742965
2025-01-04 16:50:00+00:00,1.1520243636029153,1.1566292146122297,1.1509484747313319,1.1555533257406463,2131.84148176818
2025-01-04 16:55:00+00:00,1.1555533257406463,1.161509071219786,1.1536720721719491,1.1596278176510888,1538.3916567511671
2025-01-04 17:00:00+00:00,1.1596278176510888,1.1634988253991918,1.1577873888398045,1.1616583965879075,2291.3237050199673
2025-01-04 17:05:00+00:00,1.1616583965879075,1.168090843372452,1.157447286341758,1.1638797331263024,2190.425406932386
2025-01-04 17:10:00+00:00,1.1638797331263024,1.1717311585087071,1.1605749798182818,1.1684264052006865,1305.2376756599629
2025-01-04 17:15:00+00:00,1.1684264052006865,1.174907570908824,1.1648715337338582,1.1713526994419956,1887.232549171728
2025-01-04 17:20:00+00:00,1.1713526994419956,1.1764761426112658,1.1689815177701046,1.1741049609393748,1857.4163665883852
2025-01-04 17:25:00+00:00,1.1741049609393748,1.1779236612038064,1.1712301911422807,1.1750488914067123,2433.710844762917
2025-01-04 17:30:00+00:00,1.1750488914067123,1.1818555414702905,1.1713838876188323,1.1781905376824104,1447.7237122101567
2025-01-04 17:35:00+00:00,1.1781905376824104,1.1827835528099473,1.1774374611815626,1.1820304763090994,2368.9442240506405
2025-01-04 17:40:00+00:00,1.1820304763090994,1.1879038897726406,1.1779454519315895,1.1838188653951307,2137.845873586373
2025-01-04 17:45:00+00:00,1.1838188653951307,1.189584651151784,1.1802320178778136,1.185997803634467,2887.277561545759
2025-01-04 17:50:00+00:00,1.185997803634467,1.1919123129275853,1.1852216738446888,1.1911361831378071,1410.5242703944407
2025-01-04 17:55:00+00:00,1.1911361831378071,1.1977669604058816,1.1876261475174303,1.1942569247855048,2511.251766610771
2025-01-04 18:00:00+00:00,1.1942569247855048,1.1987935630902486,1.1921461318539686,1.1966827701587124,1002.5812339027863
2025-01-04 18:05:00+00:00,1.1966827701587124,1.1987696585521999,1.1957704639953728,1.1978573523888603,1419.0535380131762
2025-01-04 18:10:00+00:00,1.1978573523888603,1.203307580327584,1.1942880864724017,1.1997383144111253,1813.9133073976864
2025-01-04 18:15:00+00:00,1.1997383144111253,1.2056361805001063,1.1962146798667948,1.2021125459557758,1470.2235135094681
2025-01-04 18:20:00+00:00,1.2021125459557758,1.2100228787969745,1.198877827729078,1.2067881605702766,2370.883448147275
2025-01-04 18:25:00+00:00,1.2067881605702766,1.2104859452777001,1.2048610001342626,1.208558784841686,1730.6596591704194
2025-01-04 18:30:00+00:00,1.208558784841686,1.2149233851145522,1.2074138576958227,1.2137784579686888,2006.8925660439515
2025-01-04 18:35:00+00:00,1.2137784579686888,1.2164652332491928,1.212303443435415,1.214990218715919,4274.296284349622
2025-01-04 18:40:00+00:00,1.214990218715919,1.219317983205343,1.212653502233496,1.21698126672292,5147.527763395467
2025-01-04 18:45:00+00:00,1.21698126672292,1.2225014182998255,1.2151561263650015,1.220676277941907,3618.2543187403157
2025-01-04 18:50:00+00:00,1.220676277941907,1.2249999539866336,1.218408549162665,1.2227322252073918,5587.1559020532995
2025-01-04 18:55:00+00:00,1.2227322252073918,1.2258196023964687,1.2207771543269834,1.2238645315160603,4119.447059683489
2025-01-04 19:00:00+00:00,1.2238645315160603,1.2305441525350056,1.2192843356182574,1.2259639566372027,4820.787396751331
2025-01-04 19:05:00+00:00,1.2259639566372027,1.2316157953299194,1.2232093611532473,1.228861199845964,2292.5770354642905
2025-01-04 19:10:00+00:00,1.228861199845964,1.2332325811773028,1.2241369945807044,1.2285083759120432,2238.1989418912954
2025-01-04 19:15:00+00:00,1.2285083759120432,1.2313309754563897,1.227435629794921,1.2302582293392674,1617.2951573637813
2025-01-04 19:20:00+00:00,1.2302582293392674,1.2361982685737944,1.2262150854753193,1.2321551247098463,1712.4258437078338
2025-01-04 19:25:00+00:00,1.2321551247098463,1.237545203469854,1.2281684426268875,1.2335585213868951,1697.979981143877
2025-01-04 19:30:00+00:00,1.2335585213868951,1.2400023305092962,1.230149427670103,1.236593236792504,2090.791089645966
2025-01-04 19:35:00+00:00,1.236593236792504,1.2401622313547827,1.2340701469573672,1.2376391415196455,2070.6464704922737
2025-01-04 19:40:00+00:00,1.2376391415196455,1.2434656491614262,1.2331062770934629,1.2389327847352436,1143.2050001747891
2025-01-04 19:45:00+00:00,1.2389327847352436,1.244449123491263,1.2352555872445146,1.2407719260005339,1171.9774015045123
2025-01-04 19:50:00+00:00,1.2407719260005339,1.2462152560161128,1.2381492560729017,1.2435925860884807,2383.6459611951846
2025-01-04 19:55:00+00:00,1.2435925860884807,1.2494734944562549,1.2390688376927421,1.2449497460605163,1476.6336906376328
2025-01-04 20:00:00+00:00,1.2449497460605163,1.2538365527530324,1.2399761501513478,1.2488629568438638,2201.004695776368
2025-01-04 20:05:00+00:00,1.2488629568438638,1.2526510123695949,1.2453171326499481,1.2491051881756792,1611.2395360887954
2025-01-04 20:10:00+00:00,1.2491051881756792,1.254707128997212,1.2469987161517626,1.2526006569732955,2166.8463163136125
2025-01-04 20:15:00+00:00,1.2526006569732955,1.2540314763356042,1.25140979405055,1.2528406134128587,2103.1639157646296
2025-01-04 20:20:00+00:00,1.2528406134128587,1.2561081472211566,1.2508246931369496,1.2540922269452475,1508.6258247255396
2025-01-04 20:25:00+00:00,1.2540922269452475,1.260856686595245,1.2493452773973464,1.256109737047344,2635.6112413220458
2025-01-04 20:30:00+00:00,1.256109737047344,1.2637959748199379,1.252973863006986,1.26066010077958,2644.0523476551093
2025-01-04 20:35:00+00:00,1.26066010077958,1.2655137843648152,1.258593296413191,1.2634469799984263,2256.854653352262
2025-01-04 20:40:00+00:00,1.2634469799984263,1.2685605944927165,1.2591328891588784,1.2642465036531687,1248.1220047758986
2025-01-04 20:45:00+00:00,1.2642465036531687,1.2701203543182567,1.2617508323307265,1.2676246829958144,1633.8103904864865
2025-01-04 20:50:00+00:00,1.2676246829958144,1.2724266057412996,1.2638964275779596,1.2686983503234448,2221.359084466458
2025-01-04 20:55:00+00:00,1.2686983503234448,1.273934574463749,1.2636529963208338,1.268889220461138,2490.489954093663
2025-01-04 21:00:00+00:00,1.268889220461138,1.2745651539014275,1.2652950709776867,1.2709710044179763,1600.5268247844956
2025-01-04 21:05:00+00:00,1.2709710044179763,1.2764066451147777,1.2670850354008383,1.2725206760976397,1034.1953943825845
2025-01-04 21:10:00+00:00,1.2725206760976397,1.2773007152095424,1.2706165488699666,1.2753965879818692,1521.6801710287143
2025-01-04 21:15:00+00:00,1.2753965879818692,1.2804279280078525,1.2709581992375802,1.2759895392635636,5109.755281960124
2025-01-04 21:20:00+00:00,1.2759895392635636,1.2803230212347951,1.2736957115360712,1.2780291935073027,3533.143241711467
2025-01-04 21:25:00+00:00,1.2780291935073027,1.2842886493630923,1.2742248715262647,1.2804843273820543,6209.91699846628
2025-01-04 21:30:00+00:00,1.2804843273820543,1.2833388069424834,1.2795687092333998,1.2824231887938289,3991.46654983237
2025-01-04 21:35:00+00:00,1.2824231887938289,1.2864877444684524,1.279859197442284,1.2839237531169074,6495.739177119981
2025-01-04 21:40:00+00:00,1.2839237531169074,1.2883279100080598,1.2800267971737411,1.2844309540648935,3247.9640693268498
2025-01-04 21:45:00+00:00,1.2844309540648935,1.2891364003771781,1.282744176000992,1.2874496223132768,1945.6983746043763
2025-01-04 21:50:00+00:00,1.2874496223132768,1.2924248900578115,1.284356969116439,1.2893322368609736,2378.698967677011
2025-01-04 21:55:00+00:00,1.2893322368609736,1.2951068760986701,1.2860462297957007,1.2918208690333972,1574.49940718163
2025-01-04 22:00:00+00:00,1.2918208690333972,1.2967534114455965,1.288116687306212,1.2930492297184113,4664.501582317526
2025-01-04 22:05:00+00:00,1.2930492297184113,1.2981023065616957,1.2898436785915093,1.2948967554347937,2675.983612624745
2025-01-04 22:10:00+00:00,1.2948967554347937,1.297841701213694,1.2922241908024643,1.2951691365813647,1770.8092439637921
2025-01-04 22:15:00+00:00,1.2951691365813647,1.2993591526599697,1.2930559460123965,1.2972459620910015,2224.744958108744
2025-01-04 22:20:00+00:00,1.2972459620910015,1.3035688285890024,1.294123457142804,1.3004463236408048,1808.526653070355
2025-01-04 22:25:00+00:00,1.3004463236408048,1.303792167263276,1.2993193792966675,1.3026652229191387,1870.433543321263
2025-01-04 22:30:00+00:00,1.3026652229191387,1.3080455536247253,1.3007715912567233,1.30615192196231,2737.310791613269
2025-01-04 22:35:00+00:00,1.30615192196231,1.3135914842124647,1.3014144158631238,1.3088539781132786,2066.11865022566
2025-01-04 22:40:00+00:00,1.3088539781132786,1.3144799702487124,1.3076562706852681,1.313282262820702,3006.7721252549354
2025-01-04 22:45:00+00:00,1.313282262820702,1.3182355624887774,1.3103834147022448,1.3153367143703203,1940.6252834677266
2025-01-04 22:50:00+00:00,1.3153367143703203,1.3200833103467007,1.3104258435315645,1.315172439507945,2458.034419423028
2025-01-04 22:55:00+00:00,1.315172439507945,1.3227230886904167,1.3107958164134517,1.3183464655959234,2299.7992324017905
2025-01-04 23:00:00+00:00,1.3183464655959234,1.3224909158005262,1.3165016863334162,1.320646136538019,2648.561033442498
2025-01-04 23:05:00+00:00,1.320646136538019,1.3243855900431385,1.3179910588028967,1.321730512308016,1816.613992289447
2025-01-04 23:10:00+00:00,1.321730512308016,1.3275706298731023,1.3196219957681357,1.3254621133332218,2207.1700120880528
2025-01-04 23:15:00+00:00,1.3254621133332218,1.3304301338920084,1.3236811538696946,1.3286491744284812,2184.927947070598
2025-01-04 23:20:00+00:00,1.3286491744284812,1.3343553782817636,1.3264871915928416,1.332193395446124,1369.0817661351361
2025-01-04 23:25:00+00:00,1.332193395446124,1.3394086964539964,1.327343767659108,1.3345590686669804,2422.139752406506
2025-01-04 23:30:00+00:00,1.3345590686669804,1.342439860267506,1.3299533632981302,1.3378341548986559,2130.4220591206354
2025-01-04 23:35:00+00:00,1.3378341548986559,1.344542162682784,1.3345543316504693,1.3412623394345975,1616.3799631879676
2025-01-04 23:40:00+00:00,1.3412623394345975,1.3505400639915899,1.3379270005827484,1.3472047251397408,2347.8304577669624
2025-01-04 23:45:00+00:00,1.3472047251397408,1.3520603638038318,1.3443779584756976,1.3492335971397886,2492.4537940378755
2025-01-04 23:50:00+00:00,1.3492335971397886,1.3563831602634362,1.3452514776560949,1.3524010407797424,1774.2409389611212
2025-01-04 23:55:00+00:00,1.3524010407797424,1.3607108447205833,1.3479144723371683,1.3562242762780092,4901.3599254624805
2025-01-05 00:00:00+00:00,1.3562242762780092,1.3594765462862235,1.3534366725156344,1.3566889425238486,6153.190570644766
2025-01-05 00:05:00+00:00,1.3566889425238486,1.3617364843335953,1.3523355361602412,1.3573830779699878,4743.500437314119
2025-01-05 00:10:00+00:00,1.3573830779699878,1.3694963224165453,1.3521467916347447,1.3642600360813022,4410.973222653344
2025-01-05 00:15:00+00:00,1.3642600360813022,1.3686417182624495,1.3603561149627836,1.364737797143931,4152.132022503361
2025-01-05 00:20:00+00:00,1.364737797143931,1.3733867980514816,1.360426331861835,1.3690753327693856,1557.7147254455926
2025-01-05 00:25:00+00:00,1.3690753327693856,1.3722088378386696,1.3679621561564157,1.3710956612256997,2557.891780524794
2025-01-05 00:30:00+00:00,1.3710956612256997,1.3751609623832537,1.3692014817977305,1.3732667829552845,1903.0888762682603
2025-01-05 00:35:00+00:00,1.3732667829552845,1.3756766263296687,1.3710230691227832,1.3734329124971674,1564.2716587483283
2025-01-05 00:40:00+00:00,1.3734329124971674,1.3778843869512265,1.3709296089903409,1.3753810834444,952.2676812799222
2025-01-05 00:45:00+00:00,1.3753810834444,1.3844584246793497,1.3710354098694912,1.3801127511044409,1961.0180182404245
2025-01-05 00:50:00+00:00,1.3801127511044409,1.3827715509349316,1.3785830504964072,1.381241850326898,1665.8612845448274
2025-01-05 00:55:00+00:00,1.381241850326898,1.387529157029199,1.3793628052273603,1.3856501119296614,1860.8180173196154
2025-01-05 01:00:00+00:00,1.3856501119296614,1.3925901925021176,1.3826398465691458,1.389579927141602,1968.655770980764
2025-01-05 01:05:00+00:00,1.389579927141602,1.40111774868345,1.3848103251237254,1.3963481466655734,1856.282493833131
2025-01-05 01:10:00+00:00,1.3963481466655734,1.4018577954774514,1.393417114335083,1.398926763146961,2181.866449332899
2025-01-05 01:15:00+00:00,1.398926763146961,1.4089490533236657,1.3943777740760523,1.404400064252757,2514.086271022764
2025-01-05 01:20:00+00:00,1.404400064252757,1.4115765965324651,1.4020442753392761,1.4092208076189843,1763.697103058893
2025-01-05 01:25:00+00:00,1.4092208076189843,1.414720654003726,1.4065203344695538,1.4120201808542956,2124.632197706038
2025-01-05 01:30:00+00:00,1.4120201808542956,1.4155195821284252,1.408942541285891,1.4124419425600205,1717.0972142755909
2025-01-05 01:35:00+00:00,1.4124419425600205,1.4197308564623654,1.410911498540048,1.4182004124423928,2398.455274464765
2025-01-05 01:40:00+00:00,1.4182004124423928,1.4214009899128162,1.4158238582230538,1.4190244356934771,1856.5791442506236
2025-01-05 01:45:00+00:00,1.4190244356934771,1.4236850654157172,1.4166483787969464,1.4213090085191864,1843.4083037141709
2025-01-05 01:50:00+00:00,1.4213090085191864,1.4294527821955307,1.4177111066671264,1.4258548803434707,2121.431319157959
2025-01-05 01:55:00+00:00,1.4258548803434707,1.4321520969431794,1.4244532669806658,1.4307504835803744,1975.3714051279583
2025-01-05 02:00:00+00:00,1.4307504835803744,1.4367674817922906,1.4262041507678953,1.4322211489798116,1694.3019447501495
2025-01-05 02:05:00+00:00,1.4322211489798116,1.4395232656701566,1.4277228234622052,1.4350249401525503,2090.509413749351
2025-01-05 02:10:00+00:00,1.4350249401525503,1.441528130925162,1.4308700494258006,1.4373732401984123,2340.8917710046567
2025-01-05 02:15:00+00:00,1.4373732401984123,1.4444107448259458,1.4351067004954252,1.4421442051229587,1934.2686052951155
2025-01-05 02:20:00+00:00,1.4421442051229587,1.4542241508134977,1.4370776874860176,1.4491576331765565,1707.0564050306423
2025-01-05 02:25:00+00:00,1.4491576331765565,1.4516105613648422,1.446124775936952,1.4485777041252377,2639.4743456826054
2025-01-05 02:30:00+00:00,1.4485777041252377,1.455133846906909,1.4461487545459628,1.4527048973276342,2004.318556049896
2025-01-05 02:35:00+00:00,1.4527048973276342,1.4543079096462765,1.4485845310091534,1.4501875433277958,3503.432550142524
2025-01-05 02:40:00+00:00,1.4501875433277958,1.4535558844058225,1.4492327397845786,1.4526010808626053,3443.08288177215
2025-01-05 02:45:00+00:00,1.4526010808626053,1.457015553358882,1.4485743297175813,1.452988802213858,4107.029990162089
2025-01-05 02:50:00+00:00,1.452988802213858,1.4618608691787087,1.4498528606785912,1.458724927643442,5753.242577447479
2025-01-05 02:55:00+00:00,1.458724927643442,1.463119197072722,1.456817310788916,1.461211580218196,5866.04702047994
2025-01-05 03:00:00+00:00,1.461211580218196,1.4646891320239201,1.4585740425405476,1.4620515943462717,2343.2145833820455
2025-01-05 03:05:00+00:00,1.4620515943462717,1.466250136458767,1.459047559580926,1.4632461016934213,1457.8195786599408
2025-01-05 03:10:00+00:00,1.4632461016934213,1.4663031330314416,1.4611909894030064,1.4642480207410267,1793.0682238936733
2025-01-05 03:15:00+00:00,1.4642480207410267,1.4685614903111168,1.4622235014545553,1.4665369710246454,2726.174557709274
2025-01-05 03:20:00+00:00,1.4665369710246454,1.4693149908469068,1.4653874659246058,1.4681654857468671,2418.608626243457
2025-01-05 03:25:00+00:00,1.4681654857468671,1.4729048736598829,1.4664430940353965,1.4711824819484123,2093.684911737558
2025-01-05 03:30:00+00:00,1.4711824819484123,1.476508072485389,1.4703995466515511,1.4757251371885278,2411.0315850115653
2025-01-05 03:35:00+00:00,1.4757251371885278,1.481403067293743,1.4730729034255299,1.478750833530745,1845.646931810971
2025-01-05 03:40:00+00:00,1.478750833530745,1.4803504954351105,1.4767227005828125,1.478322362487178,2160.3327130683533
2025-01-05 03:45:00+00:00,1.478322362487178,1.4816596908745567,1.473818984263578,1.4771563126509568,2231.4948424595264
2025-01-05 03:50:00+00:00,1.4771563126509568,1.4831146936114743,1.47154417741578,1.4775025583762975,899.2103772446919
2025-01-05 03:55:00+00:00,1.4775025583762975,1.4842534350751508,1.4742864228182413,1.4810372995170946,1412.6542276935277
2025-01-05 04:00:00+00:00,1.4810372995170946,1.4849260857535307,1.4782031857731444,1.4820919720095804,1002.9833632957925
2025-01-05 04:05:00+00:00,1.4820919720095804,1.4880000259113824,1.4766354828054593,1.4825435367072612,1297.893970881174
2025-01-05 04:10:00+00:00,1.4825435367072612,1.488096944530784,1.4788697627576959,1.4844231705812185,862.3354391088029
2025-01-05 04:15:00+00:00,1.4844231705812185,1.4880505421668306,1.4799075711740504,1.4835349427596625,1575.6276871574257
2025-01-05 04:20:00+00:00,1.4835349427596625,1.4856246348349227,1.4810528886109147,1.4831425806861749,1904.3309398146919
2025-01-05 04:25:00+00:00,1.4831425806861749,1.4909449006064146,1.477895334883161,1.4856976548034007,961.0357171152572
2025-01-05 04:30:00+00:00,1.4856976548034007,1.4927459786227226,1.4797712197471464,1.4868195435664684,1310.1589697681302
2025-01-05 04:35:00+00:00,1.4868195435664684,1.4888456355704474,1.485667973368764,1.487694065372743,874.6936388212093
2025-01-05 04:40:00+00:00,1.487694065372743,1.4924779451802783,1.4851877559482247,1.48997163575576,1758.1689764338817
2025-01-05 04:45:00+00:00,1.48997163575576,1.4958528864694838,1.4847861183048205,1.4906673690185444,793.299623320088
2025-01-05 04:50:00+00:00,1.4906673690185444,1.4928679712118849,1.4890161194306226,1.4912167216239631,1014.1561133757718
2025-01-05 04:55:00+00:00,1.4912167216239631,1.496786222968423,1.4866417481941443,1.4922112495386042,969.9448300624814
2025-01-05 05:00:00+00:00,1.4922112495386042,1.4996997425160532,1.4876669275791052,1.4951554205565543,1685.2456000406148
2025-01-05 05:05:00+00:00,1.4951554205565543,1.5012782335349655,1.4910554717855566,1.4971782847639679,850.1602146637731
2025-01-05 05:10:00+00:00,1.4971782847639679,1.4996822567430774,1.4944972387332338,1.4970012107123434,2646.457236701721
2025-01-05 05:15:00+00:00,1.4970012107123434,1.5026654195186933,1.4928183594658986,1.4984825682722485,3169.532269752345
2025-01-05 05:20:00+00:00,1.4984825682722485,1.5057728386181304,1.4944481291288914,1.5017383994747733,2607.9715146714034
2025-01-05 05:25:00+00:00,1.5017383994747733,1.5118553025011718,1.4971570611933558,1.5072739642197543,2161.586311498318
2025-01-05 05:30:00+00:00,1.5072739642197543,1.5103036109685206,1.5044061839697909,1.5074358307185571,2606.757617066727
2025-01-05 05:35:00+00:00,1.5074358307185571,1.5144503758279722,1.5033332877888999,1.5103478328983149,2133.29445319127
2025-01-05 05:40:00+00:00,1.5103478328983149,1.513101917710634,1.5094980215059415,1.5122521063182606,1292.8358866893452
2025-01-05 05:45:00+00:00,1.5122521063182606,1.517320706421856,1.5111344220732705,1.5162030221768659,1266.5392980473598
2025-01-05 05:50:00+00:00,1.5162030221768659,1.5213524476288365,1.5144035939051905,1.5195530193571611,1161.9863089095884
2025-01-05 05:55:00+00:00,1.5195530193571611,1.5259994326123318,1.518409724970819,1.5248561382259898,1383.0830194739017
2025-01-05 06:00:00+00:00,1.5248561382259898,1.5318297036370858,1.521532363231205,1.528505928642301,986.666970082328
2025-01-05 06:05:00+00:00,1.528505928642301,1.53485214814376,1.5239390997540432,1.5302853192555022,1019.3426370425142
2025-01-05 06:10:00+00:00,1.5302853192555022,1.5329813938149321,1.5294595685073527,1.5321556430667826,1166.4011491271488
2025-01-05 06:15:00+00:00,1.5321556430667826,1.5396556766141023,1.5283437380078708,1.5358437715551905,1256.7638283620254
2025-01-05 06:20:00+00:00,1.5358437715551905,1.544667525748709,1.53077320430371,1.5395969584972284,981.3721975646965
2025-01-05 06:25:00+00:00,1.5395969584972284,1.5505641614373586,1.5361810004495882,1.5471482033897184,1263.4386404643494
2025-01-05 06:30:00+00:00,1.5471482033897184,1.5581071902640937,1.5425051933201788,1.5534641801945541,1277.3831939033125
2025-01-05 06:35:00+00:00,1.5534641801945541,1.5599850345075157,1.5480311740712709,1.5545520283842325,1114.3153713565125
2025-01-05 06:40:00+00:00,1.5545520283842325,1.5616022572595663,1.5515066519157406,1.5585568807910744,1056.4233085820217
2025-01-05 06:45:00+00:00,1.5585568807910744,1.5606463451636288,1.5573996004026232,1.5594890647751776,973.611863897762
2025-01-05 06:50:00+00:00,1.5594890647751776,1.5618297877332705,1.5575363169706955,1.5598770399287885,1515.1842895150685
2025-01-05 06:55:00+00:00,1.5598770399287885,1.5657557895783956,1.55894472402137,1.5648234736709772,910.7161679569145
2025-01-05 07:00:00+00:00,1.5648234736709772,1.5717339728764568,1.5625699603252479,1.5694804595307275,1637.4251986856339
2025-01-05 07:05:00+00:00,1.5694804595307275,1.5766084721592273,1.5640741377076102,1.57120215033611,1009.7951861639418
2025-01-05 07:10:00+00:00,1.57120215033611,1.5823196626312188,1.566927026508012,1.5780445388031208,758.158523790089
2025-01-05 07:15:00+00:00,1.5780445388031208,1.5850603576615234,1.572966628384423,1.5799824472428257,1289.4234743032707
2025-01-05 07:20:00+00:00,1.5799824472428257,1.5867992955279797,1.5747833546538805,1.5816002029390346,1135.7001014797152
2025-01-05 07:25:00+00:00,1.5816002029390346,1.5911858827705812,1.5771295436860475,1.586715223517594,976.5290000353328
2025-01-05 07:30:00+00:00,1.586715223517594,1.5935269949690762,1.584238838499513,1.5910506099509951,1056.0397249760388
2025-01-05 07:35:00+00:00,1.5910506099509951,1.5977637434134353,1.5879774246707106,1.5946905581331507,1032.961121312412
2025-01-05 07:40:00+00:00,1.5946905581331507,1.601100355839663,1.592125556309118,1.5985353540156302,1291.2621866633629
2025-01-05 07:45:00+00:00,1.5985353540156302,1.6048517341569546,1.5966440784261247,1.602960458567449,818.3164306099346
2025-01-05 07:50:00+00:00,1.602960458567449,1.6114805711331714,1.5981828409568444,1.6067029535225668,1867.6784654862872
2025-01-05 07:55:00+00:00,1.6067029535225668,1.611904866498084,1.60518875471741,1.6103906676929272,3244.2496794863196
2025-01-05 08:00:00+00:00,1.6103906676929272,1.6156744565476384,1.6054626432671482,1.6107464321218594,2742.2359599363745
2025-01-05 08:05:00+00:00,1.6107464321218594,1.616554328557066,1.6063542923421814,1.612162188777388,2288.474071389983
2025-01-05 08:10:00+00:00,1.612162188777388,1.6179551981178615,1.6057427651141858,1.6115357744546592,3486.991433009825
2025-01-05 08:15:00+00:00,1.6115357744546592,1.6145209444355095,1.6053611326508364,1.6083463026316867,2118.555009284931
2025-01-05 08:20:00+00:00,1.6083463026316867,1.6139366279484364,1.601953092955129,1.6075434182718789,1831.4486954312126
2025-01-05 08:25:00+00:00,1.6075434182718789,1.613359241752468,1.6022228956606934,1.6080387191412826,914.105504226239
2025-01-05 08:30:00+00:00,1.6080387191412826,1.6116188614671476,1.601848279652674,1.605428421978539,1175.9497037965991
2025-01-05 08:35:00+00:00,1.605428421978539,1.6100626114851653,1.599371875842853,1.6040060653494792,1158.7436784594936
2025-01-05 08:40:00+00:00,1.6040060653494792,1.608886399679868,1.6011089015885414,1.60598923591893,1581.0513670644018
2025-01-05 08:45:00+00:00,1.60598923591893,1.6069450642834493,1.6043024354434008,1.60525826380792,1278.8396974441412
2025-01-05 08:50:00+00:00,1.60525826380792,1.6107745833343958,1.6011638747235155,1.6066801942499913,1241.3069057633995
2025-01-05 08:55:00+00:00,1.6066801942499913,1.6099550613326667,1.6041721017702397,1.6074469688529152,1287.886988417592
2025-01-05 09:00:00+00:00,1.6074469688529152,1.6125705153165995,1.6015210282570624,1.6066445747207467,1394.646829292426
2025-01-05 09:05:00+00:00,1.6066445747207467,1.6074947708673488,1.6032578563381066,1.6041080524847087,1423.5281473322477
2025-01-05 09:10:00+00:00,1.6041080524847087,1.605546408704991,1.5986638280302374,1.6001021842505199,945.7381613234404
2025-01-05 09:15:00+00:00,1.6001021842505199,1.6024188228057612,1.5932000510823507,1.595516689637592,967.6279039480635
2025-01-05 09:20:00+00:00,1.595516689637592,1.5986732917860804,1.59076626730088,1.5939228694493683,1166.733201634254
2025-01-05 09:25:00+00:00,1.5939228694493683,1.5988441669823499,1.5872977307238163,1.5922190282567978,741.4667113497874
2025-01-05 09:30:00+00:00,1.5922190282567978,1.5980720190098487,1.5833594408555307,1.5892124316085816,722.1925921388813
2025-01-05 09:35:00+00:00,1.5892124316085816,1.592526803848463,1.5847666371637366,1.588081009403618,1181.4448148466688
2025-01-05 09:40:00+00:00,1.588081009403618,1.5934356157859317,1.5787517120949017,1.5841063184772155,1210.6556420598251
2025-01-05 09:45:00+00:00,1.5841063184772155,1.588535240618167,1.578887878777894,1.5833168009188454,998.9787382938838
2025-01-05 09:50:00+00:00,1.5833168009188454,1.5848311186114814,1.5789031009687906,1.5804174186614266,900.2808391672268
2025-01-05 09:55:00+00:00,1.5804174186614266,1.581980052698744,1.575737836347146,1.5773004703844633,875.3497115372563
2025-01-05 10:00:00+00:00,1.5773004703844633,1.5796343564323547,1.5718467254386455,1.5741806114865369,1145.2393710079255
2025-01-05 10:05:00+00:00,1.5741806114865369,1.5798901936325291,1.565096450778503,1.5708060329244953,1673.9162614786965
2025-01-05 10:10:00+00:00,1.5708060329244953,1.5730529569642555,1.5699912421006574,1.5722381661404177,997.8558336347307
2025-01-05 10:15:00+00:00,1.5722381661404177,1.573034468719716,1.5650810080448976,1.5658773106241959,1208.2773480500925
2025-01-05 10:20:00+00:00,1.5658773106241959,1.5713297906367567,1.5573723157080581,1.562824795720619,1065.8535260387591
2025-01-05 10:25:00+00:00,1.562824795720619,1.567752962344067,1.5567827141117525,1.5617108807352005,1021.1760445105538
2025-01-05 10:30:00+00:00,1.5617108807352005,1.5671232389890566,1.5541373568513386,1.5595497151051947,2913.954427417091
2025-01-05 10:35:00+00:00,1.5595497151051947,1.5641516155173383,1.5508268591939713,1.555428759606115,1630.0171126238845
2025-01-05 10:40:00+00:00,1.555428759606115,1.5605958143085632,1.5499034648785737,1.555070519581022,2088.822589601339
2025-01-05 10:45:00+00:00,1.555070519581022,1.5563660612144063,1.548135512489611,1.5494310541229954,2597.876074952198
2025-01-05 10:50:00+00:00,1.5494310541229954,1.553325429739593,1.539431537782755,1.5433259133993527,2461.1265265427187
2025-01-05 10:55:00+00:00,1.5433259133993527,1.5460144512434275,1.5379768641446752,1.54066540198875,1617.6738032708947
2025-01-05 11:00:00+00:00,1.54066540198875,1.54430667332874,1.5306039317928921,1.5342452031328822,1673.4083748942846
2025-01-05 11:05:00+00:00,1.5342452031328822,1.5366844602371792,1.5236894865713464,1.5261287436756434,1981.8164535553778
2025-01-05 11:10:00+00:00,1.5261287436756434,1.5280472600772552,1.5220628319322607,1.5239813483338724,937.3794183165853
2025-01-05 11:15:00+00:00,1.5239813483338724,1.5257178703078265,1.519858130777332,1.521594652751286,1376.5261352106202
2025-01-05 11:20:00+00:00,1.521594652751286,1.5229467339767235,1.5177916102252638,1.5191436914507013,1226.9989172887526
2025-01-05 11:25:00+00:00,1.5191436914507013,1.5219107996226298,1.5117016119949045,1.514468720166833,1119.0260629948036
2025-01-05 11:30:00+00:00,1.514468720166833,1.519614481454415,1.5058733806859095,1.5110191419734915,784.6013004985739
2025-01-05 11:35:00+00:00,1.5110191419734915,1.5148051230192732,1.501716863500437,1.5055028445462186,1301.589395170646
2025-01-05 11:40:00+00:00,1.5055028445462186,1.5078247388960269,1.502558861931916,1.5048807562817241,1192.3796679869713
2025-01-05 11:45:00+00:00,1.5048807562817241,1.5104015735983582,1.497048382124864,1.502569199441498,867.9352826130909
2025-01-05 11:50:00+00:00,1.502569199441498,1.5052422653189577,1.497517744037842,1.5001908099153016,1393.938839178186
2025-01-05 11:55:00+00:00,1.5001908099153016,1.5032721139451375,1.489926235714742,1.493007539744578,937.1516285584481
2025-01-05 12:00:00+00:00,1.493007539744578,1.4978519766557514,1.4859662602524637,1.4908106971636372,1439.6348007350387
2025-01-05 12:05:00+00:00,1.4908106971636372,1.4937067497034477,1.486980640016169,1.4898766925559794,1131.8013173687068
2025-01-05 12:10:00+00:00,1.4898766925559794,1.49194875502511,1.4864122984423895,1.4884843609115201,983.1978260535183
2025-01-05 12:15:00+00:00,1.4884843609115201,1.4913194410266035,1.4835379262621466,1.48637300637723,1828.5404207893744
2025-01-05 12:20:00+00:00,1.48637300637723,1.4899621588163465,1.4793148590365712,1.4829040114756877,1558.320162841004
2025-01-05 12:25:00+00:00,1.4829040114756877,1.4883740557642189,1.4734179205813167,1.4788879648698479,1305.4350093216685
2025-01-05 12:30:00+00:00,1.4788879648698479,1.4835359473008003,1.4719592142431204,1.4766071966740728,875.8897196671594
2025-01-05 12:35:00+00:00,1.4766071966740728,1.4819677816509356,1.4686392656985094,1.4739998506753722,996.4730680546985
2025-01-05 12:40:00+00:00,1.4739998506753722,1.4773612652644625,1.467837441253182,1.4711988558422724,1260.5907895145742
2025-01-05 12:45:00+00:00,1.4711988558422724,1.4743651035174836,1.46433883726873,1.4675050849439413,961.002091956478
2025-01-05 12:50:00+00:00,1.4675050849439413,1.470335867424917,1.4645560009578062,1.467386783438782,932.6351170983356
2025-01-05 12:55:00+00:00,1.467386783438782,1.4689784481820807,1.4607365085840907,1.4623281733273894,1222.8995479395503
2025-01-05 13:00:00+00:00,1.4623281733273894,1.4672540764803512,1.4544345046947538,1.4593604078477156,1179.5012763835778
2025-01-05 13:05:00+00:00,1.4593604078477156,1.4605824463932437,1.454273235815227,1.4554952743607552,795.3133926356
2025-01-05 13:10:00+00:00,1.4554952743607552,1.457697771250385,1.4523208623724935,1.4545233592621232,2963.9252943349707
2025-01-05 13:15:00+00:00,1.4545233592621232,1.456385824378918,1.4524573835025583,1.4543198486193532,2432.7051399066386
2025-01-05 13:20:00+00:00,1.4543198486193532,1.4579194852041077,1.4502645311747873,1.4538641677595419,4021.8446064763507
2025-01-05 13:25:00+00:00,1.4538641677595419,1.4576597298581153,1.4488340064371366,1.45262956853571,2387.5589977153077
2025-01-05 13:30:00+00:00,1.45262956853571,1.4547206558943333,1.4456236604434751,1.4477147478020984,2335.901695007839
2025-01-05 13:35:00+00:00,1.4477147478020984,1.4505640721448896,1.4460834761092487,1.4489328004520399,917.1919165821545
2025-01-05 13:40:00+00:00,1.4489328004520399,1.450850985085004,1.4455843037622729,1.447502488395237,1280.8963695079938
2025-01-05 13:45:00+00:00,1.447502488395237,1.449912377555551,1.4426483569263913,1.4450582460867052,1008.1712756528912
2025-01-05 13:50:00+00:00,1.4450582460867052,1.4477450523066504,1.4402235214479466,1.4429103276678918,1127.0465780094585
2025-01-05 13:55:00+00:00,1.4429103276678918,1.4475930877972567,1.4355237411080115,1.4402065012373764,1428.4253970957657
2025-01-05 14:00:00+00:00,1.4402065012373764,1.4454897758680814,1.4336043582406999,1.4388876328714049,1550.123839713907
2025-01-05 14:05:00+00:00,1.4388876328714049,1.4428966361220485,1.4334243906962127,1.4374333939468564,1169.3354311390403
2025-01-05 14:10:00+00:00,1.4374333939468564,1.4384284836276005,1.4338873933533625,1.4348824830341065,1026.312018081993
2025-01-05 14:15:00+00:00,1.4348824830341065,1.4379149004359064,1.4255632944024603,1.4285957118042603,1060.6429233405947
2025-01-05 14:20:00+00:00,1.4285957118042603,1.4316505982393426,1.4236636230721844,1.4267185095072668,849.284696938691
2025-01-05 14:25:00+00:00,1.4267185095072668,1.4318827136215508,1.4206003626726955,1.4257645667869796,1536.3521271629713
2025-01-05 14:30:00+00:00,1.4257645667869796,1.4280777916112561,1.422623425352363,1.4249366501766396,1282.727886767393
2025-01-05 14:35:00+00:00,1.4249366501766396,1.4292276147369707,1.4186939477359028,1.422984912296234,794.7438670936502
2025-01-05 14:40:00+00:00,1.422984912296234,1.4276225317250544,1.4174654601069552,1.4221030795357756,815.6737875764284
2025-01-05 14:45:00+00:00,1.4221030795357756,1.4254908459979636,1.4188425006805014,1.4222302671426894,933.7294898830896
2025-01-05 14:50:00+00:00,1.4222302671426894,1.425384407826228,1.4166704621569117,1.4198246028404504,1625.7946291424755
2025-01-05 14:55:00+00:00,1.4198246028404504,1.4220450111657226,1.4185180219803517,1.4207384303056239,775.2315889396551
2025-01-05 15:00:00+00:00,1.4207384303056239,1.421751959280922,1.414827048102522,1.4158405770778202,1070.4880958945496
2025-01-05 15:05:00+00:00,1.4158405770778202,1.4213511966145589,1.4066323136006909,1.4121429331374296,1137.423495903092
2025-01-05 15:10:00+00:00,1.4121429331374296,1.4156269563694903,1.4055750918348258,1.4090591150668865,839.4075156353042
2025-01-05 15:15:00+00:00,1.4090591150668865,1.4110725389796734,1.4013713294610077,1.4033847533737946,1015.3317404313311
2025-01-05 15:20:00+00:00,1.4033847533737946,1.4080226466078212,1.39551302407025,1.4001509173042765,1595.5833739285313
2025-01-05 15:25:00+00:00,1.4001509173042765,1.4016539977088482,1.3991825026655842,1.400685583070156,1460.501075445824
2025-01-05 15:30:00+00:00,1.400685583070156,1.4065187380471222,1.3953582394719903,1.4011913944489567,766.2126518860592
2025-01-05 15:35:00+00:00,1.4011913944489567,1.4027242448703001,1.3982189417142394,1.3997517921355829,1210.5568483430106
2025-01-05 15:40:00+00:00,1.3997517921355829,1.4065468940433437,1.3942185240988327,1.4010136260065935,1092.8768657475005
2025-01-05 15:45:00+00:00,1.4010136260065935,1.40315362460617,1.3976141264307214,1.3997541250302978,1440.8260336852888
2025-01-05 15:50:00+00:00,1.3997541250302978,1.4048956089657765,1.3920814215141732,1.3972229054496519,1780.4323197995052
2025-01-05 15:55:00+00:00,1.3972229054496519,1.3981251487608615,1.394991870920339,1.3958941142315486,2457.0430724540747
2025-01-05 16:00:00+00:00,1.3958941142315486,1.397300580969075,1.3924821744350768,1.3938886411726032,2857.2603910722164
2025-01-05 16:05:00+00:00,1.3938886411726032,1.3947714575660959,1.3924142904993708,1.3932971068928635,1829.424093282522
2025-01-05 16:10:00+00:00,1.3932971068928635,1.39538494127543,1.386829759584259,1.3889175939668255,2378.709051188114
2025-01-05 16:15:00+00:00,1.3889175939668255,1.3932789296208996,1.3842999036227341,1.3886612392768083,1077.624835342351
2025-01-05 16:20:00+00:00,1.3886612392768083,1.3901045986970277,1.384475501645535,1.3859188610657545,1212.5677205579725
2025-01-05 16:25:00+00:00,1.3859188610657545,1.3872530634028843,1.3839717041512107,1.3853059064883406,941.6730832762202
2025-01-05 16:30:00+00:00,1.3853059064883406,1.3894355053302236,1.3765251872807518,1.3806547861226348,2088.594107497971
2025-01-05 16:35:00+00:00,1.3806547861226348,1.3840479960847687,1.3744154428016337,1.3778086527637676,1287.0458030399482
2025-01-05 16:40:00+00:00,1.3778086527637676,1.3787789935327501,1.3747530625236464,1.3757234032926289,840.6675193554191
2025-01-05 16:45:00+00:00,1.3757234032926289,1.3777814025721162,1.372874119225807,1.3749321185052943,898.3633015895323
2025-01-05 16:50:00+00:00,1.3749321185052943,1.3792418870115843,1.3662739094180747,1.3705836779243648,833.4389503840043
2025-01-05 16:55:00+00:00,1.3705836779243648,1.374230307102342,1.3672718845014806,1.370918513679458,1121.5435323022443
2025-01-05 17:00:00+00:00,1.370918513679458,1.3761247173048248,1.3640302425824056,1.3692364462077724,1110.1581577089134
2025-01-05 17:05:00+00:00,1.3692364462077724,1.3736077489364138,1.3614626353279917,1.3658339380566331,1311.7055426454046
2025-01-05 17:10:00+00:00,1.3658339380566331,1.3700553191579397,1.3610031362946535,1.36522451739596,1182.731914376204
2025-01-05 17:15:00+00:00,1.36522451739596,1.3697707127463072,1.3581779288570552,1.3627241242074024,925.267630286315
2025-01-05 17:20:00+00:00,1.3627241242074024,1.3638101016362045,1.3608002913951547,1.3618862688239568,979.1328266398239
2025-01-05 17:25:00+00:00,1.3618862688239568,1.3652492194823855,1.3595250643017498,1.3628880149601785,1266.6665520737524
2025-01-05 17:30:00+00:00,1.3628880149601785,1.367439374937404,1.3567342150923127,1.3612855750695383,1317.735399583267
2025-01-05 17:35:00+00:00,1.3612855750695383,1.3633781460909227,1.3554201676435287,1.357512738664913,795.9210933012719
2025-01-05 17:40:00+00:00,1.357512738664913,1.3603050652464859,1.35106399953925,1.3538563261208227,966.6958479041599
2025-01-05 17:45:00+00:00,1.3538563261208227,1.357477110269295,1.3481683141638992,1.3517890983123715,1343.9607725383319
2025-01-05 17:50:00+00:00,1.3517890983123715,1.3529939839519356,1.3479907797044577,1.3491956653440218,937.5540678516086
2025-01-05 17:55:00+00:00,1.3491956653440218,1.3531521745119846,1.340791755777589,1.3447482649455518,1128.0213756456428
2025-01-05 18:00:00+00:00,1.3447482649455518,1.3472720094393567,1.3380118763407034,1.3405356208345083,885.6779245544069
2025-01-05 18:05:00+00:00,1.3405356208345083,1.345316224525049,1.33365490068301,1.3384355043735507,1452.1301868335283
2025-01-05 18:10:00+00:00,1.3384355043735507,1.3419587880507482,1.335476124488107,1.3389994081653045,1014.4684105919516
2025-01-05 18:15:00+00:00,1.3389994081653045,1.3398091677913408,1.3307438936376539,1.3315536532636902,978.2218072340414
2025-01-05 18:20:00+00:00,1.3315536532636902,1.3357165729270242,1.3252980863054433,1.3294610059687773,1230.382645746428
2025-01-05 18:25:00+00:00,1.3294610059687773,1.3333385980923838,1.3219811790846872,1.3258587712082937,2333.4980163353353
2025-01-05 18:30:00+00:00,1.3258587712082937,1.3309199919466157,1.3187576008246307,1.3238188215629527,2596.948828493517
2025-01-05 18:35:00+00:00,1.3238188215629527,1.328234952974918,1.3174907475159108,1.321906878927876,3295.7219656202174
2025-01-05 18:40:00+00:00,1.321906878927876,1.3251809794917688,1.315422876422653,1.3186969769865458,2426.316031885834
2025-01-05 18:45:00+00:00,1.3186969769865458,1.3229494053803583,1.3095504699078468,1.3138028983016594,2487.5343541922925
2025-01-05 18:50:00+00:00,1.3138028983016594,1.3153504171983212,1.3067799440888508,1.3083274629855126,3547.137621590089
2025-01-05 18:55:00+00:00,1.3083274629855126,1.3131137959969972,1.2973463764832842,1.3021327094947688,1069.3982436469335
2025-01-05 19:00:00+00:00,1.3021327094947688,1.30626761664634,1.2966652164478343,1.3008001235994056,1056.668201748611
2025-01-05 19:05:00+00:00,1.3008001235994056,1.303694346452432,1.2943563976208738,1.2972506204739003,1392.4379814137228
2025-01-05 19:10:00+00:00,1.2972506204739003,1.298081799373701,1.2923839111558808,1.2932150900556816,819.2296177580303
2025-01-05 19:15:00+00:00,1.2932150900556816,1.295729620963567,1.287105601801106,1.2896201327089913,1492.9905416987406
2025-01-05 19:20:00+00:00,1.2896201327089913,1.291851516832212,1.2821922878727507,1.2844236719959714,1069.968901384145
2025-01-05 19:25:00+00:00,1.2844236719959714,1.2880347541566601,1.2781934938876747,1.2818045760483634,943.29115844782
2025-01-05 19:30:00+00:00,1.2818045760483634,1.2868742909100828,1.275712797255721,1.2807825121174403,992.9631140998035
2025-01-05 19:35:00+00:00,1.2807825121174403,1.282826671023447,1.2774782212167912,1.279522380122798,926.2780818936291
2025-01-05 19:40:00+00:00,1.279522380122798,1.2843221650685699,1.26936366254328,1.2741634474890517,1320.3578594684927
2025-01-05 19:45:00+00:00,1.2741634474890517,1.2778494450845876,1.2696536756004138,1.2733396731959497,955.0137293300397
2025-01-05 19:50:00+00:00,1.2733396731959497,1.2746819599072758,1.2679769140998784,1.2693192008112046,660.527896498236
2025-01-05 19:55:00+00:00,1.2693192008112046,1.2729421658565063,1.2599959068578113,1.263618871903113,936.6157299759888
2025-01-05 20:00:00+00:00,1.263618871903113,1.26668915343993,1.255958895582663,1.2590291771194801,1301.6190682207807
2025-01-05 20:05:00+00:00,1.2590291771194801,1.2608579406811353,1.2530783498582074,1.2549071134198626,1035.6097016782055
2025-01-05 20:10:00+00:00,1.2549071134198626,1.2561164835251093,1.2510872775441697,1.2522966476494164,935.9510193694496
2025-01-05 20:15:00+00:00,1.2522966476494164,1.2536397205043188,1.2468709041225472,1.2482139769774496,840.27062938516
2025-01-05 20:20:00+00:00,1.2482139769774496,1.2526132038581927,1.2390913664864314,1.2434905933671745,1455.1407159879268
2025-01-05 20:25:00+00:00,1.2434905933671745,1.2461710778791022,1.2380186733620318,1.2406991578739595,949.9000877086758
2025-01-05 20:30:00+00:00,1.2406991578739595,1.2443111844413002,1.23761877800495,1.2412308045722906,1268.4140346496004
2025-01-05 20:35:00+00:00,1.2412308045722906,1.2450414999619528,1.2341067547632503,1.2379174501529124,664.799874971192
2025-01-05 20:40:00+00:00,1.2379174501529124,1.2394382862008837,1.2348838303180596,1.2364046663660309,1017.2095089818662
2025-01-05 20:45:00+00:00,1.2364046663660309,1.2380954641167807,1.2326954915554518,1.2343862893062016,876.868427378801
2025-01-05 20:50:00+00:00,1.2343862893062016,1.2402323561186959,1.2304052522402753,1.2362513190527695,1019.71953397132
2025-01-05 20:55:00+00:00,1.2362513190527695,1.2381980553751106,1.2294819370197578,1.231428673342099,1133.0636489418803
2025-01-05 21:00:00+00:00,1.231428673342099,1.2326954294680201,1.2298319690028334,1.2310987251287546,981.694849683301
2025-01-05 21:05:00+00:00,1.2310987251287546,1.2351844684600948,1.2232357355473396,1.2273214788786797,2642.592343302635
2025-01-05 21:10:00+00:00,1.2273214788786797,1.22923629117822,1.2227091330679527,1.224623945367493,3176.0077218434485
2025-01-05 21:15:00+00:00,1.224623945367493,1.2257671417701275,1.2215703319013305,1.222713528303965,2463.7927275088978
2025-01-05 21:20:00+00:00,1.222713528303965,1.2289987443500627,1.2193914641383155,1.2256766801844132,1801.7525939593731
2025-01-05 21:25:00+00:00,1.2256766801844132,1.2273973884034204,1.221166964936562,1.2228876731555691,3063.0844225430287
2025-01-05 21:30:00+00:00,1.2228876731555691,1.2241074718112828,1.2172843055267122,1.2185041041824258,2022.468903788923
2025-01-05 21:35:00+00:00,1.2185041041824258,1.2205273805000862,1.216807535111877,1.2188308114295374,1088.4439821201074
2025-01-05 21:40:00+00:00,1.2188308114295374,1.2221148228330925,1.2127919022824247,1.2160759136859798,1425.4463063077803
2025-01-05 21:45:00+00:00,1.2160759136859798,1.2179278359808372,1.2123804759311634,1.2142323982260208,1125.125592782679
2025-01-05 21:50:00+00:00,1.2142323982260208,1.2151928659968634,1.2117827545208075,1.21274322229165,1052.4898114189536
2025-01-05 21:55:00+00:00,1.21274322229165,1.215445891775508,1.2087583606378514,1.2114610301217092,1036.9942953277803
2025-01-05 22:00:00+00:00,1.2114610301217092,1.2133014998219935,1.2079771411012916,1.209817610801576,806.6421921251975
2025-01-05 22:05:00+00:00,1.209817610801576,1.2110845793199518,1.2075657144261496,1.2088326829445255,984.4268941112906
2025-01-05 22:10:00+00:00,1.2088326829445255,1.2115838420375071,1.2052878430170155,1.2080390021099972,804.8100019530306
2025-01-05 22:15:00+00:00,1.2080390021099972,1.2101168570445664,1.2058569348477295,1.2079347897822987,1217.1443677795717
2025-01-05 22:20:00+00:00,1.2079347897822987,1.2109731886230282,1.202945255385667,1.2059836542263964,974.0914190622825
2025-01-05 22:25:00+00:00,1.2059836542263964,1.2097493405151558,1.199809767529006,1.2035754538177654,1091.0309136260082
2025-01-05 22:30:00+00:00,1.2035754538177654,1.2061488667082623,1.1981448158375947,1.2007182287280915,1418.4422945016977
2025-01-05 22:35:00+00:00,1.2007182287280915,1.2049381505196737,1.1960265425122636,1.2002464643038457,1337.951396713276
2025-01-05 22:40:00+00:00,1.2002464643038457,1.2010205652790393,1.1980723777827358,1.1988464787579294,1179.365697443133
2025-01-05 22:45:00+00:00,1.1988464787579294,1.2025213447534315,1.1946220060797081,1.1982968720752103,1345.9258263221566
2025-01-05 22:50:00+00:00,1.1982968720752103,1.1992724526761194,1.196733174382257,1.197708754983166,1306.7315686766974
2025-01-05 22:55:00+00:00,1.197708754983166,1.1998055689906644,1.1966526370440018,1.1987494510515002,1093.5518869092816
2025-01-05 23:00:00+00:00,1.1987494510515002,1.2020191175232946,1.194369513630806,1.1976391801026003,1282.0107187780159
2025-01-05 23:05:00+00:00,1.1976391801026003,1.20178290444867,1.1931396862437287,1.1972834105897985,1544.7007017391363
2025-01-05 23:10:00+00:00,1.1972834105897985,1.1989581683979242,1.1924156045715149,1.1940903623796406,1025.9354293798597
2025-01-05 23:15:00+00:00,1.1940903623796406,1.1967960209237563,1.1883387717611884,1.191044430305304,1167.1187519214288
2025-01-05 23:20:00+00:00,1.191044430305304,1.1948296407796903,1.1852777955487706,1.1890630060231568,738.7182869608956
2025-01-05 23:25:00+00:00,1.1890630060231568,1.1904237869057863,1.1843932099770864,1.185753990859716,888.9433617554101
2025-01-05 23:30:00+00:00,1.185753990859716,1.1880567095003978,1.1828142008651654,1.1851169195058473,1126.2525662856426
2025-01-05 23:35:00+00:00,1.1851169195058473,1.1881596521788358,1.178518176385284,1.1815609090582726,986.8648219006117
2025-01-05 23:40:00+00:00,1.1815609090582726,1.185402681225601,1.1761063964829372,1.1799481686502657,1160.5497303635996
2025-01-05 23:45:00+00:00,1.1799481686502657,1.1828931976323642,1.1717734833607856,1.174718512342884,2245.6709237321234
2025-01-05 23:50:00+00:00,1.174718512342884,1.1759032256308277,1.1701743436554788,1.1713590569434225,2303.566592417949
2025-01-05 23:55:00+00:00,1.1713590569434225,1.175341511817984,1.1650452678844816,1.169027722759043,2378.5108432234833
2025-01-06 00:00:00+00:00,1.169027722759043,1.1729233543188908,1.1628609605633882,1.166756592123236,2066.560953206852
2025-01-06 00:05:00+00:00,1.166756592123236,1.1702786164377332,1.1587709530805073,1.1622929773950046,2848.3709730416713
2025-01-06 00:10:00+00:00,1.1622929773950046,1.165850270973961,1.1568746575316586,1.1604319511106151,2015.0606767073978
2025-01-06 00:15:00+00:00,1.1604319511106151,1.1628617371230723,1.1572908117098517,1.1597205977223088,1108.362522481459
2025-01-06 00:20:00+00:00,1.1597205977223088,1.162936386959019,1.1552814742044064,1.1584972634411166,1499.5000115209448
2025-01-06 00:25:00+00:00,1.1584972634411166,1.163113757852709,1.1507874420003827,1.1554039364119753,1130.804959910239
2025-01-06 00:30:00+00:00,1.1554039364119753,1.1599120138303796,1.1478521370414931,1.1523602144598974,941.2711207823982
2025-01-06 00:35:00+00:00,1.1523602144598974,1.1536838740640307,1.1471187593308807,1.148442418935014,964.3304786598288
2025-01-06 00:40:00+00:00,1.148442418935014,1.1515747487336667,1.1438475305928988,1.1469798603915515,1261.593357796754
2025-01-06 00:45:00+00:00,1.1469798603915515,1.1510346099603874,1.1425272536482982,1.146582003217134,1294.6521696271532
2025-01-06 00:50:00+00:00,1.146582003217134,1.1473943636892625,1.1426168770991028,1.1434292375712312,921.8852983798145
2025-01-06 00:55:00+00:00,1.1434292375712312,1.1462898146473168,1.1357723521509018,1.1386329292269874,938.3271335603413
2025-01-06 01:00:00+00:00,1.1386329292269874,1.139660482252335,1.1353667735690516,1.1363943265943992,1797.7579025179239
2025-01-06 01:05:00+00:00,1.1363943265943992,1.1376908190328987,1.1335097758075845,1.134806268246084,889.6094157866962
2025-01-06 01:10:00+00:00,1.134806268246084,1.1367892950157101,1.1265405216011428,1.128523548370769,1596.0699838930507
2025-01-06 01:15:00+00:00,1.128523548370769,1.1312806147477243,1.1233380938918125,1.1260951602687679,1149.640859255751
2025-01-06 01:20:00+00:00,1.1260951602687679,1.1290686678416177,1.1233973716894894,1.1263708792623393,935.721628496807
2025-01-06 01:25:00+00:00,1.1263708792623393,1.1289173659240375,1.122251839971402,1.1247983266331003,1031.7269536435817
2025-01-06 01:30:00+00:00,1.1247983266331003,1.129121699801969,1.1185108026021333,1.122834175771002,1003.5787288043429
2025-01-06 01:35:00+00:00,1.122834175771002,1.125392271704081,1.1180897564957888,1.1206478524288677,1003.3448514073414
2025-01-06 01:40:00+00:00,1.1206478524288677,1.1240795328499482,1.1158975603960222,1.1193292408171027,1203.2358077578435
2025-01-06 01:45:00+00:00,1.1193292408171027,1.1211918625043313,1.1134468497378027,1.1153094714250313,718.5700240668227
2025-01-06 01:50:00+00:00,1.1153094714250313,1.1187606085137038,1.1079661046353029,1.1114172417239754,1425.5474610753163
2025-01-06 01:55:00+00:00,1.1114172417239754,1.1148752847717622,1.1057362056516957,1.1091942486994826,1226.9737976022463
2025-01-06 02:00:00+00:00,1.1091942486994826,1.1123377659464329,1.1023745677043084,1.1055180849512587,897.649737669617
2025-01-06 02:05:00+00:00,1.1055180849512587,1.1089818583933795,1.0996364493575768,1.1031002227996975,742.8466805957563
2025-01-06 02:10:00+00:00,1.1031002227996975,1.1058483507239294,1.0950765566562823,1.0978246845805142,1665.435297022827
2025-01-06 02:15:00+00:00,1.0978246845805142,1.1016552199079088,1.0922558564616687,1.0960863917890633,736.9786266704367
2025-01-06 02:20:00+00:00,1.0960863917890633,1.099822791889338,1.0907403798344468,1.0944767799347215,1181.6528226531884
2025-01-06 02:25:00+00:00,1.0944767799347215,1.0953910388209498,1.090915170634734,1.0918294295209623,2766.7277575632543
2025-01-06 02:30:00+00:00,1.0918294295209623,1.0940835886027405,1.087108774344369,1.0893629334261472,1785.657531917964
2025-01-06 02:35:00+00:00,1.0893629334261472,1.0903672120352608,1.0878190379741226,1.0888233165832362,3244.534004141266
2025-01-06 02:40:00+00:00,1.0888233165832362,1.0929746565339657,1.080631237622258,1.0847825775729876,1639.0400363036836
2025-01-06 02:45:00+00:00,1.0847825775729876,1.0869684973819373,1.0788185150572775,1.0810044348662273,1548.5693930641407
2025-01-06 02:50:00+00:00,1.0810044348662273,1.0823725662374826,1.0756682002943834,1.0770363316656386,799.5135366040906
2025-01-06 02:55:00+00:00,1.0770363316656386,1.0807219023056558,1.0702925602221773,1.0739781308621945,888.3179431710413
2025-01-06 03:00:00+00:00,1.0739781308621945,1.074839925702049,1.0693497180805742,1.0702115129204286,1545.73194592566
2025-01-06 03:05:00+00:00,1.0702115129204286,1.0713213229224658,1.0667294940422327,1.06783930404427,806.23455709921
2025-01-06 03:10:00+00:00,1.06783930404427,1.070901092030686,1.0615728999123002,1.0646346878987163,1750.9619658843078
2025-01-06 03:15:00+00:00,1.0646346878987163,1.06704829069035,1.0580531249279908,1.0604667277196245,1143.962233262288
2025-01-06 03:20:00+00:00,1.0604667277196245,1.0619829825073634,1.0547162035304969,1.0562324583182359,1404.4049112471462
2025-01-06 03:25:00+00:00,1.0562324583182359,1.0588892675909745,1.0528979131270844,1.055554722399823,1243.9175145132333
2025-01-06 03:30:00+00:00,1.055554722399823,1.0568459105950072,1.0520152665427422,1.0533064547379265,905.8378641839176
2025-01-06 03:35:00+00:00,1.0533064547379265,1.0549693404834317,1.0492502489062325,1.0509131346517377,1014.514025257774
2025-01-06 03:40:00+00:00,1.0509131346517377,1.053680868669446,1.0461280382021168,1.048895772219825,1225.41894056315
2025-01-06 03:45:00+00:00,1.048895772219825,1.0526540488795328,1.0430388909534434,1.0467971676131511,1214.3104303615216
2025-01-06 03:50:00+00:00,1.0467971676131511,1.049893930806983,1.042709910622585,1.045806673816417,1797.5536063943612
2025-01-06 03:55:00+00:00,1.045806673816417,1.048680751996669,1.0417524833444731,1.0446265615247252,870.0769208467993
2025-01-06 04:00:00+00:00,1.0446265615247252,1.0478707664270248,1.0388145094700196,1.0420587143723192,1405.173340851325
2025-01-06 04:05:00+00:00,1.0420587143723192,1.0439546477010286,1.0373615892931347,1.0392575226218441,1446.5569179476101
2025-01-06 04:10:00+00:00,1.0392575226218441,1.0433332880100856,1.0321120969145388,1.0361878623027803,1411.9521141301404
2025-01-06 04:15:00+00:00,1.0361878623027803,1.038914304390481,1.0302473804327048,1.0329738225204055,1878.2938479098295
2025-01-06 04:20:00+00:00,1.0329738225204055,1.0345508822720495,1.0315259653427844,1.0331030250944284,2132.372579800268
2025-01-06 04:25:00+00:00,1.0331030250944284,1.0337479359632122,1.0297643544107289,1.0304092652795127,3197.8737667845653
2025-01-06 04:30:00+00:00,1.0304092652795127,1.0313239449032257,1.0254952616322635,1.0264099412559764,2019.6150871802295
2025-01-06 04:35:00+00:00,1.0264099412559764,1.0276332950521254,1.0226904353003763,1.0239137890965253,1683.3461049227064
2025-01-06 04:40:00+00:00,1.0239137890965253,1.0270502077459933,1.018397086775064,1.021533505424532,2034.6412221949006
2025-01-06 04:45:00+00:00,1.021533505424532,1.02495324665467,1.0171474843023773,1.0205672255325153,3242.4520843727323
2025-01-06 04:50:00+00:00,1.0205672255325153,1.024374185478434,1.0143458739737319,1.0181528339196506,1729.8301591016302
2025-01-06 04:55:00+00:00,1.0181528339196506,1.0209511816199655,1.0147138788512635,1.0175122265515784,1578.931975489987
2025-01-06 05:00:00+00:00,1.0175122265515784,1.02196436877151,1.015940343085737,1.0203924853056687,2219.29463042521
2025-01-06 05:05:00+00:00,1.0203924853056687,1.0279091620542153,1.0168726407781614,1.024389317526708,5186.655076483765
2025-01-06 05:10:00+00:00,1.024389317526708,1.0334901460696304,1.0204388239845532,1.0295396525274756,5198.491005446849
2025-01-06 05:15:00+00:00,1.0295396525274756,1.0386299298198425,1.0264958955092713,1.0355861728016382,5059.292773785205
2025-01-06 05:20:00+00:00,1.0355861728016382,1.0406004641899864,1.034802927216804,1.0398172186051522,5566.990614916505
2025-01-06 05:25:00+00:00,1.0398172186051522,1.0429591074500857,1.0377994195427354,1.0409413083876689,6853.2210648537775
2025-01-06 05:30:00+00:00,1.0409413083876689,1.0444549205236264,1.039511005908263,1.0430246180442206,3131.3661646063656
2025-01-06 05:35:00+00:00,1.0430246180442206,1.0499005028068429,1.0390632159608442,1.0459391007234664,2552.5569110613415
2025-01-06 05:40:00+00:00,1.0459391007234664,1.0546707766193162,1.0424293456891076,1.0511610215849574,2171.1635308738773
2025-01-06 05:45:00+00:00,1.0511610215849574,1.0554336177076964,1.0503755777441321,1.0546481738668712,1608.971631940172
2025-01-06 05:50:00+00:00,1.0546481738668712,1.0616017064933065,1.0518603045859416,1.058813837212377,1686.2579505640392
2025-01-06 05:55:00+00:00,1.058813837212377,1.0654243177059008,1.0546240656703367,1.0612345461638606,1398.570702159514
2025-01-06 06:00:00+00:00,1.0612345461638606,1.0671110482639414,1.0587504293143253,1.0646269314144061,1708.0508761179458
2025-01-06 06:05:00+00:00,1.0646269314144061,1.0720399211312108,1.0607675473809322,1.0681805370977369,2049.3959725709997
2025-01-06 06:10:00+00:00,1.0681805370977369,1.0737971657060321,1.0646026257098857,1.070219254318181,2430.375257538898
2025-01-06 06:15:00+00:00,1.070219254318181,1.0761385417166114,1.0679101120919205,1.073829399490351,1460.1365609279692
2025-01-06 06:20:00+00:00,1.073829399490351,1.0800129650040822,1.071623097577098,1.0778066630908292,2772.4206504722815
2025-01-06 06:25:00+00:00,1.0778066630908292,1.0813273518436255,1.0766554338932819,1.0801761226460782,1878.2956872160728
2025-01-06 06:30:00+00:00,1.0801761226460782,1.0859357516339518,1.0782891801377812,1.0840488091256548,1234.6490880403749
2025-01-06 06:35:00+00:00,1.0840488091256548,1.0899968040586656,1.082775238797962,1.0887232337309727,2139.5492089241675
2025-01-06 06:40:00+00:00,1.0887232337309727,1.095082663049639,1.0849473379146033,1.0913067672332697,1559.0603375454875
2025-01-06 06:45:00+00:00,1.0913067672332697,1.0966260791986724,1.088449938804427,1.0937692507698298,1580.4703479429782
2025-01-06 06:50:00+00:00,1.0937692507698298,1.0999250501500626,1.089630632033016,1.0957864314132488,1933.5463408142361
2025-01-06 06:55:00+00:00,1.0957864314132488,1.0994785494820023,1.0936616913352253,1.0973538094039788,1488.4473797335268
2025-01-06 07:00:00+00:00,1.0973538094039788,1.1031499540687013,1.0941025280403196,1.0998986727050422,1992.6369122525264
2025-01-06 07:05:00+00:00,1.0998986727050422,1.1054117686904985,1.0961354131393728,1.1016485091248291,2052.2751172649528
2025-01-06 07:10:00+00:00,1.1016485091248291,1.1040833347718229,1.1010470337366887,1.1034818593836824,2600.551697214221
2025-01-06 07:15:00+00:00,1.1034818593836824,1.1064539752098757,1.101681286707031,1.1046534025332242,1553.4863196885563
2025-01-06 07:20:00+00:00,1.1046534025332242,1.1069999077896444,1.1024142686780298,1.10476077393445,1449.9774569279346
2025-01-06 07:25:00+00:00,1.10476077393445,1.1097536983966587,1.1006146217483175,1.1056075462105261,3739.8448358592946
2025-01-06 07:30:00+00:00,1.1056075462105261,1.112012083036491,1.1016774994648662,1.108082036290831,1682.8566879992857
2025-01-06 07:35:00+00:00,1.108082036290831,1.1093751120763535,1.1071999210090293,1.1084929967945518,2745.900539286088
2025-01-06 07:40:00+00:00,1.1084929967945518,1.1138260339776804,1.1042277265959364,1.109560763779065,4180.887412830945
2025-01-06 07:45:00+00:00,1.109560763779065,1.1166306760778344,1.106560461661017,1.1136303739597864,3945.4613684395345
2025-01-06 07:50:00+00:00,1.1136303739597864,1.1178081055696352,1.1127906734040225,1.1169684050138713,7410.582214535608
2025-01-06 07:55:00+00:00,1.1169684050138713,1.1210771167947173,1.113709486683473,1.117818198464319,5372.6572787339255
2025-01-06 08:00:00+00:00,1.117818198464319,1.124271927712405,1.1139039273848619,1.1203576566329478,3886.5603615602345
2025-01-06 08:05:00+00:00,1.1203576566329478,1.12273948566662,1.1187813085588942,1.1211631375925664,4078.700430906892
2025-01-06 08:10:00+00:00,1.1211631375925664,1.1268230501844831,1.1193301738632422,1.124990086455159,2369.150036841044
2025-01-06 08:15:00+00:00,1.124990086455159,1.1274448634372127,1.1233330119226819,1.1257877889047356,1898.8924118925304
2025-01-06 08:20:00+00:00,1.1257877889047356,1.130778547467741,1.1224519386332945,1.1274426971962999,2260.1807773375376
2025-01-06 08:25:00+00:00,1.1274426971962999,1.1342316497907945,1.1240344214445925,1.1308233740390872,1819.3856660811698
2025-01-06 08:30:00+00:00,1.1308233740390872,1.1347969696456224,1.127192080751652,1.1311656763581872,1903.9463838959211
2025-01-06 08:35:00+00:00,1.1311656763581872,1.1385931016820445,1.1269416896548565,1.1343691149787138,2112.20364990894
2025-01-06 08:40:00+00:00,1.1343691149787138,1.1359430638553965,1.1330796958589253,1.134653644735608,1890.9950089747483
2025-01-06 08:45:00+00:00,1.134653644735608,1.1397302224518353,1.131268622652698,1.1363452003689254,1406.1003162590068
2025-01-06 08:50:00+00:00,1.1363452003689254,1.1404211694929056,1.1332063461439756,1.1372823152679559,2029.6640568254743
2025-01-06 08:55:00+00:00,1.1372823152679559,1.1400942374822167,1.135666616367675,1.1384785385819358,1544.6715989056638
2025-01-06 09:00:00+00:00,1.1384785385819358,1.1444566762298998,1.134017076470576,1.1399952141185399,1790.4206145374892
2025-01-06 09:05:00+00:00,1.1399952141185399,1.1436514738256012,1.1375195919735885,1.1411758516806498,1762.3654360898286
2025-01-06 09:10:00+00:00,1.1411758516806498,1.1455356958447527,1.1366929287764092,1.141052772940512,1514.644247818309
2025-01-06 09:15:00+00:00,1.141052772940512,1.1479639940515316,1.1365917297650805,1.1435029508761,3178.4275183881778
2025-01-06 09:20:00+00:00,1.1435029508761,1.1499348892901067,1.1393207606537237,1.1457526990677303,1352.2118393103951
2025-01-06 09:25:00+00:00,1.1457526990677303,1.1512125371554325,1.1433308200268735,1.1487906581145757,2658.2504683117636
2025-01-06 09:30:00+00:00,1.1487906581145757,1.1536755650109738,1.1470866401847923,1.1519715470811904,1443.4807995844665
2025-01-06 09:35:00+00:00,1.1519715470811904,1.15490778913949,1.1484559227253166,1.1513921647836163,1743.6262552494707
2025-01-06 09:40:00+00:00,1.1513921647836163,1.156855357863218,1.1489985322244265,1.1544617253040281,2458.2844736619663
2025-01-06 09:45:00+00:00,1.1544617253040281,1.1600479159272072,1.1519860192100102,1.1575722098331893,1981.6489375181375
2025-01-06 09:50:00+00:00,1.1575722098331893,1.1597332607030781,1.1560037249937338,1.1581647758636227,2075.6464734469996
2025-01-06 09:55:00+00:00,1.1581647758636227,1.1649688775833855,1.154161897721767,1.1609659994415298,3175.728474098375
2025-01-06 10:00:00+00:00,1.1609659994415298,1.1679635543853106,1.157405796225635,1.1644033511694158,2326.559930363159
2025-01-06 10:05:00+00:00,1.1644033511694158,1.1691837649058863,1.1602922947261722,1.1650727084626427,2697.2210703735423
2025-01-06 10:10:00+00:00,1.1650727084626427,1.1678216203219338,1.1618538211534566,1.1646027330127477,2077.1990623143724
2025-01-06 10:15:00+00:00,1.1646027330127477,1.1665564402732402,1.1636419056695078,1.1655956129300002,2011.2732862922257
2025-01-06 10:20:00+00:00,1.1655956129300002,1.1751716779567196,1.161475757425754,1.1710518224524733,4387.797350651216
2025-01-06 10:25:00+00:00,1.1710518224524733,1.1738448563881156,1.1701810308979974,1.1729740648336398,6542.667418358118
2025-01-06 10:30:00+00:00,1.1729740648336398,1.1741948295487656,1.171682423976039,1.172903188691165,1978.21958038706
2025-01-06 10:35:00+00:00,1.172903188691165,1.1787026928102795,1.1684359034873788,1.1742354076064934,4804.139852634657
2025-01-06 10:40:00+00:00,1.1742354076064934,1.1774714164820959,1.1713397650527622,1.1745757739283647,4937.872641152809
2025-01-06 10:45:00+00:00,1.1745757739283647,1.1791744600914156,1.1712100321294505,1.1758087182925014,2847.061314062882
2025-01-06 10:50:00+00:00,1.1758087182925014,1.1817701354049774,1.171835450786615,1.177796867899091,2091.5140164546838
2025-01-06 10:55:00+00:00,1.177796867899091,1.1811204386513472,1.172766162533347,1.176089733285603,1858.5887846207909
2025-01-06 11:00:00+00:00,1.176089733285603,1.1809886498445417,1.1736690730711954,1.178567989630134,1550.314828485106
2025-01-06 11:05:00+00:00,1.178567989630134,1.185444234141841,1.175729147795093,1.1826053923068,2073.046797244846
2025-01-06 11:10:00+00:00,1.1826053923068,1.1866668081451137,1.1803612745970955,1.1844226904354092,1484.3541332058346
2025-01-06 11:15:00+00:00,1.1844226904354092,1.1890276343193225,1.1814336756536918,1.1860386195376051,2847.3757987061913
2025-01-06 11:20:00+00:00,1.1860386195376051,1.1904263749551331,1.1854345174911158,1.1898222729086438,1427.6908691779656
2025-01-06 11:25:00+00:00,1.1898222729086438,1.193013988377445,1.1871096578089362,1.1903013732777374,1459.5077042208814
2025-01-06 11:30:00+00:00,1.1903013732777374,1.1915635632394888,1.1896066486933992,1.1908688386551505,1761.3761605099621
2025-01-06 11:35:00+00:00,1.1908688386551505,1.1923401995660141,1.189815917225174,1.1912872781360377,1959.266496571959
2025-01-06 11:40:00+00:00,1.1912872781360377,1.1976592227271317,1.1871549431677424,1.1935268877588363,2313.7355813004665
2025-01-06 11:45:00+00:00,1.1935268877588363,1.199976857961796,1.1901669652088296,1.1966169354117893,2122.134040251493
2025-01-06 11:50:00+00:00,1.1966169354117893,1.2004344944938674,1.1952528878023583,1.1990704468844364,2002.4872332672778
2025-01-06 11:55:00+00:00,1.1990704468844364,1.206249527901569,1.195324397420224,1.2025034784373565,1028.4738540939939
2025-01-06 12:00:00+00:00,1.2025034784373565,1.2090136992373963,1.1998913278067411,1.206401548606781,1758.7030615809124
2025-01-06 12:05:00+00:00,1.206401548606781,1.2110489098616883,1.2052255981067035,1.2098729593616109,1923.4980676304824
2025-01-06 12:10:00+00:00,1.2098729593616109,1.2160462436588697,1.2053251155994085,1.2114983998966673,2490.202022152171
2025-01-06 12:15:00+00:00,1.2114983998966673,1.2150393663157,1.210412133000679,1.2139530994197116,1516.421021958904
2025-01-06 12:20:00+00:00,1.2139530994197116,1.2193583313413,1.2132595572844405,1.2186647892060287,2167.6531604777615
2025-01-06 12:25:00+00:00,1.2186647892060287,1.221769080663802,1.2169590113215203,1.2200633027792935,1779.7117194162574
2025-01-06 12:30:00+00:00,1.2200633027792935,1.223639034025802,1.2190802755215906,1.2226560067680992,1608.5704138306455
2025-01-06 12:35:00+00:00,1.2226560067680992,1.2257229479238536,1.2219717918810573,1.2250387330368118,1954.5497037820633
2025-01-06 12:40:00+00:00,1.2250387330368118,1.2312179278480762,1.2216176654694282,1.2277968602806926,1860.3127019485187
2025-01-06 12:45:00+00:00,1.2277968602806926,1.2304389753121312,1.226614478331009,1.2292565933624475,2029.8081480533426
2025-01-06 12:50:00+00:00,1.2292565933624475,1.2333701454898789,1.226213282183125,1.2303268343105564,1930.499452821309
2025-01-06 12:55:00+00:00,1.2303268343105564,1.2388599152043223,1.228657784155916,1.237190865049682,2459.6087870047413
2025-01-06 13:00:00+00:00,1.237190865049682,1.2464047982862563,1.2324820119690405,1.2416959452056149,5297.862145608944
2025-01-06 13:05:00+00:00,1.2416959452056149,1.2453007919896952,1.2401344355625397,1.24373928234662,3314.4690037675737
2025-01-06 13:10:00+00:00,1.24373928234662,1.2496540128514924,1.240843945218828,1.2467586757237004,6323.326242749873
2025-01-06 13:15:00+00:00,1.2467586757237004,1.254723114426305,1.2429154031950822,1.2508798418976868,6108.9066724637805
2025-01-06 13:20:00+00:00,1.2508798418976868,1.2554567437819197,1.2488881427047447,1.2534650445889777,5376.178942778772
2025-01-06 13:25:00+00:00,1.2534650445889777,1.261774805068928,1.2491756513600027,1.257485411839953,4547.21623532361
2025-01-06 13:30:00+00:00,1.257485411839953,1.2616467714063,1.2554713519283163,1.2596327114946633,3198.0839170280747
2025-01-06 13:35:00+00:00,1.2596327114946633,1.2644901088882754,1.2572882630272522,1.2621456604208643,1800.7839751373588
2025-01-06 13:40:00+00:00,1.2621456604208643,1.2675863203490056,1.2596075196344743,1.2650481795626156,2101.4137322460833
2025-01-06 13:45:00+00:00,1.2650481795626156,1.269847224150292,1.2625563947391891,1.2673554393268656,1559.087373279277
2025-01-06 13:50:00+00:00,1.2673554393268656,1.270683792830143,1.2632634605364395,1.266591814039717,2075.955490748027
2025-01-06 13:55:00+00:00,1.266591814039717,1.271189987084772,1.2649517337533973,1.2695499067984524,2658.520008537439
2025-01-06 14:00:00+00:00,1.2695499067984524,1.2749394868990542,1.2674468635652265,1.2728364436658284,1781.8138877831398
2025-01-06 14:05:00+00:00,1.2728364436658284,1.278072294096937,1.2711753194765791,1.2764111699076877,2421.8731962672628
2025-01-06 14:10:00+00:00,1.2764111699076877,1.2795651983597087,1.274533852410333,1.277687880862354,1562.2249068407366
2025-01-06 14:15:00+00:00,1.277687880862354,1.2850271322058684,1.2736275515291982,1.2809668028727126,2255.4535978429544
2025-01-06 14:20:00+00:00,1.2809668028727126,1.2874689464141316,1.2774968807179115,1.2839990242593304,2997.5625499899816
2025-01-06 14:25:00+00:00,1.2839990242593304,1.2889674822277752,1.2789495843806602,1.283918042349105,1866.5160481268606
2025-01-06 14:30:00+00:00,1.283918042349105,1.28882651922902,1.2782007735135092,1.2831092503934243,1939.370959342921
2025-01-06 14:35:00+00:00,1.2831092503934243,1.28793327380289,1.2815427141841937,1.2863667375936594,2615.059326526295
2025-01-06 14:40:00+00:00,1.2863667375936594,1.288946589449191,1.2847770949128314,1.287356946768363,2561.5306389698458
2025-01-06 14:45:00+00:00,1.287356946768363,1.2960595601974427,1.2826090933819783,1.291311706811058,1958.402170736236
2025-01-06 14:50:00+00:00,1.291311706811058,1.2982631101041777,1.2900324146456252,1.296983817938745,2106.560448697474
2025-01-06 14:55:00+00:00,1.296983817938745,1.3024739571907822,1.292875597026647,1.2983657362786842,2004.1533170725854
2025-01-06 15:00:00+00:00,1.2983657362786842,1.3010396304584735,1.2968437942204283,1.2995176884002175,2519.4417457463182
2025-01-06 15:05:00+00:00,1.2995176884002175,1.3029667196957246,1.2982152062976438,1.3016642375931509,2338.8220092171323
2025-01-06 15:10:00+00:00,1.3016642375931509,1.3074833020684522,1.299005847844351,1.3048249123196523,2134.278331425733
2025-01-06 15:15:00+00:00,1.3048249123196523,1.308869110142675,1.3010477037617587,1.3050919015847815,1656.4655819507987
2025-01-06 15:20:00+00:00,1.3050919015847815,1.3135553024164919,1.30056972830862,1.3090331291403303,1367.3263766841212
2025-01-06 15:25:00+00:00,1.3090331291403303,1.3141386836680473,1.3074206530788095,1.3125262076065265,1239.1308054814247
2025-01-06 15:30:00+00:00,1.3125262076065265,1.3165667000742256,1.3114094382433534,1.3154499307110525,2205.2513317857392
2025-01-06 15:35:00+00:00,1.3154499307110525,1.3207372080213566,1.3111392981823966,1.3164265754927007,4257.472345583338
2025-01-06 15:40:00+00:00,1.3164265754927007,1.3223985984638118,1.3136835917382874,1.3196556147093985,5099.254798755282
2025-01-06 15:45:00+00:00,1.3196556147093985,1.3262328351400203,1.3161721623586413,1.3227493827892631,5492.260702551385
2025-01-06 15:50:00+00:00,1.3227493827892631,1.326114841447608,1.3191683105919108,1.3225337692502557,4307.02993852508
2025-01-06 15:55:00+00:00,1.3225337692502557,1.331706923398695,1.3183350450244997,1.327508199172939,4838.062961684755
2025-01-06 16:00:00+00:00,1.327508199172939,1.3339111891529276,1.3222421722712774,1.328645162251266,3371.3222628695935
2025-01-06 16:05:00+00:00,1.328645162251266,1.3345013810612816,1.3249610339520104,1.330817252762026,4484.737241834693
2025-01-06 16:10:00+00:00,1.330817252762026,1.3339016688250913,1.3284494654449324,1.3315338815079978,1478.2813730806881
2025-01-06 16:15:00+00:00,1.3315338815079978,1.3351616997474796,1.3300506784613206,1.3336784967008024,2308.7796702906962
2025-01-06 16:20:00+00:00,1.3336784967008024,1.3381976603890795,1.3325285342436572,1.3370476979319343,1457.3117730729477
2025-01-06 16:25:00+00:00,1.3370476979319343,1.3411523749482683,1.333142348823905,1.337247025840239,2564.4064971735165
2025-01-06 16:30:00+00:00,1.337247025840239,1.3391079923565725,1.3342122952368511,1.3360732617531847,1988.8091074046417
2025-01-06 16:35:00+00:00,1.3360732617531847,1.338792197914286,1.3341059848670411,1.3368249210281424,2364.146614725239
2025-01-06 16:40:00+00:00,1.3368249210281424,1.3395664223629542,1.333458986093816,1.3362004874286277,2212.2640061625175
2025-01-06 16:45:00+00:00,1.3362004874286277,1.3395918434252438,1.3330643672654992,1.3364557232621153,1403.0044443625193
2025-01-06 16:50:00+00:00,1.3364557232621153,1.3403490749191442,1.33383842686389,1.337731778520919,1451.703383717051
2025-01-06 16:55:00+00:00,1.337731778520919,1.3442693520865943,1.332582906842897,1.3391204804085721,2601.828480907547
2025-01-06 17:00:00+00:00,1.3391204804085721,1.3447801662100651,1.3370482539000368,1.3427079397015298,2217.942507459981
2025-01-06 17:05:00+00:00,1.3427079397015298,1.346208201448613,1.339105881600944,1.3426061433480272,2457.6187035353723
2025-01-06 17:10:00+00:00,1.3426061433480272,1.3454833652193263,1.3418573158349405,1.3447345377062396,3370.620700688146
2025-01-06 17:15:00+00:00,1.3447345377062396,1.346479447741875,1.3437614655500674,1.3455063755857026,2388.1999977048654
2025-01-06 17:20:00+00:00,1.3455063755857026,1.3509557265601944,1.3438921393561032,1.349341490330595,3008.7699096148217
2025-01-06 17:25:00+00:00,1.349341490330595,1.357127144630494,1.3473295507070164,1.3551152050069155,1928.0158022516166
2025-01-06 17:30:00+00:00,1.3551152050069155,1.360222473834292,1.35222120205862,1.3573284708859965,1707.6636410468122
2025-01-06 17:35:00+00:00,1.3573284708859965,1.3652476394687387,1.3539106513064332,1.3618298198891754,2107.3033605351698
2025-01-06 17:40:00+00:00,1.3618298198891754,1.3642591497576482,1.3603570241326597,1.3627863540011325,2068.992322450466
2025-01-06 17:45:00+00:00,1.3627863540011325,1.366225898610598,1.3586084570315078,1.3620480016409733,2172.5324975280787
2025-01-06 17:50:00+00:00,1.3620480016409733,1.3631189762927065,1.3608326604956422,1.3619036351473754,2452.3361388086914
2025-01-06 17:55:00+00:00,1.3619036351473754,1.3644533231492508,1.35876392878149,1.3613136167833655,2486.667422165431
2025-01-06 18:00:00+00:00,1.3613136167833655,1.3662896613232178,1.3568287309388893,1.3618047754787417,2772.795089713619
2025-01-06 18:05:00+00:00,1.3618047754787417,1.3664765008217703,1.3588561844614089,1.3635279098044375,1817.6140646038673
2025-01-06 18:10:00+00:00,1.3635279098044375,1.37147003990573,1.3596559125576122,1.3675980426589047,1705.490977697969
2025-01-06 18:15:00+00:00,1.3675980426589047,1.372764448466871,1.365839729870433,1.3710061356783994,2256.6682995835463
2025-01-06 18:20:00+00:00,1.3710061356783994,1.3781911113638556,1.366916347703865,1.3741013233893213,5428.621712649898
2025-01-06 18:25:00+00:00,1.3741013233893213,1.381233948263406,1.3686736773488848,1.3758063022229694,4785.858441060142
2025-01-06 18:30:00+00:00,1.3758063022229694,1.3809157671086891,1.3719803037651064,1.377089768650826,4747.867502469802
2025-01-06 18:35:00+00:00,1.377089768650826,1.3851181149773215,1.3716650659434766,1.379693412269972,7090.10126125873
2025-01-06 18:40:00+00:00,1.379693412269972,1.3872705870462405,1.3749671006221742,1.3825442753984427,5017.853517769206
2025-01-06 18:45:00+00:00,1.3825442753984427,1.3900852196287556,1.378125733657596,1.385666677887909,1548.4151577731438
2025-01-06 18:50:00+00:00,1.385666677887909,1.3920802465567825,1.3826424531152468,1.3890560217841204,1770.80407833806
2025-01-06 18:55:00+00:00,1.3890560217841204,1.395195062555569,1.3855638674114006,1.3917029081828491,3038.68683299387
2025-01-06 19:00:00+00:00,1.3917029081828491,1.3936021638577187,1.3894998722040515,1.391399127878921,2485.858186194492
2025-01-06 19:05:00+00:00,1.391399127878921,1.397468479639246,1.3864404539469313,1.3925098057072562,1412.6854290221954
2025-01-06 19:10:00+00:00,1.3925098057072562,1.3949286012596276,1.3917472319833908,1.3941660275357621,1605.0088403179104
2025-01-06 19:15:00+00:00,1.3941660275357621,1.4047208967719158,1.3895583922794694,1.400113261515623,2201.462767315093
2025-01-06 19:20:00+00:00,1.400113261515623,1.4078772872276069,1.3947973590626035,1.4025613847745872,1837.3241673275597
2025-01-06 19:25:00+00:00,1.4025613847745872,1.4092626804895634,1.4002238614420015,1.4069251571569776,2257.48532382402
2025-01-06 19:30:00+00:00,1.4069251571569776,1.4173495584904647,1.4022635322106156,1.4126879335441027,1528.1153136765397
2025-01-06 19:35:00+00:00,1.4126879335441027,1.419431856340268,1.4098512409693669,1.416595163765532,1984.8996537654834
2025-01-06 19:40:00+00:00,1.416595163765532,1.4242830078513096,1.4116285365279977,1.4193163806137752,2154.093178238614
2025-01-06 19:45:00+00:00,1.4193163806137752,1.426091265736669,1.4154740714883982,1.422248956611292,2339.9579972772203
2025-01-06 19:50:00+00:00,1.422248956611292,1.424962739679788,1.4212590367881184,1.4239728198566144,2050.1336906261695
2025-01-06 19:55:00+00:00,1.4239728198566144,1.4305928650989512,1.421381248651997,1.4280012938943338,1977.9994875265006
2025-01-06 20:00:00+00:00,1.4280012938943338,1.4342892689673274,1.4271880108187949,1.4334759858917885,1959.7636450955224
2025-01-06 20:05:00+00:00,1.4334759858917885,1.4425158557630695,1.428985585582482,1.438025455453763,2290.2334781895534
2025-01-06 20:10:00+00:00,1.438025455453763,1.4480701694964833,1.4329059303427463,1.4429506443854665,2370.457731818462
2025-01-06 20:15:00+00:00,1.4429506443854665,1.453578294295268,1.437179137495178,1.4478067874049794,1683.989258533887
2025-01-06 20:20:00+00:00,1.4478067874049794,1.4583331850228083,1.4443990466272858,1.4549254442451147,1653.5621947786115
2025-01-06 20:25:00+00:00,1.4549254442451147,1.4601799074983408,1.4522006968203498,1.457455160073576,2054.4215432991787
2025-01-06 20:30:00+00:00,1.457455160073576,1.464781588416359,1.4540414598735532,1.4613678882163363,1522.7448561104782
2025-01-06 20:35:00+00:00,1.4613678882163363,1.4692502869310815,1.4583588124025961,1.4662412111173413,1872.1705888904055
2025-01-06 20:40:00+00:00,1.4662412111173413,1.4743149554208141,1.4639948506881064,1.4720685949915793,3606.350396946466
2025-01-06 20:45:00+00:00,1.4720685949915793,1.477492005669448,1.465968588025279,1.4713919987031479,2256.39232372034
2025-01-06 20:50:00+00:00,1.4713919987031479,1.4768238008341552,1.4686213060666446,1.474053108197652,1771.832630771289
2025-01-06 20:55:00+00:00,1.474053108197652,1.4826108662793556,1.4686836052422572,1.4772413633239607,1750.5232789647678
2025-01-06 21:00:00+00:00,1.4772413633239607,1.482612050517461,1.473569521875818,1.4789402090693182,3693.718127125788
2025-01-06 21:05:00+00:00,1.4789402090693182,1.4890763937162694,1.4737995527479157,1.483935737394867,3358.4621512883464
2025-01-06 21:10:00+00:00,1.483935737394867,1.4919884867390523,1.479725876040168,1.4877786253843532,4077.7520883005895
2025-01-06 21:15:00+00:00,1.4877786253843532,1.4936716707841604,1.4845854987945681,1.4904785441943753,5247.449603550283
2025-01-06 21:20:00+00:00,1.4904785441943753,1.4953951429987598,1.485995235220078,1.4909118340244625,5532.408538147869
2025-01-06 21:25:00+00:00,1.4909118340244625,1.4963756533429098,1.486377937036255,1.4918417563547024,2425.641218463727
2025-01-06 21:30:00+00:00,1.4918417563547024,1.498606942133654,1.486551216172602,1.4933164019515537,673.8063640565116
2025-01-06 21:35:00+00:00,1.4933164019515537,1.5004762842391275,1.4901528621115578,1.4973127443991316,1173.545638116889
2025-01-06 21:40:00+00:00,1.4973127443991316,1.5017653723079438,1.4937863740675035,1.4982390019763157,908.9321415424707
2025-01-06 21:45:00+00:00,1.4982390019763157,1.502993527402671,1.492812669040916,1.4975671944672713,1141.0511194959972
2025-01-06 21:50:00+00:00,1.4975671944672713,1.501380201239402,1.4941194326476426,1.4979324394197733,1076.0251636982675
2025-01-06 21:55:00+00:00,1.4979324394197733,1.5037787686832857,1.4939261517619196,1.499772481025432,1007.2853536389091
2025-01-06 22:00:00+00:00,1.499772481025432,1.5076210591005936,1.497778884095519,1.5056274621706807,804.5198806540013
2025-01-06 22:05:00+00:00,1.5056274621706807,1.5188584953875657,1.4997022913665357,1.5129333245834207,1069.2689064308424
2025-01-06 22:10:00+00:00,1.5129333245834207,1.5188947965310406,1.5088042226259757,1.5147656945735957,1089.1012007623701
2025-01-06 22:15:00+00:00,1.5147656945735957,1.5233385304165337,1.5105472260787285,1.5191200619216665,1235.7296904896607
2025-01-06 22:20:00+00:00,1.5191200619216665,1.5289848805957673,1.5143824536793007,1.5242472723534015,1110.1495571640714
2025-01-06 22:25:00+00:00,1.5242472723534015,1.5340826025766574,1.5192669661906375,1.5291022964138934,873.1818182221652
2025-01-06 22:30:00+00:00,1.5291022964138934,1.532600859631677,1.527822648313123,1.5313212115309065,1592.3293101394497
2025-01-06 22:35:00+00:00,1.5313212115309065,1.5340701955301264,1.5285421097591017,1.5312910937583215,1647.3247285140146
2025-01-06 22:40:00+00:00,1.5312910937583215,1.5366641216513401,1.5273134035931202,1.5326864314861388,1015.635347904246
2025-01-06 22:45:00+00:00,1.5326864314861388,1.5387812589634076,1.5253933455636237,1.5314881730408925,789.18596449679
2025-01-06 22:50:00+00:00,1.5314881730408925,1.5376278192765418,1.527948027121299,1.5340876733569484,1957.6667861808662
2025-01-06 22:55:00+00:00,1.5340876733569484,1.5384053876433195,1.5333052971416765,1.5376230114280476,1649.9311802715301
2025-01-06 23:00:00+00:00,1.5376230114280476,1.543607486351136,1.5301920410644914,1.5361765159875798,1327.4738854336354
2025-01-06 23:05:00+00:00,1.5361765159875798,1.54180135279137,1.5324456968591376,1.538070533662928,741.570649040572
2025-01-06 23:10:00+00:00,1.538070533662928,1.5416723637143868,1.5369496970352776,1.5405515270867365,1688.277437842977
2025-01-06 23:15:00+00:00,1.5405515270867365,1.547399250641045,1.537914416918621,1.5447621404729295,1446.8386559065748
2025-01-06 23:20:00+00:00,1.5447621404729295,1.5551551237039305,1.5387887000162737,1.5491816832472747,938.6767563482633
2025-01-06 23:25:00+00:00,1.5491816832472747,1.5550756649783644,1.5466056374538837,1.5524996191849734,603.1169468134616
2025-01-06 23:30:00+00:00,1.5524996191849734,1.5568122017599524,1.5487031811003662,1.5530157636753452,1580.3258877797678
2025-01-06 23:35:00+00:00,1.5530157636753452,1.556653164364578,1.5504601941734257,1.5540975948626585,2074.6539638472855
2025-01-06 23:40:00+00:00,1.5540975948626585,1.5622146108231083,1.5499779191925198,1.5580949351529696,2506.3268911321916
2025-01-06 23:45:00+00:00,1.5580949351529696,1.5621286419597606,1.5546617981792892,1.5586955049860802,2876.695060299232
2025-01-06 23:50:00+00:00,1.5586955049860802,1.562916566238947,1.5561183341898988,1.5603393954427656,3220.123675765408
2025-01-06 23:55:00+00:00,1.5603393954427656,1.5662901663339446,1.5590354992061475,1.5649862700973265,2300.905245038304
2025-01-07 00:00:00+00:00,1.5649862700973265,1.569284943437328,1.5626508557381857,1.5669495290781872,2869.476018974125
2025-01-07 00:05:00+00:00,1.5669495290781872,1.5711348567356243,1.5619088208962464,1.5660941485536835,1196.6729008138893
2025-01-07 00:10:00+00:00,1.5660941485536835,1.5708832438862341,1.5624885276350866,1.5672776229676373,1064.7754085960319
2025-01-07 00:15:00+00:00,1.5672776229676373,1.5734628870017324,1.564053513376468,1.570238777410563,1273.5772425588816
2025-01-07 00:20:00+00:00,1.570238777410563,1.5755936108431583,1.5663068881344067,1.571661721567002,1050.8612850119052
2025-01-07 00:25:00+00:00,1.571661721567002,1.5785226089782336,1.5688057773667141,1.5756666647779458,1050.8904770945799
2025-01-07 00:30:00+00:00,1.5756666647779458,1.583604340271475,1.5720054476356562,1.5799431231291854,1065.3972512194975
2025-01-07 00:35:00+00:00,1.5799431231291854,1.5845576492077453,1.575984094535683,1.580598620614243,750.0509562515941
2025-01-07 00:40:00+00:00,1.580598620614243,1.5863245545577094,1.575850296883575,1.5815762308270414,938.8218823306725
2025-01-07 00:45:00+00:00,1.5815762308270414,1.5894929559227395,1.5754436406013845,1.5833603656970827,832.7858545193112
2025-01-07 00:50:00+00:00,1.5833603656970827,1.585398795426977,1.5810737046152517,1.583112134345146,1310.7547516418
2025-01-07 00:55:00+00:00,1.583112134345146,1.5921334227244717,1.5769019206884214,1.585923209067747,749.4161413473576
2025-01-07 01:00:00+00:00,1.585923209067747,1.5940044365152877,1.5796545912656028,1.5877358187131434,1781.4881084921656
2025-01-07 01:05:00+00:00,1.5877358187131434,1.5967473766033269,1.5824453876297857,1.5914569455199692,1145.2731218557778
2025-01-07 01:10:00+00:00,1.5914569455199692,1.5973862946407462,1.5866750586818632,1.5926044078026402,1090.1599891530823
2025-01-07 01:15:00+00:00,1.5926044078026402,1.5944659130022687,1.5914266040780418,1.5932881092776703,797.580940091554
2025-01-07 01:20:00+00:00,1.5932881092776703,1.6044179100062974,1.5881218674552784,1.5992516681839055,967.7430488248649
2025-01-07 01:25:00+00:00,1.5992516681839055,1.6043107514207084,1.5950283620077472,1.6000874452445502,1655.1599651286094
2025-01-07 01:30:00+00:00,1.6000874452445502,1.603765553533213,1.5978870934110567,1.6015652016997195,1113.7725722586033
2025-01-07 01:35:00+00:00,1.6015652016997195,1.605000502999467,1.5994052373464354,1.6028405386461828,735.0534884426343
2025-01-07 01:40:00+00:00,1.6028405386461828,1.6076971105684048,1.600163992821649,1.605020564743871,1359.4426168897564
2025-01-07 01:45:00+00:00,1.605020564743871,1.608713772020837,1.6024120917201927,1.606105298997159,1657.438178890048
2025-01-07 01:50:00+00:00,1.606105298997159,1.6091476644016305,1.600128293933831,1.6031706593383026,974.8403228347145
2025-01-07 01:55:00+00:00,1.6031706593383026,1.6069406836692748,1.5952848525194976,1.5990548768504698,1081.8590977742665
2025-01-07 02:00:00+00:00,1.5990548768504698,1.6042665260033444,1.5903687039024117,1.5955803530552863,1615.9881610048635
2025-01-07 02:05:00+00:00,1.5955803530552863,1.5985964982462688,1.5906658207554323,1.5936819659464148,597.5453677303965
2025-01-07 02:10:00+00:00,1.5936819659464148,1.5946352393690797,1.5915565516448094,1.5925098250674743,1492.9591904832303
2025-01-07 02:15:00+00:00,1.5925098250674743,1.5971513817887346,1.5863239098076614,1.5909654665289217,2046.5465564204048
2025-01-07 02:20:00+00:00,1.5909654665289217,1.5917682393796977,1.5863994185430303,1.5872021913938064,2677.108056125932
2025-01-07 02:25:00+00:00,1.5872021913938064,1.5906110791011432,1.5822635328711472,1.585672420578484,3292.6766641172057
2025-01-07 02:30:00+00:00,1.585672420578484,1.5900928515247288,1.578806807090897,1.5832272380371417,2969.282518674832
2025-01-07 02:35:00+00:00,1.5832272380371417,1.587420674802444,1.5766826406663959,1.5808760774316981,2765.593337563255
2025-01-07 02:40:00+00:00,1.5808760774316981,1.5861474330190033,1.5702584852988506,1.5755298408861558,3346.452775806692
2025-01-07 02:45:00+00:00,1.5755298408861558,1.5815234313374664,1.5687805731816429,1.5747741636329535,933.5498581296669
2025-01-07 02:50:00+00:00,1.5747741636329535,1.577392888163624,1.5699206383840656,1.5725393629147362,1152.7652423368893
2025-01-07 02:55:00+00:00,1.5725393629147362,1.5786191678994095,1.5677571476456211,1.5738369526302944,910.7667918325185
2025-01-07 03:00:00+00:00,1.5738369526302944,1.5793855810956536,1.5676154010368404,1.5731640295021996,1198.7135844066206
2025-01-07 03:05:00+00:00,1.5731640295021996,1.5785810146738914,1.5638005360247937,1.5692175211964856,973.8321694762913
2025-01-07 03:10:00+00:00,1.5692175211964856,1.5743658641163942,1.559684583870219,1.5648329267901275,868.5880388732479
2025-01-07 03:15:00+00:00,1.5648329267901275,1.568860123281981,1.5611922782232135,1.565219474715067,869.3034981877073
2025-01-07 03:20:00+00:00,1.565219474715067,1.5702870667774371,1.556758666758324,1.5618262588206941,1394.2378618105777
2025-01-07 03:25:00+00:00,1.5618262588206941,1.5638979142787817,1.5593037407769987,1.5613753962350863,704.760238056608
2025-01-07 03:30:00+00:00,1.5613753962350863,1.5649552850164719,1.5555108501804897,1.5590907389618753,781.5347475611585
2025-01-07 03:35:00+00:00,1.5590907389618753,1.565076229385813,1.5553275313133947,1.5613130217373323,683.8586672240948
2025-01-07 03:40:00+00:00,1.5613130217373323,1.562911106998999,1.5581474047709567,1.5597454900326233,797.923215359701
2025-01-07 03:45:00+00:00,1.5597454900326233,1.566360272828612,1.5542449633657707,1.5608597461617593,679.827964788343
2025-01-07 03:50:00+00:00,1.5608597461617593,1.5648268859432393,1.5576552908148742,1.5616224305963542,774.830240962468
2025-01-07 03:55:00+00:00,1.5616224305963542,1.5645748862179225,1.5560534169074063,1.5590058725289746,799.085986297842
2025-01-07 04:00:00+00:00,1.5590058725289746,1.5629776872066354,1.5526511678884003,1.5566229825660611,1584.6829287941073
2025-01-07 04:05:00+00:00,1.5566229825660611,1.5616075336549593,1.5526208592204012,1.5576054103092993,1094.4843079543693
2025-01-07 04:10:00+00:00,1.5576054103092993,1.560228415203443,1.5531619723813206,1.5557849772754642,875.6952697738816
2025-01-07 04:15:00+00:00,1.5557849772754642,1.5603297279888477,1.5477663580668823,1.552311108780266,663.5773320293616
2025-01-07 04:20:00+00:00,1.552311108780266,1.555083783371236,1.5498894771251466,1.5526621517161168,887.0043601426424
2025-01-07 04:25:00+00:00,1.5526621517161168,1.5592476895190803,1.5489375212295233,1.5555230590324869,1509.4708761934849
2025-01-07 04:30:00+00:00,1.5555230590324869,1.5563723834321137,1.5526178131602508,1.5534671375598776,966.3902801084193
2025-01-07 04:35:00+00:00,1.5534671375598776,1.5552024751432714,1.5523093060583824,1.554044643641776,1325.4682839130949
2025-01-07 04:40:00+00:00,1.554044643641776,1.5552744493543835,1.550428566348467,1.5516583720610744,1163.453506764493
2025-01-07 04:45:00+00:00,1.5516583720610744,1.5561800128862384,1.5475213026862251,1.5520429435113892,1083.511840266345
2025-01-07 04:50:00+00:00,1.5520429435113892,1.555612215235826,1.5458280921502003,1.5493973638746372,997.9467890428549
2025-01-07 04:55:00+00:00,1.5493973638746372,1.5523433031358493,1.546667718073582,1.549613657334794,2261.387568959942
2025-01-07 05:00:00+00:00,1.549613657334794,1.5523992653041199,1.5455123817019878,1.5482979896713136,2141.813388514671
2025-01-07 05:05:00+00:00,1.5482979896713136,1.5539324775014463,1.539930939927671,1.5455654277578037,1968.9176365662627
2025-01-07 05:10:00+00:00,1.5455654277578037,1.5502621558415923,1.5388489820624234,1.543545710146212,2375.823116437949
2025-01-07 05:15:00+00:00,1.543545710146212,1.5457788998314659,1.5377836296526501,1.540016819337904,3037.3061290575033
2025-01-07 05:20:00+00:00,1.540016819337904,1.5426724355311332,1.5326913158284445,1.5353469320216737,2704.7960142821075
2025-01-07 05:25:00+00:00,1.5353469320216737,1.5412178766820133,1.5248755846889341,1.5307465293492737,727.1193892263343
2025-01-07 05:30:00+00:00,1.5307465293492737,1.5335532808144248,1.5251125744105902,1.5279193258757413,1241.2315906461504
2025-01-07 05:35:00+00:00,1.5279193258757413,1.531384671112648,1.5197291017359722,1.5231944469728789,1179.8777465285705
2025-01-07 05:40:00+00:00,1.5231944469728789,1.5278618008021587,1.5164785084815593,1.5211458623108391,930.4327286456404
2025-01-07 05:45:00+00:00,1.5211458623108391,1.5231087236521714,1.5172338641471694,1.5191967254885017,1330.596518221947
2025-01-07 05:50:00+00:00,1.5191967254885017,1.523402476259075,1.5128651048455595,1.5170708556161328,1252.6100851937285
2025-01-07 05:55:00+00:00,1.5170708556161328,1.5190674452087456,1.5111261247821628,1.5131227143747756,1713.5500372999406
2025-01-07 06:00:00+00:00,1.5131227143747756,1.5184244426579292,1.5048207464374161,1.5101224747205697,627.6316948749493
2025-01-07 06:05:00+00:00,1.5101224747205697,1.5130703898741513,1.5039684794148678,1.5069163945684494,1293.3885165463055
2025-01-07 06:10:00+00:00,1.5069163945684494,1.5128181709989519,1.500190206806228,1.5060919832367305,816.5177097772079
2025-01-07 06:15:00+00:00,1.5060919832367305,1.5071795615162307,1.500279929413115,1.5013675076926152,1111.0075995864427
2025-01-07 06:20:00+00:00,1.5013675076926152,1.5049152193736126,1.4938146571151538,1.4973623687961513,1224.651250837421
2025-01-07 06:25:00+00:00,1.4973623687961513,1.5004857517800168,1.4904646379937676,1.493588020977633,1556.9154059911164
2025-01-07 06:30:00+00:00,1.493588020977633,1.4958521891465122,1.4876747773670003,1.4899389455358794,1132.467917281387
2025-01-07 06:35:00+00:00,1.4899389455358794,1.4913282641391912,1.4837854906051762,1.485174809208488,879.1857193369474
2025-01-07 06:40:00+00:00,1.485174809208488,1.4863314985525393,1.4794456758334351,1.4806023651774864,1317.98387504218
2025-01-07 06:45:00+00:00,1.4806023651774864,1.4855732337602214,1.4739569922383207,1.4789278608210557,1223.9421699916638
2025-01-07 06:50:00+00:00,1.4789278608210557,1.4805679906305562,1.4726562507874141,1.4742963805969147,1440.1203534076335
2025-01-07 06:55:00+00:00,1.4742963805969147,1.4751984326688934,1.47150093216092,1.4724029842328987,548.5558822709579
2025-01-07 07:00:00+00:00,1.4724029842328987,1.4760852440813537,1.468786127089462,1.472468386937917,1091.4771044041888
2025-01-07 07:05:00+00:00,1.472468386937917,1.4743497213373176,1.469302287444136,1.4711836218435366,508.8541959136948
2025-01-07 07:10:00+00:00,1.4711836218435366,1.4738111602163662,1.4618285998271192,1.4644561381999488,1149.803760399764
2025-01-07 07:15:00+00:00,1.4644561381999488,1.4693335430660814,1.4574036203930598,1.4622810252591925,1066.2560517028605
2025-01-07 07:20:00+00:00,1.4622810252591925,1.4660831384176407,1.4557921625936514,1.4595942757520997,873.4654216958427
2025-01-07 07:25:00+00:00,1.4595942757520997,1.4610834571728055,1.4555460681752233,1.4570352495959291,1195.1789884836035
2025-01-07 07:30:00+00:00,1.4570352495959291,1.4584140705480675,1.4493289075595317,1.45070772851167,1132.6867699539596
2025-01-07 07:35:00+00:00,1.45070772851167,1.454457623672226,1.4448173895700098,1.4485672847305657,3100.881685379679
2025-01-07 07:40:00+00:00,1.4485672847305657,1.4535443679673445,1.4382690646412084,1.4432461478779872,3392.2803630781473
2025-01-07 07:45:00+00:00,1.4432461478779872,1.446354022132858,1.4389830750737387,1.4420909493286094,2437.9079093347327
2025-01-07 07:50:00+00:00,1.4420909493286094,1.4462111404148197,1.436462823268067,1.4405830143542773,2255.6558300941683
2025-01-07 07:55:00+00:00,1.4405830143542773,1.4463826695632251,1.435866880328349,1.4416665355372968,1959.916539021992
2025-01-07 08:00:00+00:00,1.4416665355372968,1.4431963663867504,1.4361846978655506,1.4377145287150042,1475.4644713377008
2025-01-07 08:05:00+00:00,1.4377145287150042,1.4417163272858378,1.427857246737716,1.4318590453085496,1060.1489281768409
2025-01-07 08:10:00+00:00,1.4318590453085496,1.4374646713931858,1.4248805297213074,1.4304861558059436,1022.7301676060836
2025-01-07 08:15:00+00:00,1.4304861558059436,1.434633794097766,1.4247190292833296,1.428866667575152,1266.4057458910133
2025-01-07 08:20:00+00:00,1.428866667575152,1.4331026185547318,1.4209162405560525,1.4251521915356322,932.3417341634391
2025-01-07 08:25:00+00:00,1.4251521915356322,1.4264116987943865,1.4232236921038703,1.4244831993626246,1021.8826026672394
2025-01-07 08:30:00+00:00,1.4244831993626246,1.4280637731121322,1.4191473807065493,1.422727954456057,1083.9467222050898
2025-01-07 08:35:00+00:00,1.422727954456057,1.424165591509058,1.4162321627272898,1.417669799780291,1381.8006020330288
2025-01-07 08:40:00+00:00,1.417669799780291,1.42189460931726,1.4100586357489093,1.4142834452858783,831.6543025342388
2025-01-07 08:45:00+00:00,1.4142834452858783,1.4173504917769595,1.4077449267691067,1.4108119732601878,805.8377543265733
2025-01-07 08:50:00+00:00,1.4108119732601878,1.4117983309397313,1.4069992042287458,1.4079855619082893,926.8301035375492
2025-01-07 08:55:00+00:00,1.4079855619082893,1.4097661155680996,1.4039625264359665,1.4057430800957769,907.4343368081555
2025-01-07 09:00:00+00:00,1.4057430800957769,1.4083587243624283,1.3994635608641837,1.402079205130835,886.3034048282557
2025-01-07 09:05:00+00:00,1.402079205130835,1.403488475716974,1.3979221357196174,1.3993314063057565,1302.4931815699874
2025-01-07 09:10:00+00:00,1.3993314063057565,1.401657755350609,1.3956527024780732,1.3979790515229258,952.8870878320196
2025-01-07 09:15:00+00:00,1.3979790515229258,1.4035577807463286,1.3900070665712898,1.3955857957946927,1703.3554095875397
2025-01-07 09:20:00+00:00,1.3955857957946927,1.397353794555885,1.3911684545025962,1.3929364532637885,1378.9491300079594
2025-01-07 09:25:00+00:00,1.3929364532637885,1.3964239510169407,1.3868146941884005,1.3903021919415528,1090.0058309527708
2025-01-07 09:30:00+00:00,1.3903021919415528,1.391017727640869,1.3873637057620187,1.388079241461335,1050.9856711143364
2025-01-07 09:35:00+00:00,1.388079241461335,1.3933580317983543,1.3776289956924619,1.3829077860294812,1286.346231398005
2025-01-07 09:40:00+00:00,1.3829077860294812,1.3876747120671555,1.3764874292386962,1.3812543552763705,1978.8079023726157
2025-01-07 09:45:00+00:00,1.3812543552763705,1.382314138310986,1.3766350948481376,1.3776948778827531,1210.5796699061764
2025-01-07 09:50:00+00:00,1.3776948778827531,1.3791731547171893,1.3745954375779807,1.3760737144124169,854.0051008048623
2025-01-07 09:55:00+00:00,1.3760737144124169,1.3795874210581833,1.3683931081634195,1.371906814809186,1096.374595974508
2025-01-07 10:00:00+00:00,1.371906814809186,1.3733523313486846,1.370293192299249,1.3717387088387476,2534.1287164568375
2025-01-07 10:05:00+00:00,1.3717387088387476,1.3739523558814626,1.3682761036802966,1.3704897507230116,860.9309132585938
2025-01-07 10:10:00+00:00,1.3704897507230116,1.374936925722094,1.3622301519833044,1.3666773269823869,1009.389079581288
2025-01-07 10:15:00+00:00,1.3666773269823869,1.3706608574750598,1.361531354093164,1.365514884585837,2421.115378433952
2025-01-07 10:20:00+00:00,1.365514884585837,1.3692460013238064,1.3590255020110342,1.3627566187490037,2083.133630569884
2025-01-07 10:25:00+00:00,1.3627566187490037,1.3651033413782567,1.3618740005265841,1.3642207231558372,3355.0407504499944
2025-01-07 10:30:00+00:00,1.3642207231558372,1.3659163921429924,1.361870858720478,1.3635665277076332,2031.1277496524915
2025-01-07 10:35:00+00:00,1.3635665277076332,1.364816718666894,1.3595790902524854,1.3608292812117462,2332.219821291365
2025-01-07 10:40:00+00:00,1.3608292812117462,1.3641912321908265,1.3564188544073585,1.3597808053864389,1237.5066005252688
2025-01-07 10:45:00+00:00,1.3597808053864389,1.3640090922236454,1.3540969827212481,1.3583252695584547,1255.7309898475842
2025-01-07 10:50:00+00:00,1.3583252695584547,1.361854255814332,1.3553553045632314,1.3588842908191088,1025.1564754737317
2025-01-07 10:55:00+00:00,1.3588842908191088,1.3633944194151801,1.3535647098756298,1.3580748384717012,1129.4384742820278
2025-01-07 11:00:00+00:00,1.3580748384717012,1.3591128817567806,1.3564810599488442,1.3575191032339236,1066.010940888072
2025-01-07 11:05:00+00:00,1.3575191032339236,1.358901945184908,1.3529182093917105,1.354301051342695,460.6854864475761
2025-01-07 11:10:00+00:00,1.354301051342695,1.35527728799049,1.353204540855806,1.354180777503601,1310.258480343421
2025-01-07 11:15:00+00:00,1.354180777503601,1.358770017026274,1.3515712654892158,1.3561605050118888,1147.9398573874714
2025-01-07 11:20:00+00:00,1.3561605050118888,1.357779570634522,1.3541300535812348,1.355749119203868,1047.571542017508
2025-01-07 11:25:00+00:00,1.355749119203868,1.3608109603770149,1.3491495318256965,1.3542113729988434,1367.3024184517285
2025-01-07 11:30:00+00:00,1.3542113729988434,1.3556230064764827,1.3515631131932437,1.352974746670883,693.581549860779
2025-01-07 11:35:00+00:00,1.352974746670883,1.3574437954931577,1.345424498530562,1.3498935473528366,1495.2787508990493
2025-01-07 11:40:00+00:00,1.3498935473528366,1.3508900739833478,1.3476260368984514,1.3486225635289626,940.0502691500873
2025-01-07 11:45:00+00:00,1.3486225635289626,1.3504149592669552,1.3434421565203354,1.345234552258328,855.0776910683231
2025-01-07 11:50:00+00:00,1.345234552258328,1.3475122114839793,1.3413720074429778,1.343649666668629,839.8787773776323
2025-01-07 11:55:00+00:00,1.343649666668629,1.3485970114776122,1.3363735251338802,1.3413208699428634,1196.283584635596
2025-01-07 12:00:00+00:00,1.3413208699428634,1.3464881822927706,1.3330648193821313,1.3382321317320385,927.0473637062316
2025-01-07 12:05:00+00:00,1.3382321317320385,1.341968184025877,1.333622036369622,1.3373580886634606,1308.5091477417434
2025-01-07 12:10:00+00:00,1.3373580886634606,1.3398251844139735,1.3306435702854769,1.3331106660359897,761.8014010187235
2025-01-07 12:15:00+00:00,1.3331106660359897,1.337819933702118,1.3264206577225015,1.3311299253886297,1475.2189687713892
2025-01-07 12:20:00+00:00,1.3311299253886297,1.3343368505197395,1.323835595573905,1.3270425207050147,1032.6268366101915
2025-01-07 12:25:00+00:00,1.3270425207050147,1.3289939498324899,1.3259719995148573,1.3279234286423325,1724.7036711826818
2025-01-07 12:30:00+00:00,1.3279234286423325,1.3312831404736358,1.3256114863367496,1.328971198168053,1209.8640950493298
2025-01-07 12:35:00+00:00,1.328971198168053,1.3302569477431794,1.3268682196030241,1.3281539691781505,979.2147783715308
2025-01-07 12:40:00+00:00,1.3281539691781505,1.3333566043214267,1.323743012948015,1.3289456480912911,1021.0221900296411
2025-01-07 12:45:00+00:00,1.3289456480912911,1.3306570565588438,1.3258801061082495,1.3275915145758022,676.4148898689489
2025-01-07 12:50:00+00:00,1.3275915145758022,1.3298553488657943,1.323827303210506,1.326091137500498,2252.6480814201536
2025-01-07 12:55:00+00:00,1.326091137500498,1.3297386849025041,1.3193410890995743,1.3229886365015804,1745.6446989238627
2025-01-07 13:00:00+00:00,1.3229886365015804,1.3262345929554173,1.315837632881125,1.319083589334962,2026.9710124160217
2025-01-07 13:05:00+00:00,1.319083589334962,1.3232995133640417,1.3125261079865753,1.316742032015655,4102.841895942439
2025-01-07 13:10:00+00:00,1.316742032015655,1.3208593015890537,1.3091790313580272,1.3132963009314258,1834.1274089125131
2025-01-07 13:15:00+00:00,1.3132963009314258,1.3182067651803206,1.3050419316173971,1.309952395866292,2765.856019021154
2025-01-07 13:20:00+00:00,1.309952395866292,1.3130383318356802,1.3053037652860902,1.3083897012554784,1244.7349252356564
2025-01-07 13:25:00+00:00,1.3083897012554784,1.3107792322246463,1.3030405405676737,1.3054300715368417,1010.4193981833972
2025-01-07 13:30:00+00:00,1.3054300715368417,1.3063273451768127,1.299288426365011,1.3001857000049821,1059.0271518903571
2025-01-07 13:35:00+00:00,1.3001857000049821,1.3014434984864998,1.2957447541099354,1.297002552591453,920.0452179659982
2025-01-07 13:40:00+00:00,1.297002552591453,1.2985739914236767,1.2913597806216344,1.292931219453858,1721.5279448296144
2025-01-07 13:45:00+00:00,1.292931219453858,1.294041739529945,1.2884438316438178,1.2895543517199048,1255.8319223451535
2025-01-07 13:50:00+00:00,1.2895543517199048,1.290206857812523,1.2842550688994792,1.2849075749920973,1416.745077689756
2025-01-07 13:55:00+00:00,1.2849075749920973,1.2874849319209885,1.2811997251707692,1.2837770820996603,696.2248628557028
2025-01-07 14:00:00+00:00,1.2837770820996603,1.2849397314732007,1.2825352893687934,1.2836979387423337,1045.826472667279
2025-01-07 14:05:00+00:00,1.2836979387423337,1.2857764856752514,1.2768777562024305,1.2789563031353481,823.949305072438
2025-01-07 14:10:00+00:00,1.2789563031353481,1.2809657788369595,1.274893889482306,1.2769033651839174,1438.3822287515502
2025-01-07 14:15:00+00:00,1.2769033651839174,1.2793862729408552,1.2722745937616324,1.2747575015185701,1012.247532502439
2025-01-07 14:20:00+00:00,1.2747575015185701,1.2777862136643159,1.2670207475117856,1.2700494596575314,894.5744055753125
2025-01-07 14:25:00+00:00,1.2700494596575314,1.272114050764124,1.2650707506880796,1.2671353417946722,1114.0892405018624
2025-01-07 14:30:00+00:00,1.2671353417946722,1.2687878360297689,1.2645591359064579,1.2662116301415545,1134.5891872504299
2025-01-07 14:35:00+00:00,1.2662116301415545,1.2697752545902492,1.2608677093188483,1.264431333767543,1063.6334986906302
2025-01-07 14:40:00+00:00,1.264431333767543,1.265550361587181,1.2627085999009418,1.2638276277205798,1628.9667869405691
2025-01-07 14:45:00+00:00,1.2638276277205798,1.2659779259485517,1.2568599337970443,1.2590102320250163,1396.3580264102543
2025-01-07 14:50:00+00:00,1.2590102320250163,1.2603168913797318,1.253554570108037,1.2548612294627526,1147.5734543450535
2025-01-07 14:55:00+00:00,1.2548612294627526,1.2555991179899222,1.2515630440792347,1.2523009326064043,1270.7640212613724
2025-01-07 15:00:00+00:00,1.2523009326064043,1.2565257495836197,1.2456359782812738,1.2498607952584893,996.2471952026065
2025-01-07 15:05:00+00:00,1.2498607952584893,1.2537595056248356,1.2430573432893932,1.2469560536557396,763.3900018237845
2025-01-07 15:10:00+00:00,1.2469560536557396,1.2513101846703083,1.2391184020653143,1.243472533079883,1082.8745162376597
2025-01-07 15:15:00+00:00,1.243472533079883,1.2468914908128146,1.2365768597748346,1.239995817507766,597.7553253568713
2025-01-07 15:20:00+00:00,1.239995817507766,1.2442084791573456,1.2320593250332734,1.2362719866828529,1376.47101049214
2025-01-07 15:25:00+00:00,1.2362719866828529,1.2387531721700145,1.2316842396385528,1.2341654251257144,975.5362008844718
2025-01-07 15:30:00+00:00,1.2341654251257144,1.2368653851162297,1.2246669289128016,1.227366888903317,1478.17268428344
2025-01-07 15:35:00+00:00,1.227366888903317,1.230061408162981,1.2243588348837837,1.2270533541434478,2470.215101366179
2025-01-07 15:40:00+00:00,1.2270533541434478,1.2279700474138595,1.2227432661852908,1.2236599594557025,4708.53855527573
2025-01-07 15:45:00+00:00,1.2236599594557025,1.2279038285075152,1.2147612639430314,1.2190051329948441,2015.475431011258
2025-01-07 15:50:00+00:00,1.2190051329948441,1.2232481115621499,1.2130587728924183,1.217301751459724,2315.3289614685455
2025-01-07 15:55:00+00:00,1.217301751459724,1.2220876082124403,1.2080282705746654,1.2128141273273818,2708.2053093540467
2025-01-07 16:00:00+00:00,1.2128141273273818,1.2170473230919963,1.206765886675144,1.2109990824397585,806.7653576777241
2025-01-07 16:05:00+00:00,1.2109990824397585,1.2155458622858015,1.2035541873250897,1.2081009671711327,1607.7026456756519
2025-01-07 16:10:00+00:00,1.2081009671711327,1.2128328838216702,1.2019719182174324,1.20670383486797,990.901059828874
2025-01-07 16:15:00+00:00,1.20670383486797,1.208984203303104,1.203373860756944,1.205654229192078,1188.1801047053589
2025-01-07 16:20:00+00:00,1.205654229192078,1.2065585401406558,1.2044909064444984,1.2053952173930762,1357.0616422620103
2025-01-07 16:25:00+00:00,1.2053952173930762,1.208354058349216,1.1996504231815552,1.202609264137695,1059.7614894074968
2025-01-07 16:30:00+00:00,1.202609264137695,1.20647028919655,1.1963215238530363,1.2001825489118911,1312.175521724374
2025-01-07 16:35:00+00:00,1.2001825489118911,1.2048004389027356,1.1936019676741711,1.1982198576650156,734.7111430996046
2025-01-07 16:40:00+00:00,1.1982198576650156,1.1999363405778007,1.192589727557796,1.194306210470581,766.8823973581651
2025-01-07 16:45:00+00:00,1.194306210470581,1.1963096575174037,1.191329889574215,1.1933333366210377,1150.0120390204181
2025-01-07 16:50:00+00:00,1.1933333366210377,1.197932690855354,1.1871528741997706,1.191752228434087,919.6574739032869
2025-01-07 16:55:00+00:00,1.191752228434087,1.1957055650467123,1.1841763932912557,1.188129729903881,933.9176671836957
2025-01-07 17:00:00+00:00,1.188129729903881,1.1895104555705904,1.186820616020373,1.1882013416870822,1095.7379367231406
2025-01-07 17:05:00+00:00,1.1882013416870822,1.1931679821143044,1.1835773979344655,1.1885440383616876,1280.468485695752
2025-01-07 17:10:00+00:00,1.1885440383616876,1.189264012318173,1.1843920696933277,1.185112043649813,1529.3837331451655
2025-01-07 17:15:00+00:00,1.185112043649813,1.1857375639955843,1.1837905433676514,1.1844160637134227,1785.5304599434423
2025-01-07 17:20:00+00:00,1.1844160637134227,1.1860974920030039,1.1830444875901491,1.1847259158797303,1580.4169991997458
2025-01-07 17:25:00+00:00,1.1847259158797303,1.1861173894167594,1.183098406214287,1.1844898797513161,1402.0574575138526
2025-01-07 17:30:00+00:00,1.1844898797513161,1.1862888740539101,1.1799043652775745,1.1817033595801685,891.7996959341671
2025-01-07 17:35:00+00:00,1.1817033595801685,1.18477957540462,1.1752890798432785,1.17836529566773,882.0554507709527
2025-01-07 17:40:00+00:00,1.17836529566773,1.1827435452313209,1.1724942106855778,1.1768724602491687,808.2138273335191
2025-01-07 17:45:00+00:00,1.1768724602491687,1.1792062940397052,1.1725340736995244,1.174867907490061,994.5865760340869
2025-01-07 17:50:00+00:00,1.174867907490061,1.1763251206347012,1.1721160413557448,1.173573254500385,1178.9680415093974
2025-01-07 17:55:00+00:00,1.173573254500385,1.176018455001156,1.1697164741875232,1.1721616746882944,1849.724879102299
2025-01-07 18:00:00+00:00,1.1721616746882944,1.1733506318216582,1.170459798991999,1.1716487561253628,925.2759508474519
2025-01-07 18:05:00+00:00,1.1716487561253628,1.1758207890646208,1.1654428445004474,1.1696148774397055,1309.322171629012
2025-01-07 18:10:00+00:00,1.1696148774397055,1.171555472671772,1.1662054778286095,1.168146073060676,2135.400859755165
2025-01-07 18:15:00+00:00,1.168146073060676,1.1740159338229663,1.165197933799582,1.1710677945618722,2411.6210305388795
2025-01-07 18:20:00+00:00,1.1710677945618722,1.1754064760693,1.1652961167667701,1.169634798274198,1560.8012280926284
2025-01-07 18:25:00+00:00,1.169634798274198,1.172269769288298,1.1667736259493378,1.1694085969634378,4537.9487248473915
2025-01-07 18:30:00+00:00,1.1694085969634378,1.1719089829422507,1.1660393634593018,1.1685397494381147,2606.652968952185
2025-01-07 18:35:00+00:00,1.1685397494381147,1.1716524309335548,1.1644419201247662,1.1675546016202063,2442.9703111031054
2025-01-07 18:40:00+00:00,1.1675546016202063,1.171680874688326,1.160841047955834,1.1649673210239537,1133.851016374623
2025-01-07 18:45:00+00:00,1.1649673210239537,1.165962164543367,1.1633739233448848,1.1643687668642981,776.7487959804038
2025-01-07 18:50:00+00:00,1.1643687668642981,1.16772380017959,1.1595780935515854,1.1629331268668772,1393.12834421622
2025-01-07 18:55:00+00:00,1.1629331268668772,1.164889859197323,1.1607213562601941,1.1626780885906398,1231.5154719406544
2025-01-07 19:00:00+00:00,1.1626780885906398,1.165308993750798,1.1614778780786392,1.1641087832387975,1413.262856288766
2025-01-07 19:05:00+00:00,1.1641087832387975,1.1683401343821147,1.158662423399998,1.1628937745433152,1694.8990214785758
2025-01-07 19:10:00+00:00,1.1628937745433152,1.1672295205966234,1.1581060829317298,1.162441828985038,1377.8934188618932
2025-01-07 19:15:00+00:00,1.162441828985038,1.1635839729267654,1.1583164736913378,1.1594586176330652,996.1135381819298
2025-01-07 19:20:00+00:00,1.1594586176330652,1.16197813587825,1.155499535866037,1.1580190541112216,1045.4301591165645
2025-01-07 19:25:00+00:00,1.1580190541112216,1.1631372224307972,1.1534058975971553,1.1585240659167308,781.9846009313102
2025-01-07 19:30:00+00:00,1.1585240659167308,1.161965891725824,1.1532965149240162,1.1567383407331093,2061.2129792138476
2025-01-07 19:35:00+00:00,1.1567383407331093,1.1589521274995758,1.1518884568070005,1.154102243573467,792.389172497459
2025-01-07 19:40:00+00:00,1.154102243573467,1.1553711214181333,1.1513143117580935,1.1525831896027598,1546.0235314239114
2025-01-07 19:45:00+00:00,1.1525831896027598,1.1571281777140001,1.1459249768975999,1.1504699650088401,900.7220090244963
2025-01-07 19:50:00+00:00,1.1504699650088401,1.1534942577189644,1.1452023948584207,1.148226687568545,1211.0997910444812
2025-01-07 19:55:00+00:00,1.148226687568545,1.1503553545740475,1.1436201277505587,1.1457487947560612,1126.9800369973932
2025-01-07 20:00:00+00:00,1.1457487947560612,1.1480363929295896,1.144172269748616,1.1464598679221445,881.6604764837119
2025-01-07 20:05:00+00:00,1.1464598679221445,1.150794412991856,1.138852079635491,1.1431866247052025,1433.8436873800406
2025-01-07 20:10:00+00:00,1.1431866247052025,1.146360023548018,1.1373188919170818,1.1404922907598973,1370.3617369522738
2025-01-07 20:15:00+00:00,1.1404922907598973,1.1410952535488534,1.1369297871486974,1.1375327499376535,1172.762649500612
2025-01-07 20:20:00+00:00,1.1375327499376535,1.1406336292757648,1.1338919309792868,1.136992810317398,1417.4248520329343
2025-01-07 20:25:00+00:00,1.136992810317398,1.14062725775675,1.130694613964029,1.134329061403381,1778.1331237582745
2025-01-07 20:30:00+00:00,1.134329061403381,1.1368872020559544,1.1312124195340418,1.1337705601866153,848.2704168235597
2025-01-07 20:35:00+00:00,1.1337705601866153,1.134840415249319,1.130545009591591,1.1316148646542947,998.1435618868625
2025-01-07 20:40:00+00:00,1.1316148646542947,1.1336546536733223,1.1271169260282128,1.1291567150472404,801.4491445045712
2025-01-07 20:45:00+00:00,1.1291567150472404,1.131606179588046,1.1222658387889952,1.124715303329801,930.83613203248
2025-01-07 20:50:00+00:00,1.124715303329801,1.1274041228991118,1.1211561473386433,1.1238449669079542,2305.277948722794
2025-01-07 20:55:00+00:00,1.1238449669079542,1.1247937886896036,1.1210816782654272,1.1220305000470765,2313.962899621443
2025-01-07 21:00:00+00:00,1.1220305000470765,1.1239263177888326,1.118101629625294,1.11999744736705,2528.496394947444
2025-01-07 21:05:00+00:00,1.11999744736705,1.1224336284796739,1.1147955375147665,1.1172317186273903,3768.192016642188
2025-01-07 21:10:00+00:00,1.1172317186273903,1.1186972265283617,1.1125748277640406,1.114040335665012,3104.2203476966793
2025-01-07 21:15:00+00:00,1.114040335665012,1.1148000749545155,1.1089351302156256,1.1096948695051292,1020.6651879037872
2025-01-07 21:20:00+00:00,1.1096948695051292,1.1105691488727771,1.1074071962974747,1.1082814756651227,1295.8535494544406
2025-01-07 21:25:00+00:00,1.1082814756651227,1.1108054827297535,1.103425666963917,1.105949674028548,973.4995130455632
2025-01-07 21:30:00+00:00,1.105949674028548,1.1065611068858217,1.102162066592242,1.1027734994495157,1444.318420345245
2025-01-07 21:35:00+00:00,1.1027734994495157,1.103827684746466,1.098180453952568,1.0992346392495183,1007.7047010801491
2025-01-07 21:40:00+00:00,1.0992346392495183,1.100922666451739,1.0949909008983234,1.0966789281005442,1950.544478701187
2025-01-07 21:45:00+00:00,1.0966789281005442,1.0986882372560025,1.0918421055763585,1.0938514147318168,1413.7542502521344
2025-01-07 21:50:00+00:00,1.0938514147318168,1.0960754109349595,1.0910772814013274,1.0933012776044702,1769.6243353304958
2025-01-07 21:55:00+00:00,1.0933012776044702,1.0954136686968012,1.0895019431852642,1.0916143342775952,3344.044222046264
2025-01-07 22:00:00+00:00,1.0916143342775952,1.0924313359918922,1.0873283987331017,1.0881454004473987,1051.361114047428
2025-01-07 22:05:00+00:00,1.0881454004473987,1.0921135611064965,1.080065913090064,1.0840340737491618,1952.7494660501588
2025-01-07 22:10:00+00:00,1.0840340737491618,1.087794276776766,1.077319087460335,1.0810792904879392,1696.8406607165741
2025-01-07 22:15:00+00:00,1.0810792904879392,1.0831252104895974,1.0752299397471163,1.0772758597487746,1737.7045639258085
2025-01-07 22:20:00+00:00,1.0772758597487746,1.0811707493301552,1.0708847177235696,1.0747796073049503,2745.911451939005
2025-01-07 22:25:00+00:00,1.0747796073049503,1.0785916899405301,1.0689236746405688,1.0727357572761487,1635.8388016547876
2025-01-07 22:30:00+00:00,1.0727357572761487,1.076577028593865,1.0671808237781721,1.0710220950958884,1337.572016185295
2025-01-07 22:35:00+00:00,1.0710220950958884,1.0724953641376902,1.0675868596413314,1.069060128683133,1876.8209725365182
2025-01-07 22:40:00+00:00,1.069060128683133,1.0726390506012837,1.0666266164620404,1.0702055383801912,1910.4881433085418
2025-01-07 22:45:00+00:00,1.0702055383801912,1.0765866422178838,1.0660259592810795,1.072407063118772,2330.107233554382
2025-01-07 22:50:00+00:00,1.072407063118772,1.0752286814250238,1.0699126676915387,1.0727342859977904,2821.8021258727304
2025-01-07 22:55:00+00:00,1.0727342859977904,1.0778074949632657,1.0690758460842447,1.07414905504972,2373.891690772372
2025-01-07 23:00:00+00:00,1.07414905504972,1.0793359686762714,1.0715744697722593,1.0767613833988108,2451.9756136131778
2025-01-07 23:05:00+00:00,1.0767613833988108,1.0826359518917887,1.0728738060235623,1.0787483745165403,1669.4490260461066
2025-01-07 23:10:00+00:00,1.0787483745165403,1.0812409030138623,1.0762755803964474,1.0787681088937695,1580.6877410515176
2025-01-07 23:15:00+00:00,1.0787681088937695,1.0824498441942858,1.0753072453068035,1.0789889806073198,2117.0329199355374
2025-01-07 23:20:00+00:00,1.0789889806073198,1.0799623321341107,1.0776933428579936,1.0786666943847845,2261.039392241988
2025-01-07 23:25:00+00:00,1.0786666943847845,1.0856347970137306,1.0758634500999553,1.0828315527289014,2430.061897358198
2025-01-07 23:30:00+00:00,1.0828315527289014,1.0834825006943858,1.0820498802200684,1.0827008281855528,4943.264801595414
2025-01-07 23:35:00+00:00,1.0827008281855528,1.0872992876916503,1.079861980702899,1.0844604402089966,3758.22864312216
2025-01-07 23:40:00+00:00,1.0844604402089966,1.091782459245006,1.081533366105185,1.0888553851411944,3619.947776765345
2025-01-07 23:45:00+00:00,1.0888553851411944,1.0964201995596796,1.084762982782346,1.0923277972008312,5887.994809673558
2025-01-07 23:50:00+00:00,1.0923277972008312,1.0973569575406574,1.091153168759064,1.0961823290988904,5419.891127259721
2025-01-07 23:55:00+00:00,1.0961823290988904,1.1018436283127075,1.0920490909597307,1.0977103901735479,1222.7262852816405
2025-01-08 00:00:00+00:00,1.0977103901735479,1.1049092801321208,1.0937300019245138,1.1009288918830866,2243.6207061482432
2025-01-08 00:05:00+00:00,1.1009288918830866,1.1100080897892006,1.0981909355510509,1.1072701334571649,2195.7208631952562
2025-01-08 00:10:00+00:00,1.1072701334571649,1.110430148574555,1.106428657789036,1.1095886729064262,1600.1324170650555
2025-01-08 00:15:00+00:00,1.1095886729064262,1.1167465271720645,1.1054049254747773,1.1125627797404156,1430.786778906357
2025-01-08 00:20:00+00:00,1.1125627797404156,1.1173410185843025,1.1098399050294088,1.1146181438732956,2440.422516491451
2025-01-08 00:25:00+00:00,1.1146181438732956,1.1187029233356809,1.1130436399600432,1.1171284194224285,2202.832347069927
2025-01-08 00:30:00+00:00,1.1171284194224285,1.1229578855524172,1.1143787889768837,1.1202082551068724,1391.1566629173137
2025-01-08 00:35:00+00:00,1.1202082551068724,1.1270889936580255,1.1178236213672463,1.1247043599183995,1935.3891572110942
2025-01-08 00:40:00+00:00,1.1247043599183995,1.1271055966018022,1.1237608429947568,1.1261620796781595,2668.8251757805974
2025-01-08 00:45:00+00:00,1.1261620796781595,1.1294649226895006,1.1236397977519426,1.1269426407632837,1763.5687508858114
2025-01-08 00:50:00+00:00,1.1269426407632837,1.1304855000585121,1.126182775780865,1.1297256350760934,3021.005662909545
2025-01-08 00:55:00+00:00,1.1297256350760934,1.1336935587975807,1.1288206238530187,1.132788547574506,1388.6761220041335
2025-01-08 01:00:00+00:00,1.132788547574506,1.1412009327731827,1.1291176289287714,1.137530014127448,2746.9659571368165
2025-01-08 01:05:00+00:00,1.137530014127448,1.1436963351715423,1.1351961398862334,1.1413624609303277,1859.5995376067851
2025-01-08 01:10:00+00:00,1.1413624609303277,1.147825765494056,1.1369193760548149,1.1433826806185432,1543.2799678528072
2025-01-08 01:15:00+00:00,1.1433826806185432,1.1506835205556436,1.1397577009384103,1.1470585408755107,1818.2715716396985
2025-01-08 01:20:00+00:00,1.1470585408755107,1.152814707274595,1.1457585769924596,1.1515147433915438,2454.405225557142
2025-01-08 01:25:00+00:00,1.1515147433915438,1.1577684359361264,1.1485893267832727,1.1548430193278554,1416.203656059459
2025-01-08 01:30:00+00:00,1.1548430193278554,1.1612620660600859,1.150893369978385,1.1573124167106155,2621.310717805266
2025-01-08 01:35:00+00:00,1.1573124167106155,1.1627752516640601,1.155736811281689,1.1611996462351337,2347.357874472787
2025-01-08 01:40:00+00:00,1.1611996462351337,1.1661922823562363,1.158658615105421,1.1636512512265236,1078.6911446325892
2025-01-08 01:45:00+00:00,1.1636512512265236,1.1684751411246581,1.1591582150460837,1.1639821049442183,2117.9765494169997
2025-01-08 01:50:00+00:00,1.1639821049442183,1.170974350264987,1.1617818346232245,1.1687740799439932,2679.6290560821267
2025-01-08 01:55:00+00:00,1.1687740799439932,1.1720666884466697,1.1665881194602492,1.1698807279629257,1633.5519272286651
2025-01-08 02:00:00+00:00,1.1698807279629257,1.1741610018974167,1.168026600326881,1.172306874261372,999.8046739003069
2025-01-08 02:05:00+00:00,1.172306874261372,1.1785492922728662,1.1684937662955752,1.1747361843070694,5335.953844731527
2025-01-08 02:10:00+00:00,1.1747361843070694,1.1798330075672672,1.1720145602163512,1.177111383476549,5661.856001108529
2025-01-08 02:15:00+00:00,1.177111383476549,1.1816504032785822,1.1749882532016145,1.1795272730036477,6409.84615382886
2025-01-08 02:20:00+00:00,1.1795272730036477,1.1846766555890602,1.175121944813948,1.1802713273993606,3379.4889628882065
2025-01-08 02:25:00+00:00,1.1802713273993606,1.1882339609044095,1.1758004503377322,1.183763083842781,3289.765264783828
2025-01-08 02:30:00+00:00,1.183763083842781,1.190029917392691,1.180243091999083,1.1865099255489928,3735.270048880979
2025-01-08 02:35:00+00:00,1.1865099255489928,1.1905890175395317,1.1851527624769245,1.1892318544674634,2719.3981558304495
2025-01-08 02:40:00+00:00,1.1892318544674634,1.1965025080592366,1.1861163894810625,1.1933870430728357,1533.9461541759981
2025-01-08 02:45:00+00:00,1.1933870430728357,1.1992051314579655,1.1917253155646161,1.197543403949746,1997.549454133554
2025-01-08 02:50:00+00:00,1.197543403949746,1.205713678099618,1.1938338281577876,1.2020041023076597,1280.3044435842469
2025-01-08 02:55:00+00:00,1.2020041023076597,1.2103064939119257,1.1988629551617216,1.2071653467659875,2874.321966140515
2025-01-08 03:00:00+00:00,1.2071653467659875,1.2140710722843908,1.2033533933686609,1.2102591188870642,1956.2481133381823
2025-01-08 03:05:00+00:00,1.2102591188870642,1.2135130794433036,1.2071513616648146,1.210405322221054,2026.8991213517188
2025-01-08 03:10:00+00:00,1.210405322221054,1.2166203135092233,1.2068225125721412,1.2130375038603105,4711.345783448427
2025-01-08 03:15:00+00:00,1.2130375038603105,1.2200498550825793,1.208310571343108,1.2153229225653768,2569.6192258800575
2025-01-08 03:20:00+00:00,1.2153229225653768,1.2203399347444461,1.212616331285886,1.2176333434649553,2285.834979286674
2025-01-08 03:25:00+00:00,1.2176333434649553,1.223473916465275,1.2130669238403924,1.218907496840712,1974.2724158476892
2025-01-08 03:30:00+00:00,1.218907496840712,1.221852379653564,1.2167549824322355,1.2196998652450874,1875.4236824222073
2025-01-08 03:35:00+00:00,1.2196998652450874,1.2243979513956864,1.218205233367927,1.222903319518526,1333.1233162093615
2025-01-08 03:40:00+00:00,1.222903319518526,1.2312019887746002,1.2180125420626664,1.2263112113187407,2478.3895056689557
2025-01-08 03:45:00+00:00,1.2263112113187407,1.2300716624542698,1.222833202835927,1.2265936539714561,1859.6675832737928
2025-01-08 03:50:00+00:00,1.2265936539714561,1.2301959291926083,1.2256599679493616,1.2292622431705138,1872.6973020930488
2025-01-08 03:55:00+00:00,1.2292622431705138,1.2352467612625242,1.224850473565263,1.2308349916572734,1309.7208797471649
2025-01-08 04:00:00+00:00,1.2308349916572734,1.2357549834746466,1.2271138204116852,1.2320338122290584,2725.1150231713436
2025-01-08 04:05:00+00:00,1.2320338122290584,1.2354575278464195,1.2313475612696358,1.234771276886997,2052.454081942763
2025-01-08 04:10:00+00:00,1.234771276886997,1.23915474547354,1.2319920298549658,1.236375498441509,2065.132930702588
2025-01-08 04:15:00+00:00,1.236375498441509,1.242138213762551,1.2314273625285326,1.2371900778495746,1740.396043650207
2025-01-08 04:20:00+00:00,1.2371900778495746,1.2412578122303675,1.2348022619829873,1.2388699963637801,2285.3885680384724
2025-01-08 04:25:00+00:00,1.2388699963637801,1.243590622658413,1.2327415070524073,1.2374621333470401,2486.5757365822246
2025-01-08 04:30:00+00:00,1.2374621333470401,1.240625085096666,1.2349425975159682,1.2381055492655941,2304.3695021113626
2025-01-08 04:35:00+00:00,1.2381055492655941,1.2430443832424987,1.2340059325894155,1.23894476656632,1498.4565355401191
2025-01-08 04:40:00+00:00,1.23894476656632,1.2433102137606198,1.2339665340405632,1.238331981234863,1254.113316401354
2025-01-08 04:45:00+00:00,1.238331981234863,1.2432015136294272,1.2351679815535703,1.2400375139481346,4211.769348929509
2025-01-08 04:50:00+00:00,1.2400375139481346,1.2447156521966674,1.2371844822968971,1.24186262054543,4930.651355309495
2025-01-08 04:55:00+00:00,1.24186262054543,1.2463820847937335,1.2378557754252126,1.2423752396735162,2271.235493004355
2025-01-08 05:00:00+00:00,1.2423752396735162,1.2455768731689483,1.240319777666938,1.24352141116237,3404.45468254652
2025-01-08 05:05:00+00:00,1.24352141116237,1.2486401211217728,1.240803893369964,1.2459226033293669,3774.5908319645423
2025-01-08 05:10:00+00:00,1.2459226033293669,1.2515188716461527,1.2433099104724983,1.2489061787892841,4369.422849990192
2025-01-08 05:15:00+00:00,1.2489061787892841,1.2535241453740988,1.244550968420505,1.2491689350053197,2624.687452076345
2025-01-08 05:20:00+00:00,1.2491689350053197,1.2557491307425173,1.2445080218024391,1.2510882175396367,1762.5218090272238
2025-01-08 05:25:00+00:00,1.2510882175396367,1.255476031282394,1.249684718272487,1.2540725320152444,2484.23670426946
2025-01-08 05:30:00+00:00,1.2540725320152444,1.2598525786208699,1.2496910886135693,1.2554711352191947,1809.565498844237
2025-01-08 05:35:00+00:00,1.2554711352191947,1.2579349728942826,1.2533101503067832,1.255773987981871,2525.472393619534
2025-01-08 05:40:00+00:00,1.255773987981871,1.258659296203828,1.2532235689473679,1.256108877169325,1661.7658603617551
2025-01-08 05:45:00+00:00,1.256108877169325,1.258014149164138,1.2552376640402412,1.2571429360350541,1959.7559160064511
2025-01-08 05:50:00+00:00,1.2571429360350541,1.2609916446247675,1.253289146257165,1.2571378548468783,2466.8701643240142
2025-01-08 05:55:00+00:00,1.2571378548468783,1.2648731867733918,1.254037104168469,1.2617724360949825,1960.5130099431867
2025-01-08 06:00:00+00:00,1.2617724360949825,1.2647503884254965,1.2595674772891066,1.2625454296196206,1054.439200571103
2025-01-08 06:05:00+00:00,1.2625454296196206,1.2673484188857094,1.2599979031100377,1.2648008923761265,1804.4052686428483
2025-01-08 06:10:00+00:00,1.2648008923761265,1.2714760240620973,1.260135900877826,1.2668110325637967,2206.1564425669385
2025-01-08 06:15:00+00:00,1.2668110325637967,1.2710718318881196,1.265304748974661,1.2695655482989838,1975.8276589297202
2025-01-08 06:20:00+00:00,1.2695655482989838,1.2734553119662586,1.2669290347882434,1.2708187984555182,1475.611530878483
2025-01-08 06:25:00+00:00,1.2708187984555182,1.2737959564063281,1.267757320767322,1.270734478718132,1710.1842097319975
2025-01-08 06:30:00+00:00,1.270734478718132,1.2796500764170509,1.2662779508892514,1.2751935485881702,2354.425897315257
2025-01-08 06:35:00+00:00,1.2751935485881702,1.2818973122318238,1.2703904861779827,1.2770942498216362,2461.4794715586268
2025-01-08 06:40:00+00:00,1.2770942498216362,1.2811559961359882,1.2752964211646711,1.279358167479023,2207.717633392227
2025-01-08 06:45:00+00:00,1.279358167479023,1.2828159645890305,1.2783595558373044,1.2818173529473118,1631.042044997474
2025-01-08 06:50:00+00:00,1.2818173529473118,1.2874185483367144,1.2803807933709357,1.2859819887603383,1535.6308164100328
2025-01-08 06:55:00+00:00,1.2859819887603383,1.2903666149437745,1.2850777803132682,1.2894624064967044,3398.3961995605073
2025-01-08 07:00:00+00:00,1.2894624064967044,1.2959646074587872,1.287143591775403,1.2936457927374858,1463.0631719164355
2025-01-08 07:05:00+00:00,1.2936457927374858,1.2991049608451546,1.291901698378607,1.2973608664862757,2660.7930255318474
2025-01-08 07:10:00+00:00,1.2973608664862757,1.3007579230725381,1.2967100924233013,1.3001071490095637,2023.7044949024905
2025-01-08 07:15:00+00:00,1.3001071490095637,1.3076381529021393,1.2955507030424664,1.303081706935042,2269.789565925262
2025-01-08 07:20:00+00:00,1.303081706935042,1.3092212780489756,1.2984245611042475,1.3045641322181811,2156.691835030982
2025-01-08 07:25:00+00:00,1.3045641322181811,1.3058951212820966,1.302906322446184,1.3042373115100996,4023.373427986055
2025-01-08 07:30:00+00:00,1.3042373115100996,1.3084585006116314,1.302410594566615,1.3066317836681467,5087.985719970778
2025-01-08 07:35:00+00:00,1.3066317836681467,1.3129225109951883,1.3014885609706104,1.307779288297652,3371.783368423862
2025-01-08 07:40:00+00:00,1.307779288297652,1.3189815644360732,1.3035421489618106,1.3147444251002318,3922.990224636652
2025-01-08 07:45:00+00:00,1.3147444251002318,1.3232809525471907,1.311632967287323,1.320169494734282,4524.5923946852035
2025-01-08 07:50:00+00:00,1.320169494734282,1.3272611978621287,1.3179576432418303,1.325049346369677,2195.9833260895207
2025-01-08 07:55:00+00:00,1.325049346369677,1.3304856002571939,1.3218132366597248,1.3272494905472416,2773.4959124567226
2025-01-08 08:00:00+00:00,1.3272494905472416,1.3378580185487976,1.3230576077014422,1.3336661357029982,1869.2451147716713
2025-01-08 08:05:00+00:00,1.3336661357029982,1.3353166968781314,1.3324650467929682,1.3341156079681014,1812.9522967673204
2025-01-08 08:10:00+00:00,1.3341156079681014,1.3366110018060553,1.3328995411349738,1.3353949349729277,1482.1551560348732
2025-01-08 08:15:00+00:00,1.3353949349729277,1.3383937792300356,1.334394055270754,1.337392899527862,1847.110472490578
2025-01-08 08:20:00+00:00,1.337392899527862,1.3409886519037193,1.3355405369562818,1.3391362893321392,1345.0894458918651
2025-01-08 08:25:00+00:00,1.3391362893321392,1.347588382975369,1.3342083941439764,1.3426604877872061,1475.594318695713
2025-01-08 08:30:00+00:00,1.3426604877872061,1.347268939407971,1.3417026933839107,1.3463111450046756,1612.2188417905218
2025-01-08 08:35:00+00:00,1.3463111450046756,1.3561476710480875,1.342931589200335,1.352768115243747,1934.6685142287595
2025-01-08 08:40:00+00:00,1.352768115243747,1.3621504258546202,1.3483946454460316,1.3577769560569048,1903.9363590504713
2025-01-08 08:45:00+00:00,1.3577769560569048,1.3656731362667676,1.3552775081408246,1.3631736883506873,1616.0962981157552
2025-01-08 08:50:00+00:00,1.3631736883506873,1.3724159454941753,1.3580312882642227,1.3672735454077107,1690.3434691805703
2025-01-08 08:55:00+00:00,1.3672735454077107,1.3731331776264244,1.3645894017911488,1.3704490340098625,2247.1015015523426
2025-01-08 09:00:00+00:00,1.3704490340098625,1.3774025292549852,1.3657789433550687,1.3727324386001913,1592.1891106332048
2025-01-08 09:05:00+00:00,1.3727324386001913,1.3750228817787178,1.371356460820124,1.3736469039986505,2847.7016184427616
2025-01-08 09:10:00+00:00,1.3736469039986505,1.3797102833460342,1.3695330071655254,1.375596386512909,2278.9181902445725
2025-01-08 09:15:00+00:00,1.375596386512909,1.3801657938386995,1.3737621602070575,1.378331567532848,1632.5836068380502
2025-01-08 09:20:00+00:00,1.378331567532848,1.38572177256965,1.375548601172663,1.382938806209465,1362.8868097348054
2025-01-08 09:25:00+00:00,1.382938806209465,1.386878864825578,1.3795146410576022,1.3834546996737154,1986.7733421242326
2025-01-08 09:30:00+00:00,1.3834546996737154,1.3877144462390678,1.380204047927569,1.3844637944929215,2524.5913355586204
2025-01-08 09:35:00+00:00,1.3844637944929215,1.3934308353067486,1.3791026075652388,1.388069648379066,1995.8999615861678
2025-01-08 09:40:00+00:00,1.388069648379066,1.3940636465076612,1.383527333545273,1.3895213316738682,1979.1931189197335
2025-01-08 09:45:00+00:00,1.3895213316738682,1.394391700262273,1.3883662081584152,1.39323657674682,1317.4208622177937
2025-01-08 09:50:00+00:00,1.39323657674682,1.3998240206527663,1.3890684138149483,1.3956558577208946,2377.5259969125264
2025-01-08 09:55:00+00:00,1.3956558577208946,1.3990262085297758,1.3940813451379535,1.3974516959468346,1454.6082653353174
2025-01-08 10:00:00+00:00,1.3974516959468346,1.4007030521854635,1.3949628203584619,1.3982141765970908,2880.407090879942
2025-01-08 10:05:00+00:00,1.3982141765970908,1.4018078208492748,1.3974025550317646,1.4009961992839486,4304.519499900045
2025-01-08 10:10:00+00:00,1.4009961992839486,1.4039393716645943,1.3997068985126515,1.4026500708932972,6474.1790590965775
2025-01-08 10:15:00+00:00,1.4026500708932972,1.4086723569030046,1.3984118864598538,1.4044341724695613,5063.09299044893
2025-01-08 10:20:00+00:00,1.4044341724695613,1.4085313359362228,1.4020139725637015,1.406111136030363,2570.268062195905
2025-01-08 10:25:00+00:00,1.406111136030363,1.4145792793970802,1.4006443942142695,1.4091125375809865,4161.220769929851
2025-01-08 10:30:00+00:00,1.4091125375809865,1.4153728488098924,1.4057243919226252,1.4119847031515311,2256.92687311304
2025-01-08 10:35:00+00:00,1.4119847031515311,1.4167748099218895,1.406843631802309,1.4116337385726674,2792.418192758559
2025-01-08 10:40:00+00:00,1.4116337385726674,1.4194623059209395,1.406014797809764,1.413843365158036,1870.8537474344712
2025-01-08 10:45:00+00:00,1.413843365158036,1.422498434705783,1.4082810799197047,1.4169361494674517,2208.6148492301063
2025-01-08 10:50:00+00:00,1.4169361494674517,1.4241993786636038,1.4137943085727835,1.4210575377689356,1258.3666651943636
2025-01-08 10:55:00+00:00,1.4210575377689356,1.4282771110964207,1.4174637326186914,1.4246833059461765,2039.05535852025
2025-01-08 11:00:00+00:00,1.4246833059461765,1.4286654667229548,1.4232848791841657,1.427267039960944,1840.037976431736
2025-01-08 11:05:00+00:00,1.427267039960944,1.4314267779894028,1.4233113148441618,1.4274710528726207,2272.5255832137263
2025-01-08 11:10:00+00:00,1.4274710528726207,1.4307474179963968,1.4249726298126577,1.4282489949364339,1897.568073394069
2025-01-08 11:15:00+00:00,1.4282489949364339,1.436481649246054,1.4236240977117178,1.4318567520213379,1829.9623213512814
2025-01-08 11:20:00+00:00,1.4318567520213379,1.4362057160724775,1.428283043359894,1.4326320074110337,1879.4929384163572
2025-01-08 11:25:00+00:00,1.4326320074110337,1.4398269820336456,1.4291323652108776,1.4363273398334895,2287.559361119687
2025-01-08 11:30:00+00:00,1.4363273398334895,1.445057503180818,1.4316768839935132,1.4404070473408417,2807.291673128666
2025-01-08 11:35:00+00:00,1.4404070473408417,1.4453466965814714,1.435465295359413,1.4404049446000426,2457.1477930372416
2025-01-08 11:40:00+00:00,1.4404049446000426,1.4468628396801821,1.4364990693678146,1.442956964447954,2592.0967844643556
2025-01-08 11:45:00+00:00,1.442956964447954,1.4457314905985594,1.4417389383985002,1.4445134645491056,1509.4361733266871
2025-01-08 11:50:00+00:00,1.4445134645491056,1.4529834665822723,1.4412821204050748,1.4497521224382415,1355.292429214937
2025-01-08 11:55:00+00:00,1.4497521224382415,1.4581290927053199,1.4445242306148116,1.45290120088189,1473.5970483644503
2025-01-08 12:00:00+00:00,1.45290120088189,1.4581519685565707,1.4484239021986514,1.453674669873332,1482.1982702345774
2025-01-08 12:05:00+00:00,1.453674669873332,1.459779552801191,1.4499230858702632,1.4560279687981221,2237.2107852647223
2025-01-08 12:10:00+00:00,1.4560279687981221,1.457097066188552,1.454980764150089,1.4560498615405189,1888.4693421389145
2025-01-08 12:15:00+00:00,1.4560498615405189,1.4630952047975851,1.4503526821891486,1.4573980254462149,1813.4204181004723
2025-01-08 12:20:00+00:00,1.4573980254462149,1.4602307329218744,1.4565309451082256,1.4593636525838851,3502.05642267949
2025-01-08 12:25:00+00:00,1.4593636525838851,1.4626744180285702,1.457920966362375,1.46123173180706,1822.104970117558
2025-01-08 12:30:00+00:00,1.46123173180706,1.4644643309324556,1.4601503395401618,1.4633829386655575,2461.619800276721
2025-01-08 12:35:00+00:00,1.4633829386655575,1.4673200982141503,1.4594733455748798,1.4634105051234727,1985.6496556031536
2025-01-08 12:40:00+00:00,1.4634105051234727,1.4666099862033977,1.4585907353533731,1.461790216433298,1478.927477804823
2025-01-08 12:45:00+00:00,1.461790216433298,1.4683209494592304,1.456273011958699,1.4628037449846314,2794.2227768770395
2025-01-08 12:50:00+00:00,1.4628037449846314,1.4668366020308463,1.4588787324901118,1.4629115895363267,3691.9671626187096
2025-01-08 12:55:00+00:00,1.4629115895363267,1.4670036815813057,1.4592930530514678,1.4633851450964468,4796.990472540813
2025-01-08 13:00:00+00:00,1.4633851450964468,1.469736089640196,1.4625340855903477,1.468885030134097,4939.760575002879
2025-01-08 13:05:00+00:00,1.468885030134097,1.4783730247608895,1.4632324724485135,1.472720467075306,5979.430217736449
2025-01-08 13:10:00+00:00,1.472720467075306,1.4773168252788171,1.4696443171062057,1.4742406753097168,2250.9561966478886
2025-01-08 13:15:00+00:00,1.4742406753097168,1.4763485578944566,1.471473387350961,1.4735812699357007,3172.767530976198
2025-01-08 13:20:00+00:00,1.4735812699357007,1.476895985023826,1.4698971828388423,1.4732118979269675,1640.6149122215359
2025-01-08 13:25:00+00:00,1.4732118979269675,1.4814572946372973,1.4675874946110063,1.475832891321336,1645.0860992600547
2025-01-08 13:30:00+00:00,1.475832891321336,1.4844279860518492,1.4711785042118348,1.479773598942348,2414.5696375691014
2025-01-08 13:35:00+00:00,1.479773598942348,1.4826499788421101,1.4784941754969125,1.4813705553966747,1897.889681739265
2025-01-08 13:40:00+00:00,1.4813705553966747,1.4874014509051878,1.4777567444835586,1.4837876399920717,2600.9233010307903
2025-01-08 13:45:00+00:00,1.4837876399920717,1.4894444550523307,1.4808323833232162,1.4864891983834752,2985.069017256285
2025-01-08 13:50:00+00:00,1.4864891983834752,1.492284037784276,1.4849209392869227,1.4907157786877236,2178.642786755303
2025-01-08 13:55:00+00:00,1.4907157786877236,1.4949405783810672,1.4855239760796703,1.489748775773014,1812.4721282751643
2025-01-08 14:00:00+00:00,1.489748775773014,1.4940847468392435,1.4881618588442131,1.4924978299104428,1044.9980798513393
2025-01-08 14:05:00+00:00,1.4924978299104428,1.5002034595101874,1.488068311789147,1.4957739413888915,1852.9584715974042
2025-01-08 14:10:00+00:00,1.4957739413888915,1.5040520308611536,1.4918341086289773,1.5001121981012393,2135.505987815855
2025-01-08 14:15:00+00:00,1.5001121981012393,1.5055145852781147,1.4981364503637498,1.5035388375406251,1402.1754509422544
2025-01-08 14:20:00+00:00,1.5035388375406251,1.5054482626287935,1.502435024369899,1.5043444494580673,2214.0064514422984
2025-01-08 14:25:00+00:00,1.5043444494580673,1.5101461135463095,1.5003637914124557,1.5061654555006978,2115.269815957525
2025-01-08 14:30:00+00:00,1.5061654555006978,1.5102892260427914,1.5022326627419642,1.5063564332840578,2080.5083154601484
2025-01-08 14:35:00+00:00,1.5063564332840578,1.51217002195879,1.5039151672678936,1.5097287559426258,2523.2636396387024
2025-01-08 14:40:00+00:00,1.5097287559426258,1.51530017469087,1.5076075853680928,1.513179004116337,2950.0649765617936
2025-01-08 14:45:00+00:00,1.513179004116337,1.5220106158391886,1.508457193736261,1.5172888054591125,1523.4067826749633
2025-01-08 14:50:00+00:00,1.5172888054591125,1.5225059948228787,1.5135577126465736,1.5187749020103398,1908.1780614219372
2025-01-08 14:55:00+00:00,1.5187749020103398,1.523174029727527,1.5156178020984026,1.5200169298155897,2158.162891142191
2025-01-08 15:00:00+00:00,1.5200169298155897,1.5293697459599362,1.516843913881568,1.5261967300259145,2976.967471649051
2025-01-08 15:05:00+00:00,1.5261967300259145,1.5357053793389448,1.5204838617684344,1.5299925110814647,2032.5365882419267
2025-01-08 15:10:00+00:00,1.5299925110814647,1.537580919571409,1.529146152544572,1.5367345610345162,1304.8096176355857
2025-01-08 15:15:00+00:00,1.5367345610345162,1.546701341811595,1.531173412906464,1.5411401936835427,1141.4139769894455
2025-01-08 15:20:00+00:00,1.5411401936835427,1.5452095755746658,1.5380148551808726,1.5420842370719956,2578.837188354093
2025-01-08 15:25:00+00:00,1.5420842370719956,1.548225727432248,1.5411343801161055,1.5472758704763578,2599.8310607259773
2025-01-08 15:30:00+00:00,1.5472758704763578,1.5579194210811944,1.5426810053880289,1.5533245559928655,3274.4010501345256
2025-01-08 15:35:00+00:00,1.5533245559928655,1.5579302177018028,1.5516736372490794,1.5562792989580168,2803.560712524876
2025-01-08 15:40:00+00:00,1.5562792989580168,1.5599004501361775,1.5528918654903003,1.556513016668461,3098.266574051037
2025-01-08 15:45:00+00:00,1.556513016668461,1.564730444522551,1.553398609617974,1.5616160374720638,2520.752636954409
2025-01-08 15:50:00+00:00,1.5616160374720638,1.5711259112212232,1.5557302302735618,1.5652401040227213,1030.9197661832604
2025-01-08 15:55:00+00:00,1.5652401040227213,1.5742269404895157,1.5606854477399987,1.5696722842067932,1090.5615194744646
2025-01-08 16:00:00+00:00,1.5696722842067932,1.5753414242552588,1.5628658375622662,1.5685349776107318,1428.2992430858474
2025-01-08 16:05:00+00:00,1.5685349776107318,1.5789307265518067,1.562928095670206,1.573323844611281,1137.5192952259265
2025-01-08 16:10:00+00:00,1.573323844611281,1.5778389134903164,1.5675451699272598,1.5720602388062952,746.7158605971065
2025-01-08 16:15:00+00:00,1.5720602388062952,1.5801052372140096,1.5662962866891195,1.574341285096834,1245.5214114876392
2025-01-08 16:20:00+00:00,1.574341285096834,1.5818222756224058,1.572449693442004,1.579930683967576,819.2455401100977
2025-01-08 16:25:00+00:00,1.579930683967576,1.585498976647186,1.5748019399711668,1.580370232650777,620.8686673026426
2025-01-08 16:30:00+00:00,1.580370232650777,1.5850867824268307,1.5759921344469217,1.5807086842229754,1071.608733289057
2025-01-08 16:35:00+00:00,1.5807086842229754,1.5897105794245474,1.5746983697303796,1.5837002649319516,1700.2892360179726
2025-01-08 16:40:00+00:00,1.5837002649319516,1.595134296057866,1.579222899689699,1.5906569308156135,1365.349605813738
2025-01-08 16:45:00+00:00,1.5906569308156135,1.602233077095593,1.5859661002400944,1.597542246520074,1282.239420654011
2025-01-08 16:50:00+00:00,1.597542246520074,1.6038914547186751,1.5937846945811192,1.6001339027797203,886.8995872783485
2025-01-08 16:55:00+00:00,1.6001339027797203,1.6102639454551617,1.5956429081314465,1.6057729508068879,826.799614219749
2025-01-08 17:00:00+00:00,1.6057729508068879,1.6145649135141955,1.6017702670926677,1.6105622297999753,836.4828420521746
2025-01-08 17:05:00+00:00,1.6105622297999753,1.6165088856686558,1.6087422756038834,1.6146889314725639,985.5695683413442
2025-01-08 17:10:00+00:00,1.6146889314725639,1.6204780504351217,1.6131539842536942,1.618943103216252,901.1305994049304
2025-01-08 17:15:00+00:00,1.618943103216252,1.6249273330545873,1.6150529289710887,1.621037158809424,1116.016614168892
2025-01-08 17:20:00+00:00,1.621037158809424,1.6300601174401748,1.6170149645931668,1.6260379232239177,1155.7506726148708
2025-01-08 17:25:00+00:00,1.6260379232239177,1.6370019151621804,1.62052470573763,1.6314886976758927,864.0338954596016
2025-01-08 17:30:00+00:00,1.6314886976758927,1.6454576443835298,1.6261364384438846,1.6401053851515217,1245.3758750035267
2025-01-08 17:35:00+00:00,1.6401053851515217,1.6504894981206089,1.6347770303660423,1.6451611433351294,621.4764190878723
2025-01-08 17:40:00+00:00,1.6451611433351294,1.6497314827915914,1.6389216857102271,1.6434920251666891,935.3952898541556
2025-01-08 17:45:00+00:00,1.6434920251666891,1.6470288457657358,1.6406659597019193,1.644202780300966,944.6526457845615
2025-01-08 17:50:00+00:00,1.644202780300966,1.6487074832611173,1.6433636523121171,1.6478683552722684,896.3818897010428
2025-01-08 17:55:00+00:00,1.6478683552722684,1.6568994943489395,1.6419027956120966,1.6509339346887677,1028.0443282508136
2025-01-08 18:00:00+00:00,1.6509339346887677,1.655903572587127,1.645127585685835,1.6500972235841942,2250.901253350453
2025-01-08 18:05:00+00:00,1.6500972235841942,1.6587940469405293,1.6438902677288973,1.6525870910852325,2551.0076447527827
2025-01-08 18:10:00+00:00,1.6525870910852325,1.6595048979630316,1.6476471155427836,1.6545649224205827,2644.359025280234
2025-01-08 18:15:00+00:00,1.6545649224205827,1.657966348042742,1.6536768617171438,1.657078287339303,1532.831979605762
2025-01-08 18:20:00+00:00,1.657078287339303,1.6608834052424153,1.6555666750465599,1.659371792949672,3015.960969964869
2025-01-08 18:25:00+00:00,1.659371792949672,1.6655504746327598,1.6574945322188424,1.6636732139019301,2678.8436647287126
2025-01-08 18:30:00+00:00,1.6636732139019301,1.671845248399728,1.6608287036183185,1.6690007381161163,1497.9156435638106
2025-01-08 18:35:00+00:00,1.6690007381161163,1.676461192637405,1.6652457259253763,1.672706180446665,1578.551832259572
2025-01-08 18:40:00+00:00,1.672706180446665,1.6749571904468972,1.6704963272149755,1.6727473372152077,1711.3195208818586
2025-01-08 18:45:00+00:00,1.6727473372152077,1.6798946665226226,1.6660735174308179,1.6732208467382328,1526.1339027237173
2025-01-08 18:50:00+00:00,1.6732208467382328,1.6750438952450284,1.6722159459166117,1.6740389944234073,1093.885477566307
2025-01-08 18:55:00+00:00,1.6740389944234073,1.6793981715429087,1.6706614031731717,1.676020580292673,1600.5743087043863
2025-01-08 19:00:00+00:00,1.676020580292673,1.6803587036847543,1.6728702805364442,1.6772084039285253,1110.2056379956891
2025-01-08 19:05:00+00:00,1.6772084039285253,1.6837780185561422,1.671936396926173,1.6785060115537898,1006.0102366638416
2025-01-08 19:10:00+00:00,1.6785060115537898,1.6820958041641454,1.675020725104534,1.6786105177148896,1130.2161734967897
2025-01-08 19:15:00+00:00,1.6786105177148896,1.6838813027791846,1.6771838833534027,1.6824546684176978,1761.6011859431642
2025-01-08 19:20:00+00:00,1.6824546684176978,1.6889395908270202,1.6795952456754157,1.6860801680847382,1453.0899941824496
2025-01-08 19:25:00+00:00,1.6860801680847382,1.694770425025142,1.6812085675942732,1.689898824534677,1155.626225444669
2025-01-08 19:30:00+00:00,1.689898824534677,1.69582692312957,1.6795993046857975,1.6855274032806904,1114.654378474623
2025-01-08 19:35:00+00:00,1.6855274032806904,1.691625371125222,1.6761374692104745,1.682235437055006,885.3457660627876
2025-01-08 19:40:00+00:00,1.682235437055006,1.68462353313678,1.673806225401102,1.6761943214828758,1400.956346400569
2025-01-08 19:45:00+00:00,1.6761943214828758,1.6822323290461403,1.6639352576166548,1.6699732651799193,438.75343321039543
2025-01-08 19:50:00+00:00,1.6699732651799193,1.676184315850914,1.6585051694366766,1.6647162201076713,1137.3496670914021
2025-01-08 19:55:00+00:00,1.6647162201076713,1.6682209865561493,1.6582323592240316,1.6617371256725095,1013.3934560466652
2025-01-08 20:00:00+00:00,1.6617371256725095,1.6650491692970895,1.6540096553849521,1.657321699009532,943.6160219125507
2025-01-08 20:05:00+00:00,1.657321699009532,1.6603581042936906,1.6479366820804089,1.6509730873645674,1377.879084237893
2025-01-08 20:10:00+00:00,1.6509730873645674,1.6556414914599415,1.642449631439526,1.6471180355349002,1024.3994553350926
2025-01-08 20:15:00+00:00,1.6471180355349002,1.6535779511577562,1.6374973156253674,1.6439572312482233,1623.2232993282635
2025-01-08 20:20:00+00:00,1.6439572312482233,1.6488324752067018,1.6354561663014517,1.6403314102599302,800.1300959294839
2025-01-08 20:25:00+00:00,1.6403314102599302,1.6440795893618603,1.6313820584686998,1.6351302375706298,1900.2205528138181
2025-01-08 20:30:00+00:00,1.6351302375706298,1.6376313691603097,1.6289245690293261,1.631425700619006,949.6713797204873
2025-01-08 20:35:00+00:00,1.631425700619006,1.6375992063305018,1.620660979138681,1.6268344848501768,1326.113899695704
2025-01-08 20:40:00+00:00,1.6268344848501768,1.631134942892277,1.618200849689621,1.6225013077317212,2101.381301314846
2025-01-08 20:45:00+00:00,1.6225013077317212,1.6281486747205196,1.6130526673568464,1.6187000343456448,2088.5159675093764
2025-01-08 20:50:00+00:00,1.6187000343456448,1.6226259205566524,1.6126817632456714,1.616607649456679,2448.791403459565
2025-01-08 20:55:00+00:00,1.616607649456679,1.6189990386754005,1.6142733584688895,1.616664747687611,2930.320898885551
2025-01-08 21:00:00+00:00,1.616664747687611,1.6219984448668723,1.6109427283300741,1.6162764255093354,2122.286233778501
2025-01-08 21:05:00+00:00,1.6162764255093354,1.6225857055679964,1.6078506713560698,1.614159951414731,2016.1028983702636
2025-01-08 21:10:00+00:00,1.614159951414731,1.6170048215848796,1.6072894280849628,1.6101342982551115,959.696453931871
2025-01-08 21:15:00+00:00,1.6101342982551115,1.61534118050944,1.6011659553956468,1.6063728376499753,784.0947496176067
2025-01-08 21:20:00+00:00,1.6063728376499753,1.6093041395982528,1.5998504629584671,1.6027817649067446,792.8207197397875
2025-01-08 21:25:00+00:00,1.6027817649067446,1.6080712787688922,1.5967126513273142,1.6020021651894618,1147.78024786429
2025-01-08 21:30:00+00:00,1.6020021651894618,1.6039080128319305,1.5918895604471428,1.5937954080896115,1356.2877494502557
2025-01-08 21:35:00+00:00,1.5937954080896115,1.5986218003823727,1.5866470064324623,1.5914733987252234,1343.2658387746308
2025-01-08 21:40:00+00:00,1.5914733987252234,1.5973678780447325,1.579054208770876,1.5849486880903851,1077.1531849539826
2025-01-08 21:45:00+00:00,1.5849486880903851,1.587559939481006,1.5796892911334042,1.582300542524025,1148.853599870693
2025-01-08 21:50:00+00:00,1.582300542524025,1.5832976904871263,1.5812573190167152,1.5822544669798164,573.5875912890341
2025-01-08 21:55:00+00:00,1.5822544669798164,1.5882345729393808,1.5720653957816295,1.5780455017411938,881.9996536480462
2025-01-08 22:00:00+00:00,1.5780455017411938,1.5819199421485508,1.5674580241148368,1.5713324645221938,972.8744323285823
2025-01-08 22:05:00+00:00,1.5713324645221938,1.57356336021815,1.5692246648720438,1.571455560568,1214.0297147639799
2025-01-08 22:10:00+00:00,1.571455560568,1.5730570904367869,1.5704396039215025,1.5720411337902893,1218.716666744059
2025-01-08 22:15:00+00:00,1.5720411337902893,1.574721250884182,1.5681129439633543,1.570793061057247,1060.9221660763283
2025-01-08 22:20:00+00:00,1.570793061057247,1.5749434657827057,1.5668839375673644,1.5710343422928232,1100.855855112993
2025-01-08 22:25:00+00:00,1.5710343422928232,1.5746444256199126,1.5638491616833876,1.567459245010477,1907.4897018772156
2025-01-08 22:30:00+00:00,1.567459245010477,1.5701711015658348,1.56494629683359,1.567658153388948,877.0647265198714
2025-01-08 22:35:00+00:00,1.567658153388948,1.5730639350965752,1.5634957226690471,1.5689015043766743,1112.761123438934
2025-01-08 22:40:00+00:00,1.5689015043766743,1.5739214874737697,1.5631752683022149,1.5681952513993103,972.8460521846375
2025-01-08 22:45:00+00:00,1.5681952513993103,1.5711973987735346,1.5638532895564419,1.5668554369306662,923.2537504118354
2025-01-08 22:50:00+00:00,1.5668554369306662,1.572200272198656,1.5620924291588727,1.5674372644268626,1005.1909684331882
2025-01-08 22:55:00+00:00,1.5674372644268626,1.573702951781881,1.5615003497903963,1.5677660371454147,1133.2829952875206
2025-01-08 23:00:00+00:00,1.5677660371454147,1.5690882284895804,1.5632637479611309,1.5645859393052965,902.4809368653507
2025-01-08 23:05:00+00:00,1.5645859393052965,1.567327117758411,1.5626482362460896,1.565389414699204,1757.8292181049644
2025-01-08 23:10:00+00:00,1.565389414699204,1.5696609430497126,1.5607808519258015,1.56505238027631,1044.3278507836555
2025-01-08 23:15:00+00:00,1.56505238027631,1.5698047799754427,1.5588729176842167,1.5636253173833492,1044.7667997245223
2025-01-08 23:20:00+00:00,1.5636253173833492,1.569934070634287,1.5580428432365454,1.5643515964874832,3575.8072491878593
2025-01-08 23:25:00+00:00,1.5643515964874832,1.5668826965470082,1.5618352657547976,1.5643663658143225,3558.157473640789
2025-01-08 23:30:00+00:00,1.5643663658143225,1.5696400680951719,1.5587632423896052,1.5640369446704545,3355.630739870123
2025-01-08 23:35:00+00:00,1.5640369446704545,1.5701880146624463,1.5551928290149122,1.561343899006904,3223.2551556879607
2025-01-08 23:40:00+00:00,1.561343899006904,1.5628937709456114,1.559598105359434,1.5611479772981416,1496.1318484821975
2025-01-08 23:45:00+00:00,1.5611479772981416,1.5670523396900455,1.5513906348602187,1.5572949972521226,2099.188640116128
2025-01-08 23:50:00+00:00,1.5572949972521226,1.562832156638743,1.549717203691277,1.5552543630778974,1016.6828005005854
2025-01-08 23:55:00+00:00,1.5552543630778974,1.5576835853624218,1.5478356266489928,1.5502648489335171,900.6637532465269
2025-01-09 00:00:00+00:00,1.5502648489335171,1.554361357104744,1.5411353950033038,1.5452319031745307,1595.162073424945
2025-01-09 00:05:00+00:00,1.5452319031745307,1.5493317336338488,1.540046125730578,1.544145956189896,1393.1986757664524
2025-01-09 00:10:00+00:00,1.544145956189896,1.5455810325630024,1.5406058233876434,1.5420408997607498,873.3535604829061
2025-01-09 00:15:00+00:00,1.5420408997607498,1.5448274261917334,1.5374082593431178,1.5401947857741014,765.1241524232894
2025-01-09 00:20:00+00:00,1.5401947857741014,1.5427920652910887,1.5366341211523156,1.5392314006693029,725.8593191468932
2025-01-09 00:25:00+00:00,1.5392314006693029,1.544199816692096,1.532793929943063,1.5377623459658563,788.1029571820598
2025-01-09 00:30:00+00:00,1.5377623459658563,1.5436988348705263,1.5280176819728466,1.5339541708775166,1128.6217936591077
2025-01-09 00:35:00+00:00,1.5339541708775166,1.5349897111413584,1.530817452619812,1.5318529928836537,1271.1580088613457
2025-01-09 00:40:00+00:00,1.5318529928836537,1.5370654309224705,1.5242159192598492,1.529428357298666,939.7606607156009
2025-01-09 00:45:00+00:00,1.529428357298666,1.533392024490222,1.5221435977268536,1.5261072649184095,1595.445632115316
2025-01-09 00:50:00+00:00,1.5261072649184095,1.5308061230161132,1.5187448089965214,1.523443667094225,1027.4559888172944
2025-01-09 00:55:00+00:00,1.523443667094225,1.5279996581421493,1.5157153202644458,1.52027131131237,1204.5346000355607
2025-01-09 01:00:00+00:00,1.52027131131237,1.525170358093924,1.5116152095935202,1.5165142563750742,811.1465498436312
2025-01-09 01:05:00+00:00,1.5165142563750742,1.521185806175336,1.5085910166082452,1.513262566408507,1007.4594805846536
2025-01-09 01:10:00+00:00,1.513262566408507,1.5161769746725735,1.508059383518471,1.5109737917825374,781.9857760979625
2025-01-09 01:15:00+00:00,1.5109737917825374,1.5175645093254186,1.505335322243707,1.5119260397865881,1093.9918179126526
2025-01-09 01:20:00+00:00,1.5119260397865881,1.5141498525420922,1.5053598173186888,1.507583630074193,1335.94014391014
2025-01-09 01:25:00+00:00,1.507583630074193,1.5127903108647687,1.500389646789351,1.5055963275799267,1033.7588881980876
2025-01-09 01:30:00+00:00,1.5055963275799267,1.5095529567906245,1.4960076822218762,1.499964311432574,1049.772756803746
2025-01-09 01:35:00+00:00,1.499964311432574,1.5011066538164997,1.4986211729520047,1.4997635153359303,1468.9539782405009
2025-01-09 01:40:00+00:00,1.4997635153359303,1.503381819808438,1.4924177279415607,1.4960360324140685,974.7355765440493
2025-01-09 01:45:00+00:00,1.4960360324140685,1.4975715337078874,1.491561014236636,1.493096515530455,1444.3177775186589
2025-01-09 01:50:00+00:00,1.493096515530455,1.4981049833080495,1.4871270095124982,1.4921354772900928,1181.703239287209
2025-01-09 01:55:00+00:00,1.4921354772900928,1.4963313651491568,1.486399128877964,1.490595016737028,922.4560534866473
2025-01-09 02:00:00+00:00,1.490595016737028,1.4949650775920018,1.480203854513311,1.4845739153682846,1918.924614610015
2025-01-09 02:05:00+00:00,1.4845739153682846,1.4900122579833397,1.4767207046238937,1.4821590472389488,2525.4705714148718
2025-01-09 02:10:00+00:00,1.4821590472389488,1.487715297610743,1.4727521615537886,1.478308411925583,3042.152717669956
2025-01-09 02:15:00+00:00,1.478308411925583,1.4829602456483684,1.4712678919735938,1.4759197256963792,2276.5639666556367
2025-01-09 02:20:00+00:00,1.4759197256963792,1.481382310144308,1.4672049863137402,1.472667570761669,1722.9190231524985
2025-01-09 02:25:00+00:00,1.472667570761669,1.4783571436452845,1.4647248099770838,1.4704143828606993,951.6698692222964
2025-01-09 02:30:00+00:00,1.4704143828606993,1.4754308573786614,1.462332996723262,1.467349471241224,1384.660877979961
2025-01-09 02:35:00+00:00,1.467349471241224,1.4685061911349309,1.462347569736168,1.4635042896298749,1183.8866911376588
2025-01-09 02:40:00+00:00,1.4635042896298749,1.4654531011243503,1.4600056414599147,1.4619544529543902,1029.2542676556486
2025-01-09 02:45:00+00:00,1.4619544529543902,1.4667373872406884,1.4508445569170878,1.455627491203386,1072.095124230997
2025-01-09 02:50:00+00:00,1.455627491203386,1.457874177943085,1.4490019288937213,1.4512486156334203,1813.5133236873003
2025-01-09 02:55:00+00:00,1.4512486156334203,1.4555607127332322,1.4416562476008985,1.4459683447007103,556.1081618275033
2025-01-09 03:00:00+00:00,1.4459683447007103,1.448541198602024,1.439536094190834,1.4421089480921476,787.524799960465
2025-01-09 03:05:00+00:00,1.4421089480921476,1.445929651112293,1.4339483226802674,1.4377690257004128,1439.1365392496998
2025-01-09 03:10:00+00:00,1.4377690257004128,1.4434864052858762,1.4282177386697754,1.433935118255239,1290.5848590952526
2025-01-09 03:15:00+00:00,1.433935118255239,1.4386318803397253,1.4248402624726781,1.4295370245571646,1213.899087611794
2025-01-09 03:20:00+00:00,1.4295370245571646,1.432119958600919,1.4226231673301442,1.4252061013738986,886.3167693542634
2025-01-09 03:25:00+00:00,1.4252061013738986,1.4262097082605547,1.4179064496812668,1.418910056567923,1379.098498235443
2025-01-09 03:30:00+00:00,1.418910056567923,1.4230560868904205,1.4112491013911528,1.4153951317136504,892.1647970939196
2025-01-09 03:35:00+00:00,1.4153951317136504,1.4185158876186537,1.4093866114420608,1.412507367347064,940.9430529678891
2025-01-09 03:40:00+00:00,1.412507367347064,1.4178765566132006,1.4027633669450195,1.408132556211156,865.953739703666
2025-01-09 03:45:00+00:00,1.408132556211156,1.4127232076354945,1.399119225970135,1.4037098773944736,1256.9097962430537
2025-01-09 03:50:00+00:00,1.4037098773944736,1.4074139552669749,1.3956623003566158,1.399366378229117,795.9501185087441
2025-01-09 03:55:00+00:00,1.399366378229117,1.4028871489677677,1.395459125378731,1.3989798961173816,1254.966028553037
2025-01-09 04:00:00+00:00,1.3989798961173816,1.402995675493474,1.3921293262079075,1.396145105584,944.0373615217528
2025-01-09 04:05:00+00:00,1.396145105584,1.3999018748788832,1.3899481831138263,1.3937049524087095,1289.7586521175826
2025-01-09 04:10:00+00:00,1.3937049524087095,1.395483020652237,1.3884003512610643,1.3901784195045919,969.8438336470853
2025-01-09 04:15:00+00:00,1.3901784195045919,1.394944546543055,1.3816229557915445,1.3863890828300076,1653.1893926548748
2025-01-09 04:20:00+00:00,1.3863890828300076,1.3885639694712928,1.3798695519011441,1.3820444385424293,1008.0054661398773
2025-01-09 04:25:00+00:00,1.3820444385424293,1.383626317174353,1.3802038385070674,1.3817857171389911,1055.997986093603
2025-01-09 04:30:00+00:00,1.3817857171389911,1.3841927254504973,1.3738207313878963,1.3762277396994025,947.3516596705315
2025-01-09 04:35:00+00:00,1.3762277396994025,1.3796011277877396,1.370680112422186,1.374053500510523,938.6685611009165
2025-01-09 04:40:00+00:00,1.374053500510523,1.3766102326167595,1.36886063942107,1.3714173715273066,2352.018782052415
2025-01-09 04:45:00+00:00,1.3714173715273066,1.372467647347788,1.3674241744337756,1.368474450254257,2486.462789885942
2025-01-09 04:50:00+00:00,1.368474450254257,1.3719375330995234,1.3599970569572797,1.363460139802546,1590.0451698103989
2025-01-09 04:55:00+00:00,1.363460139802546,1.3676800814250907,1.3548528105367557,1.3590727521593002,1985.4537598174556
2025-01-09 05:00:00+00:00,1.3590727521593002,1.3640912409473325,1.3533571183562003,1.3583756071442326,2450.0647469941623
2025-01-09 05:05:00+00:00,1.3583756071442326,1.3591588000159391,1.3542356468891692,1.3550188397608758,891.2294512102332
2025-01-09 05:10:00+00:00,1.3550188397608758,1.3570962445111374,1.352212229462476,1.3542896342127377,1072.4234268920297
2025-01-09 05:15:00+00:00,1.3542896342127377,1.355957663000469,1.3516169896704338,1.353285018458165,1340.0863476658596
2025-01-09 05:20:00+00:00,1.353285018458165,1.3561229743667012,1.3493589964983324,1.3521969524068684,1363.8239427498436
2025-01-09 05:25:00+00:00,1.3521969524068684,1.353493333299832,1.3501689451283139,1.3514653260212774,1485.5261478244593
2025-01-09 05:30:00+00:00,1.3514653260212774,1.354183559861282,1.344881360149339,1.3475995939893435,1254.4453582133754
2025-01-09 05:35:00+00:00,1.3475995939893435,1.3513680384775668,1.3412190323576623,1.3449874768458856,1548.2554155946157
2025-01-09 05:40:00+00:00,1.3449874768458856,1.3465321808748478,1.342745678032708,1.3442903820616703,720.3406730585039
2025-01-09 05:45:00+00:00,1.3442903820616703,1.3485749439887864,1.3362318174749594,1.3405163794020756,925.7725269137379
2025-01-09 05:50:00+00:00,1.3405163794020756,1.3424966155916218,1.33952122277991,1.3415014589694563,848.6788440126406
2025-01-09 05:55:00+00:00,1.3415014589694563,1.3443838124196483,1.336067758776816,1.338950112227008,934.3022724809381
2025-01-09 06:00:00+00:00,1.338950112227008,1.3425730285046438,1.3336126034564808,1.3372355197341166,1309.5491000053298
2025-01-09 06:05:00+00:00,1.3372355197341166,1.3421623790609194,1.329090451634547,1.3340173109613498,1062.2653029391531
2025-01-09 06:10:00+00:00,1.3340173109613498,1.33634053022469,1.3307355998307278,1.333058819094068,661.4214145556118
2025-01-09 06:15:00+00:00,1.333058819094068,1.3340237480630817,1.3294038608559928,1.3303687898250065,1751.9031440381314
2025-01-09 06:20:00+00:00,1.3303687898250065,1.3348138762794808,1.324041903790377,1.3284869902448513,1362.3209907293412
2025-01-09 06:25:00+00:00,1.3284869902448513,1.3332271460057925,1.3204568912772432,1.3251970470381844,1105.8156899566332
2025-01-09 06:30:00+00:00,1.3251970470381844,1.3283220750986722,1.3225026906732253,1.325627718733713,960.4687664557865
2025-01-09 06:35:00+00:00,1.325627718733713,1.3299925032533568,1.3172126855597017,1.3215774700793455,853.1890802883373
2025-01-09 06:40:00+00:00,1.3215774700793455,1.3264025177393794,1.3160140964237914,1.3208391440838254,817.171657534813
2025-01-09 06:45:00+00:00,1.3208391440838254,1.322089194898213,1.3185083037694691,1.3197583545838567,803.8848747359162
2025-01-09 06:50:00+00:00,1.3197583545838567,1.3244843617943616,1.314261538657167,1.3189875458676719,1292.4349741780172
2025-01-09 06:55:00+00:00,1.3189875458676719,1.3196916324048624,1.3151948080399876,1.3158988945771781,731.3475735960699
2025-01-09 07:00:00+00:00,1.3158988945771781,1.3185474127635606,1.3133915396964455,1.316040057882828,1270.007209568611
2025-01-09 07:05:00+00:00,1.316040057882828,1.3186994848033016,1.3133898874942262,1.3160493144146999,1492.0462239677886
2025-01-09 07:10:00+00:00,1.3160493144146999,1.3203107585739187,1.3104999627416816,1.3147614069009004,1066.806091509397
2025-01-09 07:15:00+00:00,1.3147614069009004,1.319563855191435,1.3088825999214329,1.3136850482119675,3248.7197666332204
2025-01-09 07:20:00+00:00,1.3136850482119675,1.3186693576221038,1.306850056162479,1.3118343655726152,2860.4811824254925
2025-01-09 07:25:00+00:00,1.3118343655726152,1.3154982092094492,1.3075423138249571,1.311206157461791,2397.5767336026765
2025-01-09 07:30:00+00:00,1.311206157461791,1.3160187431607162,1.3034222839405438,1.308234869639469,2380.4750606981706
2025-01-09 07:35:00+00:00,1.308234869639469,1.3125502080293026,1.3030660634349411,1.3073814018247747,3713.0664379345803
2025-01-09 07:40:00+00:00,1.3073814018247747,1.3083998371337957,1.3052279590356763,1.3062463943446974,3799.412166454131
2025-01-09 07:45:00+00:00,1.3062463943446974,1.3108169276813628,1.2976482038412422,1.3022187371779077,793.2117142896461
2025-01-09 07:50:00+00:00,1.3022187371779077,1.3043284063115557,1.2941494114099108,1.2962590805435588,1129.720563108322
2025-01-09 07:55:00+00:00,1.2962590805435588,1.2991909084428306,1.2912253911718918,1.2941572190711637,729.3727748905826
2025-01-09 08:00:00+00:00,1.2941572190711637,1.2951529202856,1.2909354491431464,1.2919311503575828,989.746303718421
2025-01-09 08:05:00+00:00,1.2919311503575828,1.295789233706585,1.2879270594436192,1.2917851427926215,1506.6701329314467
2025-01-09 08:10:00+00:00,1.2917851427926215,1.295030842636323,1.286533941494366,1.2897796413380676,1152.640076459871
2025-01-09 08:15:00+00:00,1.2897796413380676,1.2930350219807425,1.2836007578061375,1.2868561384488124,912.5935011711839
2025-01-09 08:20:00+00:00,1.2868561384488124,1.2905447202053968,1.2788594912058213,1.2825480729624057,1332.4095696613938
2025-01-09 08:25:00+00:00,1.2825480729624057,1.2852962301793003,1.2773940094253056,1.2801421666422002,1310.6422455786947
2025-01-09 08:30:00+00:00,1.2801421666422002,1.2816632796636394,1.2753958375983478,1.276916950619787,1284.024385691413
2025-01-09 08:35:00+00:00,1.276916950619787,1.2791195594506601,1.2706405775047092,1.2728431863355822,1403.3599471865132
2025-01-09 08:40:00+00:00,1.2728431863355822,1.274678950782452,1.2683798937671669,1.2702156582140367,1174.7347759254535
2025-01-09 08:45:00+00:00,1.2702156582140367,1.2717914382236344,1.2677476093047328,1.2693233893143305,1170.8611504610599
2025-01-09 08:50:00+00:00,1.2693233893143305,1.2705366054876932,1.2656905586395077,1.2669037748128704,1249.1163357835921
2025-01-09 08:55:00+00:00,1.2669037748128704,1.268755784278812,1.2608458335985995,1.262697843064541,1294.7422472570659
2025-01-09 09:00:00+00:00,1.262697843064541,1.264743865231968,1.2584824303848938,1.2605284525523208,2047.8560713633913
2025-01-09 09:05:00+00:00,1.2605284525523208,1.2642747056158274,1.2524105929286677,1.2561568459921744,832.5384645134197
2025-01-09 09:10:00+00:00,1.2561568459921744,1.2607729746091845,1.2464110862149784,1.2510272148319885,858.6844384462845
2025-01-09 09:15:00+00:00,1.2510272148319885,1.2527275502882447,1.2472695135086567,1.2489698489649128,860.3113268993259
2025-01-09 09:20:00+00:00,1.2489698489649128,1.2520685894370012,1.2422077438703973,1.2453064843424857,682.185414286992
2025-01-09 09:25:00+00:00,1.2453064843424857,1.2490907306110515,1.2403071005316033,1.244091346800169,841.7879594340071
2025-01-09 09:30:00+00:00,1.244091346800169,1.2458115047848692,1.2399200063824887,1.2416401643671888,799.3503438064952
2025-01-09 09:35:00+00:00,1.2416401643671888,1.2443731754436596,1.2347630136894288,1.2374960247658995,1305.0659310564474
2025-01-09 09:40:00+00:00,1.2374960247658995,1.2419830022398757,1.2303643059125318,1.234851283386508,1371.0710206443277
2025-01-09 09:45:00+00:00,1.234851283386508,1.238693366410973,1.2299328636079994,1.2337749466324643,751.4902125621273
2025-01-09 09:50:00+00:00,1.2337749466324643,1.2360191252912858,1.2282362314257433,1.2304804100845648,1038.8414040997789
2025-01-09 09:55:00+00:00,1.2304804100845648,1.233019199558781,1.2233504287332182,1.2258892182074344,1671.2647640605612
2025-01-09 10:00:00+00:00,1.2258892182074344,1.2281533227892536,1.2196198301357117,1.221883934717531,1950.0526673639495
2025-01-09 10:05:00+00:00,1.221883934717531,1.224419638901003,1.2151216970801162,1.2176574012635881,2473.3807745944196
2025-01-09 10:10:00+00:00,1.2176574012635881,1.2217032026339114,1.2088556225011342,1.2129014238714575,2187.2990380239307
2025-01-09 10:15:00+00:00,1.2129014238714575,1.214353617071905,1.2065461336431385,1.2079983268435859,2203.5451168392033
2025-01-09 10:20:00+00:00,1.2079983268435859,1.211016424524098,1.202575616021146,1.2055937137016581,3343.889594869947
2025-01-09 10:25:00+00:00,1.2055937137016581,1.207768862221162,1.2020158131300476,1.2041909616495514,1195.1986375643248
2025-01-09 10:30:00+00:00,1.2041909616495514,1.2076061703233623,1.1972617879525072,1.200676996626318,877.2351086247331
2025-01-09 10:35:00+00:00,1.200676996626318,1.203666124700834,1.1958483665256996,1.1988374946002156,861.2908507654716
2025-01-09 10:40:00+00:00,1.1988374946002156,1.1995004392208486,1.1965299050809046,1.1971928497015376,726.0676000696927
2025-01-09 10:45:00+00:00,1.1971928497015376,1.2010837874371492,1.1927944204467347,1.1966853581823462,1025.1788802325323
2025-01-09 10:50:00+00:00,1.1966853581823462,1.1996751954445855,1.1905319202723637,1.1935217575346029,1490.9561631483095
2025-01-09 10:55:00+00:00,1.1935217575346029,1.195891157607019,1.1877932980106802,1.1901626980830964,1396.8266349690257
2025-01-09 11:00:00+00:00,1.1901626980830964,1.1909672420912032,1.1871393188994852,1.187943862907592,992.7018825241449
2025-01-09 11:05:00+00:00,1.187943862907592,1.1887840616989342,1.184464639045173,1.1853048378365152,803.4983504796628
2025-01-09 11:10:00+00:00,1.1853048378365152,1.1894753968581115,1.178830678866172,1.1830012378877683,924.9390433929838
2025-01-09 11:15:00+00:00,1.1830012378877683,1.1860317517674601,1.17912394560094,1.1821544594806317,729.9562420011752
2025-01-09 11:20:00+00:00,1.1821544594806317,1.1845414252760562,1.1765225448465069,1.1789095106419314,556.2253472306778
2025-01-09 11:25:00+00:00,1.1789095106419314,1.1831110263796183,1.172431138579065,1.1766326543167518,554.3700742804922
2025-01-09 11:30:00+00:00,1.1766326543167518,1.1790546693152328,1.1703013841604295,1.1727233991589106,1093.9845536922544
2025-01-09 11:35:00+00:00,1.1727233991589106,1.1734020015344961,1.1693536904041815,1.170032292779767,865.066270524043
2025-01-09 11:40:00+00:00,1.170032292779767,1.173355635467321,1.163358030172957,1.1666813728605108,707.7761465518477
2025-01-09 11:45:00+00:00,1.1666813728605108,1.169382472310375,1.1605764002707823,1.1632774997206465,1278.7137624086154
2025-01-09 11:50:00+00:00,1.1632774997206465,1.1664402847420918,1.157525780651388,1.1606885656728332,1271.2726790936931
2025-01-09 11:55:00+00:00,1.1606885656728332,1.1633864169743142,1.15514937078172,1.157847222083201,1497.4196967317382
2025-01-09 12:00:00+00:00,1.157847222083201,1.159234224721191,1.1548179631633098,1.1562049658012998,1068.1866373403175
2025-01-09 12:05:00+00:00,1.1562049658012998,1.1584173787560994,1.1530096415039985,1.155222054458798,886.2710522930016
2025-01-09 12:10:00+00:00,1.155222054458798,1.158876082818911,1.1474677502268502,1.1511217785869632,1270.2116504335543
2025-01-09 12:15:00+00:00,1.1511217785869632,1.153927613874129,1.1477282083157456,1.1505340436029114,798.4193424237507
2025-01-09 12:20:00+00:00,1.1505340436029114,1.1537665394882022,1.142322804624071,1.1455553005093617,959.6672517243184
2025-01-09 12:25:00+00:00,1.1455553005093617,1.1493216357578022,1.1402787406341128,1.1440450758825533,1414.4543646767922
2025-01-09 12:30:00+00:00,1.1440450758825533,1.1477217885149968,1.1395497542788282,1.1432264669112717,791.5967927013996
2025-01-09 12:35:00+00:00,1.1432264669112717,1.1449413203985281,1.1388827042272953,1.1405975577145517,2373.4131661857023
2025-01-09 12:40:00+00:00,1.1405975577145517,1.1424375673588818,1.1367622250285847,1.1386022346729148,2106.266105575556
2025-01-09 12:45:00+00:00,1.1386022346729148,1.1404108370884656,1.134097874402464,1.1359064768180147,1684.07321445718
2025-01-09 12:50:00+00:00,1.1359064768180147,1.1380363565236435,1.1334168173989712,1.1355466971046,3600.981747299035
2025-01-09 12:55:00+00:00,1.1355466971046,1.139010092444073,1.1262419103296342,1.129705305669107,1700.8636404727529
2025-01-09 13:00:00+00:00,1.129705305669107,1.1337005508683358,1.1229131303864752,1.126908375585704,1937.8840688235307
2025-01-09 13:05:00+00:00,1.126908375585704,1.1279403679759372,1.1218234852723443,1.1228554776625777,1025.001570335013
2025-01-09 13:10:00+00:00,1.1228554776625777,1.1245869819548313,1.1199788868530556,1.1217103911453092,1385.9395657791003
2025-01-09 13:15:00+00:00,1.1217103911453092,1.1252955864506415,1.118508868688087,1.1220940639934194,1170.4518644196135
2025-01-09 13:20:00+00:00,1.1220940639934194,1.1250289479131064,1.1194275333247974,1.1223624172444844,870.1581139748075
2025-01-09 13:25:00+00:00,1.1223624172444844,1.1260073623013067,1.1183069677099717,1.121951912766794,852.5591544350582
2025-01-09 13:30:00+00:00,1.121951912766794,1.1248344810353617,1.118116293045653,1.1209988613142206,1272.3760640320972
2025-01-09 13:35:00+00:00,1.1209988613142206,1.1250609974986123,1.1146405596947102,1.118702695879102,1037.7625233222902
2025-01-09 13:40:00+00:00,1.118702695879102,1.1226342900774544,1.1151560486694747,1.1190876428678271,1014.8875700763595
2025-01-09 13:45:00+00:00,1.1190876428678271,1.1214055607594167,1.116366367450979,1.1186842853425685,1068.8560456581397
2025-01-09 13:50:00+00:00,1.1186842853425685,1.1209656633248846,1.114038684787928,1.116320062770244,1144.519746829957
2025-01-09 13:55:00+00:00,1.116320062770244,1.1176743334564059,1.1120275717342065,1.1133818424203683,997.1304443024019
2025-01-09 14:00:00+00:00,1.1133818424203683,1.1170924558543316,1.1076070883095446,1.1113177017435079,1464.4339291012416
2025-01-09 14:05:00+00:00,1.1113177017435079,1.115792808136837,1.107056131956045,1.111531238349374,1791.8838051234384
2025-01-09 14:10:00+00:00,1.111531238349374,1.1160162734015056,1.1074760124566683,1.1119610475087998,856.3363960180696
2025-01-09 14:15:00+00:00,1.1119610475087998,1.1156322538841377,1.1091938053470285,1.1128650117223664,970.9349180227257
2025-01-09 14:20:00+00:00,1.1128650117223664,1.1168209581976805,1.1066053363709822,1.1105612828462963,1305.9066866411574
2025-01-09 14:25:00+00:00,1.1105612828462963,1.1112872896679344,1.1080682948836318,1.10879430170527,1181.7314659442247
2025-01-09 14:30:00+00:00,1.10879430170527,1.111113012224568,1.1070042291073894,1.1093229396266875,949.5405936042939
2025-01-09 14:35:00+00:00,1.1093229396266875,1.1101104130964061,1.10748899345979,1.1082764669295087,854.5724543266824
2025-01-09 14:40:00+00:00,1.1082764669295087,1.1108490015345807,1.105350328829799,1.107922863434871,908.011896695873
2025-01-09 14:45:00+00:00,1.107922863434871,1.1087694613386527,1.1039203785482459,1.1047669764520276,1275.403163312547
2025-01-09 14:50:00+00:00,1.1047669764520276,1.107383515606264,1.100224693848476,1.1028412330027124,1341.929722072404
2025-01-09 14:55:00+00:00,1.1028412330027124,1.1038901529352918,1.100296922791041,1.1013458427236205,847.8893754289945
2025-01-09 15:00:00+00:00,1.1013458427236205,1.1053125939338222,1.0953967553053594,1.0993635065155611,1151.881499487637
2025-01-09 15:05:00+00:00,1.0993635065155611,1.1030991617686898,1.0935252096747725,1.0972608649279012,805.5463839484364
2025-01-09 15:10:00+00:00,1.0972608649279012,1.0992856816139225,1.091489999157919,1.0935148158439403,1460.0640747302282
2025-01-09 15:15:00+00:00,1.0935148158439403,1.0970817887909603,1.0904416366204714,1.0940086095674915,2156.977214632217
2025-01-09 15:20:00+00:00,1.0940086095674915,1.097082889041296,1.0894328240624613,1.092507103536266,3701.7742877055707
2025-01-09 15:25:00+00:00,1.092507103536266,1.0952732804589151,1.0860939068913036,1.0888600838139528,3303.750656646704
2025-01-09 15:30:00+00:00,1.0888600838139528,1.0927757584964735,1.0845616556169486,1.0884773302994692,4910.3542139719375
2025-01-09 15:35:00+00:00,1.0884773302994692,1.091513053077887,1.0836894829877652,1.086725205766183,5435.992126238781
2025-01-09 15:40:00+00:00,1.086725205766183,1.0889038889817149,1.0835913889107085,1.0857700721262404,1367.5206718633656
2025-01-09 15:45:00+00:00,1.0857700721262404,1.087721808235045,1.081628259548946,1.0835799956577505,2576.3979386831684
2025-01-09 15:50:00+00:00,1.0835799956577505,1.0848784644537663,1.079277772746816,1.0805762415428317,1580.4705171171718
2025-01-09 15:55:00+00:00,1.0805762415428317,1.0812452326930275,1.0768910757676013,1.0775600669177972,1750.8320060576568
2025-01-09 16:00:00+00:00,1.0775600669177972,1.0790891035951504,1.0743937430052966,1.0759227796826498,1599.4558483558953
2025-01-09 16:05:00+00:00,1.0759227796826498,1.078722270924503,1.071993383308218,1.0747928745500712,2488.2779379830076
2025-01-09 16:10:00+00:00,1.0747928745500712,1.078109484678387,1.0699304112853258,1.0732470214136416,3153.9342953246237
2025-01-09 16:15:00+00:00,1.0732470214136416,1.073790134390646,1.0713120113789016,1.071855124355906,1624.2393141626644
2025-01-09 16:20:00+00:00,1.071855124355906,1.0791149922988592,1.0677385017653547,1.0749983697083079,2510.684206163345
2025-01-09 16:25:00+00:00,1.0749983697083079,1.0809059545386779,1.0710144645241393,1.0769220493545093,1822.7069481635563
2025-01-09 16:30:00+00:00,1.0769220493545093,1.0826857951604683,1.073971435122675,1.079735180928634,3012.963804587603
2025-01-09 16:35:00+00:00,1.079735180928634,1.0868662922307573,1.0755191011009726,1.082650212403096,2086.9446668056785
2025-01-09 16:40:00+00:00,1.082650212403096,1.0852207404969765,1.0819043756740705,1.084474903767951,1704.2793558404246
2025-01-09 16:45:00+00:00,1.084474903767951,1.087277798016665,1.08298485439331,1.085787748642024,2920.378070939944
2025-01-09 16:50:00+00:00,1.085787748642024,1.0875223265336016,1.0848679763554832,1.0866025542470608,2056.7826696732914
2025-01-09 16:55:00+00:00,1.0866025542470608,1.0899372152424285,1.083052371542331,1.0863870325376987,2169.920369946163
2025-01-09 17:00:00+00:00,1.0863870325376987,1.090334371962929,1.081736994769863,1.0856843341950932,2491.044919420629
2025-01-09 17:05:00+00:00,1.0856843341950932,1.0928904759730746,1.0814970777105783,1.0887032194885597,1774.208542453923
2025-01-09 17:10:00+00:00,1.0887032194885597,1.0928885302122269,1.0857904452478384,1.0899757559715055,2157.9372604793084
2025-01-09 17:15:00+00:00,1.0899757559715055,1.0926448685300545,1.0878643738085487,1.0905334863670977,2199.9286743059533
2025-01-09 17:20:00+00:00,1.0905334863670977,1.0948738827150863,1.0895268741499275,1.0938672704979162,2169.2455087256135
2025-01-09 17:25:00+00:00,1.0938672704979162,1.097696339280657,1.0925764790002022,1.0964055477829429,1260.1207227252478
2025-01-09 17:30:00+00:00,1.0964055477829429,1.099707166552982,1.094442738950692,1.0977443577207313,1949.2370655032666
2025-01-09 17:35:00+00:00,1.0977443577207313,1.1017630489592698,1.0963147508892792,1.1003334421278177,2440.3931347847692
2025-01-09 17:40:00+00:00,1.1003334421278177,1.105660955968494,1.0960239310721427,1.101351444912819,2421.5926007359585
2025-01-09 17:45:00+00:00,1.101351444912819,1.1044703353719256,1.0999875753367656,1.1031064657958722,1754.4338406890208
2025-01-09 17:50:00+00:00,1.1031064657958722,1.1075203212470652,1.1024028203043579,1.1068166757555509,2014.1138562311428
2025-01-09 17:55:00+00:00,1.1068166757555509,1.1107024957941403,1.1056546478902476,1.109540467928837,3724.686960461101
2025-01-09 18:00:00+00:00,1.109540467928837,1.111189118156136,1.1088654532243947,1.1105141034516937,3716.5547683581667
2025-01-09 18:05:00+00:00,1.1105141034516937,1.1134717230959628,1.1098458704658871,1.1128034901101562,3156.2792589969768
2025-01-09 18:10:00+00:00,1.1128034901101562,1.1168319593402698,1.111750188714761,1.1157786579448745,4463.903955102299
2025-01-09 18:15:00+00:00,1.1157786579448745,1.1206694664946022,1.1121595726720115,1.1170503812217392,5216.157178361851
2025-01-09 18:20:00+00:00,1.1170503812217392,1.121217516880366,1.1137890224573888,1.1179561581160156,2055.793888933781
2025-01-09 18:25:00+00:00,1.1179561581160156,1.1228413198001135,1.117099948030302,1.1219851097144,2377.2643900939283
2025-01-09 18:30:00+00:00,1.1219851097144,1.12572184041148,1.119404134053152,1.123140864750232,2054.539703994839
2025-01-09 18:35:00+00:00,1.123140864750232,1.125884636525125,1.1202199125621148,1.1229636843370079,2141.0131427758065
2025-01-09 18:40:00+00:00,1.1229636843370079,1.1286561726323494,1.1191165992086296,1.1248090875039711,2013.739278610968
2025-01-09 18:45:00+00:00,1.1248090875039711,1.1323511376266582,1.1220737908830007,1.1296158410056878,2076.8356040941153
2025-01-09 18:50:00+00:00,1.1296158410056878,1.1366289800227678,1.1252317625675845,1.1322449015846645,1495.5657460073594
2025-01-09 18:55:00+00:00,1.1322449015846645,1.1396977079094146,1.127933567997337,1.135386374322087,1850.3837178640372
2025-01-09 19:00:00+00:00,1.135386374322087,1.1386075288379713,1.1311143067522031,1.1343354612680874,1511.8125519905902
2025-01-09 19:05:00+00:00,1.1343354612680874,1.1390370183514906,1.1308461341702785,1.1355476912536817,1467.6609331497584
2025-01-09 19:10:00+00:00,1.1355476912536817,1.142833971881793,1.1319415454102897,1.139227826038401,3186.1437961058746
2025-01-09 19:15:00+00:00,1.139227826038401,1.1452849786516164,1.1347207804306334,1.1407779330438488,1603.0961624544166
2025-01-09 19:20:00+00:00,1.1407779330438488,1.1476487581838486,1.1378830503172577,1.1447538754572575,1504.1519858266988
2025-01-09 19:25:00+00:00,1.1447538754572575,1.148891748272335,1.143511379652157,1.1476492524672346,756.2115228862988
2025-01-09 19:30:00+00:00,1.1476492524672346,1.1527433063886152,1.1454097479404763,1.150503801861857,1898.5424423815311
2025-01-09 19:35:00+00:00,1.150503801861857,1.1581478476787066,1.147561226072596,1.1552052718894457,1957.2738739895324
2025-01-09 19:40:00+00:00,1.1552052718894457,1.1587263568895492,1.1534286803077023,1.1569497653078058,1148.8739260691837
2025-01-09 19:45:00+00:00,1.1569497653078058,1.160274700473053,1.155479873257976,1.1588048084232232,1847.3374252805086
2025-01-09 19:50:00+00:00,1.1588048084232232,1.1650640603603453,1.1552620201526673,1.1615212720897894,2226.471459965488
2025-01-09 19:55:00+00:00,1.1615212720897894,1.1688248813639739,1.1571532106561977,1.1644568199303822,1475.7700191378435
2025-01-09 20:00:00+00:00,1.1644568199303822,1.167879312234199,1.1613486695506583,1.1647711618544752,2463.0769551491453
2025-01-09 20:05:00+00:00,1.1647711618544752,1.171398871809228,1.162608189582443,1.1692358995371959,1896.6902942674221
2025-01-09 20:10:00+00:00,1.1692358995371959,1.1769369159190666,1.1646562530868871,1.1723572694687578,2203.161014448037
2025-01-09 20:15:00+00:00,1.1723572694687578,1.178474741928635,1.1688589426333558,1.174976415093233,1582.9596759430344
2025-01-09 20:20:00+00:00,1.174976415093233,1.1833781997459614,1.170355684495096,1.1787574691478244,2000.6083747796677
2025-01-09 20:25:00+00:00,1.1787574691478244,1.1856282034331522,1.174277295046888,1.1811480293322159,2239.2809581206557
2025-01-09 20:30:00+00:00,1.1811480293322159,1.18837003076348,1.1786383404495409,1.185860341880805,5233.556558273538
2025-01-09 20:35:00+00:00,1.185860341880805,1.1920360928609501,1.1828179963226537,1.188993747302799,3699.1263401224037
2025-01-09 20:40:00+00:00,1.188993747302799,1.195364119422408,1.1867340852525998,1.193104457372209,3767.6101636653484
2025-01-09 20:45:00+00:00,1.193104457372209,1.1976996395944077,1.1903526186314033,1.194947800853602,5773.413909472719
2025-01-09 20:50:00+00:00,1.194947800853602,1.2008787551624907,1.1917582712502155,1.197689225559104,3714.038851035834
2025-01-09 20:55:00+00:00,1.197689225559104,1.203237977585863,1.1958413121816682,1.2013900642084272,3737.6188029095656
2025-01-09 21:00:00+00:00,1.2013900642084272,1.2056107319871598,1.1989903450257615,1.2032110128044942,1931.4079620691691
2025-01-09 21:05:00+00:00,1.2032110128044942,1.2095568758442274,1.199109730440128,1.2054555934798612,1507.8309292861281
2025-01-09 21:10:00+00:00,1.2054555934798612,1.212270663955563,1.2017733488149083,1.20858841929061,2568.4808115996875
2025-01-09 21:15:00+00:00,1.20858841929061,1.2146928770813756,1.207319103000467,1.2134235607912327,1330.3247212904691
2025-01-09 21:20:00+00:00,1.2134235607912327,1.218885789367686,1.2122972268613297,1.217759455437783,1625.8738537371128
2025-01-09 21:25:00+00:00,1.217759455437783,1.22647635917981,1.213594508988711,1.222311412730738,2216.3948703312235
2025-01-09 21:30:00+00:00,1.222311412730738,1.2280935129273414,1.220200746727913,1.2259828469245164,1930.56821931208
2025-01-09 21:35:00+00:00,1.2259828469245164,1.235146403503727,1.2213671705511915,1.230530727130402,1497.6557954221248
2025-01-09 21:40:00+00:00,1.230530727130402,1.2379983435316824,1.2285527462242085,1.2360203626254889,2310.004617525425
2025-01-09 21:45:00+00:00,1.2360203626254889,1.240558459358749,1.2349269901084787,1.239465086841739,2177.0000073154697
2025-01-09 21:50:00+00:00,1.239465086841739,1.247815619288626,1.234936991655579,1.2432875241024661,2019.0340846556128
2025-01-09 21:55:00+00:00,1.2432875241024661,1.249746268494053,1.240850767788049,1.2473095121796358,1564.9330806616756
2025-01-09 22:00:00+00:00,1.2473095121796358,1.2507671189911045,1.2439723473233775,1.2474299541348461,2128.778506089905
2025-01-09 22:05:00+00:00,1.2474299541348461,1.2523867078125583,1.2454022274593002,1.2503589811370124,1187.4995456122085
2025-01-09 22:10:00+00:00,1.2503589811370124,1.2573862102758702,1.2470003611932723,1.25402759033213,2427.5351641071356
2025-01-09 22:15:00+00:00,1.25402759033213,1.2619961603598355,1.250196691432686,1.2581652614603915,2307.519291764023
2025-01-09 22:20:00+00:00,1.2581652614603915,1.2655816574762897,1.2532210600957665,1.2606374561116647,1242.80124708641
2025-01-09 22:25:00+00:00,1.2606374561116647,1.2658958100843214,1.2597676572186725,1.2650260111913292,1341.8724217822423
2025-01-09 22:30:00+00:00,1.2650260111913292,1.271735890772823,1.2602046506872011,1.2669145302686948,1535.5380465039382
2025-01-09 22:35:00+00:00,1.2669145302686948,1.27255954132523,1.2638075187859446,1.2694525298424797,1904.2297422803683
2025-01-09 22:40:00+00:00,1.2694525298424797,1.2760769519822666,1.2681503390095383,1.2747747611493252,2894.004901766829
2025-01-09 22:45:00+00:00,1.2747747611493252,1.280357538040233,1.2698221109264607,1.2754048878173685,1817.1700743690767
2025-01-09 22:50:00+00:00,1.2754048878173685,1.2820523758070819,1.2712702706142485,1.2779177586039618,2666.1865020879336
2025-01-09 22:55:00+00:00,1.2779177586039618,1.2818000225711512,1.2763807209341693,1.2802629849013587,2197.737639950339
2025-01-09 23:00:00+00:00,1.2802629849013587,1.2864064100040808,1.2764896416136917,1.2826330667164139,1907.238444104101
2025-01-09 23:05:00+00:00,1.2826330667164139,1.2888352531942149,1.278054512679769,1.2842566991575701,1514.6807873457321
2025-01-09 23:10:00+00:00,1.2842566991575701,1.2900611555105406,1.2818367058497149,1.2876411622026853,5466.118722567845
2025-01-09 23:15:00+00:00,1.2876411622026853,1.2891875542605253,1.2867601720152984,1.2883065640731384,4897.906196145419
2025-01-09 23:20:00+00:00,1.2883065640731384,1.2893172049614618,1.2875072184787026,1.2885178593670261,3027.4324726688515
2025-01-09 23:25:00+00:00,1.2885178593670261,1.2922403831923694,1.2877286130297252,1.2914511368550685,3605.8191780072348
2025-01-09 23:30:00+00:00,1.2914511368550685,1.2967649008255666,1.286419164167425,1.291732928137923,5837.469883810393
2025-01-09 23:35:00+00:00,1.291732928137923,1.2973740018180815,1.2887416404032344,1.2943827140833928,3510.099445780922
2025-01-09 23:40:00+00:00,1.2943827140833928,1.2972015944179083,1.29360943712001,1.2964283174545255,2480.968133078398
2025-01-09 23:45:00+00:00,1.2964283174545255,1.2981617807909418,1.295585141021538,1.2973186043579543,2137.382347041491
2025-01-09 23:50:00+00:00,1.2973186043579543,1.302200555723286,1.293803284150271,1.2986852355156027,2166.131746276603
2025-01-09 23:55:00+00:00,1.2986852355156027,1.3045622215881179,1.2945073943347571,1.3003843804072723,1801.1321707866027
2025-01-10 00:00:00+00:00,1.3003843804072723,1.3075506843279034,1.2957258044852873,1.3028921084059184,1986.249072022974
2025-01-10 00:05:00+00:00,1.3028921084059184,1.3048875147115249,1.3016717755405411,1.3036671818461476,2696.516715761876
2025-01-10 00:10:00+00:00,1.3036671818461476,1.3079465355255397,1.3007811985994464,1.3050605522788385,2333.0196082429616
2025-01-10 00:15:00+00:00,1.3050605522788385,1.3069461479338884,1.302617408017421,1.304503003672471,954.8611882310107
2025-01-10 00:20:00+00:00,1.304503003672471,1.3105181334025313,1.2997075371178113,1.3057226668478716,1574.6685018429214
2025-01-10 00:25:00+00:00,1.3057226668478716,1.310460326226049,1.2996012331976001,1.3043388925757775,2592.858382516526
2025-01-10 00:30:00+00:00,1.3043388925757775,1.3072543722397465,1.302943253340853,1.305858733004822,1400.8807223225297
2025-01-10 00:35:00+00:00,1.305858733004822,1.3119184492532292,1.3006566002054594,1.3067163164538667,1736.6560499112084
2025-01-10 00:40:00+00:00,1.3067163164538667,1.314637394089931,1.3036375300358125,1.3115586076718768,1595.8912309283842
2025-01-10 00:45:00+00:00,1.3115586076718768,1.319890751497407,1.3067989114937568,1.315131055319287,2671.3485943751884
2025-01-10 00:50:00+00:00,1.315131055319287,1.3177343857114283,1.3138350107710923,1.3164383411632337,1509.8882409180806
2025-01-10 00:55:00+00:00,1.3164383411632337,1.3213957844732127,1.3145230162659887,1.3194804595759677,2270.3865262262225
2025-01-10 01:00:00+00:00,1.3194804595759677,1.3227456976054006,1.3182126975464017,1.3214779355758346,2247.059839094471
2025-01-10 01:05:00+00:00,1.3214779355758346,1.3239796908658856,1.3187136317276362,1.3212153870176873,3046.007829088164
2025-01-10 01:10:00+00:00,1.3212153870176873,1.3247407761335301,1.315417749219676,1.3189431383355188,2264.202418398834
2025-01-10 01:15:00+00:00,1.3189431383355188,1.3244999736186773,1.3167236800965718,1.3222805153797303,2046.5638102041366
2025-01-10 01:20:00+00:00,1.3222805153797303,1.326404306325253,1.3203804460056767,1.3245042369511995,2146.9737380235683
2025-01-10 01:25:00+00:00,1.3245042369511995,1.3288085352119483,1.318727392659498,1.3230316909202469,1951.610382300471
2025-01-10 01:30:00+00:00,1.3230316909202469,1.329916774287853,1.3188198630696508,1.325704946437257,1917.960154457195
2025-01-10 01:35:00+00:00,1.325704946437257,1.33263649609339,1.3219268496164396,1.3288583992725727,2467.5845368321416
2025-01-10 01:40:00+00:00,1.3288583992725727,1.3331763024225902,1.3251914454634242,1.3295093486134417,1201.5505220369923
2025-01-10 01:45:00+00:00,1.3295093486134417,1.3377586373565746,1.3243059735863811,1.332555262329514,1473.5736162968694
2025-01-10 01:50:00+00:00,1.332555262329514,1.3376816972435295,1.3265133034301202,1.3316397383441356,4792.967086539069
2025-01-10 01:55:00+00:00,1.3316397383441356,1.3369487548500985,1.3278629823886081,1.333171998894571,6388.047646039044
2025-01-10 02:00:00+00:00,1.333171998894571,1.337464216612098,1.3308733200949872,1.3351655378125142,4423.400283848495
2025-01-10 02:05:00+00:00,1.3351655378125142,1.3412395287011316,1.3323420895669726,1.33841608045559,3930.6574441948765
2025-01-10 02:10:00+00:00,1.33841608045559,1.344945179607655,1.3345863413450838,1.3411154404971488,3998.387624462927
2025-01-10 02:15:00+00:00,1.3411154404971488,1.3481038953724136,1.336608641093545,1.3435970959688097,3036.039445825496
2025-01-10 02:20:00+00:00,1.3435970959688097,1.349141312683251,1.3411399718290038,1.346684188543445,2120.3246662058755
2025-01-10 02:25:00+00:00,1.346684188543445,1.3518999035402675,1.342669811839481,1.3478855268363035,2573.471011042182
2025-01-10 02:30:00+00:00,1.3478855268363035,1.3566921851192957,1.343801971162187,1.3526086294451791,2369.137487052029
2025-01-10 02:35:00+00:00,1.3526086294451791,1.3576546770463784,1.349410571365919,1.3544566189671183,2240.314421934499
2025-01-10 02:40:00+00:00,1.3544566189671183,1.361809917902057,1.3508677991691207,1.3582210981040594,2661.756998186606
2025-01-10 02:45:00+00:00,1.3582210981040594,1.3659593955677614,1.3530224808100861,1.360760778273788,1888.2640691402212
2025-01-10 02:50:00+00:00,1.360760778273788,1.364816213574076,1.3589208701661084,1.3629763054663964,2275.0568018295307
2025-01-10 02:55:00+00:00,1.3629763054663964,1.3714375827928633,1.3581639362159044,1.3666252135423713,2032.365952474139
2025-01-10 03:00:00+00:00,1.3666252135423713,1.3745102934214048,1.3622362099676124,1.370121289846646,1549.0448312119263
2025-01-10 03:05:00+00:00,1.370121289846646,1.3764941737487772,1.3687975331188242,1.3751704170209555,1838.6543650116635
2025-01-10 03:10:00+00:00,1.3751704170209555,1.381773934480721,1.3732532745702362,1.3798567920300016,1944.114776998933
2025-01-10 03:15:00+00:00,1.3798567920300016,1.3837743804374072,1.3779800751841556,1.3818976635915612,2873.962909497547
2025-01-10 03:20:00+00:00,1.3818976635915612,1.3889820230806273,1.3786928392412499,1.385777198730316,2120.350627508908
2025-01-10 03:25:00+00:00,1.385777198730316,1.3914397616595264,1.3833981454519453,1.3890607083811557,2052.9743057599458
2025-01-10 03:30:00+00:00,1.3890607083811557,1.394281851047299,1.3856870609117193,1.3909082035778626,2805.731822305169
2025-01-10 03:35:00+00:00,1.3909082035778626,1.3957039675541423,1.3875048700762598,1.3923006340525395,1353.5595664355467
2025-01-10 03:40:00+00:00,1.3923006340525395,1.4015487704570662,1.386761807553006,1.3960099439575326,1329.398194002164
2025-01-10 03:45:00+00:00,1.3960099439575326,1.4015977865788705,1.3928603566451991,1.398448199266537,1960.499329543924
2025-01-10 03:50:00+00:00,1.398448199266537,1.404642935194052,1.393305581488826,1.399500317416341,2231.39646821777
2025-01-10 03:55:00+00:00,1.399500317416341,1.4081305248413423,1.3941316502641645,1.4027618576891658,2124.390033658237
2025-01-10 04:00:00+00:00,1.4027618576891658,1.4115233868769415,1.3978339234068002,1.4065954525945759,2250.5234867701565
2025-01-10 04:05:00+00:00,1.4065954525945759,1.4149426836484746,1.4019137556272196,1.4102609866811184,2160.019101520544
2025-01-10 04:10:00+00:00,1.4102609866811184,1.4163254528161275,1.4056835956997653,1.4117480618347744,1089.8339622664964
2025-01-10 04:15:00+00:00,1.4117480618347744,1.416956874864948,1.40910534316089,1.4143141561910635,1924.6687374769724
2025-01-10 04:20:00+00:00,1.4143141561910635,1.4246940153653007,1.4098333584167282,1.4202132175909654,1526.2989171797767
2025-01-10 04:25:00+00:00,1.4202132175909654,1.4273526380170258,1.4153508826686545,1.422490303094715,2437.6524167051393
2025-01-10 04:30:00+00:00,1.422490303094715,1.4284769755126285,1.4195440191456592,1.4255306915635728,5277.090893483156
2025-01-10 04:35:00+00:00,1.4255306915635728,1.4373369211786486,1.4212856884633709,1.4330919180784467,3323.6107309011563
2025-01-10 04:40:00+00:00,1.4330919180784467,1.4392061650971852,1.4311931080391893,1.4373073550579278,3913.8998151507085
2025-01-10 04:45:00+00:00,1.4373073550579278,1.4414773304002018,1.4358816954712785,1.4400516708135525,3324.07982756853
2025-01-10 04:50:00+00:00,1.4400516708135525,1.4458518268859821,1.434487835512247,1.4402879915846767,6671.440238712212
2025-01-10 04:55:00+00:00,1.4402879915846767,1.447943331466282,1.4367437680894335,1.4443991079710388,2192.7118074964105
2025-01-10 05:00:00+00:00,1.4443991079710388,1.4504331296407935,1.4395114591475353,1.44554548081729,2879.239282714891
2025-01-10 05:05:00+00:00,1.44554548081729,1.454578928892358,1.4399943663473858,1.4490278144224538,2585.716957214153
2025-01-10 05:10:00+00:00,1.4490278144224538,1.4552553270288655,1.444787006885744,1.4510145194921558,1945.9357132639789
2025-01-10 05:15:00+00:00,1.4510145194921558,1.4561813715337006,1.4463881897827537,1.4515550418242986,2103.887922369273
2025-01-10 05:20:00+00:00,1.4515550418242986,1.4598653756513265,1.4495443136102382,1.457854647437266,1460.6431000615696
2025-01-10 05:25:00+00:00,1.457854647437266,1.4654964155478176,1.453401512430409,1.4610432805409606,1958.1189231914223
2025-01-10 05:30:00+00:00,1.4610432805409606,1.471232634760437,1.4557965694866595,1.465985923706136,1855.7574084118414
2025-01-10 05:35:00+00:00,1.465985923706136,1.4725170692268432,1.4640372704169562,1.4705684159376635,1587.0842219243475
2025-01-10 05:40:00+00:00,1.4705684159376635,1.473873596542933,1.469199483551283,1.4725046641565525,1300.995340224808
2025-01-10 05:45:00+00:00,1.4725046641565525,1.4805774842615271,1.4677557436353919,1.4758285637403665,2218.015245924201
2025-01-10 05:50:00+00:00,1.4758285637403665,1.4791456663655032,1.4749841551102032,1.4783012577353398,1556.37293194295
2025-01-10 05:55:00+00:00,1.4783012577353398,1.4844803469532595,1.4768782463153698,1.4830573355332894,851.2974621582188
2025-01-10 06:00:00+00:00,1.4830573355332894,1.4893716244471713,1.480489993004493,1.4868042819183749,1784.231383011999
2025-01-10 06:05:00+00:00,1.4868042819183749,1.4908788874250982,1.4850092864871989,1.4890838919939222,2565.6700061353613
2025-01-10 06:10:00+00:00,1.4890838919939222,1.5006243841794187,1.483358314014322,1.4948988061998185,2553.7578768362964
2025-01-10 06:15:00+00:00,1.4948988061998185,1.5021611042180703,1.4913472694167933,1.498609567435045,2144.919324323769
2025-01-10 06:20:00+00:00,1.498609567435045,1.5043762093556594,1.4963841491390466,1.502150791059661,1685.1524914068689
2025-01-10 06:25:00+00:00,1.502150791059661,1.5042441206803545,1.5012838380567015,1.503377167677395,1950.2939773092992
2025-01-10 06:30:00+00:00,1.503377167677395,1.5103402432309219,1.4997159206859054,1.5066789962394322,2172.4096823767463
2025-01-10 06:35:00+00:00,1.5066789962394322,1.5102779861291236,1.5029259906866446,1.5065249805763359,1555.452134713516
2025-01-10 06:40:00+00:00,1.5065249805763359,1.5124014924614189,1.5039072100927378,1.5097837219778207,1552.6013805684875
2025-01-10 06:45:00+00:00,1.5097837219778207,1.5139268213039712,1.5062991659675231,1.5104422652936735,1617.2661893780082
2025-01-10 06:50:00+00:00,1.5104422652936735,1.5165610897701012,1.506941383060525,1.5130602075369526,1851.1077653854866
2025-01-10 06:55:00+00:00,1.5130602075369526,1.516599244208766,1.511237409283404,1.5147764459552173,1847.537740691913
2025-01-10 07:00:00+00:00,1.5147764459552173,1.5228278292392023,1.509298094567346,1.517349477851331,1580.68259454284
2025-01-10 07:05:00+00:00,1.517349477851331,1.5232120374957945,1.5142364887311688,1.5200990483756323,2115.0286177666403
2025-01-10 07:10:00+00:00,1.5200990483756323,1.5247937250870476,1.5173400317925756,1.522034708503991,4433.182545632097
2025-01-10 07:15:00+00:00,1.522034708503991,1.5255692236348826,1.520384329904046,1.5239188450349377,5255.102767057967
2025-01-10 07:20:00+00:00,1.5239188450349377,1.5259437735689838,1.5211078593196912,1.5231327878537373,3015.969426884349
2025-01-10 07:25:00+00:00,1.5231327878537373,1.5273286893681266,1.5173527676754808,1.52154866918987,6041.898411566033
2025-01-10 07:30:00+00:00,1.52154866918987,1.5280379722118709,1.5192073245071518,1.5256966275291526,2425.351563193292
2025-01-10 07:35:00+00:00,1.5256966275291526,1.5303981748752151,1.5238538043327112,1.5285553516787738,1988.1250784149454
2025-01-10 07:40:00+00:00,1.5285553516787738,1.53206926926794,1.5241032542959734,1.5276171718851397,2229.5518229481613
2025-01-10 07:45:00+00:00,1.5276171718851397,1.5376386187604365,1.5228493537027936,1.5328708005780904,2486.3940439885373
2025-01-10 07:50:00+00:00,1.5328708005780904,1.5353854074556135,1.5307692149975174,1.5332838218750404,2276.9624533747187
2025-01-10 07:55:00+00:00,1.5332838218750404,1.5385188927133013,1.5307003027956774,1.5359353736339383,3240.028401719326
2025-01-10 08:00:00+00:00,1.5359353736339383,1.5391903592738878,1.5351652198550934,1.5384202054950429,1826.2154038254969
2025-01-10 08:05:00+00:00,1.5384202054950429,1.5436849463248714,1.5350513359448652,1.5403160767746937,1321.3861452784881
2025-01-10 08:10:00+00:00,1.5403160767746937,1.548689303070714,1.5347645201451063,1.5431377464411267,1042.8177180718965
2025-01-10 08:15:00+00:00,1.5431377464411267,1.5488038229727248,1.536628816398647,1.5422948929302451,1747.4520193555893
2025-01-10 08:20:00+00:00,1.5422948929302451,1.5490104046564164,1.5372226667277273,1.5439381784538986,1809.2773507283393
2025-01-10 08:25:00+00:00,1.5439381784538986,1.5470814043763736,1.5420505382778193,1.5451937642002944,1349.334556069425
2025-01-10 08:30:00+00:00,1.5451937642002944,1.549686185089272,1.5426121572884064,1.547104578177384,2397.145286055981
2025-01-10 08:35:00+00:00,1.547104578177384,1.5495917379640107,1.5458838139235724,1.5483709737101992,2504.34441368758
2025-01-10 08:40:00+00:00,1.5483709737101992,1.552744617697763,1.5446115117366774,1.5489851557242413,2017.8982702877038
2025-01-10 08:45:00+00:00,1.5489851557242413,1.5538551444460553,1.5445996895892895,1.5494696783111035,2007.8393875769898
2025-01-10 08:50:00+00:00,1.5494696783111035,1.5550131677683865,1.54745989446667,1.553003383923953,779.6668731040955
2025-01-10 08:55:00+00:00,1.553003383923953,1.5590961827194472,1.547264748542804,1.5533575473382981,1216.8205598617615
2025-01-10 09:00:00+00:00,1.5533575473382981,1.5598491823425187,1.5495285984239886,1.5560202334282092,1442.6769944478865
2025-01-10 09:05:00+00:00,1.5560202334282092,1.560888335297193,1.5538500905048795,1.5587181923738633,979.7255096749344
2025-01-10 09:10:00+00:00,1.5587181923738633,1.5631629877786026,1.5561954757569496,1.560640271161689,1003.776649814259
2025-01-10 09:15:00+00:00,1.560640271161689,1.5680782042505228,1.5561664805827897,1.5636044136716236,827.5898886945764
2025-01-10 09:20:00+00:00,1.5636044136716236,1.5697180615222965,1.5607491422926492,1.566862790143322,1247.8841082131762
2025-01-10 09:25:00+00:00,1.566862790143322,1.5698837975158244,1.5651526646484633,1.5681736720209656,860.4787030373107
2025-01-10 09:30:00+00:00,1.5681736720209656,1.5745710965371373,1.56479567479391,1.5711930993100818,1172.1981962463942
2025-01-10 09:35:00+00:00,1.5711930993100818,1.5792151787868325,1.5692374920865848,1.5772595715633355,820.1891214034189
2025-01-10 09:40:00+00:00,1.5772595715633355,1.5823390280429526,1.5727004491467496,1.5777799056263666,971.5761541772695
2025-01-10 09:45:00+00:00,1.5777799056263666,1.5829719576221037,1.574641833539096,1.579833885534833,2620.4169880635436
2025-01-10 09:50:00+00:00,1.579833885534833,1.5833394158332155,1.577581934632841,1.5810874649312234,2215.9346031286505
2025-01-10 09:55:00+00:00,1.5810874649312234,1.5893011743471457,1.579441880539273,1.5876555899551952,2408.2249614548305
2025-01-10 10:00:00+00:00,1.5876555899551952,1.5893197528990612,1.5861985995523096,1.5878627624961756,2129.7067748433865
2025-01-10 10:05:00+00:00,1.5878627624961756,1.5923934717506263,1.586308139732289,1.5908388489867396,1682.3215481335844
2025-01-10 10:10:00+00:00,1.5908388489867396,1.598531854502698,1.5879715529126655,1.595664558428624,2951.1618732093834
2025-01-10 10:15:00+00:00,1.595664558428624,1.6001011660780347,1.5926987340437102,1.5971353416931209,672.4074625404121
2025-01-10 10:20:00+00:00,1.5971353416931209,1.605255850830009,1.5919696589945698,1.6000901681314579,979.0541071744266
2025-01-10 10:25:00+00:00,1.6000901681314579,1.6047129698229528,1.5973959370608641,1.602018738752359,1268.2656097096008
2025-01-10 10:30:00+00:00,1.602018738752359,1.603765686683327,1.6010672561483825,1.6028142040793505,995.8114660155483
2025-01-10 10:35:00+00:00,1.6028142040793505,1.6085459475977353,1.6003942702484828,1.6061260137668676,1170.6730110589333
2025-01-10 10:40:00+00:00,1.6061260137668676,1.611791458255722,1.6049379811609077,1.610603425649762,813.9798859165935
2025-01-10 10:45:00+00:00,1.610603425649762,1.6161243020411502,1.6079108444670918,1.6134317208584799,1232.1766211687398
2025-01-10 10:50:00+00:00,1.6134317208584799,1.6210559603810697,1.6097922909217515,1.6174165304443413,1488.9165928872787
2025-01-10 10:55:00+00:00,1.6174165304443413,1.6248614870876419,1.6150350305009777,1.6224799871442783,1137.3492844925668
2025-01-10 11:00:00+00:00,1.6224799871442783,1.6299587691897202,1.6211313503104563,1.6286101323558981,775.9121589042101
2025-01-10 11:05:00+00:00,1.6286101323558981,1.6342556423071009,1.6244136680217318,1.6300591779729345,894.2476372804822
2025-01-10 11:10:00+00:00,1.6300591779729345,1.6406286211951764,1.6246029722332413,1.6351724154554832,1618.2841311279806
2025-01-10 11:15:00+00:00,1.6351724154554832,1.6433624461291196,1.6297275950874361,1.6379176257610726,1292.9776188043923
2025-01-10 11:20:00+00:00,1.6379176257610726,1.6412773688898306,1.634858216357381,1.638217959486139,984.3946461479776
2025-01-10 11:25:00+00:00,1.638217959486139,1.6441430480749541,1.6347990649166486,1.6407241535054637,954.8792524521724
2025-01-10 11:30:00+00:00,1.6407241535054637,1.6516781906689681,1.6351024407956727,1.646056477959177,1136.3847660000986
2025-01-10 11:35:00+00:00,1.646056477959177,1.6549100357691555,1.6419097831691556,1.650763340979134,1092.7546299097207
2025-01-10 11:40:00+00:00,1.650763340979134,1.6552567713078123,1.6482181649472738,1.6527115952759521,1326.6711555729767
2025-01-10 11:45:00+00:00,1.6527115952759521,1.6658684499859127,1.64688320838712,1.6600400630970806,1187.4901376873627
2025-01-10 11:50:00+00:00,1.6600400630970806,1.6714955912823815,1.6535422379260016,1.6649977661113025,1245.6166815314775
2025-01-10 11:55:00+00:00,1.6649977661113025,1.6746039535015484,1.6594148350313118,1.6690210224215578,1639.161011115257
2025-01-10 12:00:00+00:00,1.6690210224215578,1.6767038800938667,1.6644106853410152,1.6720935430133241,988.4527706847695
2025-01-10 12:05:00+00:00,1.6720935430133241,1.6832558052068596,1.6659197717399812,1.6770820339335166,769.6648265822128
2025-01-10 12:10:00+00:00,1.6770820339335166,1.6865284678391395,1.6709929926520748,1.6804394265576976,950.6688518379758
2025-01-10 12:15:00+00:00,1.6804394265576976,1.690058875266268,1.6772291432079467,1.686848591916517,1446.2356436094215
2025-01-10 12:20:00+00:00,1.686848591916517,1.697706320316021,1.6807245814816791,1.691582309881183,1100.3341592056095
2025-01-10 12:25:00+00:00,1.691582309881183,1.701886967232996,1.6865969364022144,1.6969015937540273,2199.1608572362807
2025-01-10 12:30:00+00:00,1.6969015937540273,1.703049028129497,1.6941671308721056,1.7003145652475753,2223.338145318045
2025-01-10 12:35:00+00:00,1.7003145652475753,1.7068273640368836,1.6947818306957751,1.7012946294850835,1462.4250887195437
2025-01-10 12:40:00+00:00,1.7012946294850835,1.708822136602756,1.698784098364778,1.7063116054824505,2372.186404965293
2025-01-10 12:45:00+00:00,1.7063116054824505,1.7093874024225062,1.705061338992792,1.7081371359328477,1800.013533639179
2025-01-10 12:50:00+00:00,1.7081371359328477,1.7134805237799124,1.706406076026112,1.7117494638731767,3583.199256052634
2025-01-10 12:55:00+00:00,1.7117494638731767,1.7166350810558966,1.7106042801815775,1.7154898973642974,854.9786466907553
2025-01-10 13:00:00+00:00,1.7154898973642974,1.718847487113206,1.7142309693149063,1.717588559063815,845.4657525016646
2025-01-10 13:05:00+00:00,1.717588559063815,1.7250590265598003,1.715584139348635,1.7230546068446204,937.5711188512095
2025-01-10 13:10:00+00:00,1.7230546068446204,1.7246019014209044,1.7159306923373396,1.7174779869136236,1289.830386921155
2025-01-10 13:15:00+00:00,1.7174779869136236,1.7214185348039477,1.7138885665664894,1.7178291144568134,816.6233710090642
2025-01-10 13:20:00+00:00,1.7178291144568134,1.7195995878036519,1.7120530717102915,1.71382354505713,1116.2706090558222
2025-01-10 13:25:00+00:00,1.71382354505713,1.719274492013787,1.7074739948583455,1.7129249418150025,842.289687420947
2025-01-10 13:30:00+00:00,1.7129249418150025,1.7176336219550592,1.7079071152094736,1.7126157953495302,1988.6982680238073
2025-01-10 13:35:00+00:00,1.7126157953495302,1.7150038823447165,1.705425467587765,1.7078135545829511,1354.3781278119823
2025-01-10 13:40:00+00:00,1.7078135545829511,1.7142142147896846,1.6967963199028189,1.7031969801095523,1053.2687978640643
2025-01-10 13:45:00+00:00,1.7031969801095523,1.7045992437944661,1.7005116648721554,1.7019139285570692,1008.043008991485
2025-01-10 13:50:00+00:00,1.7019139285570692,1.7042182494563454,1.6967122786358766,1.6990165995351527,1188.2186817229237
2025-01-10 13:55:00+00:00,1.6990165995351527,1.7020534003254024,1.6927928607525098,1.6958296615427595,752.2280899152828
2025-01-10 14:00:00+00:00,1.6958296615427595,1.70198270890613,1.6825514281874443,1.6887044755508147,1144.5927267719157
2025-01-10 14:05:00+00:00,1.6887044755508147,1.6928444007977848,1.6777663905338633,1.6819063157808334,1603.3170420065921
2025-01-10 14:10:00+00:00,1.6819063157808334,1.6867999186120044,1.6745336875945978,1.6794272904257688,748.2743667064983
2025-01-10 14:15:00+00:00,1.6794272904257688,1.6841823053696328,1.6739219782549213,1.6786769931987853,783.4848907543009
2025-01-10 14:20:00+00:00,1.6786769931987853,1.68468186407554,1.6675603221849271,1.673565193061682,782.4409827504729
2025-01-10 14:25:00+00:00,1.673565193061682,1.6760274718224757,1.6656291520877748,1.6680914308485686,1156.5615552812121
2025-01-10 14:30:00+00:00,1.6680914308485686,1.6734835823121343,1.659315123276839,1.6647072747404048,939.7357982325979
2025-01-10 14:35:00+00:00,1.6647072747404048,1.665801312701618,1.6606831240507065,1.6617771620119197,1129.3446864566438
2025-01-10 14:40:00+00:00,1.6617771620119197,1.6639092808428477,1.6568605735627988,1.6589926923937268,1512.519499439191
2025-01-10 14:45:00+00:00,1.6589926923937268,1.6622018573236528,1.6509729088456588,1.6541820737755848,1201.9510631881922
2025-01-10 14:50:00+00:00,1.6541820737755848,1.656936309063343,1.6436268430031051,1.6463810782908634,994.1043673867375
2025-01-10 14:55:00+00:00,1.6463810782908634,1.6476641109929004,1.6439648711069412,1.6452479038089782,1455.6337324395497
2025-01-10 15:00:00+00:00,1.6452479038089782,1.6514198284621076,1.6340789567421337,1.640250881395263,777.2265473742827
2025-01-10 15:05:00+00:00,1.640250881395263,1.6452026165407536,1.6337137294294826,1.6386654645749732,2094.887467269327
2025-01-10 15:10:00+00:00,1.6386654645749732,1.6418945337288282,1.6275005109461134,1.6307295800999684,2955.87752256297
2025-01-10 15:15:00+00:00,1.6307295800999684,1.6332474189791206,1.6248765385268402,1.6273943774059925,2376.0800509689825
2025-01-10 15:20:00+00:00,1.6273943774059925,1.6287048865914597,1.6210579733869859,1.6223684825724531,3979.90804067354
2025-01-10 15:25:00+00:00,1.6223684825724531,1.6278617840823144,1.6107312862644387,1.6162245877743,1618.0591531272462
2025-01-10 15:30:00+00:00,1.6162245877743,1.6185175312669686,1.6117650381475337,1.6140579816402023,1845.987292727525
2025-01-10 15:35:00+00:00,1.6140579816402023,1.6202032825480077,1.6063719965341094,1.6125172974419149,1090.8249955607496
2025-01-10 15:40:00+00:00,1.6125172974419149,1.6148820255728193,1.605023209355759,1.6073879374866635,1109.982239535528
2025-01-10 15:45:00+00:00,1.6073879374866635,1.6137271097831363,1.5983113202209274,1.6046504925174,1389.600224589525
2025-01-10 15:50:00+00:00,1.6046504925174,1.6100899845338512,1.5932175587792727,1.5986570507957238,1215.6884429218844
2025-01-10 15:55:00+00:00,1.5986570507957238,1.6034019472543142,1.5888367972156914,1.5935816936742817,1315.4577687944275
2025-01-10 16:00:00+00:00,1.5935816936742817,1.5998489445822628,1.5829960296949939,1.589263280602975,1284.5866209759909
2025-01-10 16:05:00+00:00,1.589263280602975,1.5927204495440874,1.5813458006036054,1.5848029695447179,825.9224675445445
2025-01-10 16:10:00+00:00,1.5848029695447179,1.5875339275680707,1.5795264876106272,1.58225744563398,1016.3896980830636
2025-01-10 16:15:00+00:00,1.58225744563398,1.5835653294887944,1.5749864459617822,1.5762943298165966,964.1355063189682
2025-01-10 16:20:00+00:00,1.5762943298165966,1.5818412416373007,1.5689350378834785,1.5744819497041826,1849.548137475634
2025-01-10 16:25:00+00:00,1.5744819497041826,1.575951868128731,1.5712552876092314,1.5727252060337797,1127.521360811794
2025-01-10 16:30:00+00:00,1.5727252060337797,1.5739354236525098,1.5676053622131252,1.5688155798318553,1426.01973467515
2025-01-10 16:35:00+00:00,1.5688155798318553,1.572776979840246,1.559217222253715,1.5631786222621058,1044.880879466857
2025-01-10 16:40:00+00:00,1.5631786222621058,1.5643353047229664,1.5542587914269201,1.5554154738877808,1166.4794893189055
2025-01-10 16:45:00+00:00,1.5554154738877808,1.5570061059269436,1.550442990111841,1.5520336221510038,1262.601730868301
2025-01-10 16:50:00+00:00,1.5520336221510038,1.5544431492009105,1.5451167305065403,1.547526257556447,908.7303916861599
2025-01-10 16:55:00+00:00,1.547526257556447,1.5497554377339045,1.5423812083432697,1.5446103885207272,934.8649425060228
2025-01-10 17:00:00+00:00,1.5446103885207272,1.545930626678768,1.5383302979519344,1.5396505361099753,1218.7613066713986
2025-01-10 17:05:00+00:00,1.5396505361099753,1.5430763641914043,1.533291420909809,1.536717248991238,1230.8599489509593
2025-01-10 17:10:00+00:00,1.536717248991238,1.5394219083212999,1.531044168639698,1.53374882796976,1445.1840423808485
2025-01-10 17:15:00+00:00,1.53374882796976,1.536795548069264,1.5279489499465069,1.530995670046011,959.7767652939802
2025-01-10 17:20:00+00:00,1.530995670046011,1.5352425231116988,1.5245765521201806,1.5288234051858685,1352.0925106357208
2025-01-10 17:25:00+00:00,1.5288234051858685,1.5309022933800984,1.5246630428788557,1.5267419310730856,1416.8845887017183
2025-01-10 17:30:00+00:00,1.5267419310730856,1.5320623298824654,1.5206493972553277,1.5259697960647074,995.5118403490068
2025-01-10 17:35:00+00:00,1.5259697960647074,1.5272581251401447,1.5208061671665984,1.5220944962420357,904.7994624175151
2025-01-10 17:40:00+00:00,1.5220944962420357,1.5248948313583748,1.5182190694531856,1.5210194045695247,915.466136102157
2025-01-10 17:45:00+00:00,1.5210194045695247,1.5254519864382765,1.5145722802651262,1.519004862133878,2652.5638283051567
2025-01-10 17:50:00+00:00,1.519004862133878,1.52305986762119,1.5119640876758569,1.5160190931631687,1438.5719489130408
2025-01-10 17:55:00+00:00,1.5160190931631687,1.5205298434123247,1.5075551504481235,1.5120659006972794,3432.505527031041
2025-01-10 18:00:00+00:00,1.5120659006972794,1.518359474042464,1.5062989974111385,1.512592570756323,1414.0799644093065
2025-01-10 18:05:00+00:00,1.512592570756323,1.515491170912738,1.5080899491470428,1.5109885493034578,1937.3203241961548
2025-01-10 18:10:00+00:00,1.5109885493034578,1.5140472928863313,1.5050289583726737,1.5080877019555472,973.5022804705644
2025-01-10 18:15:00+00:00,1.5080877019555472,1.5138681430169658,1.5005187170108678,1.5062991580722864,1078.2446689520518
2025-01-10 18:20:00+00:00,1.5062991580722864,1.5082836754767501,1.502455170620903,1.5044396880253668,906.2214968214942
2025-01-10 18:25:00+00:00,1.5044396880253668,1.5056990780823474,1.5004254079419326,1.5016847979989132,760.1860953996755
2025-01-10 18:30:00+00:00,1.5016847979989132,1.5061062824409766,1.4930292234987614,1.4974507079408248,980.6843377069795
2025-01-10 18:35:00+00:00,1.4974507079408248,1.5025986062065233,1.4908349097520068,1.4959828080177053,1646.0068995464128
2025-01-10 18:40:00+00:00,1.4959828080177053,1.4980667577062956,1.4919011635753254,1.4939851132639157,1040.9409816736982
2025-01-10 18:45:00+00:00,1.4939851132639157,1.495036229085252,1.4907524607406843,1.4918035765620206,1393.4857253209907
2025-01-10 18:50:00+00:00,1.4918035765620206,1.4961638346339725,1.487526290854079,1.491886548926031,846.8273802308375
2025-01-10 18:55:00+00:00,1.491886548926031,1.49722235913976,1.482584324331042,1.487920134544771,1237.4464044018096
2025-01-10 19:00:00+00:00,1.487920134544771,1.4931748100301758,1.4793496025707302,1.484604278056135,1646.2957087742082
2025-01-10 19:05:00+00:00,1.484604278056135,1.4859750708356554,1.4818898638010456,1.483260656580566,1152.1890032797014
2025-01-10 19:10:00+00:00,1.483260656580566,1.4859119452638563,1.4804486542910928,1.4830999429743832,840.1874848949261
2025-01-10 19:15:00+00:00,1.4830999429743832,1.4865993778768025,1.4790415479415147,1.482540982843934,1450.7479214551422
2025-01-10 19:20:00+00:00,1.482540982843934,1.4836750024325074,1.4810393009870715,1.4821733205756449,1509.3474825892195
2025-01-10 19:25:00+00:00,1.4821733205756449,1.484467050823739,1.4743565800129006,1.4766503102609947,1436.780470988218
2025-01-10 19:30:00+00:00,1.4766503102609947,1.479251213708117,1.4732374786458617,1.4758383820929841,1008.3647781284336
2025-01-10 19:35:00+00:00,1.4758383820929841,1.477822166263934,1.4728763445557358,1.4748601287266856,1057.724448897238
2025-01-10 19:40:00+00:00,1.4748601287266856,1.4780857325621912,1.4710895956467875,1.4743151994822932,995.8034443988938
2025-01-10 19:45:00+00:00,1.4743151994822932,1.4778016678851558,1.467851927989507,1.4713383963923696,961.0438151501834
2025-01-10 19:50:00+00:00,1.4713383963923696,1.4752917584998788,1.466459942333136,1.470413304440645,600.4330434462296
2025-01-10 19:55:00+00:00,1.470413304440645,1.475416892439583,1.4652984596624283,1.4703020476613662,1272.489542777835
2025-01-10 20:00:00+00:00,1.4703020476613662,1.4735123036400326,1.4679826004647198,1.4711928564433863,1062.7610274622007
2025-01-10 20:05:00+00:00,1.4711928564433863,1.4747976934010543,1.4660670911054412,1.4696719280631092,722.5799523024025
2025-01-10 20:10:00+00:00,1.4696719280631092,1.4711708229697675,1.4638430325414966,1.465341927448155,1279.075451314515
2025-01-10 20:15:00+00:00,1.465341927448155,1.4690624951969755,1.4596454336599074,1.463366001408728,718.5985063415764
2025-01-10 20:20:00+00:00,1.463366001408728,1.464746725836909,1.4609716651580018,1.4623523895861827,1220.0039205560474
2025-01-10 20:25:00+00:00,1.4623523895861827,1.4666589113073625,1.4567402366420812,1.461046758363261,2861.574520729743
2025-01-10 20:30:00+00:00,1.461046758363261,1.4638858498075922,1.4592631319788847,1.462102223423216,3418.682905495908
2025-01-10 20:35:00+00:00,1.462102223423216,1.4650890357548896,1.456437082253494,1.4594238945851676,1628.9405074197666
2025-01-10 20:40:00+00:00,1.4594238945851676,1.464767012971486,1.4499255872563035,1.455268705642622,2287.688519262623
2025-01-10 20:45:00+00:00,1.455268705642622,1.4569854280633454,1.4499943815369631,1.4517111039576867,2665.945258532003
2025-01-10 20:50:00+00:00,1.4517111039576867,1.4530753737419189,1.4489477902711805,1.4503120600554127,866.6412008057122
2025-01-10 20:55:00+00:00,1.4503120600554127,1.454744628987004,1.4419062055074423,1.4463387744390337,1320.4296479857044
2025-01-10 21:00:00+00:00,1.4463387744390337,1.450040717075376,1.4381909872305414,1.4418929298668837,946.3511834802771
2025-01-10 21:05:00+00:00,1.4418929298668837,1.4470246376108498,1.4326080976199849,1.437739805363951,1443.3336702396255
2025-01-10 21:10:00+00:00,1.437739805363951,1.4392209379623704,1.435527422165386,1.4370085547638054,1128.7021132293214
2025-01-10 21:15:00+00:00,1.4370085547638054,1.4425535197637016,1.4290105966883506,1.4345555616882468,1400.8414968120228
2025-01-10 21:20:00+00:00,1.4345555616882468,1.4384353710817812,1.4271844437328016,1.431064253126336,1249.804423765808
2025-01-10 21:25:00+00:00,1.431064253126336,1.4364951116749505,1.4240932185122357,1.4295240770608502,930.4878984294614
2025-01-10 21:30:00+00:00,1.4295240770608502,1.4311766823392265,1.4259947700730495,1.4276473753514258,1163.1776142134354
2025-01-10 21:35:00+00:00,1.4276473753514258,1.432649848003535,1.4179031806580862,1.4229056533101954,1233.461695757041
2025-01-10 21:40:00+00:00,1.4229056533101954,1.4267871116421533,1.4172798058412668,1.4211612641732247,1200.7887109255141
2025-01-10 21:45:00+00:00,1.4211612641732247,1.4246999424190425,1.4148372706288534,1.4183759488746712,1402.231606397758
2025-01-10 21:50:00+00:00,1.4183759488746712,1.4235362688022362,1.4065203759055127,1.4116806958330776,1237.876327081637
2025-01-10 21:55:00+00:00,1.4116806958330776,1.4167748370225683,1.4013350880271216,1.4064292292166123,1404.0646628605582
2025-01-10 22:00:00+00:00,1.4064292292166123,1.4117163941752993,1.3982732698195224,1.4035604347782094,920.3163852280976
2025-01-10 22:05:00+00:00,1.4035604347782094,1.40875515437944,1.3958378020096283,1.401032521610859,1534.3295799207415
2025-01-10 22:10:00+00:00,1.401032521610859,1.4037955581744797,1.3944299227586452,1.3971929593222658,1242.0564163324138
2025-01-10 22:15:00+00:00,1.3971929593222658,1.4006614739982859,1.3886909450744458,1.3921594597504658,990.5000284044735
2025-01-10 22:20:00+00:00,1.3921594597504658,1.3971947825984217,1.384134946475854,1.38917026932381,1120.179190999688
2025-01-10 22:25:00+00:00,1.38917026932381,1.3906350668516017,1.3812909322398326,1.3827557297676243,863.3371919342924
2025-01-10 22:30:00+00:00,1.3827557297676243,1.3836176901226738,1.3793932566840184,1.3802552170390678,921.0839977801625
2025-01-10 22:35:00+00:00,1.3802552170390678,1.3817719671964033,1.375076502516636,1.3765932526739715,1364.479006866124
2025-01-10 22:40:00+00:00,1.3765932526739715,1.3795962621589708,1.3701335867483035,1.3731365962333029,1411.5382435925005
2025-01-10 22:45:00+00:00,1.3731365962333029,1.374966633404036,1.3668444642325615,1.3686745014032946,1028.7879760593048
2025-01-10 22:50:00+00:00,1.3686745014032946,1.3719864427056692,1.3633168019843993,1.3666287432867739,666.9779303623665
2025-01-10 22:55:00+00:00,1.3666287432867739,1.3686800538233803,1.3574411405712075,1.359492451107814,852.0113590655441
2025-01-10 23:00:00+00:00,1.359492451107814,1.3613144310394947,1.3529325945006914,1.3547545744323721,2870.1090598960163
2025-01-10 23:05:00+00:00,1.3547545744323721,1.356643181769077,1.350480605608884,1.3523692129455889,2666.90922883757
2025-01-10 23:10:00+00:00,1.3523692129455889,1.3540298763866876,1.3462998609414116,1.3479605243825103,2688.86090012115
2025-01-10 23:15:00+00:00,1.3479605243825103,1.353310327271829,1.3416987836924101,1.3470485865817288,1806.2711516869585
2025-01-10 23:20:00+00:00,1.3470485865817288,1.34946100436277,1.3421032866885496,1.3445157044695908,2213.2469947482896
2025-01-10 23:25:00+00:00,1.3445157044695908,1.3466750877136182,1.3379749625892774,1.3401343458333048,2600.2412493707448
2025-01-10 23:30:00+00:00,1.3401343458333048,1.3410300972625995,1.337882375473909,1.3387781269032037,1238.1261915574132
2025-01-10 23:35:00+00:00,1.3387781269032037,1.3414982129741766,1.3328473927927482,1.335567478863721,980.9623593314062
2025-01-10 23:40:00+00:00,1.335567478863721,1.3397219611876874,1.329324997050145,1.3334794793741114,1036.6408476122594
2025-01-10 23:45:00+00:00,1.3334794793741114,1.3350984381720339,1.3279379050381712,1.3295568638360937,1191.559617876743
2025-01-10 23:50:00+00:00,1.3295568638360937,1.3346206215897918,1.3206621654702508,1.3257259232239489,906.5775945294438
2025-01-10 23:55:00+00:00,1.3257259232239489,1.3297423534331678,1.320003059846292,1.324019490055511,854.1031268893204
2025-01-11 00:00:00+00:00,1.324019490055511,1.3283770693901211,1.3170628409888183,1.3214204203234285,1289.2372573491295
2025-01-11 00:05:00+00:00,1.3214204203234285,1.3247409812413555,1.3142286620219696,1.3175492229398966,1117.3386813711752
2025-01-11 00:10:00+00:00,1.3175492229398966,1.3220185600764198,1.3090920513903466,1.3135613885268698,795.9382590290639
2025-01-11 00:15:00+00:00,1.3135613885268698,1.3150552654953322,1.3105325717659202,1.3120264487343827,1473.4074833152551
2025-01-11 00:20:00+00:00,1.3120264487343827,1.3152160884888475,1.3090968818716882,1.312286521626153,1612.0382571106177
2025-01-11 00:25:00+00:00,1.312286521626153,1.313081463089216,1.307781455151657,1.30857639661472,1258.4114203908107
2025-01-11 00:30:00+00:00,1.30857639661472,1.3117737014559265,1.3040972992450317,1.3072946040862383,1032.6245465797574
2025-01-11 00:35:00+00:00,1.3072946040862383,1.3095029233166573,1.298331251200938,1.300539570431357,1135.0956296082568
2025-01-11 00:40:00+00:00,1.300539570431357,1.3037328886220314,1.2930271776761395,1.296220495866814,1226.389791703412
2025-01-11 00:45:00+00:00,1.296220495866814,1.3008557235990315,1.290509366742159,1.2951445944743765,969.8845221187388
2025-01-11 00:50:00+00:00,1.2951445944743765,1.2980451362221923,1.2926347911304263,1.2955353328782422,1203.4380220857447
2025-01-11 00:55:00+00:00,1.2955353328782422,1.2986723366653614,1.2905109207779106,1.2936479245650299,887.2302707549809
2025-01-11 01:00:00+00:00,1.2936479245650299,1.2986777039108748,1.287535389176362,1.2925651685222068,1067.8236564184463
2025-01-11 01:05:00+00:00,1.2925651685222068,1.2959014250022434,1.2877694116166845,1.291105668096721,779.9462745694046
2025-01-11 01:10:00+00:00,1.291105668096721,1.2954953281148214,1.2864620361743486,1.290851696192449,949.5242869258888
2025-01-11 01:15:00+00:00,1.290851696192449,1.2946147158717582,1.2836937371299886,1.2874567568092978,995.9444075302295
2025-01-11 01:20:00+00:00,1.2874567568092978,1.2890435681582568,1.285156729541448,1.286743540890407,647.8849575492794
2025-01-11 01:25:00+00:00,1.286743540890407,1.2914863935794476,1.2797076108721044,1.284450463561145,1103.2694462437878
2025-01-11 01:30:00+00:00,1.284450463561145,1.286693159096758,1.2801096970540151,1.2823523925896283,1178.7135724317377
2025-01-11 01:35:00+00:00,1.2823523925896283,1.2868503766555142,1.2763099698375866,1.2808079539034725,1296.844081776778
2025-01-11 01:40:00+00:00,1.2808079539034725,1.283428349721358,1.2763799870425088,1.2790003828603944,2752.746554601136
2025-01-11 01:45:00+00:00,1.2790003828603944,1.2806697004684457,1.2747099916258076,1.276379309233859,2413.025155589046
2025-01-11 01:50:00+00:00,1.276379309233859,1.2798644140020474,1.27108389476732,1.2745689995355085,1776.9343235624826
2025-01-11 01:55:00+00:00,1.2745689995355085,1.276161580598132,1.2701545635462548,1.2717471446088782,3244.93507683827
2025-01-11 02:00:00+00:00,1.2717471446088782,1.276440508247287,1.26791681025926,1.2726101738976687,2238.7242787505534
2025-01-11 02:05:00+00:00,1.2726101738976687,1.2734167604057836,1.2715071079605589,1.2723136944686737,1519.2596528183694
2025-01-11 02:10:00+00:00,1.2723136944686737,1.2756657587441593,1.2670022191212464,1.270354283396732,860.399671695628
2025-01-11 02:15:00+00:00,1.270354283396732,1.2752454066822005,1.2665325975114816,1.27142372079695,1032.885805475337
2025-01-11 02:20:00+00:00,1.27142372079695,1.273619482530033,1.2698443640149415,1.2720401257480245,1182.8793913900743
2025-01-11 02:25:00+00:00,1.2720401257480245,1.2729516813925807,1.270542580651504,1.2714541362960603,1117.0479706149474
2025-01-11 02:30:00+00:00,1.2714541362960603,1.2748509759816435,1.265928384126074,1.2693252238116572,1538.2781192239684
2025-01-11 02:35:00+00:00,1.2693252238116572,1.2740923367135684,1.2636150507134225,1.2683821636153336,742.6904493853956
2025-01-11 02:40:00+00:00,1.2683821636153336,1.2731617451277075,1.2631193414321196,1.2678989229444935,1024.012940794844
2025-01-11 02:45:00+00:00,1.2678989229444935,1.2702646542201173,1.2662614390649376,1.2686271703405614,766.6621506620377
2025-01-11 02:50:00+00:00,1.2686271703405614,1.2735691610452522,1.262031798513629,1.2669737892183197,818.5388020692515
2025-01-11 02:55:00+00:00,1.2669737892183197,1.2684052479039902,1.2632856842074944,1.264717142893165,1394.657702864728
2025-01-11 03:00:00+00:00,1.264717142893165,1.2696231272629819,1.2618142843122175,1.2667202686820345,1092.4850658359755
2025-01-11 03:05:00+00:00,1.2667202686820345,1.2686852958394792,1.2653668394988762,1.267331866656321,1710.8702899674192
2025-01-11 03:10:00+00:00,1.267331866656321,1.2714412839059281,1.2621815980580404,1.2662910153076476,1484.7972003265113
2025-01-11 03:15:00+00:00,1.2662910153076476,1.2710126007759937,1.2586399217031765,1.2633615071715225,1361.8835107337202
2025-01-11 03:20:00+00:00,1.2633615071715225,1.2654292604941348,1.260431035453352,1.2624987887759644,1304.0418774876148
2025-01-11 03:25:00+00:00,1.2624987887759644,1.2673933093777652,1.25763825351312,1.2625327741149208,898.4715395303834
2025-01-11 03:30:00+00:00,1.2625327741149208,1.2660944307653128,1.258410684336477,1.261972340986869,944.4646726440152
2025-01-11 03:35:00+00:00,1.261972340986869,1.2658914271091544,1.257543171289049,1.2614622574113343,1018.8440143847312
2025-01-11 03:40:00+00:00,1.2614622574113343,1.2655455781440177,1.2556464692905946,1.259729790023278,924.7461576225687
2025-01-11 03:45:00+00:00,1.259729790023278,1.2645613525129626,1.254743892383328,1.2595754548730127,1059.1184103685016
2025-01-11 03:50:00+00:00,1.2595754548730127,1.263129984971404,1.2532094202442825,1.2567639503426737,1712.1684513015152
2025-01-11 03:55:00+00:00,1.2567639503426737,1.260347485744993,1.2505573385250763,1.2541408739273956,1200.1630865735024
2025-01-11 04:00:00+00:00,1.2541408739273956,1.2559106970823353,1.249602085361989,1.2513719085169286,1011.9467548528759
2025-01-11 04:05:00+00:00,1.2513719085169286,1.2560025113842401,1.2437007802797466,1.2483313831470582,969.621604789186
2025-01-11 04:10:00+00:00,1.2483313831470582,1.2530547223525954,1.2443510233578499,1.249074362563387,1136.1727763892459
2025-01-11 04:15:00+00:00,1.249074362563387,1.2538025054624335,1.2396352820961303,1.2443634249951767,1532.872750045225
2025-01-11 04:20:00+00:00,1.2443634249951767,1.2477447773859938,1.239068599075934,1.242449951466751,2490.462331249133
2025-01-11 04:25:00+00:00,1.242449951466751,1.2440729721442152,1.237056394604605,1.238679415282069,2202.1191064567365
2025-01-11 04:30:00+00:00,1.238679415282069,1.2420623676626412,1.2310971790489929,1.234480131429565,3459.7772739320885
2025-01-11 04:35:00+00:00,1.234480131429565,1.2374864737776035,1.2291927329293542,1.2321990752773926,2221.1825724697583
2025-01-11 04:40:00+00:00,1.2321990752773926,1.233584343795592,1.2260467657725955,1.227432034290795,1915.1889423111522
2025-01-11 04:45:00+00:00,1.227432034290795,1.229364594700378,1.2228373803689812,1.2247699407785642,2075.8508808798906
2025-01-11 04:50:00+00:00,1.2247699407785642,1.2303096103290019,1.2199853192225205,1.2255249887729582,966.2056132958176
2025-01-11 04:55:00+00:00,1.2255249887729582,1.2303548414537249,1.2178999869707428,1.2227298396515094,880.301702273785
2025-01-11 05:00:00+00:00,1.2227298396515094,1.2256316488660366,1.2178142956939542,1.2207161049084814,1145.97588920794
2025-01-11 05:05:00+00:00,1.2207161049084814,1.2229357402805463,1.214548136434598,1.216767771806663,1656.0138808275121
2025-01-11 05:10:00+00:00,1.216767771806663,1.2204351376309095,1.2110418282211122,1.2147091940453587,1052.036221023087
2025-01-11 05:15:00+00:00,1.2147091940453587,1.2154674166326094,1.209014674120642,1.2097728967078927,716.2177615494378
2025-01-11 05:20:00+00:00,1.2097728967078927,1.2143155265089702,1.2026873849321202,1.2072300147331978,1216.087184866668
2025-01-11 05:25:00+00:00,1.2072300147331978,1.2096863213429152,1.2017461033984198,1.2042024100081372,1286.0887469502647
2025-01-11 05:30:00+00:00,1.2042024100081372,1.2053729557259558,1.2032654102215126,1.2044359559393312,909.0675049663449
2025-01-11 05:35:00+00:00,1.2044359559393312,1.2067419948083622,1.199106011288633,1.201412050157664,880.1595649283325
2025-01-11 05:40:00+00:00,1.201412050157664,1.2051704229978342,1.1942197562974592,1.1979781291376295,1329.3830322077936
2025-01-11 05:45:00+00:00,1.1979781291376295,1.198661827930948,1.1935707093627341,1.1942544081560527,1858.418364885408
2025-01-11 05:50:00+00:00,1.1942544081560527,1.1985317806229305,1.1853445660810655,1.1896219385479434,974.8324999692755
2025-01-11 05:55:00+00:00,1.1896219385479434,1.191737085766589,1.1856619440110068,1.1877770912296524,1813.760855892382
2025-01-11 06:00:00+00:00,1.1877770912296524,1.1903667666192779,1.1843017848359223,1.1868914602255478,1640.2563585966664
2025-01-11 06:05:00+00:00,1.1868914602255478,1.1888131322512758,1.1815141269913116,1.1834357990170397,1219.0538592848195
2025-01-11 06:10:00+00:00,1.1834357990170397,1.1864823144738408,1.1784696229779537,1.1815161384347548,1001.9677674402468
2025-01-11 06:15:00+00:00,1.1815161384347548,1.183552912031226,1.1760754667814448,1.178112240377916,689.5702373130299
2025-01-11 06:20:00+00:00,1.178112240377916,1.1800387086617443,1.1738637430935668,1.175790211377395,1170.8916137983572
2025-01-11 06:25:00+00:00,1.175790211377395,1.1785571773079393,1.1708019807781862,1.1735689467087305,856.608726486745
2025-01-11 06:30:00+00:00,1.1735689467087305,1.1757966878481718,1.1665069337215908,1.168734674861032,1488.6384518168873
2025-01-11 06:35:00+00:00,1.168734674861032,1.1728862355769607,1.1607086726651181,1.1648602333810467,1001.2227459536566
2025-01-11 06:40:00+00:00,1.1648602333810467,1.1668260172230178,1.1614282968734106,1.1633940807153818,1428.8280749293522
2025-01-11 06:45:00+00:00,1.1633940807153818,1.1644675603526837,1.1569553761953812,1.1580288558326832,936.2728575466404
2025-01-11 06:50:00+00:00,1.1580288558326832,1.1613741262878137,1.1520115086227716,1.155356779077902,1286.8597714415057
2025-01-11 06:55:00+00:00,1.155356779077902,1.159020556683002,1.1485822881788148,1.1522460657839149,989.2979728807311
2025-01-11 07:00:00+00:00,1.1522460657839149,1.1565812272299483,1.1440477790538286,1.148382940499862,2988.575017130186
2025-01-11 07:05:00+00:00,1.148382940499862,1.1504742603261557,1.1438223768041118,1.1459136966304055,1764.819282927209
2025-01-11 07:10:00+00:00,1.1459136966304055,1.1482873461667065,1.1414745915502948,1.1438482410865958,2064.42591916466
2025-01-11 07:15:00+00:00,1.1438482410865958,1.1473470663902658,1.1386515126938601,1.1421503379975302,1976.0768492992147
2025-01-11 07:20:00+00:00,1.1421503379975302,1.1444378566760163,1.1339071616691603,1.1361946803476464,2353.0109740102416
2025-01-11 07:25:00+00:00,1.1361946803476464,1.1407287063639655,1.131623581771721,1.1361576077880402,4245.909025192967
2025-01-11 07:30:00+00:00,1.1361576077880402,1.138623497692308,1.1307838220958621,1.13324971200013,1177.0081717381677
2025-01-11 07:35:00+00:00,1.13324971200013,1.134507186768525,1.1312013434098198,1.132458818178215,1006.4159311650849
2025-01-11 07:40:00+00:00,1.132458818178215,1.136148132059022,1.1264608641090463,1.1301501779898535,888.3547444957125
2025-01-11 07:45:00+00:00,1.1301501779898535,1.1311388990467734,1.1262932104927623,1.1272819315496823,1979.1235276263371
2025-01-11 07:50:00+00:00,1.1272819315496823,1.1292155708226177,1.1232386795891678,1.1251723188621032,1872.5314539344877
2025-01-11 07:55:00+00:00,1.1251723188621032,1.1287141829564757,1.1239371320040128,1.1274789960983853,1100.7130751167106
2025-01-11 08:00:00+00:00,1.1274789960983853,1.1313043466009003,1.1238531871541215,1.1276785376566365,821.6629260068905
2025-01-11 08:05:00+00:00,1.1276785376566365,1.1315111349664662,1.1215220558384962,1.1253546531483258,674.0041558038524
2025-01-11 08:10:00+00:00,1.1253546531483258,1.1288991328401976,1.1203173778433362,1.123861857535208,1408.67326519563
2025-01-11 08:15:00+00:00,1.123861857535208,1.1261106123225446,1.121379444222662,1.1236281990099986,1558.8264322626478
2025-01-11 08:20:00+00:00,1.1236281990099986,1.1272118543168088,1.1191346719474813,1.1227183272542915,875.0950968222303
2025-01-11 08:25:00+00:00,1.1227183272542915,1.1268261851068526,1.1170846761474922,1.1211925340000533,1092.204282763271
2025-01-11 08:30:00+00:00,1.1211925340000533,1.1230260426419785,1.1175184122862627,1.119351920928188,1212.2719497716134
2025-01-11 08:35:00+00:00,1.119351920928188,1.1212498185674573,1.114473590219505,1.1163714878587745,1292.9105724524932
2025-01-11 08:40:00+00:00,1.1163714878587745,1.1202455108280618,1.1120087696276024,1.1158827925968897,842.8700673618848
2025-01-11 08:45:00+00:00,1.1158827925968897,1.1197929201756005,1.1119948040987964,1.1159049316775072,956.8147270887158
2025-01-11 08:50:00+00:00,1.1159049316775072,1.1193366189796585,1.114044367361355,1.1174760546635063,926.5238043828549
2025-01-11 08:55:00+00:00,1.1174760546635063,1.120393117307231,1.112448958116057,1.1153660207597818,770.1500808246778
2025-01-11 09:00:00+00:00,1.1153660207597818,1.118313816044381,1.1119421813028594,1.1148899765874587,2174.71929117036
2025-01-11 09:05:00+00:00,1.1148899765874587,1.1155221444215833,1.1128983936331458,1.1135305614672704,1696.2168434784382
2025-01-11 09:10:00+00:00,1.1135305614672704,1.116816279837174,1.11063192690525,1.1139176452751536,2855.916032667013
2025-01-11 09:15:00+00:00,1.1139176452751536,1.1179406932721336,1.108494265643974,1.112517313640954,2189.404956613528
2025-01-11 09:20:00+00:00,1.112517313640954,1.116207423918867,1.1067148632538588,1.1104049735317718,1777.6557659971002
2025-01-11 09:25:00+00:00,1.1104049735317718,1.1140926851735966,1.103238476618785,1.1069261882606098,1895.7729724560047
2025-01-11 09:30:00+00:00,1.1069261882606098,1.1109818349419287,1.1025992157144,1.1066548623957189,1761.7542323503903
2025-01-11 09:35:00+00:00,1.1066548623957189,1.1096087428012853,1.1027005422175458,1.1056544226231122,3802.6106614141017
2025-01-11 09:40:00+00:00,1.1056544226231122,1.109583247686869,1.1020049559097664,1.1059337809735232,4096.420727480677
2025-01-11 09:45:00+00:00,1.1059337809735232,1.1102021478104735,1.0997236258466405,1.1039919926835908,3473.729434657691
2025-01-11 09:50:00+00:00,1.1039919926835908,1.1099762559531183,1.1002272002324223,1.1062114635019498,3978.281624504062
2025-01-11 09:55:00+00:00,1.1062114635019498,1.109017802522522,1.101238445830467,1.104044784851039,3788.937249309294
2025-01-11 10:00:00+00:00,1.104044784851039,1.1095050116279248,1.102003366536911,1.1074635933137968,3512.65484581546
2025-01-11 10:05:00+00:00,1.1074635933137968,1.1135208631354798,1.104687267238477,1.11074453706016,2311.1702122002825
2025-01-11 10:10:00+00:00,1.11074453706016,1.118734105082981,1.1069450645381738,1.1149346325609948,2127.925297215256
2025-01-11 10:15:00+00:00,1.1149346325609948,1.1217306962027793,1.1106166673403528,1.1174127309821373,2076.895843291729
2025-01-11 10:20:00+00:00,1.1174127309821373,1.1198615627520705,1.1164091532025138,1.118857984972447,2507.125636681763
2025-01-11 10:25:00+00:00,1.118857984972447,1.1233300801515977,1.1157048621761978,1.1201769573553486,2563.3531373352635
2025-01-11 10:30:00+00:00,1.1201769573553486,1.1264633725605544,1.1176024999952803,1.123888915200486,1782.1787171943083
2025-01-11 10:35:00+00:00,1.123888915200486,1.1282484056914766,1.1222550725308122,1.1266145630218027,2640.9978853654898
2025-01-11 10:40:00+00:00,1.1266145630218027,1.1310381865230181,1.1252050734552979,1.1296286969565132,2187.8021100915435
2025-01-11 10:45:00+00:00,1.1296286969565132,1.134873786745778,1.1257873255507584,1.1310324153400233,1925.6864205080697
2025-01-11 10:50:00+00:00,1.1310324153400233,1.135048938591079,1.1296714359294662,1.1336879591805218,2201.1078311277083
2025-01-11 10:55:00+00:00,1.1336879591805218,1.1405948787862266,1.1294997662270798,1.1364066858327846,1996.8009169758902
2025-01-11 11:00:00+00:00,1.1364066858327846,1.1428283293969708,1.1332025244689756,1.1396241680331618,1464.4108922850446
2025-01-11 11:05:00+00:00,1.1396241680331618,1.1411298217160164,1.1384453931893175,1.139951046872172,1881.8994358554194
2025-01-11 11:10:00+00:00,1.139951046872172,1.1448055221577151,1.1363195919591826,1.1411740672447257,1287.125851695829
2025-01-11 11:15:00+00:00,1.1411740672447257,1.1484101005897682,1.1385338567383358,1.1457698900833784,2255.804901786137
2025-01-11 11:20:00+00:00,1.1457698900833784,1.1501883806836664,1.1429830722883754,1.1474015628886634,1490.6371249341942
2025-01-11 11:25:00+00:00,1.1474015628886634,1.1533589420550774,1.1434468623615754,1.1494042415279895,2030.8363267992806
2025-01-11 11:30:00+00:00,1.1494042415279895,1.15545446207445,1.1448679576443868,1.1509181781908473,2055.7627006895
2025-01-11 11:35:00+00:00,1.1509181781908473,1.1530182702251723,1.1487583071684488,1.1508583992027739,1550.0500904187477
2025-01-11 11:40:00+00:00,1.1508583992027739,1.1547499114025523,1.1474311526134084,1.151322664813187,2560.8951345457835
2025-01-11 11:45:00+00:00,1.151322664813187,1.154720729633983,1.1503329752176543,1.1537310400384504,1721.4369517091986
2025-01-11 11:50:00+00:00,1.1537310400384504,1.157320280359959,1.1510532820321002,1.1546425223536088,2083.7317516394114
2025-01-11 11:55:00+00:00,1.1546425223536088,1.1619752382325808,1.1519158839930275,1.1592485998719995,1617.4043467135834
2025-01-11 12:00:00+00:00,1.1592485998719995,1.1600923858147156,1.1580624506503299,1.158906236593046,2461.3894514800577
2025-01-11 12:05:00+00:00,1.158906236593046,1.1612386194840896,1.155562472120717,1.1578948550117605,2919.9371180739327
2025-01-11 12:10:00+00:00,1.1578948550117605,1.1626015296903198,1.1542822573239884,1.1589889320025477,2229.5384828049387
2025-01-11 12:15:00+00:00,1.1589889320025477,1.1597367942697767,1.158151119289766,1.158898981556995,2282.014618958616
2025-01-11 12:20:00+00:00,1.158898981556995,1.164206626361677,1.1570638229466594,1.1623714677513415,3652.602398103314
2025-01-11 12:25:00+00:00,1.1623714677513415,1.1665945735149914,1.1590638167431275,1.1632869225067775,4721.7177679646875
2025-01-11 12:30:00+00:00,1.1632869225067775,1.1664994730748957,1.1622687535871699,1.165481304155288,3998.3861547053816
2025-01-11 12:35:00+00:00,1.165481304155288,1.1691842857897696,1.1612326391508294,1.164935620785311,6306.965177800316
2025-01-11 12:40:00+00:00,1.164935620785311,1.1698246528832839,1.1623772663486813,1.1672662984466542,3720.4812438936606
2025-01-11 12:45:00+00:00,1.1672662984466542,1.1740235992023489,1.1627770044599062,1.1695343052156009,2290.7115251712426
2025-01-11 12:50:00+00:00,1.1695343052156009,1.17594256850685,1.166216561116136,1.1726248244073851,2096.6420361155997
2025-01-11 12:55:00+00:00,1.1726248244073851,1.1770437812798185,1.169844187684844,1.1742631445572773,2853.9975965210037
2025-01-11 13:00:00+00:00,1.1742631445572773,1.1805789446113129,1.1699885415461175,1.176304341600153,2344.93059802615
2025-01-11 13:05:00+00:00,1.176304341600153,1.1807199601935339,1.1734248579088031,1.177840476502184,1220.3825639046324
2025-01-11 13:10:00+00:00,1.177840476502184,1.1822454747534692,1.1760360787585888,1.180441077009874,2773.5452988113375
2025-01-11 13:15:00+00:00,1.180441077009874,1.1842053781549262,1.1773806679668213,1.1811449691118734,1558.9593489286706
2025-01-11 13:20:00+00:00,1.1811449691118734,1.1847174557426956,1.1796336731023667,1.1832061597331889,2427.0673501398282
2025-01-11 13:25:00+00:00,1.1832061597331889,1.1860860220307843,1.1808107332641073,1.1836905955617028,1296.8813853367842
2025-01-11 13:30:00+00:00,1.1836905955617028,1.1882668170457662,1.1814202459297367,1.1859964674138002,1991.011141562305
2025-01-11 13:35:00+00:00,1.1859964674138002,1.19162806177623,1.1812848172236898,1.1869164115861197,2282.0648354724526
2025-01-11 13:40:00+00:00,1.1869164115861197,1.1901387393693403,1.1840992219069608,1.1873215496901814,1053.8823901942776
2025-01-11 13:45:00+00:00,1.1873215496901814,1.189493678043956,1.185533295178426,1.1877054235322007,1348.0813015712433
2025-01-11 13:50:00+00:00,1.1877054235322007,1.192724706442403,1.186162568064408,1.1911818509746102,3521.785752932991
2025-01-11 13:55:00+00:00,1.1911818509746102,1.1951516785196,1.1863916952969433,1.190361522841933,1846.1015593711597
2025-01-11 14:00:00+00:00,1.190361522841933,1.1936206449172524,1.1864214884811257,1.189680610556445,3142.8308556883917
2025-01-11 14:05:00+00:00,1.189680610556445,1.1927332068931626,1.1890109431784481,1.1920635395151657,2075.495845209069
2025-01-11 14:10:00+00:00,1.1920635395151657,1.1945767636789075,1.1896380993068127,1.1921513234705545,1696.1764781923496
2025-01-11 14:15:00+00:00,1.1921513234705545,1.1939540431474647,1.191236377714512,1.1930390973914222,1767.6573474890688
2025-01-11 14:20:00+00:00,1.1930390973914222,1.1977171585481783,1.1892550966277722,1.1939331577845282,1811.5271912434407
2025-01-11 14:25:00+00:00,1.1939331577845282,1.2034142376540677,1.1893773138283363,1.1988583936978758,1909.2218358402743
2025-01-11 14:30:00+00:00,1.1988583936978758,1.203694443804917,1.194760509078412,1.1995965591854532,2282.9427071867312
2025-01-11 14:35:00+00:00,1.1995965591854532,1.2018824340813696,1.198031267653376,1.2003171425492924,1976.209084954895
2025-01-11 14:40:00+00:00,1.2003171425492924,1.2029409606727068,1.19894905701463,1.2015728751380443,2738.2473794974762
2025-01-11 14:45:00+00:00,1.2015728751380443,1.2078202890071272,1.1975359987222531,1.203783412591336,1975.6152694693626
2025-01-11 14:50:00+00:00,1.203783412591336,1.2111979008949874,1.1990315324080294,1.2064460207116807,1601.039301940354
2025-01-11 14:55:00+00:00,1.2064460207116807,1.2072420558509784,1.205520625952944,1.2063166610922418,4894.970126725702
2025-01-11 15:00:00+00:00,1.2063166610922418,1.209757756556778,1.205586445603247,1.2090275410677833,3999.8163406546337
2025-01-11 15:05:00+00:00,1.2090275410677833,1.217955009831073,1.2050721421007375,1.2139996108640272,5664.220255258101
2025-01-11 15:10:00+00:00,1.2139996108640272,1.2172975730707578,1.210296283290047,1.2135942454967776,4609.119200386957
2025-01-11 15:15:00+00:00,1.2135942454967776,1.2215435975673858,1.2087466994247076,1.2166960514953158,3776.205186682524
2025-01-11 15:20:00+00:00,1.2166960514953158,1.223283282950606,1.2135629332895996,1.2201501647448898,4826.182890603244
2025-01-11 15:25:00+00:00,1.2201501647448898,1.2255409144879723,1.2173814189311134,1.222772168674196,1659.3156967255336
2025-01-11 15:30:00+00:00,1.222772168674196,1.2280676795265266,1.2196484092417794,1.2249439200941101,1961.8224445985288
2025-01-11 15:35:00+00:00,1.2249439200941101,1.2289230099807518,1.2200226862265693,1.224001776113211,1483.3694024359258
2025-01-11 15:40:00+00:00,1.224001776113211,1.232814657474765,1.2195327515206935,1.2283456328822475,3424.1515864466915
2025-01-11 15:45:00+00:00,1.2283456328822475,1.2349452143331754,1.2239070284779079,1.2305066099288358,1834.246323761302
2025-01-11 15:50:00+00:00,1.2305066099288358,1.2363177588462646,1.2270874336491662,1.232898582566595,1508.290446084616
2025-01-11 15:55:00+00:00,1.232898582566595,1.239284941638904,1.2310858407049912,1.2374721997773002,1120.608071840368
2025-01-11 16:00:00+00:00,1.2374721997773002,1.238633060641585,1.2356425899815595,1.2368034508458443,2818.635987477164
2025-01-11 16:05:00+00:00,1.2368034508458443,1.242961146566537,1.2333967585043955,1.239554454225088,2945.5989359635905
2025-01-11 16:10:00+00:00,1.239554454225088,1.2467219299236794,1.236175862247637,1.2433433379462284,2128.344505793016
2025-01-11 16:15:00+00:00,1.2433433379462284,1.2487416425799405,1.241968836935522,1.247367141569234,1627.7707165350182
2025-01-11 16:20:00+00:00,1.247367141569234,1.2538762820836347,1.244762698056499,1.2512718385708996,2067.628813014777
2025-01-11 16:25:00+00:00,1.2512718385708996,1.2609039993572204,1.2477436844459566,1.2573758452322774,1706.7867203172204
2025-01-11 16:30:00+00:00,1.2573758452322774,1.2637329832481545,1.2545199744080513,1.2608771124239284,1580.437724444375
2025-01-11 16:35:00+00:00,1.2608771124239284,1.2690526252044985,1.2573509294957197,1.2655264422762897,2229.8858091718644
2025-01-11 16:40:00+00:00,1.2655264422762897,1.2730352609403248,1.2623275891237422,1.2698364077877773,2338.7669276342367
2025-01-11 16:45:00+00:00,1.2698364077877773,1.271555570419121,1.2690156207898728,1.2707347834212166,1602.3497701889255
2025-01-11 16:50:00+00:00,1.2707347834212166,1.2765904318349055,1.2668763828594463,1.2727320312731352,2528.3497831004847
2025-01-11 16:55:00+00:00,1.2727320312731352,1.2812188237995048,1.2706200193237633,1.279106811850133,1740.8810210138902
2025-01-11 17:00:00+00:00,1.279106811850133,1.284974335287979,1.2760189239672586,1.2818864474051046,911.7598634723438
2025-01-11 17:05:00+00:00,1.2818864474051046,1.28831272442957,1.2785584846675466,1.284984761692012,1406.906180221333
2025-01-11 17:10:00+00:00,1.284984761692012,1.2872921553068501,1.2838427607242182,1.2861501543390563,2333.524908190845
2025-01-11 17:15:00+00:00,1.2861501543390563,1.2927820221485125,1.2821766699704913,1.2888085377799474,2061.2040963503
2025-01-11 17:20:00+00:00,1.2888085377799474,1.2929791058933626,1.2857809509461497,1.289951519059565,2474.681256870084
2025-01-11 17:25:00+00:00,1.289951519059565,1.2936852985557776,1.288430600690772,1.2921643801869847,2252.570979255046
2025-01-11 17:30:00+00:00,1.2921643801869847,1.2978184318205892,1.2905069318761762,1.2961609835097807,2791.6943430354872
2025-01-11 17:35:00+00:00,1.2961609835097807,1.301376039057951,1.292764831752676,1.2979798873008463,3366.658906849411
2025-01-11 17:40:00+00:00,1.2979798873008463,1.3045284476873715,1.2935548318375647,1.3001033922240899,5387.8355135988295
2025-01-11 17:45:00+00:00,1.3001033922240899,1.3097329625199576,1.2956163282393645,1.3052458985352322,7196.580800836547
2025-01-11 17:50:00+00:00,1.3052458985352322,1.3118205455496692,1.302427248958157,1.309001895972594,3926.429935074777
2025-01-11 17:55:00+00:00,1.309001895972594,1.3146987104069894,1.3070969694180323,1.3127937838524277,3164.1422451837925
2025-01-11 18:00:00+00:00,1.3127937838524277,1.3198563629625713,1.3102399481981297,1.3173025273082732,4242.165359446443
2025-01-11 18:05:00+00:00,1.3173025273082732,1.322593346189285,1.3140331386146238,1.3193239574956355,2219.6766303186478
2025-01-11 18:10:00+00:00,1.3193239574956355,1.3257487161595098,1.3151224782488349,1.3215472369127093,2344.0866857073183
2025-01-11 18:15:00+00:00,1.3215472369127093,1.322344989361155,1.3202707573015384,1.3210685097499841,2273.358727468294
2025-01-11 18:20:00+00:00,1.3210685097499841,1.3281776033403059,1.3178520636961528,1.3249611572864746,4271.8155352776
2025-01-11 18:25:00+00:00,1.3249611572864746,1.3310555241509576,1.321209119397226,1.327303486261709,1595.4224600597831
2025-01-11 18:30:00+00:00,1.327303486261709,1.3308699579106174,1.3263428687377756,1.329909340386684,1639.0595379067277
2025-01-11 18:35:00+00:00,1.329909340386684,1.335907701404199,1.324721519969557,1.330719880987072,2365.050003306358
2025-01-11 18:40:00+00:00,1.330719880987072,1.3393428914086447,1.325576339550349,1.3341993499719218,1724.0691346048561
2025-01-11 18:45:00+00:00,1.3341993499719218,1.3424255032634123,1.3294053988881254,1.3376315521796158,1763.6715310885327
2025-01-11 18:50:00+00:00,1.3376315521796158,1.3453411532205646,1.3325797364763645,1.3402893375173133,2030.029256028284
2025-01-11 18:55:00+00:00,1.3402893375173133,1.3416830954380123,1.3386411211951939,1.340034879115893,2960.263526493076
2025-01-11 19:00:00+00:00,1.340034879115893,1.3458784080577189,1.335071224019224,1.34091475296105,1694.3102102994935
2025-01-11 19:05:00+00:00,1.34091475296105,1.3452098339829206,1.3387360130275503,1.343031094049421,1392.5059544114245
2025-01-11 19:10:00+00:00,1.343031094049421,1.3461941679325862,1.3406281841148968,1.343791257998062,2170.750803296875
2025-01-11 19:15:00+00:00,1.343791257998062,1.3474056463937343,1.3428493581623833,1.3464637465580556,2222.2239228683284
2025-01-11 19:20:00+00:00,1.3464637465580556,1.355067755900002,1.3414802662312373,1.3500842755731837,2914.5854930964765
2025-01-11 19:25:00+00:00,1.3500842755731837,1.354629823834017,1.3462516105107316,1.350797158771565,1969.5737273745933
2025-01-11 19:30:00+00:00,1.350797158771565,1.357443235542933,1.3457391617419103,1.3523852385132782,1926.5345327235293
2025-01-11 19:35:00+00:00,1.3523852385132782,1.3584996196778873,1.3469884124067233,1.3531027935713325,1831.5118942034114
2025-01-11 19:40:00+00:00,1.3531027935713325,1.3606944993962566,1.3489696212581668,1.356561327083091,1942.6162713540048
2025-01-11 19:45:00+00:00,1.356561327083091,1.3633336915041046,1.3529895126689755,1.359761877089989,1578.7036681681184
2025-01-11 19:50:00+00:00,1.359761877089989,1.3693160593209561,1.3562615330463113,1.3658157152772783,1956.4220677318663
2025-01-11 19:55:00+00:00,1.3658157152772783,1.368965783700166,1.3643430297062362,1.367493098129124,1444.6266486617042
2025-01-11 20:00:00+00:00,1.367493098129124,1.3704908029276042,1.3645931738019803,1.3675908786004605,2301.6714147195034
2025-01-11 20:05:00+00:00,1.3675908786004605,1.3733467505501364,1.3641077762742415,1.3698636482239175,1934.461008216479
2025-01-11 20:10:00+00:00,1.3698636482239175,1.3738315996617538,1.3670879520976318,1.3710559035354681,2128.3640717865906
2025-01-11 20:15:00+00:00,1.3710559035354681,1.3778158265454223,1.3661640252340852,1.3729239482440394,3677.8758753374527
2025-01-11 20:20:00+00:00,1.3729239482440394,1.379435311400733,1.3700028235077524,1.376514186664446,4320.05183579413
2025-01-11 20:25:00+00:00,1.376514186664446,1.378511434556617,1.375573797853363,1.3775710457455341,3760.8816616787985
2025-01-11 20:30:00+00:00,1.3775710457455341,1.382019998551945,1.3758395315511158,1.3802884843575267,6831.845182402502
2025-01-11 20:35:00+00:00,1.3802884843575267,1.3836346536993371,1.3749573702568127,1.3783035395986232,4995.90484813192
2025-01-11 20:40:00+00:00,1.3783035395986232,1.3858368994019685,1.3740435521906336,1.381576911993979,4085.952600775675
2025-01-11 20:45:00+00:00,1.381576911993979,1.3883816538077394,1.3765258858072136,1.383330627620974,2255.9721601613724
2025-01-11 20:50:00+00:00,1.383330627620974,1.3872143483716468,1.3805938600339136,1.3844775807845864,2333.3418732577084
2025-01-11 20:55:00+00:00,1.3844775807845864,1.3892250371443857,1.3804612496005715,1.3852087059603708,2045.0706089895218
2025-01-11 21:00:00+00:00,1.3852087059603708,1.3903972027934886,1.3839651676719962,1.389153664505114,1446.635252319202
2025-01-11 21:05:00+00:00,1.389153664505114,1.392617076035678,1.3864619747716884,1.3899253863022525,3129.296876360812
2025-01-11 21:10:00+00:00,1.3899253863022525,1.3960506826588301,1.387568132164203,1.3936934285207807,1947.9592911990026
2025-01-11 21:15:00+00:00,1.3936934285207807,1.4000908143559405,1.3881367037371668,1.3945340895723266,1787.506009691569
2025-01-11 21:20:00+00:00,1.3945340895723266,1.397760637235335,1.3931155976194292,1.3963421452824376,1767.9683605112536
2025-01-11 21:25:00+00:00,1.3963421452824376,1.4024604257406197,1.3925976938012463,1.3987159742594284,2406.630131220816
2025-01-11 21:30:00+00:00,1.3987159742594284,1.4082411032237654,1.3944268997970823,1.4039520287614193,1815.7759819164628
2025-01-11 21:35:00+00:00,1.4039520287614193,1.4070111707544724,1.4032021137414639,1.4062612557345169,2263.179719086273
2025-01-11 21:40:00+00:00,1.4062612557345169,1.411803703048807,1.4030663909309984,1.4086088382452886,2108.729957239373
2025-01-11 21:45:00+00:00,1.4086088382452886,1.4154462359190743,1.4036680487200084,1.410505446393794,2241.128956341863
2025-01-11 21:50:00+00:00,1.410505446393794,1.4142170171150032,1.408357487475133,1.4120690581963422,2551.7259252390445
2025-01-11 21:55:00+00:00,1.4120690581963422,1.4170307499043322,1.4082197334181215,1.4131814251261114,1713.5010344144732
2025-01-11 22:00:00+00:00,1.4131814251261114,1.4221290982844326,1.4095177381295159,1.418465411287837,1297.4661094975374
2025-01-11 22:05:00+00:00,1.418465411287837,1.428687781123311,1.413037101198994,1.423259471034468,1756.1082410491235
2025-01-11 22:10:00+00:00,1.423259471034468,1.4294642021449318,1.4182429124817233,1.4244476435921871,2064.94680049965
2025-01-11 22:15:00+00:00,1.4244476435921871,1.4291054473481406,1.4225023234899026,1.427160127245856,2215.5141856247883
2025-01-11 22:20:00+00:00,1.427160127245856,1.4297171377938769,1.4250995116296168,1.4276565221776376,2206.448826758309
2025-01-11 22:25:00+00:00,1.4276565221776376,1.4361144626968487,1.4234023067143977,1.4318602472336088,1533.4749525756727
2025-01-11 22:30:00+00:00,1.4318602472336088,1.4412745805071445,1.426297040499269,1.4357113737728047,1770.0195684486234
2025-01-11 22:35:00+00:00,1.4357113737728047,1.4402641291303744,1.434100751280929,1.4386535066384987,1825.425083985778
2025-01-11 22:40:00+00:00,1.4386535066384987,1.4455806281882735,1.4331561559343606,1.4400832774841354,1319.9637899919776
2025-01-11 22:45:00+00:00,1.4400832774841354,1.4491603100215562,1.4352320622245165,1.4443090947619373,1284.3279524415675
2025-01-11 22:50:00+00:00,1.4443090947619373,1.4504765180281622,1.4421907829195244,1.4483582061857494,2743.395111738976
2025-01-11 22:55:00+00:00,1.4483582061857494,1.4546061968098216,1.4448513556038902,1.4510993462279624,3184.988951842501
2025-01-11 23:00:00+00:00,1.4510993462279624,1.4580411298921558,1.4485696344109664,1.4555114180751598,4202.459122715035
2025-01-11 23:05:00+00:00,1.4555114180751598,1.4581729271478645,1.4536966851614435,1.4563581942341481,3632.9913189451613
2025-01-11 23:10:00+00:00,1.4563581942341481,1.4615946568680795,1.4533332482516261,1.4585697108855575,4216.554456124213
2025-01-11 23:15:00+00:00,1.4585697108855575,1.4619461400068061,1.456847268893565,1.4602236980148136,4144.526813262668
2025-01-11 23:20:00+00:00,1.4602236980148136,1.4655483951935493,1.4584783733076114,1.4638030704863472,1633.3915715384933
2025-01-11 23:25:00+00:00,1.4638030704863472,1.4737573930643708,1.4602259250816976,1.4701802476597212,1399.0335053241458
2025-01-11 23:30:00+00:00,1.4701802476597212,1.4780448683016134,1.4659002463642754,1.4737648670061676,1842.937721051503
2025-01-11 23:35:00+00:00,1.4737648670061676,1.4806762746653006,1.4724200990749514,1.4793315067340844,3818.3532914689754
2025-01-11 23:40:00+00:00,1.4793315067340844,1.4868898505255899,1.475317555408068,1.4828758991995734,2300.5894679212697
2025-01-11 23:45:00+00:00,1.4828758991995734,1.491446728405387,1.477222495463192,1.4857933246690056,1686.076988520601
2025-01-11 23:50:00+00:00,1.4857933246690056,1.496309256665515,1.480766181652008,1.4912821136485173,2381.518236312074
2025-01-11 23:55:00+00:00,1.4912821136485173,1.50083482556894,1.486416607566598,1.495969319487021,2709.789791979833
2025-01-12 00:00:00+00:00,1.495969319487021,1.5041427149898647,1.4940947534367437,1.5022681489395875,1578.1457417921927
2025-01-12 00:05:00+00:00,1.5022681489395875,1.5089382725085234,1.5011307214061058,1.5078008449750417,1939.9885861691373
2025-01-12 00:10:00+00:00,1.5078008449750417,1.512771341170194,1.5051494612795362,1.5101199574746884,2259.640522034829
2025-01-12 00:15:00+00:00,1.5101199574746884,1.5132202556877954,1.5061981684682173,1.5092984666813243,1850.9198340373557
2025-01-12 00:20:00+00:00,1.5092984666813243,1.515276178221859,1.5073639857323646,1.5133416972728992,1767.1489338686822
2025-01-12 00:25:00+00:00,1.5133416972728992,1.5167656557636904,1.5115722797766304,1.5149962382674216,2325.8333034546818
2025-01-12 00:30:00+00:00,1.5149962382674216,1.518129324231836,1.5130812528302913,1.5162143387947058,1896.9009107672546
2025-01-12 00:35:00+00:00,1.5162143387947058,1.518978439599328,1.5145191113498746,1.5172832121544968,1819.0150935428478
2025-01-12 00:40:00+00:00,1.5172832121544968,1.520766065130522,1.5163755434467534,1.5198583964227785,1801.6695047510536
2025-01-12 00:45:00+00:00,1.5198583964227785,1.5242431497068891,1.5188293503964396,1.5232141036805502,2155.6572021283428
2025-01-12 00:50:00+00:00,1.5232141036805502,1.52814280512476,1.521989258426154,1.526917959870364,2449.4696691282165
2025-01-12 00:55:00+00:00,1.526917959870364,1.5384758609238764,1.5227829164477196,1.534340817501232,1751.9397240622322
2025-01-12 01:00:00+00:00,1.534340817501232,1.5369792572041738,1.5331023575167944,1.535740797219736,2696.981347110348
2025-01-12 01:05:00+00:00,1.535740797219736,1.5407144247343683,1.5343373884898222,1.5393110160044543,1012.9296295706306
2025-01-12 01:10:00+00:00,1.5393110160044543,1.543361791812202,1.5365028816816992,1.540553657489447,2002.5558237945406
2025-01-12 01:15:00+00:00,1.540553657489447,1.546181919001988,1.5365718829495814,1.5422001444621225,2332.1432133655817
2025-01-12 01:20:00+00:00,1.5422001444621225,1.5508761943794573,1.5370795996362985,1.5457556495536333,3133.4663982791276
2025-01-12 01:25:00+00:00,1.5457556495536333,1.5546723522636787,1.5409921406103175,1.549908843320363,2824.097932325126
2025-01-12 01:30:00+00:00,1.549908843320363,1.5542846444325682,1.5464550595091697,1.550830860621375,1260.8612287623876
2025-01-12 01:35:00+00:00,1.550830860621375,1.5577707719234832,1.5492732892701178,1.556213200572226,4183.62537536183
2025-01-12 01:40:00+00:00,1.556213200572226,1.5592890594267494,1.5545834437649235,1.557659302619447,4436.343550271936
2025-01-12 01:45:00+00:00,1.557659302619447,1.5687175938799163,1.551510444462808,1.5625687357232774,3099.3581010751673
2025-01-12 01:50:00+00:00,1.5625687357232774,1.5679688419047895,1.5601171627088724,1.5655172688903845,3117.13225124105
2025-01-12 01:55:00+00:00,1.5655172688903845,1.5731754080224971,1.5625396966227294,1.570197835754842,3517.846727947371
2025-01-12 02:00:00+00:00,1.570197835754842,1.5794094061558483,1.5649603926808657,1.574171963081872,1678.3580178793468
2025-01-12 02:05:00+00:00,1.574171963081872,1.5783133214035705,1.5723203583836383,1.5764617167053367,2183.28862455465
2025-01-12 02:10:00+00:00,1.5764617167053367,1.5811552806521534,1.5754307815903406,1.5801243455371572,2038.0616882170218
2025-01-12 02:15:00+00:00,1.5801243455371572,1.584628608499962,1.5757554432293899,1.5802597061921946,1310.4829409542135
2025-01-12 02:20:00+00:00,1.5802597061921946,1.586433535029652,1.574223331930724,1.5803971607681813,1593.3091578365443
2025-01-12 02:25:00+00:00,1.5803971607681813,1.5882908845073407,1.574355356984276,1.5822490807234355,1271.630122967989
2025-01-12 02:30:00+00:00,1.5822490807234355,1.591848714328129,1.577717237639912,1.5873168712446055,1516.6188931103886
2025-01-12 02:35:00+00:00,1.5873168712446055,1.5907388207371869,1.5848603799657517,1.588282329458333,962.8760018450993
2025-01-12 02:40:00+00:00,1.588282329458333,1.59132201637371,1.5864203919401851,1.5894600788555622,1002.2789089390332
2025-01-12 02:45:00+00:00,1.5894600788555622,1.6000780126193788,1.5842786063017837,1.5948965400656003,1099.651108179586
2025-01-12 02:50:00+00:00,1.5948965400656003,1.6004016915475137,1.5916698127641784,1.5971749642460917,957.1169067165267
2025-01-12 02:55:00+00:00,1.5971749642460917,1.6033337426274463,1.593154160723461,1.5993129391048155,1504.696685037332
2025-01-12 03:00:00+00:00,1.5993129391048155,1.6057635583886984,1.5929270183521622,1.5993776376360451,1215.0653916770282
2025-01-12 03:05:00+00:00,1.5993776376360451,1.6041157368985504,1.5967833524023956,1.6015214516649008,1332.8426572249627
2025-01-12 03:10:00+00:00,1.6015214516649008,1.6100663729807356,1.5960990143129221,1.604643935628757,1024.2048039749861
2025-01-12 03:15:00+00:00,1.604643935628757,1.6094065045549726,1.601712719831151,1.6064752887573666,1260.8768345362719
2025-01-12 03:20:00+00:00,1.6064752887573666,1.6129446239436724,1.603383294441074,1.6098526296273798,915.8380781772968
2025-01-12 03:25:00+00:00,1.6098526296273798,1.6181600379409975,1.6040514630078162,1.6123588713214339,1292.3151618597685
2025-01-12 03:30:00+00:00,1.6123588713214339,1.6181508138961784,1.61044592697134,1.6162378695460846,1136.872229105953
2025-01-12 03:35:00+00:00,1.6162378695460846,1.6256456605184064,1.6102594036751632,1.619667194647485,1383.4498186416001
2025-01-12 03:40:00+00:00,1.619667194647485,1.6243720121580594,1.6165115522421425,1.6212163697527169,938.3324651465136
2025-01-12 03:45:00+00:00,1.6212163697527169,1.630242938668123,1.615681748577547,1.624708317492953,1130.495497347503
2025-01-12 03:50:00+00:00,1.624708317492953,1.634837319428132,1.6199004518144193,1.6300294537495983,594.835157619702
2025-01-12 03:55:00+00:00,1.6300294537495983,1.637763963869228,1.624688862259731,1.6324233723793609,759.3504042647311
2025-01-12 04:00:00+00:00,1.6324233723793609,1.6350108914583295,1.629250042470248,1.6318375615492167,1103.4590235895569
2025-01-12 04:05:00+00:00,1.6318375615492167,1.6369421997089553,1.6289233366144822,1.6340279747742208,854.8642194781515
2025-01-12 04:10:00+00:00,1.6340279747742208,1.6409609791415642,1.6285381953410596,1.635471199708403,2319.9227309685293
2025-01-12 04:15:00+00:00,1.635471199708403,1.6449098794297614,1.6329894966340321,1.6424281763553905,3832.215963041586
2025-01-12 04:20:00+00:00,1.6424281763553905,1.6511091003048286,1.637129519940469,1.645810443889907,1958.0906296162052
2025-01-12 04:25:00+00:00,1.645810443889907,1.6519507101522066,1.6394114446434291,1.6455517109057287,3038.522012821809
2025-01-12 04:30:00+00:00,1.6455517109057287,1.6522054541050957,1.640490891750279,1.647144634949646,1973.0431204372217
2025-01-12 04:35:00+00:00,1.647144634949646,1.6575950041154255,1.641599103563864,1.6520494727296435,2369.9104346401937
2025-01-12 04:40:00+00:00,1.6520494727296435,1.6551479848186117,1.6487097088086549,1.651808220897623,1217.8527248740622
2025-01-12 04:45:00+00:00,1.651808220897623,1.6579538672601568,1.646801411414396,1.6529470577769299,1010.3140375089779
2025-01-12 04:50:00+00:00,1.6529470577769299,1.6563187774320323,1.6517503791766073,1.6551220988317097,949.6525173005531
2025-01-12 04:55:00+00:00,1.6551220988317097,1.661084936803298,1.6511003361667598,1.6570631741383481,1375.1245824291975
2025-01-12 05:00:00+00:00,1.6570631741383481,1.6638531560535388,1.6513958334017642,1.6581858153169549,1513.753741870642
2025-01-12 05:05:00+00:00,1.6581858153169549,1.665144248821729,1.6538613244628344,1.6608197579676085,788.3035360257829
2025-01-12 05:10:00+00:00,1.6608197579676085,1.663173183801273,1.6581002022533369,1.6604536280870015,951.9037561301187
2025-01-12 05:15:00+00:00,1.6604536280870015,1.666187516635166,1.6560860305664462,1.6618199191146108,1207.7095269442186
2025-01-12 05:20:00+00:00,1.6618199191146108,1.664561240850831,1.6604824941082326,1.6632238158444528,1578.9895809090108
2025-01-12 05:25:00+00:00,1.6632238158444528,1.6662566046499594,1.6622686020721298,1.6653013908776364,1848.5125088633363
2025-01-12 05:30:00+00:00,1.6653013908776364,1.6702711049455,1.66249591622352,1.6674656302913835,1042.8461460074768
2025-01-12 05:35:00+00:00,1.6674656302913835,1.6712498073719697,1.6665227457134686,1.6703069227940548,1442.657985569634
2025-01-12 05:40:00+00:00,1.6703069227940548,1.6770627663017026,1.66578580189799,1.6725416454056379,1512.546341372699
2025-01-12 05:45:00+00:00,1.6725416454056379,1.6793899908792707,1.667872968377697,1.6747213138513297,943.4351924011921
2025-01-12 05:50:00+00:00,1.6747213138513297,1.68213518880771,1.6711398930844235,1.6785537680408038,1091.6927087714046
2025-01-12 05:55:00+00:00,1.6785537680408038,1.685879216780425,1.676239722086331,1.6835651708259523,964.145214426087
2025-01-12 06:00:00+00:00,1.6835651708259523,1.690441214583501,1.6819227820705962,1.688798825828145,1307.7894448371678
2025-01-12 06:05:00+00:00,1.688798825828145,1.6939042706282426,1.684731481951938,1.6898369267520355,1040.8605774459777
2025-01-12 06:10:00+00:00,1.6898369267520355,1.7002621590160332,1.6833709137640822,1.69379614602808,1259.8161342615908
2025-01-12 06:15:00+00:00,1.69379614602808,1.7044632691909725,1.688192693725696,1.6988598168885884,905.0025966534396
2025-01-12 06:20:00+00:00,1.6988598168885884,1.7044565379818606,1.6963450146057144,1.7019417356989865,832.2676579335894
2025-01-12 06:25:00+00:00,1.7019417356989865,1.7090769398624228,1.6994678319484495,1.7066030361118858,1149.4084489557765
2025-01-12 06:30:00+00:00,1.7066030361118858,1.7145283361600585,1.7020096878609072,1.70993498790908,1062.6368292861036
2025-01-12 06:35:00+00:00,1.70993498790908,1.720234081686605,1.704265882672895,1.71456497645042,1637.5291986879065
2025-01-12 06:40:00+00:00,1.71456497645042,1.7175015495908372,1.7124169043181656,1.7153534774585828,1275.8371092148193
2025-01-12 06:45:00+00:00,1.7153534774585828,1.7262089977080886,1.709433326760481,1.7202888470099869,1553.515961114245
2025-01-12 06:50:00+00:00,1.7202888470099869,1.7264450844545245,1.7109887852881414,1.717145022732679,2976.3574125118316
2025-01-12 06:55:00+00:00,1.717145022732679,1.7224779556547007,1.7081992354794,1.7135321684014218,3034.830449825525
2025-01-12 07:00:00+00:00,1.7135321684014218,1.7147496526049084,1.7096445646423364,1.710862048845823,1406.10164285082
2025-01-12 07:05:00+00:00,1.710862048845823,1.7173737348711755,1.704356373746446,1.7108680597717985,1974.5203848394867
2025-01-12 07:10:00+00:00,1.7108680597717985,1.7120844558139061,1.7095986171684425,1.7108150132105502,1971.1569754864515
2025-01-12 07:15:00+00:00,1.7108150132105502,1.7162043661632027,1.7039707755010116,1.7093601284536641,2350.2902670909334
2025-01-12 07:20:00+00:00,1.7093601284536641,1.7103696918587572,1.708176382072373,1.709185945477466,1158.3628295591836
2025-01-12 07:25:00+00:00,1.709185945477466,1.714065615641201,1.7015388703022833,1.7064185404660184,1334.1564716169557
2025-01-12 07:30:00+00:00,1.7064185404660184,1.7078906406491507,1.7004769572941585,1.7019490574772909,1146.2538682819793
2025-01-12 07:35:00+00:00,1.7019490574772909,1.7082474084105597,1.689927982326058,1.6962263332593268,616.6460310383486
2025-01-12 07:40:00+00:00,1.6962263332593268,1.697535147556286,1.6929316686399196,1.694240482936879,1655.1524944848345
2025-01-12 07:45:00+00:00,1.694240482936879,1.6982831779795913,1.6879669680216869,1.6920096630643993,1089.094561667177
2025-01-12 07:50:00+00:00,1.6920096630643993,1.697134343978751,1.6850083031772194,1.690132984091571,1184.9028819026203
2025-01-12 07:55:00+00:00,1.690132984091571,1.6966038500352363,1.6818262784744658,1.688297144418131,1004.3109857209442
2025-01-12 08:00:00+00:00,1.688297144418131,1.692889935913777,1.6841701778034601,1.6887629692991062,1392.4553492835064
2025-01-12 08:05:00+00:00,1.6887629692991062,1.690143102139977,1.6834837115679708,1.6848638444088417,1305.9701296590304
2025-01-12 08:10:00+00:00,1.6848638444088417,1.6876363101787721,1.6784547561962968,1.6812272219662272,811.3084270231697
2025-01-12 08:15:00+00:00,1.6812272219662272,1.688824438527869,1.675379409118934,1.6829766256805758,1017.8325885965149
2025-01-12 08:20:00+00:00,1.6829766256805758,1.6849150044891235,1.6804191087105143,1.682357487519062,1300.9915448811562
2025-01-12 08:25:00+00:00,1.682357487519062,1.6846405508701512,1.6772403741178916,1.679523437468981,1307.735381206904
2025-01-12 08:30:00+00:00,1.679523437468981,1.683197314695426,1.6694696585173492,1.6731435357437943,1511.0975941329716
2025-01-12 08:35:00+00:00,1.6731435357437943,1.6762212308019082,1.6660221482595703,1.6690998433176842,1033.2688533387482
2025-01-12 08:40:00+00:00,1.6690998433176842,1.6747316899725824,1.6603455962019698,1.6659774428568679,1191.506813885524
2025-01-12 08:45:00+00:00,1.6659774428568679,1.6723822505042012,1.656934750799431,1.6633395584467643,1082.763230721686
2025-01-12 08:50:00+00:00,1.6633395584467643,1.6676622451940966,1.656853961547253,1.6611766482945853,1158.9284510504453
2025-01-12 08:55:00+00:00,1.6611766482945853,1.6654871475866295,1.653798537493478,1.6581090367855222,994.8369780636729
2025-01-12 09:00:00+00:00,1.6581090367855222,1.6617335342535509,1.6540740108892784,1.657698508357307,1434.0134529403201
2025-01-12 09:05:00+00:00,1.657698508357307,1.659330197133415,1.6509421309459025,1.6525738197220103,862.9562307895444
2025-01-12 09:10:00+00:00,1.6525738197220103,1.6575391078660977,1.6442027876429177,1.649168075787005,1158.7461674580409
2025-01-12 09:15:00+00:00,1.649168075787005,1.6505630678799448,1.643510590893303,1.6449055829862427,861.4773675108623
2025-01-12 09:20:00+00:00,1.6449055829862427,1.6474653515239503,1.6408736146296239,1.6434333831673316,1281.5626793632232
2025-01-12 09:25:00+00:00,1.6434333831673316,1.64551084371218,1.6386258265928801,1.6407032871377285,1149.1415481831286
2025-01-12 09:30:00+00:00,1.6407032871377285,1.645008093341378,1.6347930791273542,1.6390978853310036,4632.864242522516
2025-01-12 09:35:00+00:00,1.6390978853310036,1.645474230229644,1.6296387878894056,1.636015132788046,2132.1885253822084
2025-01-12 09:40:00+00:00,1.636015132788046,1.6451500275907829,1.6309391824660127,1.6400740772687497,4115.1628822357325
2025-01-12 09:45:00+00:00,1.6400740772687497,1.646461696866698,1.6317072795373961,1.6380948991353446,2234.050824067204
2025-01-12 09:50:00+00:00,1.6380948991353446,1.6403706681332304,1.6308758705446518,1.6331516395425376,2967.0982464556328
2025-01-12 09:55:00+00:00,1.6331516395425376,1.6388551620590712,1.6239062559660882,1.6296097784826218,2869.1665547995985
2025-01-12 10:00:00+00:00,1.6296097784826218,1.6333907394443379,1.6214518201240393,1.6252327810857554,830.5343507852149
2025-01-12 10:05:00+00:00,1.6252327810857554,1.6291538658085394,1.619135136563583,1.623056221286367,1151.7976681411074
2025-01-12 10:10:00+00:00,1.623056221286367,1.624866599741359,1.6194230816618769,1.6212334601168688,1442.0467061202685
2025-01-12 10:15:00+00:00,1.6212334601168688,1.6272328437178518,1.61221316108446,1.618212544685443,827.2345761987916
2025-01-12 10:20:00+00:00,1.618212544685443,1.6195738032716849,1.6126921879272125,1.6140534465134544,1543.440708908525
2025-01-12 10:25:00+00:00,1.6140534465134544,1.6153252789743036,1.6076414211196262,1.6089132535804753,767.1837942078643
2025-01-12 10:30:00+00:00,1.6089132535804753,1.611146096709885,1.6058904885737106,1.6081233317031203,1243.2042399928966
2025-01-12 10:35:00+00:00,1.6081233317031203,1.612346009672092,1.6021325683060519,1.6063552462750237,899.2702816391035
2025-01-12 10:40:00+00:00,1.6063552462750237,1.6107139736017977,1.5924237016874547,1.5967824290142287,905.8826683518513
2025-01-12 10:45:00+00:00,1.5967824290142287,1.6026152023648337,1.587122518174729,1.592955291525334,1337.0525915644391
2025-01-12 10:50:00+00:00,1.592955291525334,1.5940424165396307,1.5862975747813084,1.5873846997956051,1384.8320215540034
2025-01-12 10:55:00+00:00,1.5873846997956051,1.589623537517019,1.58045598535718,1.5826948230785938,1294.5479414227084
2025-01-12 11:00:00+00:00,1.5826948230785938,1.5850936743600714,1.5795293922577143,1.581928243539192,1014.8973270126305
2025-01-12 11:05:00+00:00,1.581928243539192,1.5841626903979265,1.5735661664421292,1.5758006133008637,1241.5714527048008
2025-01-12 11:10:00+00:00,1.5758006133008637,1.5791850398066491,1.5664847323755093,1.5698691588812947,1057.382957052307
2025-01-12 11:15:00+00:00,1.5698691588812947,1.576254719505783,1.5641513220223624,1.5705368826468507,1393.4574457116023
2025-01-12 11:20:00+00:00,1.5705368826468507,1.5756977858908057,1.5605406707732843,1.5657015740172393,695.6367531654848
2025-01-12 11:25:00+00:00,1.5657015740172393,1.5701098298623162,1.5569380383490303,1.5613462941941072,1160.5891055625516
2025-01-12 11:30:00+00:00,1.5613462941941072,1.5647919619858253,1.5561584145842293,1.5596040823759474,1485.9045795126226
2025-01-12 11:35:00+00:00,1.5596040823759474,1.5648087748210382,1.5495986633876506,1.5548033558327414,999.4144858172259
2025-01-12 11:40:00+00:00,1.5548033558327414,1.5584994559699334,1.5473686070639951,1.5510647072011872,975.8019521861662
2025-01-12 11:45:00+00:00,1.5510647072011872,1.55243691125368,1.546389157657646,1.547761361710139,855.6689521861647
2025-01-12 11:50:00+00:00,1.547761361710139,1.549219151911923,1.5452054071472363,1.5466631973490204,1118.237261158126
2025-01-12 11:55:00+00:00,1.5466631973490204,1.5517330988431053,1.5349421985917362,1.5400121000858211,1008.7631642785072
2025-01-12 12:00:00+00:00,1.5400121000858211,1.5439785998974134,1.5309125037082914,1.5348790035198836,1334.9504250200976
2025-01-12 12:05:00+00:00,1.5348790035198836,1.5365355498217486,1.5294555029931662,1.5311120492950312,825.3801029914323
2025-01-12 12:10:00+00:00,1.5311120492950312,1.5358371356878335,1.5245920787368816,1.529317165129684,2604.40877180741
2025-01-12 12:15:00+00:00,1.529317165129684,1.5322515847214617,1.5218069150106974,1.5247413346024752,2060.1246315293797
2025-01-12 12:20:00+00:00,1.5247413346024752,1.5255172960054155,1.52148369036243,1.5222596517653704,1671.2630442091338
2025-01-12 12:25:00+00:00,1.5222596517653704,1.5255693299345436,1.5147595794694149,1.5180692576385881,1837.8353881560322
2025-01-12 12:30:00+00:00,1.5180692576385881,1.519800805466747,1.5124432555232006,1.5141748033513593,1528.1455075303154
2025-01-12 12:35:00+00:00,1.5141748033513593,1.5184246841351694,1.509138517205864,1.513388397989674,606.1873318167105
2025-01-12 12:40:00+00:00,1.513388397989674,1.5157576530909536,1.5075667547468057,1.5099360098480852,906.7464052843189
2025-01-12 12:45:00+00:00,1.5099360098480852,1.5139013480245647,1.5083912124660004,1.5123565506424799,1849.1177162293923
2025-01-12 12:50:00+00:00,1.5123565506424799,1.5135548370951846,1.5089343592781392,1.510132645730844,893.4837737259655
2025-01-12 12:55:00+00:00,1.510132645730844,1.5153056847134596,1.5042021269806896,1.5093751659633052,1167.3435877306126
2025-01-12 13:00:00+00:00,1.5093751659633052,1.5126064261964418,1.504767883858438,1.5079991440915745,975.150877259364
2025-01-12 13:05:00+00:00,1.5079991440915745,1.511477252372862,1.4990727519940616,1.502550860275349,801.2175147651576
2025-01-12 13:10:00+00:00,1.502550860275349,1.5077133327489358,1.4920629828182101,1.497225455291797,1180.3283529448247
2025-01-12 13:15:00+00:00,1.497225455291797,1.5009422658779659,1.491910205636709,1.495627016222878,727.9694556215105
2025-01-12 13:20:00+00:00,1.495627016222878,1.4977651366732443,1.4891116259760135,1.4912497464263799,1423.1650381490379
2025-01-12 13:25:00+00:00,1.4912497464263799,1.4951727421134395,1.4840294448701312,1.487952440557191,854.0853671372787
2025-01-12 13:30:00+00:00,1.487952440557191,1.4898175776399925,1.4832425581390942,1.4851076952218958,1666.352516775639
2025-01-12 13:35:00+00:00,1.4851076952218958,1.4889854940833591,1.4774251388099555,1.4813029376714189,1360.3928023676206
2025-01-12 13:40:00+00:00,1.4813029376714189,1.48207690928215,1.4805264090770978,1.4813003806878289,1164.7055906907951
2025-01-12 13:45:00+00:00,1.4813003806878289,1.4867674841277227,1.4751735109406525,1.4806406143805464,1062.8862145357386
2025-01-12 13:50:00+00:00,1.4806406143805464,1.481486615182855,1.4781202214881333,1.4789662222904418,1017.0617063330095
2025-01-12 13:55:00+00:00,1.4789662222904418,1.4821773327385905,1.474822165618445,1.4780332760665937,1041.2328363210236
2025-01-12 14:00:00+00:00,1.4780332760665937,1.480227561742533,1.4723572211840676,1.4745515068600068,1186.05698332864
2025-01-12 14:05:00+00:00,1.4745515068600068,1.4781072524151275,1.470716383095259,1.4742721286503797,1267.6565225603565
2025-01-12 14:10:00+00:00,1.4742721286503797,1.4773439220440692,1.4679149369921236,1.470986730385813,1155.5706710971608
2025-01-12 14:15:00+00:00,1.470986730385813,1.477772079655437,1.4652144774658808,1.4719998267355048,1000.8972976874443
2025-01-12 14:20:00+00:00,1.4719998267355048,1.477777678274441,1.4633341498610495,1.4691120013999857,1181.9715803488812
2025-01-12 14:25:00+00:00,1.4691120013999857,1.473591424612475,1.4619773436575605,1.4664567668700499,933.6737840010318
2025-01-12 14:30:00+00:00,1.4664567668700499,1.467896606656374,1.4654130822421714,1.4668529220284954,1448.1424357633541
2025-01-12 14:35:00+00:00,1.4668529220284954,1.469681970325765,1.463530770467411,1.4663598187646807,932.5973387630495
2025-01-12 14:40:00+00:00,1.4663598187646807,1.4721645783029902,1.4572558583976243,1.4630606179359338,1353.4159223918211
2025-01-12 14:45:00+00:00,1.4630606179359338,1.4687017289636675,1.4568680844576802,1.462509195485414,951.5429988070396
2025-01-12 14:50:00+00:00,1.462509195485414,1.465657560327979,1.4577518475428362,1.4609002123854011,2757.862396543696
2025-01-12 14:55:00+00:00,1.4609002123854011,1.4666094768533937,1.4536139199108984,1.459323184378891,2480.8112069850445
2025-01-12 15:00:00+00:00,1.459323184378891,1.463942748490116,1.4541729350312411,1.4587924991424661,2628.032588882395
2025-01-12 15:05:00+00:00,1.4587924991424661,1.4618771084322577,1.4551599536516726,1.4582445629414642,3151.53826850686
2025-01-12 15:10:00+00:00,1.4582445629414642,1.4617961131196373,1.4548312949482798,1.4583828451264529,2255.787782508324
2025-01-12 15:15:00+00:00,1.4583828451264529,1.463096737813625,1.4528456759029398,1.457559568590112,913.5832200007094
2025-01-12 15:20:00+00:00,1.457559568590112,1.4597780166352168,1.454218122523957,1.4564365705690618,1086.684585734851
2025-01-12 15:25:00+00:00,1.4564365705690618,1.4600000321538342,1.4509708999833197,1.4545343615680921,1468.758082413664
2025-01-12 15:30:00+00:00,1.4545343615680921,1.4601963478745965,1.4497230198384365,1.455385006144941,1879.977783848224
2025-01-12 15:35:00+00:00,1.455385006144941,1.4564174378216472,1.451189837559522,1.4522222692362283,983.2012822496505
2025-01-12 15:40:00+00:00,1.4522222692362283,1.4581526699736482,1.4477774711334865,1.4537078718709064,673.8914096756616
2025-01-12 15:45:00+00:00,1.4537078718709064,1.4583678202105321,1.4509583020355175,1.4556182503751431,886.703010931021
2025-01-12 15:50:00+00:00,1.4556182503751431,1.4594915351830808,1.4535803048990918,1.4574535897070295,1417.2244073495617
2025-01-12 15:55:00+00:00,1.4574535897070295,1.4624069925176117,1.4502472245481854,1.4552006273587677,1301.6822250239347
2025-01-12 16:00:00+00:00,1.4552006273587677,1.4596936658844286,1.4523143299597034,1.4568073684853644,1612.77154100193
2025-01-12 16:05:00+00:00,1.4568073684853644,1.457622939566857,1.4558652568743917,1.4566808279558843,1386.955501029278
2025-01-12 16:10:00+00:00,1.4566808279558843,1.462421821276194,1.4506152491892244,1.456356242509534,1775.3797746557375
2025-01-12 16:15:00+00:00,1.456356242509534,1.4649576294663977,1.4512497236831114,1.4598511106399752,1462.7916574696212
2025-01-12 16:20:00+00:00,1.4598511106399752,1.4630755805248985,1.4546349430789,1.4578594129638234,1305.1016483666092
2025-01-12 16:25:00+00:00,1.4578594129638234,1.46142652799937,1.4528884716679702,1.4564555867035167,1844.8377880339283
2025-01-12 16:30:00+00:00,1.4564555867035167,1.4617483489605823,1.4464965076379817,1.4517892698950472,1241.885016936112
2025-01-12 16:35:00+00:00,1.4517892698950472,1.45709739174685,1.4400838634990203,1.445391985350823,1185.6981232962091
2025-01-12 16:40:00+00:00,1.445391985350823,1.4465028316143638,1.4421833362049044,1.443294182468445,1478.9827804586423
2025-01-12 16:45:00+00:00,1.443294182468445,1.4485807299173896,1.4360849038459569,1.4413714512949014,812.6381329321244
2025-01-12 16:50:00+00:00,1.4413714512949014,1.4441458182139961,1.4370827799727,1.4398571468917947,967.3486541309983
2025-01-12 16:55:00+00:00,1.4398571468917947,1.4440579729746525,1.4333801238927424,1.4375809499756003,967.5594262815853
2025-01-12 17:00:00+00:00,1.4375809499756003,1.4405284990272107,1.4283415970075108,1.4312891460591213,1216.226411526108
2025-01-12 17:05:00+00:00,1.4312891460591213,1.4354322841386908,1.4248675929797232,1.4290107310592928,1180.3108348128346
2025-01-12 17:10:00+00:00,1.4290107310592928,1.4318050632268209,1.4251569797151824,1.4279513118827105,756.5777414575442
2025-01-12 17:15:00+00:00,1.4279513118827105,1.4319739814720829,1.423576796420893,1.4275994660102653,1524.634723863254
2025-01-12 17:20:00+00:00,1.4275994660102653,1.4316685761434003,1.4188043281894023,1.4228734383225372,1292.2888300511017
2025-01-12 17:25:00+00:00,1.4228734383225372,1.4268340055665094,1.4142404533370327,1.418201020581005,1311.3164308514272
2025-01-12 17:30:00+00:00,1.418201020581005,1.4213272470067095,1.4106968305430214,1.413823056968726,2776.3090854291395
2025-01-12 17:35:00+00:00,1.413823056968726,1.4152906772928975,1.4080318531804055,1.409499473504577,1899.6899923543267
2025-01-12 17:40:00+00:00,1.409499473504577,1.4108660665705046,1.4021194363581473,1.403486029424075,1776.6827268949355
2025-01-12 17:45:00+00:00,1.403486029424075,1.4050690030880217,1.3974421543301028,1.3990251279940495,1887.6160262262367
2025-01-12 17:50:00+00:00,1.3990251279940495,1.402285314729375,1.3950811875870195,1.398341374322345,3989.46514656626
2025-01-12 17:55:00+00:00,1.398341374322345,1.4012334692619948,1.390300813114782,1.3931929080544319,919.8095417779444
2025-01-12 18:00:00+00:00,1.3931929080544319,1.3942810462787725,1.38559365505756,1.3866817932819007,1330.7429198949637
2025-01-12 18:05:00+00:00,1.3866817932819007,1.3916997118325123,1.3777994326130985,1.38281735116371,1183.457643114723
2025-01-12 18:10:00+00:00,1.38281735116371,1.3859684220821185,1.3754107823394064,1.3785618532578148,2034.3134489571796
2025-01-12 18:15:00+00:00,1.3785618532578148,1.3814587965400513,1.3733641629805946,1.3762611062628312,1203.301120429763
2025-01-12 18:20:00+00:00,1.3762611062628312,1.3771024571878614,1.3707658552886122,1.3716072062136424,957.0281393277118
2025-01-12 18:25:00+00:00,1.3716072062136424,1.3767094699738627,1.362782805634639,1.3678850693948592,1407.3355786989289
2025-01-12 18:30:00+00:00,1.3678850693948592,1.369017095772826,1.3619603304187233,1.3630923567966902,1650.9226303068485
2025-01-12 18:35:00+00:00,1.3630923567966902,1.3643862642891305,1.3568083355575704,1.3581022430500107,1154.1502395542932
2025-01-12 18:40:00+00:00,1.3581022430500107,1.3619414081993522,1.35148451568267,1.3553236808320115,1427.9170637895538
2025-01-12 18:45:00+00:00,1.3553236808320115,1.357343904164541,1.3501416150169059,1.3521618383494354,877.2317491445704
2025-01-12 18:50:00+00:00,1.3521618383494354,1.355542577969219,1.3453589611256815,1.3487397007454651,800.8128287018088
2025-01-12 18:55:00+00:00,1.3487397007454651,1.3524412594976234,1.3425718159938673,1.3462733747460256,1444.7217711041326
2025-01-12 19:00:00+00:00,1.3462733747460256,1.348342508569165,1.3396013973405725,1.3416705311637118,1099.4069497289279
2025-01-12 19:05:00+00:00,1.3416705311637118,1.3437182151438958,1.336426211071594,1.338473895051778,1274.309458118144
2025-01-12 19:10:00+00:00,1.338473895051778,1.3428528816210572,1.3312383630798033,1.3356173496490824,961.8374873648665
2025-01-12 19:15:00+00:00,1.3356173496490824,1.3375361757034516,1.3324544268362557,1.334373252890625,875.7449774105767
2025-01-12 19:20:00+00:00,1.334373252890625,1.339510171483297,1.3231192868017252,1.3282562053943974,988.1465936820827
2025-01-12 19:25:00+00:00,1.3282562053943974,1.3322190926347508,1.3207003732358837,1.3246632604762372,979.871190478869
2025-01-12 19:30:00+00:00,1.3246632604762372,1.3282852652535753,1.3187797109055537,1.3224017156828918,1019.5459653863498
2025-01-12 19:35:00+00:00,1.3224017156828918,1.327008470287936,1.313961936543535,1.3185686911485792,989.5062423623353
2025-01-12 19:40:00+00:00,1.3185686911485792,1.3227807396114102,1.3116473134509692,1.3158593619138002,916.2962279665905
2025-01-12 19:45:00+00:00,1.3158593619138002,1.3170730887740676,1.3129388294214297,1.3141525562816971,1234.1813244236862
2025-01-12 19:50:00+00:00,1.3141525562816971,1.3174888636845887,1.3088455894616515,1.3121818968645431,871.7633190456
2025-01-12 19:55:00+00:00,1.3121818968645431,1.3147705589680396,1.3042192383061912,1.3068079004096878,578.6299557357695
2025-01-12 20:00:00+00:00,1.3068079004096878,1.3101148617608667,1.2990231486078228,1.3023301099590017,1121.304198693841
2025-01-12 20:05:00+00:00,1.3023301099590017,1.3058114299352732,1.2919298668079482,1.2954111867842197,3327.9031867316958
2025-01-12 20:10:00+00:00,1.2954111867842197,1.2983438060192825,1.2910562230053333,1.293988842240396,3050.018953980965
2025-01-12 20:15:00+00:00,1.293988842240396,1.2950793954233424,1.2908555847835539,1.2919461379665003,2913.7957704838536
2025-01-12 20:20:00+00:00,1.2919461379665003,1.2956146596464313,1.2880650521318038,1.2917335738117348,2137.800418433282
2025-01-12 20:25:00+00:00,1.2917335738117348,1.295139772769727,1.2861708464252375,1.2895770453832296,1853.8876039638865
2025-01-12 20:30:00+00:00,1.2895770453832296,1.2914756699339558,1.2837394988717188,1.285638123422445,1641.4798991574546
2025-01-12 20:35:00+00:00,1.285638123422445,1.286637860465842,1.284195312106024,1.2851950491494208,1085.1614608069538
2025-01-12 20:40:00+00:00,1.2851950491494208,1.2899629775542636,1.276354495933451,1.2811224243382937,1055.5364329066044
2025-01-12 20:45:00+00:00,1.2811224243382937,1.2848678596055099,1.2754018815582004,1.2791473168254166,1391.0231940575743
2025-01-12 20:50:00+00:00,1.2791473168254166,1.2821439484996466,1.273923020230559,1.276919651904789,1581.8526371921691
2025-01-12 20:55:00+00:00,1.276919651904789,1.279853679676198,1.2733280173102282,1.276262045081637,796.5990275516241
2025-01-12 21:00:00+00:00,1.276262045081637,1.2776056717646094,1.2745202947947152,1.2758639214776875,1004.2961915571319
2025-01-12 21:05:00+00:00,1.2758639214776875,1.2773372384864954,1.271997968578475,1.273471285587283,908.1022329114248
2025-01-12 21:10:00+00:00,1.273471285587283,1.2776522718287078,1.266477668936173,1.2706586551775978,1203.166342057431
2025-01-12 21:15:00+00:00,1.2706586551775978,1.271478566972406,1.268119952514316,1.2689398643091243,1227.4695565356633
2025-01-12 21:20:00+00:00,1.2689398643091243,1.2712064256288447,1.2641927706346654,1.2664593319543858,1050.9261217731423
2025-01-12 21:25:00+00:00,1.2664593319543858,1.2713313795727603,1.2614779500800912,1.2663499976984658,1308.4076158285895
2025-01-12 21:30:00+00:00,1.2663499976984658,1.2678654391707593,1.2638868318672392,1.2654022733395327,914.2782865483543
2025-01-12 21:35:00+00:00,1.2654022733395327,1.2673666849530387,1.2640701380805779,1.266034549694084,1574.0224755836855
2025-01-12 21:40:00+00:00,1.266034549694084,1.2701476058519907,1.2644359267680128,1.2685489829259196,1387.4749439195994
2025-01-12 21:45:00+00:00,1.2685489829259196,1.2701126346445184,1.2642181446599998,1.2657817963785987,1493.5260577582374
2025-01-12 21:50:00+00:00,1.2657817963785987,1.2692815660205048,1.259939983205895,1.2634397528478012,1479.510295367056
2025-01-12 21:55:00+00:00,1.2634397528478012,1.265153764864783,1.261043404950368,1.2627574169673499,1103.801034283605
2025-01-12 22:00:00+00:00,1.2627574169673499,1.2654802098550002,1.259244870512143,1.2619676633997934,624.2623133674426
2025-01-12 22:05:00+00:00,1.2619676633997934,1.2664739932871882,1.2555403907656972,1.260046720653092,1926.1824808615168
2025-01-12 22:10:00+00:00,1.260046720653092,1.261193973374181,1.2549059183980322,1.2560531711191212,793.5244839910457
2025-01-12 22:15:00+00:00,1.2560531711191212,1.2599621199321138,1.254600238423707,1.2585091872366996,958.1307977925632
2025-01-12 22:20:00+00:00,1.2585091872366996,1.259961455839662,1.2557778231602006,1.257230091763163,1618.5132410274039
2025-01-12 22:25:00+00:00,1.257230091763163,1.2602402082977682,1.2510327105394685,1.2540428270740738,1144.501334751308
2025-01-12 22:30:00+00:00,1.2540428270740738,1.256725971288584,1.2463055661250286,1.248988710339539,1142.7481917359655
2025-01-12 22:35:00+00:00,1.248988710339539,1.2511851947788561,1.247451334781266,1.249647819220583,1485.540217290426
2025-01-12 22:40:00+00:00,1.249647819220583,1.2529065735494087,1.2454074483980067,1.2486662027268323,680.93992841031
2025-01-12 22:45:00+00:00,1.2486662027268323,1.2518573046878472,1.2439729558808041,1.247164057841819,2947.2663388260303
2025-01-12 22:50:00+00:00,1.247164057841819,1.2484407146559988,1.2427870129437006,1.2440636697578804,1578.0804332499388
2025-01-12 22:55:00+00:00,1.2440636697578804,1.2467151916690364,1.2396818314020228,1.2423333533131788,2199.824515710023
2025-01-12 23:00:00+00:00,1.2423333533131788,1.2454289587972645,1.2370404821828216,1.2401360876669072,3463.012891487821
2025-01-12 23:05:00+00:00,1.2401360876669072,1.2433123170922256,1.231575654427088,1.2347518838524063,2673.766387574825
2025-01-12 23:10:00+00:00,1.2347518838524063,1.238835999258649,1.232960095348526,1.2370442107547688,2633.743575397158
2025-01-12 23:15:00+00:00,1.2370442107547688,1.2390025128365212,1.2339913643155387,1.235949666397291,810.4408237042003
2025-01-12 23:20:00+00:00,1.235949666397291,1.2372135386486185,1.2323731474121697,1.2336370196634971,1159.946866659446
2025-01-12 23:25:00+00:00,1.2336370196634971,1.235747213370175,1.228236089873221,1.2303462835798988,919.481167198502
2025-01-12 23:30:00+00:00,1.2303462835798988,1.2313162384408993,1.2265734412152698,1.2275433960762703,929.6683683934758
2025-01-12 23:35:00+00:00,1.2275433960762703,1.2311257612427844,1.2255959586308813,1.2291783237973954,1466.0808617882792
2025-01-12 23:40:00+00:00,1.2291783237973954,1.2305130463937297,1.226407447653301,1.2277421702496352,1070.5364657428502
2025-01-12 23:45:00+00:00,1.2277421702496352,1.2314792021444387,1.219949902241134,1.2236869341359375,1220.0522178112715
2025-01-12 23:50:00+00:00,1.2236869341359375,1.2252955175852878,1.2212592850703092,1.2228678685196595,986.1517034651787
2025-01-12 23:55:00+00:00,1.2228678685196595,1.2238829197502932,1.2203930893043744,1.2214081405350081,1396.226611761817
2025-01-13 00:00:00+00:00,1.2214081405350081,1.223789747099957,1.217549655471945,1.2199312620368938,729.2261510397614
2025-01-13 00:05:00+00:00,1.2199312620368938,1.2218106145530179,1.2155458756108246,1.2174252281269486,802.8139583897118
2025-01-13 00:10:00+00:00,1.2174252281269486,1.2183258806756447,1.2139079102839414,1.2148085628326375,1031.6624637292825
2025-01-13 00:15:00+00:00,1.2148085628326375,1.2185113201090125,1.2089978240927215,1.2127005813690965,731.2033296941843
2025-01-13 00:20:00+00:00,1.2127005813690965,1.217412417162192,1.20520476178904,1.2099165975821355,1153.13703299923
2025-01-13 00:25:00+00:00,1.2099165975821355,1.2123247342036176,1.2029218396233359,1.205329976244818,1224.2069906495021
2025-01-13 00:30:00+00:00,1.205329976244818,1.2066842435792207,1.1999465676280832,1.2013008349624859,1040.7808357173685
2025-01-13 00:35:00+00:00,1.2013008349624859,1.203262674135311,1.1967345061955337,1.1986963453683588,1184.1287143046964
2025-01-13 00:40:00+00:00,1.1986963453683588,1.203080607703581,1.1893371824535366,1.1937214447887587,1112.54868120434
2025-01-13 00:45:00+00:00,1.1937214447887587,1.1980793698883678,1.1864713195152259,1.190829244614835,1987.5988631244263
2025-01-13 00:50:00+00:00,1.190829244614835,1.1947746410765963,1.1836905156251751,1.1876359120869364,1271.7369792347713
2025-01-13 00:55:00+00:00,1.1876359120869364,1.1893348351407316,1.184218649337361,1.1859175723911561,736.5155427667048
2025-01-13 01:00:00+00:00,1.1859175723911561,1.1892105984474315,1.1800518595274763,1.1833448855837516,1318.1314675508872
2025-01-13 01:05:00+00:00,1.1833448855837516,1.1860736830935772,1.1773576114888566,1.1800864089986822,749.840330963792
2025-01-13 01:10:00+00:00,1.1800864089986822,1.1815909433688203,1.1753042459788106,1.1768087803489486,1526.303441939034
2025-01-13 01:15:00+00:00,1.1768087803489486,1.1805280332806147,1.1708281253041086,1.1745473782357747,1637.910024185552
2025-01-13 01:20:00+00:00,1.1745473782357747,1.1778955495757477,1.1696379302754656,1.1729861016154386,741.6985669821955
2025-01-13 01:25:00+00:00,1.1729861016154386,1.1775216014288454,1.1640234409502386,1.1685589407636454,2349.647900008195
2025-01-13 01:30:00+00:00,1.1685589407636454,1.1692888633899419,1.1627556902605143,1.1634856128868107,2057.8884679401604
2025-01-13 01:35:00+00:00,1.1634856128868107,1.1680892109452556,1.1549239659575032,1.1595275640159481,2134.0748969651427
2025-01-13 01:40:00+00:00,1.1595275640159481,1.16292642153834,1.149990857608341,1.1533897151307329,1979.3829754995575
2025-01-13 01:45:00+00:00,1.1533897151307329,1.1547281519616375,1.1480623226314683,1.149400759462373,2785.675097398427
2025-01-13 01:50:00+00:00,1.149400759462373,1.1532308935807898,1.143843621500605,1.1476737556190217,1169.5699576355908
2025-01-13 01:55:00+00:00,1.1476737556190217,1.1516025047800382,1.1422318031081977,1.1461605522692142,906.347657377527
2025-01-13 02:00:00+00:00,1.1461605522692142,1.148279709880125,1.1433103042526311,1.1454294618635419,595.1031078230644
2025-01-13 02:05:00+00:00,1.1454294618635419,1.1492461269888437,1.1388604914965328,1.1426771566218346,1055.3798409497178
2025-01-13 02:10:00+00:00,1.1426771566218346,1.1453485209336587,1.1374012287634696,1.1400725930752937,906.1257960920129
2025-01-13 02:15:00+00:00,1.1400725930752937,1.144064975364957,1.1324743399245782,1.1364667222142415,1822.1121190328965
2025-01-13 02:20:00+00:00,1.1364667222142415,1.1406404481462837,1.128817886297295,1.1329916122293373,1060.396545277957
2025-01-13 02:25:00+00:00,1.1329916122293373,1.1341925044435042,1.1294640391206543,1.1306649313348212,1232.2361159273053
2025-01-13 02:30:00+00:00,1.1306649313348212,1.1329609181655211,1.126930642570141,1.129226629400841,902.354331209091
2025-01-13 02:35:00+00:00,1.129226629400841,1.1335114692764365,1.1228820706548632,1.1271669105304587,603.6659071196907
2025-01-13 02:40:00+00:00,1.1271669105304587,1.128885188461865,1.1200876594427067,1.121805937374113,1866.9029924114811
2025-01-13 02:45:00+00:00,1.121805937374113,1.12296047129463,1.1187733223292968,1.1199278562498138,1255.811072398963
2025-01-13 02:50:00+00:00,1.1199278562498138,1.1238947665692416,1.1134629479789178,1.1174298582983455,2639.4714589962236
2025-01-13 02:55:00+00:00,1.1174298582983455,1.1180019740202631,1.1136074288364297,1.1141795445583473,2190.5644511028495
2025-01-13 03:00:00+00:00,1.1141795445583473,1.118219433641142,1.1079326275381103,1.111972516620905,3066.3161464463255
2025-01-13 03:05:00+00:00,1.111972516620905,1.1132187153804136,1.1095911902505333,1.110837389010042,1756.2078284619422
2025-01-13 03:10:00+00:00,1.110837389010042,1.1129903642094572,1.1065838895456008,1.108736864745016,1875.5655704503033
2025-01-13 03:15:00+00:00,1.108736864745016,1.1126319408210323,1.1016379409556747,1.105533017031691,3067.200396127502
2025-01-13 03:20:00+00:00,1.105533017031691,1.108430322168407,1.1049497289587629,1.107847034095479,2230.648883031197
2025-01-13 03:25:00+00:00,1.107847034095479,1.111445521421859,1.101277932750583,1.1048764200769632,2046.6573519041035
2025-01-13 03:30:00+00:00,1.1048764200769632,1.1057957478050853,1.102512664536869,1.1034319922649911,2073.2100088654192
2025-01-13 03:35:00+00:00,1.1034319922649911,1.1064563176913953,1.100082582659436,1.1031069080858402,1738.3772247178015
